
-- Running command `read_verilog -sv /Users/Dilan/Projects/fabric-under-pressure/rtl/axi_rr_arbiter_4.sv /Users/Dilan/Projects/fabric-under-pressure/rtl/axi_b_response_router.sv; synth_ecp5 -top axi_b_response_router -json /Users/Dilan/Projects/fabric-under-pressure/results/raw/b_response_router/axi_b_response_router_ecp5.json; stat' --

1. Executing Verilog-2005 frontend: /Users/Dilan/Projects/fabric-under-pressure/rtl/axi_rr_arbiter_4.sv
Parsing SystemVerilog input from `/Users/Dilan/Projects/fabric-under-pressure/rtl/axi_rr_arbiter_4.sv' to AST representation.
Generating RTLIL representation for module `\axi_rr_arbiter_4'.
Successfully finished Verilog frontend.

2. Executing Verilog-2005 frontend: /Users/Dilan/Projects/fabric-under-pressure/rtl/axi_b_response_router.sv
Parsing SystemVerilog input from `/Users/Dilan/Projects/fabric-under-pressure/rtl/axi_b_response_router.sv' to AST representation.
Generating RTLIL representation for module `\axi_b_response_router'.
Successfully finished Verilog frontend.

3. Executing SYNTH_LATTICE pass.

3.1. Executing Verilog-2005 frontend: /Users/Dilan/eda/fabric-under-pressure/oss-cad-suite/libexec/../share/yosys/lattice/cells_sim_ecp5.v
Parsing Verilog input from `/Users/Dilan/eda/fabric-under-pressure/oss-cad-suite/libexec/../share/yosys/lattice/cells_sim_ecp5.v' to AST representation.
Generating RTLIL representation for module `\LUT4'.
Generating RTLIL representation for module `\$__ABC9_LUT5'.
Generating RTLIL representation for module `\$__ABC9_LUT6'.
Generating RTLIL representation for module `\$__ABC9_LUT7'.
Generating RTLIL representation for module `\L6MUX21'.
Generating RTLIL representation for module `\TRELLIS_RAM16X2'.
Generating RTLIL representation for module `\PFUMX'.
Generating RTLIL representation for module `\TRELLIS_DPR16X4'.
Generating RTLIL representation for module `\DPR16X4C'.
Generating RTLIL representation for module `\LUT2'.
Generating RTLIL representation for module `\TRELLIS_FF'.
Generating RTLIL representation for module `\TRELLIS_IO'.
Generating RTLIL representation for module `\INV'.
Generating RTLIL representation for module `\TRELLIS_COMB'.
Generating RTLIL representation for module `\VLO'.
Generating RTLIL representation for module `\VHI'.
Generating RTLIL representation for module `\FD1P3AX'.
Generating RTLIL representation for module `\FD1P3AY'.
Generating RTLIL representation for module `\FD1P3BX'.
Generating RTLIL representation for module `\FD1P3DX'.
Generating RTLIL representation for module `\FD1P3IX'.
Generating RTLIL representation for module `\FD1P3JX'.
Generating RTLIL representation for module `\FD1S3AX'.
Generating RTLIL representation for module `\FD1S3AY'.
Generating RTLIL representation for module `\FD1S3BX'.
Generating RTLIL representation for module `\FD1S3DX'.
Generating RTLIL representation for module `\FD1S3IX'.
Generating RTLIL representation for module `\FD1S3JX'.
Generating RTLIL representation for module `\IFS1P3BX'.
Generating RTLIL representation for module `\IFS1P3DX'.
Generating RTLIL representation for module `\IFS1P3IX'.
Generating RTLIL representation for module `\IFS1P3JX'.
Generating RTLIL representation for module `\OFS1P3BX'.
Generating RTLIL representation for module `\OFS1P3DX'.
Generating RTLIL representation for module `\OFS1P3IX'.
Generating RTLIL representation for module `\OFS1P3JX'.
Generating RTLIL representation for module `\IB'.
Generating RTLIL representation for module `\IBPU'.
Generating RTLIL representation for module `\IBPD'.
Generating RTLIL representation for module `\OB'.
Generating RTLIL representation for module `\OBZ'.
Generating RTLIL representation for module `\OBZPU'.
Generating RTLIL representation for module `\OBZPD'.
Generating RTLIL representation for module `\OBCO'.
Generating RTLIL representation for module `\BB'.
Generating RTLIL representation for module `\BBPU'.
Generating RTLIL representation for module `\BBPD'.
Generating RTLIL representation for module `\ILVDS'.
Generating RTLIL representation for module `\OLVDS'.
Generating RTLIL representation for module `\CCU2C'.
Generating RTLIL representation for module `\DP16KD'.
Replacing existing blackbox module `\FD1P3AX' at /Users/Dilan/eda/fabric-under-pressure/oss-cad-suite/libexec/../share/yosys/lattice/cells_ff.vh:2.1-2.261.
Generating RTLIL representation for module `\FD1P3AX'.
Replacing existing blackbox module `\FD1P3AY' at /Users/Dilan/eda/fabric-under-pressure/oss-cad-suite/libexec/../share/yosys/lattice/cells_ff.vh:3.1-3.261.
Generating RTLIL representation for module `\FD1P3AY'.
Replacing existing blackbox module `\FD1P3BX' at /Users/Dilan/eda/fabric-under-pressure/oss-cad-suite/libexec/../share/yosys/lattice/cells_ff.vh:4.1-4.261.
Generating RTLIL representation for module `\FD1P3BX'.
Replacing existing blackbox module `\FD1P3DX' at /Users/Dilan/eda/fabric-under-pressure/oss-cad-suite/libexec/../share/yosys/lattice/cells_ff.vh:5.1-5.261.
Generating RTLIL representation for module `\FD1P3DX'.
Replacing existing blackbox module `\FD1P3IX' at /Users/Dilan/eda/fabric-under-pressure/oss-cad-suite/libexec/../share/yosys/lattice/cells_ff.vh:6.1-6.261.
Generating RTLIL representation for module `\FD1P3IX'.
Replacing existing blackbox module `\FD1P3JX' at /Users/Dilan/eda/fabric-under-pressure/oss-cad-suite/libexec/../share/yosys/lattice/cells_ff.vh:7.1-7.261.
Generating RTLIL representation for module `\FD1P3JX'.
Replacing existing blackbox module `\FD1S3AX' at /Users/Dilan/eda/fabric-under-pressure/oss-cad-suite/libexec/../share/yosys/lattice/cells_ff.vh:8.1-8.261.
Generating RTLIL representation for module `\FD1S3AX'.
Replacing existing blackbox module `\FD1S3AY' at /Users/Dilan/eda/fabric-under-pressure/oss-cad-suite/libexec/../share/yosys/lattice/cells_ff.vh:9.1-9.261.
Generating RTLIL representation for module `\FD1S3AY'.
Replacing existing blackbox module `\FD1S3BX' at /Users/Dilan/eda/fabric-under-pressure/oss-cad-suite/libexec/../share/yosys/lattice/cells_ff.vh:10.1-10.261.
Generating RTLIL representation for module `\FD1S3BX'.
Replacing existing blackbox module `\FD1S3DX' at /Users/Dilan/eda/fabric-under-pressure/oss-cad-suite/libexec/../share/yosys/lattice/cells_ff.vh:11.1-11.261.
Generating RTLIL representation for module `\FD1S3DX'.
Replacing existing blackbox module `\FD1S3IX' at /Users/Dilan/eda/fabric-under-pressure/oss-cad-suite/libexec/../share/yosys/lattice/cells_ff.vh:12.1-12.261.
Generating RTLIL representation for module `\FD1S3IX'.
Replacing existing blackbox module `\FD1S3JX' at /Users/Dilan/eda/fabric-under-pressure/oss-cad-suite/libexec/../share/yosys/lattice/cells_ff.vh:13.1-13.261.
Generating RTLIL representation for module `\FD1S3JX'.
Replacing existing blackbox module `\IFS1P3BX' at /Users/Dilan/eda/fabric-under-pressure/oss-cad-suite/libexec/../share/yosys/lattice/cells_ff.vh:26.1-26.301.
Generating RTLIL representation for module `\IFS1P3BX'.
Replacing existing blackbox module `\IFS1P3DX' at /Users/Dilan/eda/fabric-under-pressure/oss-cad-suite/libexec/../share/yosys/lattice/cells_ff.vh:27.1-27.301.
Generating RTLIL representation for module `\IFS1P3DX'.
Replacing existing blackbox module `\IFS1P3IX' at /Users/Dilan/eda/fabric-under-pressure/oss-cad-suite/libexec/../share/yosys/lattice/cells_ff.vh:28.1-28.301.
Generating RTLIL representation for module `\IFS1P3IX'.
Replacing existing blackbox module `\IFS1P3JX' at /Users/Dilan/eda/fabric-under-pressure/oss-cad-suite/libexec/../share/yosys/lattice/cells_ff.vh:29.1-29.301.
Generating RTLIL representation for module `\IFS1P3JX'.
Replacing existing blackbox module `\OFS1P3BX' at /Users/Dilan/eda/fabric-under-pressure/oss-cad-suite/libexec/../share/yosys/lattice/cells_ff.vh:31.1-31.302.
Generating RTLIL representation for module `\OFS1P3BX'.
Replacing existing blackbox module `\OFS1P3DX' at /Users/Dilan/eda/fabric-under-pressure/oss-cad-suite/libexec/../share/yosys/lattice/cells_ff.vh:32.1-32.302.
Generating RTLIL representation for module `\OFS1P3DX'.
Replacing existing blackbox module `\OFS1P3IX' at /Users/Dilan/eda/fabric-under-pressure/oss-cad-suite/libexec/../share/yosys/lattice/cells_ff.vh:33.1-33.302.
Generating RTLIL representation for module `\OFS1P3IX'.
Replacing existing blackbox module `\OFS1P3JX' at /Users/Dilan/eda/fabric-under-pressure/oss-cad-suite/libexec/../share/yosys/lattice/cells_ff.vh:34.1-34.302.
Generating RTLIL representation for module `\OFS1P3JX'.
Replacing existing blackbox module `\IB' at /Users/Dilan/eda/fabric-under-pressure/oss-cad-suite/libexec/../share/yosys/lattice/cells_io.vh:2.1-2.157.
Generating RTLIL representation for module `\IB'.
Replacing existing blackbox module `\IBPU' at /Users/Dilan/eda/fabric-under-pressure/oss-cad-suite/libexec/../share/yosys/lattice/cells_io.vh:3.1-3.157.
Generating RTLIL representation for module `\IBPU'.
Replacing existing blackbox module `\IBPD' at /Users/Dilan/eda/fabric-under-pressure/oss-cad-suite/libexec/../share/yosys/lattice/cells_io.vh:4.1-4.157.
Generating RTLIL representation for module `\IBPD'.
Replacing existing blackbox module `\OB' at /Users/Dilan/eda/fabric-under-pressure/oss-cad-suite/libexec/../share/yosys/lattice/cells_io.vh:5.1-5.157.
Generating RTLIL representation for module `\OB'.
Replacing existing blackbox module `\OBZ' at /Users/Dilan/eda/fabric-under-pressure/oss-cad-suite/libexec/../share/yosys/lattice/cells_io.vh:6.1-6.164.
Generating RTLIL representation for module `\OBZ'.
Replacing existing blackbox module `\OBZPU' at /Users/Dilan/eda/fabric-under-pressure/oss-cad-suite/libexec/../share/yosys/lattice/cells_io.vh:7.1-7.164.
Generating RTLIL representation for module `\OBZPU'.
Replacing existing blackbox module `\OBZPD' at /Users/Dilan/eda/fabric-under-pressure/oss-cad-suite/libexec/../share/yosys/lattice/cells_io.vh:8.1-8.164.
Generating RTLIL representation for module `\OBZPD'.
Replacing existing blackbox module `\OBCO' at /Users/Dilan/eda/fabric-under-pressure/oss-cad-suite/libexec/../share/yosys/lattice/cells_io.vh:9.1-9.90.
Generating RTLIL representation for module `\OBCO'.
Replacing existing blackbox module `\BB' at /Users/Dilan/eda/fabric-under-pressure/oss-cad-suite/libexec/../share/yosys/lattice/cells_io.vh:10.1-10.179.
Generating RTLIL representation for module `\BB'.
Replacing existing blackbox module `\BBPU' at /Users/Dilan/eda/fabric-under-pressure/oss-cad-suite/libexec/../share/yosys/lattice/cells_io.vh:11.1-11.179.
Generating RTLIL representation for module `\BBPU'.
Replacing existing blackbox module `\BBPD' at /Users/Dilan/eda/fabric-under-pressure/oss-cad-suite/libexec/../share/yosys/lattice/cells_io.vh:12.1-12.179.
Generating RTLIL representation for module `\BBPD'.
Replacing existing blackbox module `\ILVDS' at /Users/Dilan/eda/fabric-under-pressure/oss-cad-suite/libexec/../share/yosys/lattice/cells_io.vh:13.1-13.139.
Generating RTLIL representation for module `\ILVDS'.
Replacing existing blackbox module `\OLVDS' at /Users/Dilan/eda/fabric-under-pressure/oss-cad-suite/libexec/../share/yosys/lattice/cells_io.vh:14.1-14.146.
Generating RTLIL representation for module `\OLVDS'.
Successfully finished Verilog frontend.

3.2. Executing Verilog-2005 frontend: /Users/Dilan/eda/fabric-under-pressure/oss-cad-suite/libexec/../share/yosys/lattice/cells_bb_ecp5.v
Parsing Verilog input from `/Users/Dilan/eda/fabric-under-pressure/oss-cad-suite/libexec/../share/yosys/lattice/cells_bb_ecp5.v' to AST representation.
Generating RTLIL representation for module `\GSR'.
Generating RTLIL representation for module `\PUR'.
Generating RTLIL representation for module `\SGSR'.
Generating RTLIL representation for module `\PDPW16KD'.
Generating RTLIL representation for module `\MULT18X18D'.
Generating RTLIL representation for module `\ALU54B'.
Generating RTLIL representation for module `\CLKDIVF'.
Generating RTLIL representation for module `\PCSCLKDIV'.
Generating RTLIL representation for module `\DCSC'.
Generating RTLIL representation for module `\DCCA'.
Generating RTLIL representation for module `\ECLKSYNCB'.
Generating RTLIL representation for module `\ECLKBRIDGECS'.
Generating RTLIL representation for module `\DELAYF'.
Generating RTLIL representation for module `\DELAYG'.
Generating RTLIL representation for module `\USRMCLK'.
Generating RTLIL representation for module `\DQSBUFM'.
Generating RTLIL representation for module `\DDRDLLA'.
Generating RTLIL representation for module `\DLLDELD'.
Generating RTLIL representation for module `\IDDRX1F'.
Generating RTLIL representation for module `\IDDRX2F'.
Generating RTLIL representation for module `\IDDR71B'.
Generating RTLIL representation for module `\IDDRX2DQA'.
Generating RTLIL representation for module `\ODDRX1F'.
Generating RTLIL representation for module `\ODDRX2F'.
Generating RTLIL representation for module `\ODDR71B'.
Generating RTLIL representation for module `\OSHX2A'.
Generating RTLIL representation for module `\TSHX2DQA'.
Generating RTLIL representation for module `\TSHX2DQSA'.
Generating RTLIL representation for module `\ODDRX2DQA'.
Generating RTLIL representation for module `\ODDRX2DQSB'.
Generating RTLIL representation for module `\EHXPLLL'.
Generating RTLIL representation for module `\DTR'.
Generating RTLIL representation for module `\OSCG'.
Generating RTLIL representation for module `\EXTREFB'.
Generating RTLIL representation for module `\JTAGG'.
Generating RTLIL representation for module `\DCUA'.
Successfully finished Verilog frontend.

3.3. Executing HIERARCHY pass (managing design hierarchy).

3.3.1. Analyzing design hierarchy..
Top module:  \axi_b_response_router
Used module:     \axi_rr_arbiter_4

3.3.2. Analyzing design hierarchy..
Top module:  \axi_b_response_router
Used module:     \axi_rr_arbiter_4
Removed 0 unused modules.

3.4. Executing PROC pass (convert processes to netlists).

3.4.1. Executing PROC_CLEAN pass (remove empty switches from decision trees).
Found and cleaned up 28 empty switches in `\axi_b_response_router.$proc$/Users/Dilan/Projects/fabric-under-pressure/rtl/axi_b_response_router.sv:84$62'.
Cleaned up 28 empty switches.

3.4.2. Executing PROC_RMDEAD pass (remove dead branches from decision trees).
Marked 7 switch rules as full_case in process $proc$/Users/Dilan/Projects/fabric-under-pressure/rtl/axi_b_response_router.sv:165$281 in module axi_b_response_router.
Marked 26 switch rules as full_case in process $proc$/Users/Dilan/Projects/fabric-under-pressure/rtl/axi_b_response_router.sv:84$62 in module axi_b_response_router.
Marked 1 switch rules as full_case in process $proc$/Users/Dilan/Projects/fabric-under-pressure/rtl/axi_rr_arbiter_4.sv:86$19 in module axi_rr_arbiter_4.
Marked 4 switch rules as full_case in process $proc$/Users/Dilan/Projects/fabric-under-pressure/rtl/axi_rr_arbiter_4.sv:65$4 in module axi_rr_arbiter_4.
Marked 17 switch rules as full_case in process $proc$/Users/Dilan/Projects/fabric-under-pressure/rtl/axi_rr_arbiter_4.sv:33$3 in module axi_rr_arbiter_4.
Removed a total of 0 dead cases.

3.4.3. Executing PROC_PRUNE pass (remove redundant assignments in processes).
Removed 4 redundant assignments.
Promoted 93 assignments to connections.

3.4.4. Executing PROC_INIT pass (extract init attributes).

3.4.5. Executing PROC_ARST pass (detect async resets in processes).
Found async reset \ARESETn in `\axi_b_response_router.$proc$/Users/Dilan/Projects/fabric-under-pressure/rtl/axi_b_response_router.sv:165$281'.
Found async reset \ARESETn in `\axi_rr_arbiter_4.$proc$/Users/Dilan/Projects/fabric-under-pressure/rtl/axi_rr_arbiter_4.sv:86$19'.

3.4.6. Executing PROC_ROM pass (convert switches to ROMs).
Converted 0 switches.
<suppressed ~56 debug messages>

3.4.7. Executing PROC_MUX pass (convert decision trees to multiplexers).
Creating decoders for process `\axi_b_response_router.$proc$/Users/Dilan/Projects/fabric-under-pressure/rtl/axi_b_response_router.sv:207$283'.
Creating decoders for process `\axi_b_response_router.$proc$/Users/Dilan/Projects/fabric-under-pressure/rtl/axi_b_response_router.sv:165$281'.
     1/13: $0\slot_source_q[5:0] [5:4]
     2/13: $0\slot_source_q[5:0] [3:2]
     3/13: $0\slot_bresp_q[5:0] [3:2]
     4/13: $0\slot_bid_q[11:0] [7:4]
     5/13: $0\slot_valid[2:0] [1]
     6/13: $0\slot_source_q[5:0] [1:0]
     7/13: $0\slot_bresp_q[5:0] [1:0]
     8/13: $0\slot_bid_q[11:0] [3:0]
     9/13: $0\slot_valid[2:0] [0]
    10/13: $0\slot_bid_q[11:0] [11:8]
    11/13: $0\slot_valid[2:0] [2]
    12/13: $0\slot_bresp_q[5:0] [5:4]
    13/13: $1\seq_m[31:0]
Creating decoders for process `\axi_b_response_router.$proc$/Users/Dilan/Projects/fabric-under-pressure/rtl/axi_b_response_router.sv:84$62'.
     1/194: $3\target_bready[3:0]
     2/194: $2\target_bready[3:0]
     3/194: $1\target_bready[3:0]
     4/194: $39\candidate_request[11:8]
     5/194: $38\candidate_request[7:4]
     6/194: $37\candidate_request[3:0]
     7/194: $20\nonbusy_id_violation[3:3]
     8/194: $20\validated_response[3:3]
     9/194: $36\candidate_request[11:11]
    10/194: $3\busy_for$func$/Users/Dilan/Projects/fabric-under-pressure/rtl/axi_b_response_router.sv:110$54.$result[0:0]$250
    11/194: $3\id_for$func$/Users/Dilan/Projects/fabric-under-pressure/rtl/axi_b_response_router.sv:110$53.$result[3:0]$249
    12/194: $19\nonbusy_id_violation[3:3]
    13/194: $19\validated_response[3:3]
    14/194: $35\candidate_request[7:7]
    15/194: $3\busy_for$func$/Users/Dilan/Projects/fabric-under-pressure/rtl/axi_b_response_router.sv:102$52.$result[0:0]$244
    16/194: $3\id_for$func$/Users/Dilan/Projects/fabric-under-pressure/rtl/axi_b_response_router.sv:102$51.$result[3:0]$243
    17/194: $18\nonbusy_id_violation[3:3]
    18/194: $18\validated_response[3:3]
    19/194: $34\candidate_request[3:3]
    20/194: $3\busy_for$func$/Users/Dilan/Projects/fabric-under-pressure/rtl/axi_b_response_router.sv:94$50.$result[0:0]$238
    21/194: $3\id_for$func$/Users/Dilan/Projects/fabric-under-pressure/rtl/axi_b_response_router.sv:94$49.$result[3:0]$237
    22/194: $17\validated_response[3:3]
    23/194: $31\candidate_request[3:3]
    24/194: $17\nonbusy_id_violation[3:3]
    25/194: $2\busy_for$func$/Users/Dilan/Projects/fabric-under-pressure/rtl/axi_b_response_router.sv:94$50.$result[0:0]$229
    26/194: $2\busy_for$func$/Users/Dilan/Projects/fabric-under-pressure/rtl/axi_b_response_router.sv:94$50.id[3:0]$230
    27/194: $2\id_for$func$/Users/Dilan/Projects/fabric-under-pressure/rtl/axi_b_response_router.sv:94$49.$result[3:0]$228
    28/194: $2\busy_for$func$/Users/Dilan/Projects/fabric-under-pressure/rtl/axi_b_response_router.sv:110$54.id[3:0]$236
    29/194: $2\busy_for$func$/Users/Dilan/Projects/fabric-under-pressure/rtl/axi_b_response_router.sv:110$54.$result[0:0]$235
    30/194: $2\id_for$func$/Users/Dilan/Projects/fabric-under-pressure/rtl/axi_b_response_router.sv:110$53.$result[3:0]$234
    31/194: $2\busy_for$func$/Users/Dilan/Projects/fabric-under-pressure/rtl/axi_b_response_router.sv:102$52.id[3:0]$233
    32/194: $2\busy_for$func$/Users/Dilan/Projects/fabric-under-pressure/rtl/axi_b_response_router.sv:102$52.$result[0:0]$232
    33/194: $2\id_for$func$/Users/Dilan/Projects/fabric-under-pressure/rtl/axi_b_response_router.sv:102$51.$result[3:0]$231
    34/194: $33\candidate_request[11:11]
    35/194: $32\candidate_request[7:7]
    36/194: $8\invalid_manager_violation[3:3]
    37/194: $2\manager_for$func$/Users/Dilan/Projects/fabric-under-pressure/rtl/axi_b_response_router.sv:92$48.$result[1:0]$227
    38/194: $1\busy_for$func$/Users/Dilan/Projects/fabric-under-pressure/rtl/axi_b_response_router.sv:110$54.id[3:0]$226
    39/194: $1\busy_for$func$/Users/Dilan/Projects/fabric-under-pressure/rtl/axi_b_response_router.sv:110$54.$result[0:0]$225
    40/194: $1\id_for$func$/Users/Dilan/Projects/fabric-under-pressure/rtl/axi_b_response_router.sv:110$53.$result[3:0]$224
    41/194: $1\busy_for$func$/Users/Dilan/Projects/fabric-under-pressure/rtl/axi_b_response_router.sv:102$52.id[3:0]$223
    42/194: $1\busy_for$func$/Users/Dilan/Projects/fabric-under-pressure/rtl/axi_b_response_router.sv:102$52.$result[0:0]$222
    43/194: $1\id_for$func$/Users/Dilan/Projects/fabric-under-pressure/rtl/axi_b_response_router.sv:102$51.$result[3:0]$221
    44/194: $1\busy_for$func$/Users/Dilan/Projects/fabric-under-pressure/rtl/axi_b_response_router.sv:94$50.id[3:0]$220
    45/194: $1\busy_for$func$/Users/Dilan/Projects/fabric-under-pressure/rtl/axi_b_response_router.sv:94$50.$result[0:0]$219
    46/194: $1\id_for$func$/Users/Dilan/Projects/fabric-under-pressure/rtl/axi_b_response_router.sv:94$49.$result[3:0]$218
    47/194: $16\validated_response[3:3]
    48/194: $30\candidate_request[11:11]
    49/194: $29\candidate_request[7:7]
    50/194: $28\candidate_request[3:3]
    51/194: $16\nonbusy_id_violation[3:3]
    52/194: $7\invalid_manager_violation[3:3]
    53/194: $1\manager_for$func$/Users/Dilan/Projects/fabric-under-pressure/rtl/axi_b_response_router.sv:92$48.$result[1:0]$217
    54/194: $15\nonbusy_id_violation[2:2]
    55/194: $15\validated_response[2:2]
    56/194: $27\candidate_request[10:10]
    57/194: $3\busy_for$func$/Users/Dilan/Projects/fabric-under-pressure/rtl/axi_b_response_router.sv:110$47.$result[0:0]$212
    58/194: $3\id_for$func$/Users/Dilan/Projects/fabric-under-pressure/rtl/axi_b_response_router.sv:110$46.$result[3:0]$211
    59/194: $14\nonbusy_id_violation[2:2]
    60/194: $14\validated_response[2:2]
    61/194: $26\candidate_request[6:6]
    62/194: $3\busy_for$func$/Users/Dilan/Projects/fabric-under-pressure/rtl/axi_b_response_router.sv:102$45.$result[0:0]$206
    63/194: $3\id_for$func$/Users/Dilan/Projects/fabric-under-pressure/rtl/axi_b_response_router.sv:102$44.$result[3:0]$205
    64/194: $13\nonbusy_id_violation[2:2]
    65/194: $13\validated_response[2:2]
    66/194: $25\candidate_request[2:2]
    67/194: $3\busy_for$func$/Users/Dilan/Projects/fabric-under-pressure/rtl/axi_b_response_router.sv:94$43.$result[0:0]$200
    68/194: $3\id_for$func$/Users/Dilan/Projects/fabric-under-pressure/rtl/axi_b_response_router.sv:94$42.$result[3:0]$199
    69/194: $12\validated_response[2:2]
    70/194: $22\candidate_request[2:2]
    71/194: $12\nonbusy_id_violation[2:2]
    72/194: $2\busy_for$func$/Users/Dilan/Projects/fabric-under-pressure/rtl/axi_b_response_router.sv:94$43.$result[0:0]$191
    73/194: $2\busy_for$func$/Users/Dilan/Projects/fabric-under-pressure/rtl/axi_b_response_router.sv:94$43.id[3:0]$192
    74/194: $2\id_for$func$/Users/Dilan/Projects/fabric-under-pressure/rtl/axi_b_response_router.sv:94$42.$result[3:0]$190
    75/194: $2\busy_for$func$/Users/Dilan/Projects/fabric-under-pressure/rtl/axi_b_response_router.sv:110$47.id[3:0]$198
    76/194: $2\busy_for$func$/Users/Dilan/Projects/fabric-under-pressure/rtl/axi_b_response_router.sv:110$47.$result[0:0]$197
    77/194: $2\id_for$func$/Users/Dilan/Projects/fabric-under-pressure/rtl/axi_b_response_router.sv:110$46.$result[3:0]$196
    78/194: $2\busy_for$func$/Users/Dilan/Projects/fabric-under-pressure/rtl/axi_b_response_router.sv:102$45.id[3:0]$195
    79/194: $2\busy_for$func$/Users/Dilan/Projects/fabric-under-pressure/rtl/axi_b_response_router.sv:102$45.$result[0:0]$194
    80/194: $2\id_for$func$/Users/Dilan/Projects/fabric-under-pressure/rtl/axi_b_response_router.sv:102$44.$result[3:0]$193
    81/194: $24\candidate_request[10:10]
    82/194: $23\candidate_request[6:6]
    83/194: $6\invalid_manager_violation[2:2]
    84/194: $2\manager_for$func$/Users/Dilan/Projects/fabric-under-pressure/rtl/axi_b_response_router.sv:92$41.$result[1:0]$189
    85/194: $1\busy_for$func$/Users/Dilan/Projects/fabric-under-pressure/rtl/axi_b_response_router.sv:110$47.id[3:0]$188
    86/194: $1\busy_for$func$/Users/Dilan/Projects/fabric-under-pressure/rtl/axi_b_response_router.sv:110$47.$result[0:0]$187
    87/194: $1\id_for$func$/Users/Dilan/Projects/fabric-under-pressure/rtl/axi_b_response_router.sv:110$46.$result[3:0]$186
    88/194: $1\busy_for$func$/Users/Dilan/Projects/fabric-under-pressure/rtl/axi_b_response_router.sv:102$45.id[3:0]$185
    89/194: $1\busy_for$func$/Users/Dilan/Projects/fabric-under-pressure/rtl/axi_b_response_router.sv:102$45.$result[0:0]$184
    90/194: $1\id_for$func$/Users/Dilan/Projects/fabric-under-pressure/rtl/axi_b_response_router.sv:102$44.$result[3:0]$183
    91/194: $1\busy_for$func$/Users/Dilan/Projects/fabric-under-pressure/rtl/axi_b_response_router.sv:94$43.id[3:0]$182
    92/194: $1\busy_for$func$/Users/Dilan/Projects/fabric-under-pressure/rtl/axi_b_response_router.sv:94$43.$result[0:0]$181
    93/194: $1\id_for$func$/Users/Dilan/Projects/fabric-under-pressure/rtl/axi_b_response_router.sv:94$42.$result[3:0]$180
    94/194: $11\validated_response[2:2]
    95/194: $21\candidate_request[10:10]
    96/194: $20\candidate_request[6:6]
    97/194: $19\candidate_request[2:2]
    98/194: $11\nonbusy_id_violation[2:2]
    99/194: $5\invalid_manager_violation[2:2]
   100/194: $1\manager_for$func$/Users/Dilan/Projects/fabric-under-pressure/rtl/axi_b_response_router.sv:92$41.$result[1:0]$179
   101/194: $10\nonbusy_id_violation[1:1]
   102/194: $10\validated_response[1:1]
   103/194: $18\candidate_request[9:9]
   104/194: $3\busy_for$func$/Users/Dilan/Projects/fabric-under-pressure/rtl/axi_b_response_router.sv:110$40.$result[0:0]$174
   105/194: $3\id_for$func$/Users/Dilan/Projects/fabric-under-pressure/rtl/axi_b_response_router.sv:110$39.$result[3:0]$173
   106/194: $9\nonbusy_id_violation[1:1]
   107/194: $9\validated_response[1:1]
   108/194: $17\candidate_request[5:5]
   109/194: $3\busy_for$func$/Users/Dilan/Projects/fabric-under-pressure/rtl/axi_b_response_router.sv:102$38.$result[0:0]$168
   110/194: $3\id_for$func$/Users/Dilan/Projects/fabric-under-pressure/rtl/axi_b_response_router.sv:102$37.$result[3:0]$167
   111/194: $8\nonbusy_id_violation[1:1]
   112/194: $8\validated_response[1:1]
   113/194: $16\candidate_request[1:1]
   114/194: $3\busy_for$func$/Users/Dilan/Projects/fabric-under-pressure/rtl/axi_b_response_router.sv:94$36.$result[0:0]$162
   115/194: $3\id_for$func$/Users/Dilan/Projects/fabric-under-pressure/rtl/axi_b_response_router.sv:94$35.$result[3:0]$161
   116/194: $7\validated_response[1:1]
   117/194: $13\candidate_request[1:1]
   118/194: $7\nonbusy_id_violation[1:1]
   119/194: $2\busy_for$func$/Users/Dilan/Projects/fabric-under-pressure/rtl/axi_b_response_router.sv:94$36.$result[0:0]$153
   120/194: $2\busy_for$func$/Users/Dilan/Projects/fabric-under-pressure/rtl/axi_b_response_router.sv:94$36.id[3:0]$154
   121/194: $2\id_for$func$/Users/Dilan/Projects/fabric-under-pressure/rtl/axi_b_response_router.sv:94$35.$result[3:0]$152
   122/194: $2\busy_for$func$/Users/Dilan/Projects/fabric-under-pressure/rtl/axi_b_response_router.sv:110$40.id[3:0]$160
   123/194: $2\busy_for$func$/Users/Dilan/Projects/fabric-under-pressure/rtl/axi_b_response_router.sv:110$40.$result[0:0]$159
   124/194: $2\id_for$func$/Users/Dilan/Projects/fabric-under-pressure/rtl/axi_b_response_router.sv:110$39.$result[3:0]$158
   125/194: $2\busy_for$func$/Users/Dilan/Projects/fabric-under-pressure/rtl/axi_b_response_router.sv:102$38.id[3:0]$157
   126/194: $2\busy_for$func$/Users/Dilan/Projects/fabric-under-pressure/rtl/axi_b_response_router.sv:102$38.$result[0:0]$156
   127/194: $2\id_for$func$/Users/Dilan/Projects/fabric-under-pressure/rtl/axi_b_response_router.sv:102$37.$result[3:0]$155
   128/194: $15\candidate_request[9:9]
   129/194: $14\candidate_request[5:5]
   130/194: $4\invalid_manager_violation[1:1]
   131/194: $2\manager_for$func$/Users/Dilan/Projects/fabric-under-pressure/rtl/axi_b_response_router.sv:92$34.$result[1:0]$151
   132/194: $1\busy_for$func$/Users/Dilan/Projects/fabric-under-pressure/rtl/axi_b_response_router.sv:110$40.id[3:0]$150
   133/194: $1\busy_for$func$/Users/Dilan/Projects/fabric-under-pressure/rtl/axi_b_response_router.sv:110$40.$result[0:0]$149
   134/194: $1\id_for$func$/Users/Dilan/Projects/fabric-under-pressure/rtl/axi_b_response_router.sv:110$39.$result[3:0]$148
   135/194: $1\busy_for$func$/Users/Dilan/Projects/fabric-under-pressure/rtl/axi_b_response_router.sv:102$38.id[3:0]$147
   136/194: $1\busy_for$func$/Users/Dilan/Projects/fabric-under-pressure/rtl/axi_b_response_router.sv:102$38.$result[0:0]$146
   137/194: $1\id_for$func$/Users/Dilan/Projects/fabric-under-pressure/rtl/axi_b_response_router.sv:102$37.$result[3:0]$145
   138/194: $1\busy_for$func$/Users/Dilan/Projects/fabric-under-pressure/rtl/axi_b_response_router.sv:94$36.id[3:0]$144
   139/194: $1\busy_for$func$/Users/Dilan/Projects/fabric-under-pressure/rtl/axi_b_response_router.sv:94$36.$result[0:0]$143
   140/194: $1\id_for$func$/Users/Dilan/Projects/fabric-under-pressure/rtl/axi_b_response_router.sv:94$35.$result[3:0]$142
   141/194: $6\validated_response[1:1]
   142/194: $12\candidate_request[9:9]
   143/194: $11\candidate_request[5:5]
   144/194: $10\candidate_request[1:1]
   145/194: $6\nonbusy_id_violation[1:1]
   146/194: $3\invalid_manager_violation[1:1]
   147/194: $1\manager_for$func$/Users/Dilan/Projects/fabric-under-pressure/rtl/axi_b_response_router.sv:92$34.$result[1:0]$141
   148/194: $5\nonbusy_id_violation[0:0]
   149/194: $5\validated_response[0:0]
   150/194: $9\candidate_request[8:8]
   151/194: $3\busy_for$func$/Users/Dilan/Projects/fabric-under-pressure/rtl/axi_b_response_router.sv:110$33.$result[0:0]$136
   152/194: $3\id_for$func$/Users/Dilan/Projects/fabric-under-pressure/rtl/axi_b_response_router.sv:110$32.$result[3:0]$135
   153/194: $4\nonbusy_id_violation[0:0]
   154/194: $4\validated_response[0:0]
   155/194: $8\candidate_request[4:4]
   156/194: $3\busy_for$func$/Users/Dilan/Projects/fabric-under-pressure/rtl/axi_b_response_router.sv:102$31.$result[0:0]$130
   157/194: $3\id_for$func$/Users/Dilan/Projects/fabric-under-pressure/rtl/axi_b_response_router.sv:102$30.$result[3:0]$129
   158/194: $3\nonbusy_id_violation[0:0]
   159/194: $3\validated_response[0:0]
   160/194: $7\candidate_request[0:0]
   161/194: $3\busy_for$func$/Users/Dilan/Projects/fabric-under-pressure/rtl/axi_b_response_router.sv:94$29.$result[0:0]$124
   162/194: $3\id_for$func$/Users/Dilan/Projects/fabric-under-pressure/rtl/axi_b_response_router.sv:94$28.$result[3:0]$123
   163/194: $2\validated_response[0:0]
   164/194: $4\candidate_request[0:0]
   165/194: $2\nonbusy_id_violation[0:0]
   166/194: $2\busy_for$func$/Users/Dilan/Projects/fabric-under-pressure/rtl/axi_b_response_router.sv:94$29.$result[0:0]$115
   167/194: $2\busy_for$func$/Users/Dilan/Projects/fabric-under-pressure/rtl/axi_b_response_router.sv:94$29.id[3:0]$116
   168/194: $2\id_for$func$/Users/Dilan/Projects/fabric-under-pressure/rtl/axi_b_response_router.sv:94$28.$result[3:0]$114
   169/194: $2\busy_for$func$/Users/Dilan/Projects/fabric-under-pressure/rtl/axi_b_response_router.sv:110$33.id[3:0]$122
   170/194: $2\busy_for$func$/Users/Dilan/Projects/fabric-under-pressure/rtl/axi_b_response_router.sv:110$33.$result[0:0]$121
   171/194: $2\id_for$func$/Users/Dilan/Projects/fabric-under-pressure/rtl/axi_b_response_router.sv:110$32.$result[3:0]$120
   172/194: $2\busy_for$func$/Users/Dilan/Projects/fabric-under-pressure/rtl/axi_b_response_router.sv:102$31.id[3:0]$119
   173/194: $2\busy_for$func$/Users/Dilan/Projects/fabric-under-pressure/rtl/axi_b_response_router.sv:102$31.$result[0:0]$118
   174/194: $2\id_for$func$/Users/Dilan/Projects/fabric-under-pressure/rtl/axi_b_response_router.sv:102$30.$result[3:0]$117
   175/194: $6\candidate_request[8:8]
   176/194: $5\candidate_request[4:4]
   177/194: $2\invalid_manager_violation[0:0]
   178/194: $2\manager_for$func$/Users/Dilan/Projects/fabric-under-pressure/rtl/axi_b_response_router.sv:92$27.$result[1:0]$113
   179/194: $1\busy_for$func$/Users/Dilan/Projects/fabric-under-pressure/rtl/axi_b_response_router.sv:110$33.id[3:0]$112
   180/194: $1\busy_for$func$/Users/Dilan/Projects/fabric-under-pressure/rtl/axi_b_response_router.sv:110$33.$result[0:0]$111
   181/194: $1\id_for$func$/Users/Dilan/Projects/fabric-under-pressure/rtl/axi_b_response_router.sv:110$32.$result[3:0]$110
   182/194: $1\busy_for$func$/Users/Dilan/Projects/fabric-under-pressure/rtl/axi_b_response_router.sv:102$31.id[3:0]$109
   183/194: $1\busy_for$func$/Users/Dilan/Projects/fabric-under-pressure/rtl/axi_b_response_router.sv:102$31.$result[0:0]$108
   184/194: $1\id_for$func$/Users/Dilan/Projects/fabric-under-pressure/rtl/axi_b_response_router.sv:102$30.$result[3:0]$107
   185/194: $1\busy_for$func$/Users/Dilan/Projects/fabric-under-pressure/rtl/axi_b_response_router.sv:94$29.id[3:0]$106
   186/194: $1\busy_for$func$/Users/Dilan/Projects/fabric-under-pressure/rtl/axi_b_response_router.sv:94$29.$result[0:0]$105
   187/194: $1\id_for$func$/Users/Dilan/Projects/fabric-under-pressure/rtl/axi_b_response_router.sv:94$28.$result[3:0]$104
   188/194: $1\validated_response[0:0]
   189/194: $3\candidate_request[8:8]
   190/194: $2\candidate_request[4:4]
   191/194: $1\candidate_request[0:0]
   192/194: $1\nonbusy_id_violation[0:0]
   193/194: $1\invalid_manager_violation[0:0]
   194/194: $1\manager_for$func$/Users/Dilan/Projects/fabric-under-pressure/rtl/axi_b_response_router.sv:92$27.$result[1:0]$103
Creating decoders for process `\axi_b_response_router.$proc$/Users/Dilan/Projects/fabric-under-pressure/rtl/axi_b_response_router.sv:78$55'.
Creating decoders for process `\axi_rr_arbiter_4.$proc$/Users/Dilan/Projects/fabric-under-pressure/rtl/axi_rr_arbiter_4.sv:100$21'.
Creating decoders for process `\axi_rr_arbiter_4.$proc$/Users/Dilan/Projects/fabric-under-pressure/rtl/axi_rr_arbiter_4.sv:86$19'.
     1/4: $0\selected_q[1:0]
     2/4: $0\grant_valid_q[0:0]
     3/4: $0\grant_q[3:0]
     4/4: $0\pointer_q[1:0]
Creating decoders for process `\axi_rr_arbiter_4.$proc$/Users/Dilan/Projects/fabric-under-pressure/rtl/axi_rr_arbiter_4.sv:65$4'.
     1/20: $3\next_pointer$func$/Users/Dilan/Projects/fabric-under-pressure/rtl/axi_rr_arbiter_4.sv:74$2.$result[1:0]$18
     2/20: $3\next_pointer$func$/Users/Dilan/Projects/fabric-under-pressure/rtl/axi_rr_arbiter_4.sv:73$1.$result[1:0]$17
     3/20: $2\selected_d[1:0]
     4/20: $2\grant_valid_d[0:0]
     5/20: $2\grant_d[3:0]
     6/20: $2\selection_pointer[1:0]
     7/20: $2\next_pointer$func$/Users/Dilan/Projects/fabric-under-pressure/rtl/axi_rr_arbiter_4.sv:74$2.$result[1:0]$15
     8/20: $2\next_pointer$func$/Users/Dilan/Projects/fabric-under-pressure/rtl/axi_rr_arbiter_4.sv:74$2.source[1:0]$16
     9/20: $2\pointer_d[1:0]
    10/20: $2\next_pointer$func$/Users/Dilan/Projects/fabric-under-pressure/rtl/axi_rr_arbiter_4.sv:73$1.$result[1:0]$13
    11/20: $2\next_pointer$func$/Users/Dilan/Projects/fabric-under-pressure/rtl/axi_rr_arbiter_4.sv:73$1.source[1:0]$14
    12/20: $1\next_pointer$func$/Users/Dilan/Projects/fabric-under-pressure/rtl/axi_rr_arbiter_4.sv:74$2.source[1:0]$12
    13/20: $1\next_pointer$func$/Users/Dilan/Projects/fabric-under-pressure/rtl/axi_rr_arbiter_4.sv:74$2.$result[1:0]$11
    14/20: $1\next_pointer$func$/Users/Dilan/Projects/fabric-under-pressure/rtl/axi_rr_arbiter_4.sv:73$1.source[1:0]$10
    15/20: $1\next_pointer$func$/Users/Dilan/Projects/fabric-under-pressure/rtl/axi_rr_arbiter_4.sv:73$1.$result[1:0]$9
    16/20: $1\selection_pointer[1:0]
    17/20: $1\selected_d[1:0]
    18/20: $1\grant_valid_d[0:0]
    19/20: $1\grant_d[3:0]
    20/20: $1\pointer_d[1:0]
Creating decoders for process `\axi_rr_arbiter_4.$proc$/Users/Dilan/Projects/fabric-under-pressure/rtl/axi_rr_arbiter_4.sv:33$3'.
     1/51: $17\candidate_valid[0:0]
     2/51: $17\candidate_source[1:0]
     3/51: $17\candidate_grant[3:0]
     4/51: $16\candidate_valid[0:0]
     5/51: $16\candidate_source[1:0]
     6/51: $16\candidate_grant[3:0]
     7/51: $15\candidate_valid[0:0]
     8/51: $15\candidate_source[1:0]
     9/51: $15\candidate_grant[3:0]
    10/51: $14\candidate_valid[0:0]
    11/51: $14\candidate_source[1:0]
    12/51: $14\candidate_grant[3:0]
    13/51: $13\candidate_valid[0:0]
    14/51: $13\candidate_source[1:0]
    15/51: $13\candidate_grant[3:0]
    16/51: $12\candidate_valid[0:0]
    17/51: $12\candidate_source[1:0]
    18/51: $12\candidate_grant[3:0]
    19/51: $11\candidate_valid[0:0]
    20/51: $11\candidate_source[1:0]
    21/51: $11\candidate_grant[3:0]
    22/51: $10\candidate_valid[0:0]
    23/51: $10\candidate_source[1:0]
    24/51: $10\candidate_grant[3:0]
    25/51: $9\candidate_valid[0:0]
    26/51: $9\candidate_source[1:0]
    27/51: $9\candidate_grant[3:0]
    28/51: $8\candidate_valid[0:0]
    29/51: $8\candidate_source[1:0]
    30/51: $8\candidate_grant[3:0]
    31/51: $7\candidate_valid[0:0]
    32/51: $7\candidate_source[1:0]
    33/51: $7\candidate_grant[3:0]
    34/51: $6\candidate_valid[0:0]
    35/51: $6\candidate_source[1:0]
    36/51: $6\candidate_grant[3:0]
    37/51: $5\candidate_valid[0:0]
    38/51: $5\candidate_source[1:0]
    39/51: $5\candidate_grant[3:0]
    40/51: $4\candidate_valid[0:0]
    41/51: $4\candidate_source[1:0]
    42/51: $4\candidate_grant[3:0]
    43/51: $3\candidate_valid[0:0]
    44/51: $3\candidate_source[1:0]
    45/51: $3\candidate_grant[3:0]
    46/51: $2\candidate_valid[0:0]
    47/51: $2\candidate_source[1:0]
    48/51: $2\candidate_grant[3:0]
    49/51: $1\candidate_source[1:0]
    50/51: $1\candidate_valid[0:0]
    51/51: $1\candidate_grant[3:0]

3.4.8. Executing PROC_DLATCH pass (convert process syncs to latches).
No latch inferred for signal `\axi_b_response_router.\slot_source_target' from process `\axi_b_response_router.$proc$/Users/Dilan/Projects/fabric-under-pressure/rtl/axi_b_response_router.sv:207$283'.
No latch inferred for signal `\axi_b_response_router.\target_bready' from process `\axi_b_response_router.$proc$/Users/Dilan/Projects/fabric-under-pressure/rtl/axi_b_response_router.sv:84$62'.
No latch inferred for signal `\axi_b_response_router.\target_b_fire' from process `\axi_b_response_router.$proc$/Users/Dilan/Projects/fabric-under-pressure/rtl/axi_b_response_router.sv:84$62'.
No latch inferred for signal `\axi_b_response_router.\manager_bvalid' from process `\axi_b_response_router.$proc$/Users/Dilan/Projects/fabric-under-pressure/rtl/axi_b_response_router.sv:84$62'.
No latch inferred for signal `\axi_b_response_router.\manager_bid' from process `\axi_b_response_router.$proc$/Users/Dilan/Projects/fabric-under-pressure/rtl/axi_b_response_router.sv:84$62'.
No latch inferred for signal `\axi_b_response_router.\manager_bresp' from process `\axi_b_response_router.$proc$/Users/Dilan/Projects/fabric-under-pressure/rtl/axi_b_response_router.sv:84$62'.
No latch inferred for signal `\axi_b_response_router.\manager_b_fire' from process `\axi_b_response_router.$proc$/Users/Dilan/Projects/fabric-under-pressure/rtl/axi_b_response_router.sv:84$62'.
No latch inferred for signal `\axi_b_response_router.\b_complete_fire' from process `\axi_b_response_router.$proc$/Users/Dilan/Projects/fabric-under-pressure/rtl/axi_b_response_router.sv:84$62'.
No latch inferred for signal `\axi_b_response_router.\b_complete_id' from process `\axi_b_response_router.$proc$/Users/Dilan/Projects/fabric-under-pressure/rtl/axi_b_response_router.sv:84$62'.
No latch inferred for signal `\axi_b_response_router.\invalid_manager_violation' from process `\axi_b_response_router.$proc$/Users/Dilan/Projects/fabric-under-pressure/rtl/axi_b_response_router.sv:84$62'.
No latch inferred for signal `\axi_b_response_router.\nonbusy_id_violation' from process `\axi_b_response_router.$proc$/Users/Dilan/Projects/fabric-under-pressure/rtl/axi_b_response_router.sv:84$62'.
No latch inferred for signal `\axi_b_response_router.\candidate_request' from process `\axi_b_response_router.$proc$/Users/Dilan/Projects/fabric-under-pressure/rtl/axi_b_response_router.sv:84$62'.
No latch inferred for signal `\axi_b_response_router.\arb_ready' from process `\axi_b_response_router.$proc$/Users/Dilan/Projects/fabric-under-pressure/rtl/axi_b_response_router.sv:84$62'.
No latch inferred for signal `\axi_b_response_router.\slot_can_accept' from process `\axi_b_response_router.$proc$/Users/Dilan/Projects/fabric-under-pressure/rtl/axi_b_response_router.sv:84$62'.
No latch inferred for signal `\axi_b_response_router.\validated_response' from process `\axi_b_response_router.$proc$/Users/Dilan/Projects/fabric-under-pressure/rtl/axi_b_response_router.sv:84$62'.
No latch inferred for signal `\axi_b_response_router.\comb_m' from process `\axi_b_response_router.$proc$/Users/Dilan/Projects/fabric-under-pressure/rtl/axi_b_response_router.sv:84$62'.
No latch inferred for signal `\axi_b_response_router.\comb_t' from process `\axi_b_response_router.$proc$/Users/Dilan/Projects/fabric-under-pressure/rtl/axi_b_response_router.sv:84$62'.
No latch inferred for signal `\axi_b_response_router.\response_admit_fire' from process `\axi_b_response_router.$proc$/Users/Dilan/Projects/fabric-under-pressure/rtl/axi_b_response_router.sv:78$55'.
No latch inferred for signal `\axi_b_response_router.\response_m' from process `\axi_b_response_router.$proc$/Users/Dilan/Projects/fabric-under-pressure/rtl/axi_b_response_router.sv:78$55'.
No latch inferred for signal `\axi_rr_arbiter_4.\grant' from process `\axi_rr_arbiter_4.$proc$/Users/Dilan/Projects/fabric-under-pressure/rtl/axi_rr_arbiter_4.sv:100$21'.
No latch inferred for signal `\axi_rr_arbiter_4.\grant_valid' from process `\axi_rr_arbiter_4.$proc$/Users/Dilan/Projects/fabric-under-pressure/rtl/axi_rr_arbiter_4.sv:100$21'.
No latch inferred for signal `\axi_rr_arbiter_4.\selected_source' from process `\axi_rr_arbiter_4.$proc$/Users/Dilan/Projects/fabric-under-pressure/rtl/axi_rr_arbiter_4.sv:100$21'.
No latch inferred for signal `\axi_rr_arbiter_4.\pointer' from process `\axi_rr_arbiter_4.$proc$/Users/Dilan/Projects/fabric-under-pressure/rtl/axi_rr_arbiter_4.sv:100$21'.
No latch inferred for signal `\axi_rr_arbiter_4.\pointer_d' from process `\axi_rr_arbiter_4.$proc$/Users/Dilan/Projects/fabric-under-pressure/rtl/axi_rr_arbiter_4.sv:65$4'.
No latch inferred for signal `\axi_rr_arbiter_4.\grant_d' from process `\axi_rr_arbiter_4.$proc$/Users/Dilan/Projects/fabric-under-pressure/rtl/axi_rr_arbiter_4.sv:65$4'.
No latch inferred for signal `\axi_rr_arbiter_4.\grant_valid_d' from process `\axi_rr_arbiter_4.$proc$/Users/Dilan/Projects/fabric-under-pressure/rtl/axi_rr_arbiter_4.sv:65$4'.
No latch inferred for signal `\axi_rr_arbiter_4.\selected_d' from process `\axi_rr_arbiter_4.$proc$/Users/Dilan/Projects/fabric-under-pressure/rtl/axi_rr_arbiter_4.sv:65$4'.
No latch inferred for signal `\axi_rr_arbiter_4.\selection_pointer' from process `\axi_rr_arbiter_4.$proc$/Users/Dilan/Projects/fabric-under-pressure/rtl/axi_rr_arbiter_4.sv:65$4'.
No latch inferred for signal `\axi_rr_arbiter_4.\candidate_grant' from process `\axi_rr_arbiter_4.$proc$/Users/Dilan/Projects/fabric-under-pressure/rtl/axi_rr_arbiter_4.sv:33$3'.
No latch inferred for signal `\axi_rr_arbiter_4.\candidate_valid' from process `\axi_rr_arbiter_4.$proc$/Users/Dilan/Projects/fabric-under-pressure/rtl/axi_rr_arbiter_4.sv:33$3'.
No latch inferred for signal `\axi_rr_arbiter_4.\candidate_source' from process `\axi_rr_arbiter_4.$proc$/Users/Dilan/Projects/fabric-under-pressure/rtl/axi_rr_arbiter_4.sv:33$3'.

3.4.9. Executing PROC_DFF pass (convert process syncs to FFs).
Creating register for signal `\axi_b_response_router.\slot_valid' using process `\axi_b_response_router.$proc$/Users/Dilan/Projects/fabric-under-pressure/rtl/axi_b_response_router.sv:165$281'.
  created $adff cell `$procdff$2481' with positive edge clock and positive level reset.
Creating register for signal `\axi_b_response_router.\slot_bid_q' using process `\axi_b_response_router.$proc$/Users/Dilan/Projects/fabric-under-pressure/rtl/axi_b_response_router.sv:165$281'.
  created $adff cell `$procdff$2486' with positive edge clock and positive level reset.
Creating register for signal `\axi_b_response_router.\slot_bresp_q' using process `\axi_b_response_router.$proc$/Users/Dilan/Projects/fabric-under-pressure/rtl/axi_b_response_router.sv:165$281'.
  created $adff cell `$procdff$2491' with positive edge clock and positive level reset.
Creating register for signal `\axi_b_response_router.\slot_source_q' using process `\axi_b_response_router.$proc$/Users/Dilan/Projects/fabric-under-pressure/rtl/axi_b_response_router.sv:165$281'.
  created $adff cell `$procdff$2496' with positive edge clock and positive level reset.
Creating register for signal `\axi_b_response_router.\seq_m' using process `\axi_b_response_router.$proc$/Users/Dilan/Projects/fabric-under-pressure/rtl/axi_b_response_router.sv:165$281'.
  created $dff cell `$procdff$2503' with positive edge clock.
Creating register for signal `\axi_rr_arbiter_4.\pointer_q' using process `\axi_rr_arbiter_4.$proc$/Users/Dilan/Projects/fabric-under-pressure/rtl/axi_rr_arbiter_4.sv:86$19'.
  created $adff cell `$procdff$2508' with positive edge clock and positive level reset.
Creating register for signal `\axi_rr_arbiter_4.\grant_q' using process `\axi_rr_arbiter_4.$proc$/Users/Dilan/Projects/fabric-under-pressure/rtl/axi_rr_arbiter_4.sv:86$19'.
  created $adff cell `$procdff$2513' with positive edge clock and positive level reset.
Creating register for signal `\axi_rr_arbiter_4.\grant_valid_q' using process `\axi_rr_arbiter_4.$proc$/Users/Dilan/Projects/fabric-under-pressure/rtl/axi_rr_arbiter_4.sv:86$19'.
  created $adff cell `$procdff$2518' with positive edge clock and positive level reset.
Creating register for signal `\axi_rr_arbiter_4.\selected_q' using process `\axi_rr_arbiter_4.$proc$/Users/Dilan/Projects/fabric-under-pressure/rtl/axi_rr_arbiter_4.sv:86$19'.
  created $adff cell `$procdff$2523' with positive edge clock and positive level reset.

3.4.10. Executing PROC_MEMWR pass (convert process memory writes to cells).

3.4.11. Executing PROC_CLEAN pass (remove empty switches from decision trees).
Removing empty process `axi_b_response_router.$proc$/Users/Dilan/Projects/fabric-under-pressure/rtl/axi_b_response_router.sv:207$283'.
Found and cleaned up 9 empty switches in `\axi_b_response_router.$proc$/Users/Dilan/Projects/fabric-under-pressure/rtl/axi_b_response_router.sv:165$281'.
Removing empty process `axi_b_response_router.$proc$/Users/Dilan/Projects/fabric-under-pressure/rtl/axi_b_response_router.sv:165$281'.
Found and cleaned up 26 empty switches in `\axi_b_response_router.$proc$/Users/Dilan/Projects/fabric-under-pressure/rtl/axi_b_response_router.sv:84$62'.
Removing empty process `axi_b_response_router.$proc$/Users/Dilan/Projects/fabric-under-pressure/rtl/axi_b_response_router.sv:84$62'.
Removing empty process `axi_b_response_router.$proc$/Users/Dilan/Projects/fabric-under-pressure/rtl/axi_b_response_router.sv:78$55'.
Removing empty process `axi_rr_arbiter_4.$proc$/Users/Dilan/Projects/fabric-under-pressure/rtl/axi_rr_arbiter_4.sv:100$21'.
Removing empty process `axi_rr_arbiter_4.$proc$/Users/Dilan/Projects/fabric-under-pressure/rtl/axi_rr_arbiter_4.sv:86$19'.
Found and cleaned up 4 empty switches in `\axi_rr_arbiter_4.$proc$/Users/Dilan/Projects/fabric-under-pressure/rtl/axi_rr_arbiter_4.sv:65$4'.
Removing empty process `axi_rr_arbiter_4.$proc$/Users/Dilan/Projects/fabric-under-pressure/rtl/axi_rr_arbiter_4.sv:65$4'.
Found and cleaned up 17 empty switches in `\axi_rr_arbiter_4.$proc$/Users/Dilan/Projects/fabric-under-pressure/rtl/axi_rr_arbiter_4.sv:33$3'.
Removing empty process `axi_rr_arbiter_4.$proc$/Users/Dilan/Projects/fabric-under-pressure/rtl/axi_rr_arbiter_4.sv:33$3'.
Cleaned up 56 empty switches.

3.4.12. Executing OPT_EXPR pass (perform const folding).
Optimizing module axi_b_response_router.
<suppressed ~140 debug messages>
Optimizing module axi_rr_arbiter_4.
<suppressed ~37 debug messages>

3.5. Executing CHECK pass (checking for obvious problems).
Checking module axi_b_response_router...
Checking module axi_rr_arbiter_4...
Found and reported 0 problems.

3.6. Executing FLATTEN pass (flatten design).
Deleting now unused module axi_rr_arbiter_4.
<suppressed ~3 debug messages>

3.7. Executing TRIBUF pass.

3.8. Executing DEMINOUT pass (demote inout ports to input or output).

3.9. Executing OPT_EXPR pass (perform const folding).
Optimizing module axi_b_response_router.

3.10. Executing CHECK pass (checking for obvious problems).
Checking module axi_b_response_router...
Found and reported 0 problems.

3.11. Executing OPT_CLEAN pass (remove unused cells and wires).
Finding unused cells or wires in module \axi_b_response_router..
Removed 219 unused cells and 1578 unused wires.
<suppressed ~221 debug messages>

3.12. Executing OPT pass (performing simple optimizations).

3.12.1. Executing OPT_EXPR pass (perform const folding).
Optimizing module axi_b_response_router.

3.12.2. Executing OPT_MERGE pass (detect identical cells).
Finding identical cells in module `\axi_b_response_router'.
Computing hashes of 1302 cells of `\axi_b_response_router'.
Finding duplicate cells in `\axi_b_response_router'.
Computing hashes of 930 cells of `\axi_b_response_router'.
Finding duplicate cells in `\axi_b_response_router'.
Computing hashes of 927 cells of `\axi_b_response_router'.
Finding duplicate cells in `\axi_b_response_router'.
<suppressed ~1125 debug messages>
Removed a total of 375 cells.

3.12.3. Executing OPT_MUXTREE pass (detect dead branches in mux trees).
Running muxtree optimizer on module \axi_b_response_router..
  Creating internal representation of mux trees.
  Evaluating internal representation of mux trees.
      Replacing known input bits on port A of cell $flatten\gen_b_arbiter[0].u_rr.$procmux$1826: \gen_b_arbiter[0].u_rr.grant_valid_q -> 1'1
      Replacing known input bits on port A of cell $flatten\gen_b_arbiter[1].u_rr.$procmux$1826: \gen_b_arbiter[1].u_rr.grant_valid_q -> 1'1
      Replacing known input bits on port A of cell $flatten\gen_b_arbiter[2].u_rr.$procmux$1826: \gen_b_arbiter[2].u_rr.grant_valid_q -> 1'1
  Analyzing evaluation results.
    dead port 1/2 on $mux $flatten\gen_b_arbiter[2].u_rr.$procmux$2218.
    dead port 1/2 on $mux $flatten\gen_b_arbiter[2].u_rr.$procmux$2215.
    dead port 2/2 on $mux $flatten\gen_b_arbiter[0].u_rr.$procmux$1803.
    dead port 2/2 on $mux $flatten\gen_b_arbiter[0].u_rr.$procmux$1805.
    dead port 2/2 on $mux $flatten\gen_b_arbiter[1].u_rr.$procmux$1858.
    dead port 1/2 on $mux $flatten\gen_b_arbiter[2].u_rr.$procmux$2244.
    dead port 2/2 on $mux $flatten\gen_b_arbiter[0].u_rr.$procmux$1814.
    dead port 2/2 on $mux $flatten\gen_b_arbiter[0].u_rr.$procmux$1816.
    dead port 2/2 on $mux $flatten\gen_b_arbiter[0].u_rr.$procmux$1822.
    dead port 2/2 on $mux $flatten\gen_b_arbiter[0].u_rr.$procmux$1828.
    dead port 2/2 on $mux $flatten\gen_b_arbiter[0].u_rr.$procmux$1834.
    dead port 2/2 on $mux $flatten\gen_b_arbiter[0].u_rr.$procmux$1840.
    dead port 2/2 on $mux $flatten\gen_b_arbiter[2].u_rr.$procmux$2204.
    dead port 1/2 on $mux $flatten\gen_b_arbiter[2].u_rr.$procmux$2241.
    dead port 1/2 on $mux $flatten\gen_b_arbiter[2].u_rr.$procmux$2202.
    dead port 2/2 on $mux $flatten\gen_b_arbiter[0].u_rr.$procmux$1858.
    dead port 1/2 on $mux $flatten\gen_b_arbiter[2].u_rr.$procmux$2199.
    dead port 1/2 on $mux $flatten\gen_b_arbiter[2].u_rr.$procmux$2196.
    dead port 2/2 on $mux $flatten\gen_b_arbiter[2].u_rr.$procmux$2189.
    dead port 1/2 on $mux $flatten\gen_b_arbiter[2].u_rr.$procmux$2187.
    dead port 1/2 on $mux $flatten\gen_b_arbiter[2].u_rr.$procmux$2184.
    dead port 1/2 on $mux $flatten\gen_b_arbiter[2].u_rr.$procmux$2181.
    dead port 1/2 on $mux $flatten\gen_b_arbiter[0].u_rr.$procmux$1903.
    dead port 1/2 on $mux $flatten\gen_b_arbiter[0].u_rr.$procmux$1906.
    dead port 1/2 on $mux $flatten\gen_b_arbiter[0].u_rr.$procmux$1909.
    dead port 1/4 on $pmux $flatten\gen_b_arbiter[0].u_rr.$procmux$1912.
    dead port 2/4 on $pmux $flatten\gen_b_arbiter[0].u_rr.$procmux$1912.
    dead port 3/4 on $pmux $flatten\gen_b_arbiter[0].u_rr.$procmux$1912.
    dead port 1/2 on $mux $flatten\gen_b_arbiter[0].u_rr.$procmux$1920.
    dead port 1/2 on $mux $flatten\gen_b_arbiter[0].u_rr.$procmux$1923.
    dead port 1/2 on $mux $flatten\gen_b_arbiter[0].u_rr.$procmux$1926.
    dead port 2/2 on $mux $flatten\gen_b_arbiter[2].u_rr.$procmux$2233.
    dead port 1/4 on $pmux $flatten\gen_b_arbiter[0].u_rr.$procmux$1929.
    dead port 2/4 on $pmux $flatten\gen_b_arbiter[0].u_rr.$procmux$1929.
    dead port 3/4 on $pmux $flatten\gen_b_arbiter[0].u_rr.$procmux$1929.
    dead port 1/2 on $mux $flatten\gen_b_arbiter[2].u_rr.$procmux$2370.
    dead port 1/2 on $mux $flatten\gen_b_arbiter[2].u_rr.$procmux$2231.
    dead port 1/2 on $mux $flatten\gen_b_arbiter[0].u_rr.$procmux$1937.
    dead port 1/2 on $mux $flatten\gen_b_arbiter[0].u_rr.$procmux$1940.
    dead port 1/2 on $mux $flatten\gen_b_arbiter[0].u_rr.$procmux$1943.
    dead port 1/2 on $mux $flatten\gen_b_arbiter[2].u_rr.$procmux$2228.
    dead port 1/4 on $pmux $flatten\gen_b_arbiter[0].u_rr.$procmux$1946.
    dead port 2/4 on $pmux $flatten\gen_b_arbiter[0].u_rr.$procmux$1946.
    dead port 3/4 on $pmux $flatten\gen_b_arbiter[0].u_rr.$procmux$1946.
    dead port 1/2 on $mux $flatten\gen_b_arbiter[0].u_rr.$procmux$1954.
    dead port 1/2 on $mux $flatten\gen_b_arbiter[0].u_rr.$procmux$1957.
    dead port 1/4 on $pmux $flatten\gen_b_arbiter[0].u_rr.$procmux$1960.
    dead port 2/4 on $pmux $flatten\gen_b_arbiter[0].u_rr.$procmux$1960.
    dead port 3/4 on $pmux $flatten\gen_b_arbiter[0].u_rr.$procmux$1960.
    dead port 1/2 on $mux $flatten\gen_b_arbiter[0].u_rr.$procmux$1968.
    dead port 1/2 on $mux $flatten\gen_b_arbiter[0].u_rr.$procmux$1971.
    dead port 1/4 on $pmux $flatten\gen_b_arbiter[0].u_rr.$procmux$1974.
    dead port 2/4 on $pmux $flatten\gen_b_arbiter[0].u_rr.$procmux$1974.
    dead port 3/4 on $pmux $flatten\gen_b_arbiter[0].u_rr.$procmux$1974.
    dead port 1/2 on $mux $flatten\gen_b_arbiter[1].u_rr.$procmux$1903.
    dead port 1/2 on $mux $flatten\gen_b_arbiter[0].u_rr.$procmux$1982.
    dead port 1/2 on $mux $flatten\gen_b_arbiter[0].u_rr.$procmux$1985.
    dead port 1/2 on $mux $flatten\gen_b_arbiter[1].u_rr.$procmux$1906.
    dead port 1/4 on $pmux $flatten\gen_b_arbiter[0].u_rr.$procmux$1988.
    dead port 2/4 on $pmux $flatten\gen_b_arbiter[0].u_rr.$procmux$1988.
    dead port 3/4 on $pmux $flatten\gen_b_arbiter[0].u_rr.$procmux$1988.
    dead port 1/2 on $mux $flatten\gen_b_arbiter[1].u_rr.$procmux$1909.
    dead port 1/2 on $mux $flatten\gen_b_arbiter[0].u_rr.$procmux$1996.
    dead port 1/4 on $pmux $flatten\gen_b_arbiter[1].u_rr.$procmux$1912.
    dead port 2/4 on $pmux $flatten\gen_b_arbiter[1].u_rr.$procmux$1912.
    dead port 3/4 on $pmux $flatten\gen_b_arbiter[1].u_rr.$procmux$1912.
    dead port 1/4 on $pmux $flatten\gen_b_arbiter[0].u_rr.$procmux$1999.
    dead port 2/4 on $pmux $flatten\gen_b_arbiter[0].u_rr.$procmux$1999.
    dead port 3/4 on $pmux $flatten\gen_b_arbiter[0].u_rr.$procmux$1999.
    dead port 1/2 on $mux $flatten\gen_b_arbiter[0].u_rr.$procmux$2007.
    dead port 1/4 on $pmux $flatten\gen_b_arbiter[0].u_rr.$procmux$2010.
    dead port 2/4 on $pmux $flatten\gen_b_arbiter[0].u_rr.$procmux$2010.
    dead port 3/4 on $pmux $flatten\gen_b_arbiter[0].u_rr.$procmux$2010.
    dead port 1/2 on $mux $flatten\gen_b_arbiter[1].u_rr.$procmux$1920.
    dead port 1/2 on $mux $flatten\gen_b_arbiter[1].u_rr.$procmux$1923.
    dead port 1/2 on $mux $flatten\gen_b_arbiter[0].u_rr.$procmux$2018.
    dead port 1/2 on $mux $flatten\gen_b_arbiter[1].u_rr.$procmux$1926.
    dead port 1/4 on $pmux $flatten\gen_b_arbiter[0].u_rr.$procmux$2021.
    dead port 2/4 on $pmux $flatten\gen_b_arbiter[0].u_rr.$procmux$2021.
    dead port 3/4 on $pmux $flatten\gen_b_arbiter[0].u_rr.$procmux$2021.
    dead port 1/2 on $mux $flatten\gen_b_arbiter[2].u_rr.$procmux$2373.
    dead port 1/4 on $pmux $flatten\gen_b_arbiter[1].u_rr.$procmux$1929.
    dead port 2/4 on $pmux $flatten\gen_b_arbiter[1].u_rr.$procmux$1929.
    dead port 3/4 on $pmux $flatten\gen_b_arbiter[1].u_rr.$procmux$1929.
    dead port 1/4 on $pmux $flatten\gen_b_arbiter[0].u_rr.$procmux$2029.
    dead port 2/4 on $pmux $flatten\gen_b_arbiter[0].u_rr.$procmux$2029.
    dead port 3/4 on $pmux $flatten\gen_b_arbiter[0].u_rr.$procmux$2029.
    dead port 2/2 on $mux $flatten\gen_b_arbiter[2].u_rr.$procmux$2375.
    dead port 1/2 on $mux $flatten\gen_b_arbiter[1].u_rr.$procmux$1937.
    dead port 1/4 on $pmux $flatten\gen_b_arbiter[0].u_rr.$procmux$2037.
    dead port 2/4 on $pmux $flatten\gen_b_arbiter[0].u_rr.$procmux$2037.
    dead port 3/4 on $pmux $flatten\gen_b_arbiter[0].u_rr.$procmux$2037.
    dead port 1/2 on $mux $flatten\gen_b_arbiter[1].u_rr.$procmux$1940.
    dead port 1/2 on $mux $flatten\gen_b_arbiter[1].u_rr.$procmux$1943.
    dead port 1/4 on $pmux $flatten\gen_b_arbiter[0].u_rr.$procmux$2045.
    dead port 2/4 on $pmux $flatten\gen_b_arbiter[0].u_rr.$procmux$2045.
    dead port 3/4 on $pmux $flatten\gen_b_arbiter[0].u_rr.$procmux$2045.
    dead port 1/4 on $pmux $flatten\gen_b_arbiter[1].u_rr.$procmux$1946.
    dead port 2/4 on $pmux $flatten\gen_b_arbiter[1].u_rr.$procmux$1946.
    dead port 3/4 on $pmux $flatten\gen_b_arbiter[1].u_rr.$procmux$1946.
    dead port 1/2 on $mux $flatten\gen_b_arbiter[2].u_rr.$procmux$2384.
    dead port 1/2 on $mux $flatten\gen_b_arbiter[0].u_rr.$procmux$2054.
    dead port 1/2 on $mux $flatten\gen_b_arbiter[0].u_rr.$procmux$2057.
    dead port 1/2 on $mux $flatten\gen_b_arbiter[0].u_rr.$procmux$2060.
    dead port 1/2 on $mux $flatten\gen_b_arbiter[2].u_rr.$procmux$2387.
    dead port 2/2 on $mux $flatten\gen_b_arbiter[0].u_rr.$procmux$2062.
    dead port 1/2 on $mux $flatten\gen_b_arbiter[0].u_rr.$procmux$2069.
    dead port 1/2 on $mux $flatten\gen_b_arbiter[0].u_rr.$procmux$2072.
    dead port 1/2 on $mux $flatten\gen_b_arbiter[0].u_rr.$procmux$2075.
    dead port 2/2 on $mux $flatten\gen_b_arbiter[0].u_rr.$procmux$2077.
    dead port 1/2 on $mux $flatten\gen_b_arbiter[0].u_rr.$procmux$2084.
    dead port 1/2 on $mux $flatten\gen_b_arbiter[0].u_rr.$procmux$2087.
    dead port 1/2 on $mux $flatten\gen_b_arbiter[0].u_rr.$procmux$2090.
    dead port 1/2 on $mux $flatten\gen_b_arbiter[1].u_rr.$procmux$1954.
    dead port 2/2 on $mux $flatten\gen_b_arbiter[0].u_rr.$procmux$2092.
    dead port 1/2 on $mux $flatten\gen_b_arbiter[0].u_rr.$procmux$2099.
    dead port 1/2 on $mux $flatten\gen_b_arbiter[0].u_rr.$procmux$2102.
    dead port 1/2 on $mux $flatten\gen_b_arbiter[1].u_rr.$procmux$1957.
    dead port 2/2 on $mux $flatten\gen_b_arbiter[0].u_rr.$procmux$2104.
    dead port 1/2 on $mux $flatten\gen_b_arbiter[0].u_rr.$procmux$2111.
    dead port 1/2 on $mux $flatten\gen_b_arbiter[0].u_rr.$procmux$2114.
    dead port 2/2 on $mux $flatten\gen_b_arbiter[0].u_rr.$procmux$2116.
    dead port 1/2 on $mux $flatten\gen_b_arbiter[0].u_rr.$procmux$2123.
    dead port 1/2 on $mux $flatten\gen_b_arbiter[0].u_rr.$procmux$2126.
    dead port 1/4 on $pmux $flatten\gen_b_arbiter[1].u_rr.$procmux$1960.
    dead port 2/4 on $pmux $flatten\gen_b_arbiter[1].u_rr.$procmux$1960.
    dead port 3/4 on $pmux $flatten\gen_b_arbiter[1].u_rr.$procmux$1960.
    dead port 2/2 on $mux $flatten\gen_b_arbiter[0].u_rr.$procmux$2128.
    dead port 1/2 on $mux $flatten\gen_b_arbiter[0].u_rr.$procmux$2135.
    dead port 2/2 on $mux $flatten\gen_b_arbiter[2].u_rr.$procmux$2389.
    dead port 2/2 on $mux $flatten\gen_b_arbiter[0].u_rr.$procmux$2137.
    dead port 1/2 on $mux $flatten\gen_b_arbiter[0].u_rr.$procmux$2144.
    dead port 2/2 on $mux $flatten\gen_b_arbiter[0].u_rr.$procmux$2146.
    dead port 1/2 on $mux $flatten\gen_b_arbiter[0].u_rr.$procmux$2153.
    dead port 2/2 on $mux $flatten\gen_b_arbiter[0].u_rr.$procmux$2155.
    dead port 1/2 on $mux $flatten\gen_b_arbiter[1].u_rr.$procmux$1968.
    dead port 2/2 on $mux $flatten\gen_b_arbiter[0].u_rr.$procmux$2161.
    dead port 1/2 on $mux $flatten\gen_b_arbiter[1].u_rr.$procmux$1971.
    dead port 2/2 on $mux $flatten\gen_b_arbiter[0].u_rr.$procmux$2167.
    dead port 1/2 on $mux $flatten\gen_b_arbiter[2].u_rr.$procmux$2398.
    dead port 2/2 on $mux $flatten\gen_b_arbiter[0].u_rr.$procmux$2173.
    dead port 1/2 on $mux $flatten\gen_b_arbiter[0].u_rr.$procmux$2181.
    dead port 1/2 on $mux $flatten\gen_b_arbiter[0].u_rr.$procmux$2184.
    dead port 1/2 on $mux $flatten\gen_b_arbiter[0].u_rr.$procmux$2187.
    dead port 1/4 on $pmux $flatten\gen_b_arbiter[1].u_rr.$procmux$1974.
    dead port 2/4 on $pmux $flatten\gen_b_arbiter[1].u_rr.$procmux$1974.
    dead port 3/4 on $pmux $flatten\gen_b_arbiter[1].u_rr.$procmux$1974.
    dead port 2/2 on $mux $flatten\gen_b_arbiter[0].u_rr.$procmux$2189.
    dead port 1/2 on $mux $flatten\gen_b_arbiter[0].u_rr.$procmux$2196.
    dead port 1/2 on $mux $flatten\gen_b_arbiter[0].u_rr.$procmux$2199.
    dead port 1/2 on $mux $flatten\gen_b_arbiter[0].u_rr.$procmux$2202.
    dead port 1/2 on $mux $flatten\gen_b_arbiter[2].u_rr.$procmux$2401.
    dead port 2/2 on $mux $flatten\gen_b_arbiter[0].u_rr.$procmux$2204.
    dead port 1/2 on $mux $flatten\gen_b_arbiter[0].u_rr.$procmux$2212.
    dead port 1/2 on $mux $flatten\gen_b_arbiter[0].u_rr.$procmux$2215.
    dead port 1/2 on $mux $flatten\gen_b_arbiter[0].u_rr.$procmux$2218.
    dead port 2/2 on $mux $flatten\gen_b_arbiter[2].u_rr.$procmux$2310.
    dead port 2/2 on $mux $flatten\gen_b_arbiter[0].u_rr.$procmux$2220.
    dead port 1/2 on $mux $flatten\gen_b_arbiter[0].u_rr.$procmux$2228.
    dead port 1/2 on $mux $flatten\gen_b_arbiter[0].u_rr.$procmux$2231.
    dead port 2/2 on $mux $flatten\gen_b_arbiter[0].u_rr.$procmux$2233.
    dead port 1/2 on $mux $flatten\gen_b_arbiter[0].u_rr.$procmux$2241.
    dead port 1/2 on $mux $flatten\gen_b_arbiter[0].u_rr.$procmux$2244.
    dead port 1/2 on $mux $flatten\gen_b_arbiter[1].u_rr.$procmux$1982.
    dead port 2/2 on $mux $flatten\gen_b_arbiter[0].u_rr.$procmux$2246.
    dead port 1/2 on $mux $flatten\gen_b_arbiter[0].u_rr.$procmux$2254.
    dead port 1/2 on $mux $flatten\gen_b_arbiter[0].u_rr.$procmux$2257.
    dead port 1/2 on $mux $flatten\gen_b_arbiter[1].u_rr.$procmux$1985.
    dead port 2/2 on $mux $flatten\gen_b_arbiter[0].u_rr.$procmux$2259.
    dead port 1/2 on $mux $flatten\gen_b_arbiter[0].u_rr.$procmux$2267.
    dead port 2/2 on $mux $flatten\gen_b_arbiter[2].u_rr.$procmux$2403.
    dead port 2/2 on $mux $flatten\gen_b_arbiter[0].u_rr.$procmux$2269.
    dead port 1/2 on $mux $flatten\gen_b_arbiter[0].u_rr.$procmux$2277.
    dead port 1/4 on $pmux $flatten\gen_b_arbiter[1].u_rr.$procmux$1988.
    dead port 2/4 on $pmux $flatten\gen_b_arbiter[1].u_rr.$procmux$1988.
    dead port 3/4 on $pmux $flatten\gen_b_arbiter[1].u_rr.$procmux$1988.
    dead port 2/2 on $mux $flatten\gen_b_arbiter[0].u_rr.$procmux$2279.
    dead port 1/2 on $mux $flatten\gen_b_arbiter[0].u_rr.$procmux$2287.
    dead port 2/2 on $mux $flatten\gen_b_arbiter[0].u_rr.$procmux$2289.
    dead port 1/2 on $mux $flatten\gen_b_arbiter[2].u_rr.$procmux$2412.
    dead port 2/2 on $mux $flatten\gen_b_arbiter[0].u_rr.$procmux$2296.
    dead port 2/2 on $mux $flatten\gen_b_arbiter[0].u_rr.$procmux$2303.
    dead port 1/2 on $mux $flatten\gen_b_arbiter[1].u_rr.$procmux$1996.
    dead port 2/2 on $mux $flatten\gen_b_arbiter[0].u_rr.$procmux$2310.
    dead port 1/2 on $mux $flatten\gen_b_arbiter[0].u_rr.$procmux$2319.
    dead port 1/2 on $mux $flatten\gen_b_arbiter[0].u_rr.$procmux$2322.
    dead port 1/2 on $mux $flatten\gen_b_arbiter[0].u_rr.$procmux$2325.
    dead port 2/2 on $mux $flatten\gen_b_arbiter[0].u_rr.$procmux$2327.
    dead port 1/2 on $mux $flatten\gen_b_arbiter[0].u_rr.$procmux$2336.
    dead port 1/2 on $mux $flatten\gen_b_arbiter[0].u_rr.$procmux$2339.
    dead port 1/2 on $mux $flatten\gen_b_arbiter[0].u_rr.$procmux$2342.
    dead port 1/4 on $pmux $flatten\gen_b_arbiter[1].u_rr.$procmux$1999.
    dead port 2/4 on $pmux $flatten\gen_b_arbiter[1].u_rr.$procmux$1999.
    dead port 3/4 on $pmux $flatten\gen_b_arbiter[1].u_rr.$procmux$1999.
    dead port 2/2 on $mux $flatten\gen_b_arbiter[0].u_rr.$procmux$2344.
    dead port 1/2 on $mux $flatten\gen_b_arbiter[0].u_rr.$procmux$2353.
    dead port 1/2 on $mux $flatten\gen_b_arbiter[0].u_rr.$procmux$2356.
    dead port 1/2 on $mux $flatten\gen_b_arbiter[0].u_rr.$procmux$2359.
    dead port 2/2 on $mux $flatten\gen_b_arbiter[2].u_rr.$procmux$2414.
    dead port 2/2 on $mux $flatten\gen_b_arbiter[0].u_rr.$procmux$2361.
    dead port 1/2 on $mux $flatten\gen_b_arbiter[0].u_rr.$procmux$2370.
    dead port 1/2 on $mux $flatten\gen_b_arbiter[0].u_rr.$procmux$2373.
    dead port 2/2 on $mux $flatten\gen_b_arbiter[0].u_rr.$procmux$2375.
    dead port 1/2 on $mux $flatten\gen_b_arbiter[0].u_rr.$procmux$2384.
    dead port 1/2 on $mux $flatten\gen_b_arbiter[0].u_rr.$procmux$2387.
    dead port 2/2 on $mux $flatten\gen_b_arbiter[0].u_rr.$procmux$2389.
    dead port 1/2 on $mux $flatten\gen_b_arbiter[0].u_rr.$procmux$2398.
    dead port 1/2 on $mux $flatten\gen_b_arbiter[0].u_rr.$procmux$2401.
    dead port 1/2 on $mux $flatten\gen_b_arbiter[1].u_rr.$procmux$2007.
    dead port 2/2 on $mux $flatten\gen_b_arbiter[0].u_rr.$procmux$2403.
    dead port 1/2 on $mux $flatten\gen_b_arbiter[0].u_rr.$procmux$2412.
    dead port 1/2 on $mux $flatten\gen_b_arbiter[2].u_rr.$procmux$2423.
    dead port 2/2 on $mux $flatten\gen_b_arbiter[0].u_rr.$procmux$2414.
    dead port 1/2 on $mux $flatten\gen_b_arbiter[0].u_rr.$procmux$2423.
    dead port 1/4 on $pmux $flatten\gen_b_arbiter[1].u_rr.$procmux$2010.
    dead port 2/4 on $pmux $flatten\gen_b_arbiter[1].u_rr.$procmux$2010.
    dead port 3/4 on $pmux $flatten\gen_b_arbiter[1].u_rr.$procmux$2010.
    dead port 2/2 on $mux $flatten\gen_b_arbiter[0].u_rr.$procmux$2425.
    dead port 1/2 on $mux $flatten\gen_b_arbiter[0].u_rr.$procmux$2434.
    dead port 1/2 on $mux $flatten\gen_b_arbiter[2].u_rr.$procmux$2319.
    dead port 2/2 on $mux $flatten\gen_b_arbiter[0].u_rr.$procmux$2436.
    dead port 2/2 on $mux $flatten\gen_b_arbiter[2].u_rr.$procmux$2425.
    dead port 2/2 on $mux $flatten\gen_b_arbiter[0].u_rr.$procmux$2444.
    dead port 2/2 on $mux $flatten\gen_b_arbiter[0].u_rr.$procmux$2452.
    dead port 1/2 on $mux $flatten\gen_b_arbiter[1].u_rr.$procmux$2018.
    dead port 2/2 on $mux $flatten\gen_b_arbiter[0].u_rr.$procmux$2460.
    dead port 1/4 on $pmux $flatten\gen_b_arbiter[1].u_rr.$procmux$2021.
    dead port 2/4 on $pmux $flatten\gen_b_arbiter[1].u_rr.$procmux$2021.
    dead port 3/4 on $pmux $flatten\gen_b_arbiter[1].u_rr.$procmux$2021.
    dead port 1/2 on $mux $flatten\gen_b_arbiter[2].u_rr.$procmux$2434.
    dead port 1/2 on $mux $flatten\gen_b_arbiter[2].u_rr.$procmux$2322.
    dead port 2/2 on $mux $flatten\gen_b_arbiter[2].u_rr.$procmux$2436.
    dead port 1/4 on $pmux $flatten\gen_b_arbiter[1].u_rr.$procmux$2029.
    dead port 2/4 on $pmux $flatten\gen_b_arbiter[1].u_rr.$procmux$2029.
    dead port 3/4 on $pmux $flatten\gen_b_arbiter[1].u_rr.$procmux$2029.
    dead port 1/2 on $mux $flatten\gen_b_arbiter[2].u_rr.$procmux$2325.
    dead port 2/2 on $mux $flatten\gen_b_arbiter[2].u_rr.$procmux$2173.
    dead port 2/2 on $mux $flatten\gen_b_arbiter[2].u_rr.$procmux$2167.
    dead port 2/2 on $mux $flatten\gen_b_arbiter[2].u_rr.$procmux$2146.
    dead port 2/2 on $mux $flatten\gen_b_arbiter[2].u_rr.$procmux$2444.
    dead port 2/2 on $mux $procmux$1743.
    dead port 2/2 on $mux $procmux$1735.
    dead port 1/4 on $pmux $flatten\gen_b_arbiter[1].u_rr.$procmux$2037.
    dead port 2/4 on $pmux $flatten\gen_b_arbiter[1].u_rr.$procmux$2037.
    dead port 3/4 on $pmux $flatten\gen_b_arbiter[1].u_rr.$procmux$2037.
    dead port 2/2 on $mux $procmux$1728.
    dead port 1/2 on $mux $flatten\gen_b_arbiter[2].u_rr.$procmux$2144.
    dead port 2/2 on $mux $flatten\gen_b_arbiter[2].u_rr.$procmux$2137.
    dead port 1/2 on $mux $flatten\gen_b_arbiter[2].u_rr.$procmux$2135.
    dead port 2/2 on $mux $flatten\gen_b_arbiter[2].u_rr.$procmux$2128.
    dead port 1/2 on $mux $flatten\gen_b_arbiter[2].u_rr.$procmux$2126.
    dead port 1/2 on $mux $flatten\gen_b_arbiter[2].u_rr.$procmux$2123.
    dead port 2/2 on $mux $flatten\gen_b_arbiter[2].u_rr.$procmux$2116.
    dead port 2/2 on $mux $flatten\gen_b_arbiter[2].u_rr.$procmux$2452.
    dead port 1/2 on $mux $flatten\gen_b_arbiter[2].u_rr.$procmux$2114.
    dead port 1/2 on $mux $flatten\gen_b_arbiter[2].u_rr.$procmux$2111.
    dead port 2/2 on $mux $flatten\gen_b_arbiter[2].u_rr.$procmux$2104.
    dead port 1/4 on $pmux $flatten\gen_b_arbiter[1].u_rr.$procmux$2045.
    dead port 2/4 on $pmux $flatten\gen_b_arbiter[1].u_rr.$procmux$2045.
    dead port 3/4 on $pmux $flatten\gen_b_arbiter[1].u_rr.$procmux$2045.
    dead port 1/2 on $mux $flatten\gen_b_arbiter[2].u_rr.$procmux$2102.
    dead port 1/2 on $mux $flatten\gen_b_arbiter[2].u_rr.$procmux$2099.
    dead port 2/2 on $mux $flatten\gen_b_arbiter[2].u_rr.$procmux$2092.
    dead port 1/2 on $mux $flatten\gen_b_arbiter[2].u_rr.$procmux$2090.
    dead port 1/2 on $mux $flatten\gen_b_arbiter[2].u_rr.$procmux$2087.
    dead port 1/2 on $mux $flatten\gen_b_arbiter[2].u_rr.$procmux$2084.
    dead port 2/2 on $mux $procmux$1659.
    dead port 2/2 on $mux $flatten\gen_b_arbiter[2].u_rr.$procmux$2327.
    dead port 1/2 on $mux $flatten\gen_b_arbiter[1].u_rr.$procmux$2054.
    dead port 2/2 on $mux $procmux$1651.
    dead port 1/2 on $mux $flatten\gen_b_arbiter[1].u_rr.$procmux$2057.
    dead port 2/2 on $mux $procmux$1643.
    dead port 1/2 on $mux $flatten\gen_b_arbiter[1].u_rr.$procmux$2060.
    dead port 2/2 on $mux $flatten\gen_b_arbiter[2].u_rr.$procmux$2460.
    dead port 2/2 on $mux $flatten\gen_b_arbiter[1].u_rr.$procmux$2062.
    dead port 1/2 on $mux $flatten\gen_b_arbiter[1].u_rr.$procmux$2069.
    dead port 2/2 on $mux $procmux$1619.
    dead port 2/2 on $mux $procmux$1617.
    dead port 1/2 on $mux $flatten\gen_b_arbiter[1].u_rr.$procmux$2072.
    dead port 2/2 on $mux $procmux$1608.
    dead port 2/2 on $mux $procmux$1606.
    dead port 1/2 on $mux $flatten\gen_b_arbiter[1].u_rr.$procmux$2075.
    dead port 2/2 on $mux $procmux$1597.
    dead port 2/2 on $mux $procmux$1595.
    dead port 2/2 on $mux $flatten\gen_b_arbiter[1].u_rr.$procmux$2077.
    dead port 2/2 on $mux $procmux$1572.
    dead port 2/2 on $mux $procmux$1570.
    dead port 1/2 on $mux $flatten\gen_b_arbiter[1].u_rr.$procmux$2084.
    dead port 2/2 on $mux $procmux$1562.
    dead port 2/2 on $mux $procmux$1560.
    dead port 1/2 on $mux $flatten\gen_b_arbiter[1].u_rr.$procmux$2087.
    dead port 2/2 on $mux $procmux$1552.
    dead port 2/2 on $mux $procmux$1550.
    dead port 1/2 on $mux $flatten\gen_b_arbiter[1].u_rr.$procmux$2090.
    dead port 2/2 on $mux $flatten\gen_b_arbiter[1].u_rr.$procmux$2092.
    dead port 2/2 on $mux $procmux$1530.
    dead port 2/2 on $mux $procmux$1528.
    dead port 2/2 on $mux $procmux$1521.
    dead port 2/2 on $mux $procmux$1519.
    dead port 1/2 on $mux $flatten\gen_b_arbiter[1].u_rr.$procmux$2099.
    dead port 2/2 on $mux $procmux$1512.
    dead port 2/2 on $mux $procmux$1510.
    dead port 1/2 on $mux $flatten\gen_b_arbiter[1].u_rr.$procmux$2102.
    dead port 2/2 on $mux $flatten\gen_b_arbiter[2].u_rr.$procmux$2077.
    dead port 1/2 on $mux $flatten\gen_b_arbiter[2].u_rr.$procmux$2075.
    dead port 1/2 on $mux $flatten\gen_b_arbiter[2].u_rr.$procmux$2072.
    dead port 1/2 on $mux $flatten\gen_b_arbiter[2].u_rr.$procmux$2069.
    dead port 2/2 on $mux $flatten\gen_b_arbiter[2].u_rr.$procmux$2062.
    dead port 2/2 on $mux $flatten\gen_b_arbiter[1].u_rr.$procmux$2104.
    dead port 1/2 on $mux $flatten\gen_b_arbiter[2].u_rr.$procmux$2060.
    dead port 1/2 on $mux $flatten\gen_b_arbiter[2].u_rr.$procmux$2057.
    dead port 2/2 on $mux $procmux$1452.
    dead port 2/2 on $mux $procmux$1444.
    dead port 2/2 on $mux $procmux$1437.
    dead port 1/2 on $mux $flatten\gen_b_arbiter[1].u_rr.$procmux$2111.
    dead port 1/2 on $mux $flatten\gen_b_arbiter[2].u_rr.$procmux$2054.
    dead port 1/2 on $mux $flatten\gen_b_arbiter[1].u_rr.$procmux$2114.
    dead port 1/2 on $mux $flatten\gen_b_arbiter[2].u_rr.$procmux$2336.
    dead port 1/4 on $pmux $flatten\gen_b_arbiter[2].u_rr.$procmux$2045.
    dead port 2/4 on $pmux $flatten\gen_b_arbiter[2].u_rr.$procmux$2045.
    dead port 3/4 on $pmux $flatten\gen_b_arbiter[2].u_rr.$procmux$2045.
    dead port 2/2 on $mux $flatten\gen_b_arbiter[1].u_rr.$procmux$2116.
    dead port 1/2 on $mux $flatten\gen_b_arbiter[1].u_rr.$procmux$2123.
    dead port 1/4 on $pmux $flatten\gen_b_arbiter[2].u_rr.$procmux$2037.
    dead port 2/4 on $pmux $flatten\gen_b_arbiter[2].u_rr.$procmux$2037.
    dead port 3/4 on $pmux $flatten\gen_b_arbiter[2].u_rr.$procmux$2037.
    dead port 1/2 on $mux $flatten\gen_b_arbiter[1].u_rr.$procmux$2126.
    dead port 1/2 on $mux $flatten\gen_b_arbiter[2].u_rr.$procmux$2339.
    dead port 2/2 on $mux $flatten\gen_b_arbiter[1].u_rr.$procmux$2128.
    dead port 1/4 on $pmux $flatten\gen_b_arbiter[2].u_rr.$procmux$2029.
    dead port 2/4 on $pmux $flatten\gen_b_arbiter[2].u_rr.$procmux$2029.
    dead port 3/4 on $pmux $flatten\gen_b_arbiter[2].u_rr.$procmux$2029.
    dead port 1/2 on $mux $flatten\gen_b_arbiter[1].u_rr.$procmux$2135.
    dead port 1/4 on $pmux $flatten\gen_b_arbiter[2].u_rr.$procmux$2021.
    dead port 2/4 on $pmux $flatten\gen_b_arbiter[2].u_rr.$procmux$2021.
    dead port 3/4 on $pmux $flatten\gen_b_arbiter[2].u_rr.$procmux$2021.
    dead port 2/2 on $mux $flatten\gen_b_arbiter[1].u_rr.$procmux$2137.
    dead port 1/2 on $mux $flatten\gen_b_arbiter[2].u_rr.$procmux$2018.
    dead port 1/2 on $mux $flatten\gen_b_arbiter[1].u_rr.$procmux$2144.
    dead port 1/4 on $pmux $flatten\gen_b_arbiter[2].u_rr.$procmux$2010.
    dead port 2/4 on $pmux $flatten\gen_b_arbiter[2].u_rr.$procmux$2010.
    dead port 3/4 on $pmux $flatten\gen_b_arbiter[2].u_rr.$procmux$2010.
    dead port 1/2 on $mux $flatten\gen_b_arbiter[2].u_rr.$procmux$2342.
    dead port 2/2 on $mux $procmux$1368.
    dead port 2/2 on $mux $flatten\gen_b_arbiter[1].u_rr.$procmux$2146.
    dead port 1/2 on $mux $flatten\gen_b_arbiter[1].u_rr.$procmux$2153.
    dead port 2/2 on $mux $procmux$1360.
    dead port 2/2 on $mux $procmux$1352.
    dead port 2/2 on $mux $flatten\gen_b_arbiter[1].u_rr.$procmux$2155.
    dead port 2/2 on $mux $flatten\gen_b_arbiter[2].u_rr.$procmux$2344.
    dead port 2/2 on $mux $flatten\gen_b_arbiter[1].u_rr.$procmux$2161.
    dead port 2/2 on $mux $procmux$1328.
    dead port 2/2 on $mux $procmux$1326.
    dead port 2/2 on $mux $procmux$1317.
    dead port 2/2 on $mux $procmux$1315.
    dead port 2/2 on $mux $flatten\gen_b_arbiter[1].u_rr.$procmux$2167.
    dead port 2/2 on $mux $procmux$1306.
    dead port 2/2 on $mux $procmux$1304.
    dead port 2/2 on $mux $flatten\gen_b_arbiter[1].u_rr.$procmux$2173.
    dead port 2/2 on $mux $procmux$1281.
    dead port 2/2 on $mux $procmux$1279.
    dead port 2/2 on $mux $procmux$1271.
    dead port 2/2 on $mux $procmux$1269.
    dead port 1/2 on $mux $flatten\gen_b_arbiter[1].u_rr.$procmux$2181.
    dead port 2/2 on $mux $procmux$1261.
    dead port 2/2 on $mux $procmux$1259.
    dead port 1/2 on $mux $flatten\gen_b_arbiter[1].u_rr.$procmux$2184.
    dead port 1/2 on $mux $flatten\gen_b_arbiter[1].u_rr.$procmux$2187.
    dead port 1/2 on $mux $flatten\gen_b_arbiter[2].u_rr.$procmux$2353.
    dead port 2/2 on $mux $procmux$1239.
    dead port 2/2 on $mux $procmux$1237.
    dead port 2/2 on $mux $flatten\gen_b_arbiter[1].u_rr.$procmux$2189.
    dead port 2/2 on $mux $procmux$1230.
    dead port 2/2 on $mux $procmux$1228.
    dead port 1/2 on $mux $flatten\gen_b_arbiter[1].u_rr.$procmux$2196.
    dead port 2/2 on $mux $procmux$1221.
    dead port 2/2 on $mux $procmux$1219.
    dead port 1/2 on $mux $flatten\gen_b_arbiter[1].u_rr.$procmux$2199.
    dead port 1/2 on $mux $flatten\gen_b_arbiter[2].u_rr.$procmux$2007.
    dead port 1/2 on $mux $flatten\gen_b_arbiter[1].u_rr.$procmux$2202.
    dead port 1/2 on $mux $flatten\gen_b_arbiter[2].u_rr.$procmux$2267.
    dead port 1/4 on $pmux $flatten\gen_b_arbiter[2].u_rr.$procmux$1999.
    dead port 2/4 on $pmux $flatten\gen_b_arbiter[2].u_rr.$procmux$1999.
    dead port 3/4 on $pmux $flatten\gen_b_arbiter[2].u_rr.$procmux$1999.
    dead port 2/2 on $mux $flatten\gen_b_arbiter[1].u_rr.$procmux$2204.
    dead port 1/2 on $mux $flatten\gen_b_arbiter[2].u_rr.$procmux$1996.
    dead port 1/2 on $mux $flatten\gen_b_arbiter[1].u_rr.$procmux$2212.
    dead port 2/2 on $mux $procmux$1161.
    dead port 2/2 on $mux $procmux$1153.
    dead port 1/2 on $mux $flatten\gen_b_arbiter[1].u_rr.$procmux$2215.
    dead port 2/2 on $mux $procmux$1146.
    dead port 1/2 on $mux $flatten\gen_b_arbiter[1].u_rr.$procmux$2218.
    dead port 1/4 on $pmux $flatten\gen_b_arbiter[2].u_rr.$procmux$1988.
    dead port 2/4 on $pmux $flatten\gen_b_arbiter[2].u_rr.$procmux$1988.
    dead port 3/4 on $pmux $flatten\gen_b_arbiter[2].u_rr.$procmux$1988.
    dead port 1/2 on $mux $flatten\gen_b_arbiter[2].u_rr.$procmux$1985.
    dead port 1/2 on $mux $flatten\gen_b_arbiter[2].u_rr.$procmux$1982.
    dead port 2/2 on $mux $flatten\gen_b_arbiter[1].u_rr.$procmux$2220.
    dead port 1/4 on $pmux $flatten\gen_b_arbiter[2].u_rr.$procmux$1974.
    dead port 2/4 on $pmux $flatten\gen_b_arbiter[2].u_rr.$procmux$1974.
    dead port 3/4 on $pmux $flatten\gen_b_arbiter[2].u_rr.$procmux$1974.
    dead port 1/2 on $mux $flatten\gen_b_arbiter[1].u_rr.$procmux$2228.
    dead port 1/2 on $mux $flatten\gen_b_arbiter[2].u_rr.$procmux$1971.
    dead port 1/2 on $mux $flatten\gen_b_arbiter[2].u_rr.$procmux$1968.
    dead port 1/2 on $mux $flatten\gen_b_arbiter[1].u_rr.$procmux$2231.
    dead port 1/4 on $pmux $flatten\gen_b_arbiter[2].u_rr.$procmux$1960.
    dead port 2/4 on $pmux $flatten\gen_b_arbiter[2].u_rr.$procmux$1960.
    dead port 3/4 on $pmux $flatten\gen_b_arbiter[2].u_rr.$procmux$1960.
    dead port 2/2 on $mux $flatten\gen_b_arbiter[1].u_rr.$procmux$2233.
    dead port 1/2 on $mux $flatten\gen_b_arbiter[2].u_rr.$procmux$1957.
    dead port 1/2 on $mux $flatten\gen_b_arbiter[2].u_rr.$procmux$1954.
    dead port 1/2 on $mux $flatten\gen_b_arbiter[1].u_rr.$procmux$2241.
    dead port 1/4 on $pmux $flatten\gen_b_arbiter[2].u_rr.$procmux$1946.
    dead port 2/4 on $pmux $flatten\gen_b_arbiter[2].u_rr.$procmux$1946.
    dead port 3/4 on $pmux $flatten\gen_b_arbiter[2].u_rr.$procmux$1946.
    dead port 1/2 on $mux $flatten\gen_b_arbiter[1].u_rr.$procmux$2244.
    dead port 1/2 on $mux $flatten\gen_b_arbiter[2].u_rr.$procmux$1943.
    dead port 1/2 on $mux $flatten\gen_b_arbiter[2].u_rr.$procmux$1940.
    dead port 1/2 on $mux $flatten\gen_b_arbiter[2].u_rr.$procmux$1937.
    dead port 2/2 on $mux $procmux$1077.
    dead port 2/2 on $mux $flatten\gen_b_arbiter[1].u_rr.$procmux$2246.
    dead port 2/2 on $mux $procmux$1069.
    dead port 1/2 on $mux $flatten\gen_b_arbiter[1].u_rr.$procmux$2254.
    dead port 2/2 on $mux $procmux$1061.
    dead port 1/2 on $mux $flatten\gen_b_arbiter[1].u_rr.$procmux$2257.
    dead port 2/2 on $mux $flatten\gen_b_arbiter[2].u_rr.$procmux$2259.
    dead port 2/2 on $mux $flatten\gen_b_arbiter[1].u_rr.$procmux$2259.
    dead port 1/2 on $mux $flatten\gen_b_arbiter[1].u_rr.$procmux$2267.
    dead port 2/2 on $mux $procmux$1037.
    dead port 2/2 on $mux $procmux$1035.
    dead port 2/2 on $mux $procmux$1026.
    dead port 2/2 on $mux $procmux$1024.
    dead port 2/2 on $mux $flatten\gen_b_arbiter[1].u_rr.$procmux$2269.
    dead port 2/2 on $mux $procmux$1015.
    dead port 2/2 on $mux $procmux$1013.
    dead port 1/2 on $mux $flatten\gen_b_arbiter[1].u_rr.$procmux$2277.
    dead port 1/2 on $mux $flatten\gen_b_arbiter[2].u_rr.$procmux$2356.
    dead port 2/2 on $mux $procmux$990.
    dead port 2/2 on $mux $procmux$988.
    dead port 2/2 on $mux $flatten\gen_b_arbiter[1].u_rr.$procmux$2279.
    dead port 2/2 on $mux $procmux$980.
    dead port 2/2 on $mux $procmux$978.
    dead port 2/2 on $mux $procmux$970.
    dead port 2/2 on $mux $procmux$968.
    dead port 1/2 on $mux $flatten\gen_b_arbiter[1].u_rr.$procmux$2287.
    dead port 2/2 on $mux $flatten\gen_b_arbiter[1].u_rr.$procmux$2289.
    dead port 2/2 on $mux $procmux$948.
    dead port 2/2 on $mux $procmux$946.
    dead port 2/2 on $mux $procmux$939.
    dead port 2/2 on $mux $procmux$937.
    dead port 2/2 on $mux $procmux$930.
    dead port 2/2 on $mux $procmux$928.
    dead port 2/2 on $mux $flatten\gen_b_arbiter[1].u_rr.$procmux$2296.
    dead port 1/4 on $pmux $flatten\gen_b_arbiter[2].u_rr.$procmux$1929.
    dead port 2/4 on $pmux $flatten\gen_b_arbiter[2].u_rr.$procmux$1929.
    dead port 3/4 on $pmux $flatten\gen_b_arbiter[2].u_rr.$procmux$1929.
    dead port 2/2 on $mux $flatten\gen_b_arbiter[1].u_rr.$procmux$2303.
    dead port 1/2 on $mux $flatten\gen_b_arbiter[2].u_rr.$procmux$1926.
    dead port 1/2 on $mux $flatten\gen_b_arbiter[2].u_rr.$procmux$1923.
    dead port 1/2 on $mux $flatten\gen_b_arbiter[2].u_rr.$procmux$1920.
    dead port 2/2 on $mux $procmux$870.
    dead port 2/2 on $mux $procmux$862.
    dead port 2/2 on $mux $flatten\gen_b_arbiter[1].u_rr.$procmux$2310.
    dead port 2/2 on $mux $procmux$855.
    dead port 1/4 on $pmux $flatten\gen_b_arbiter[2].u_rr.$procmux$1912.
    dead port 2/4 on $pmux $flatten\gen_b_arbiter[2].u_rr.$procmux$1912.
    dead port 3/4 on $pmux $flatten\gen_b_arbiter[2].u_rr.$procmux$1912.
    dead port 1/2 on $mux $flatten\gen_b_arbiter[1].u_rr.$procmux$2319.
    dead port 1/2 on $mux $flatten\gen_b_arbiter[2].u_rr.$procmux$1909.
    dead port 1/2 on $mux $flatten\gen_b_arbiter[2].u_rr.$procmux$1906.
    dead port 1/2 on $mux $flatten\gen_b_arbiter[2].u_rr.$procmux$1903.
    dead port 1/2 on $mux $flatten\gen_b_arbiter[1].u_rr.$procmux$2322.
    dead port 2/2 on $mux $flatten\gen_b_arbiter[2].u_rr.$procmux$2269.
    dead port 1/2 on $mux $flatten\gen_b_arbiter[2].u_rr.$procmux$2277.
    dead port 1/2 on $mux $flatten\gen_b_arbiter[1].u_rr.$procmux$2325.
    dead port 2/2 on $mux $flatten\gen_b_arbiter[2].u_rr.$procmux$2279.
    dead port 1/2 on $mux $flatten\gen_b_arbiter[2].u_rr.$procmux$2287.
    dead port 2/2 on $mux $flatten\gen_b_arbiter[2].u_rr.$procmux$1858.
    dead port 2/2 on $mux $flatten\gen_b_arbiter[2].u_rr.$procmux$2289.
    dead port 2/2 on $mux $flatten\gen_b_arbiter[1].u_rr.$procmux$2327.
    dead port 2/2 on $mux $flatten\gen_b_arbiter[2].u_rr.$procmux$1840.
    dead port 2/2 on $mux $procmux$786.
    dead port 1/2 on $mux $flatten\gen_b_arbiter[1].u_rr.$procmux$2336.
    dead port 1/2 on $mux $flatten\gen_b_arbiter[1].u_rr.$procmux$2339.
    dead port 2/2 on $mux $procmux$778.
    dead port 1/2 on $mux $flatten\gen_b_arbiter[1].u_rr.$procmux$2342.
    dead port 2/2 on $mux $procmux$770.
    dead port 2/2 on $mux $flatten\gen_b_arbiter[1].u_rr.$procmux$2344.
    dead port 1/2 on $mux $flatten\gen_b_arbiter[1].u_rr.$procmux$2353.
    dead port 1/2 on $mux $flatten\gen_b_arbiter[1].u_rr.$procmux$2356.
    dead port 2/2 on $mux $procmux$746.
    dead port 2/2 on $mux $procmux$744.
    dead port 1/2 on $mux $flatten\gen_b_arbiter[1].u_rr.$procmux$2359.
    dead port 2/2 on $mux $procmux$735.
    dead port 2/2 on $mux $procmux$733.
    dead port 2/2 on $mux $flatten\gen_b_arbiter[1].u_rr.$procmux$1803.
    dead port 2/2 on $mux $procmux$724.
    dead port 2/2 on $mux $procmux$722.
    dead port 2/2 on $mux $flatten\gen_b_arbiter[1].u_rr.$procmux$2361.
    dead port 1/2 on $mux $flatten\gen_b_arbiter[1].u_rr.$procmux$2370.
    dead port 2/2 on $mux $procmux$699.
    dead port 2/2 on $mux $procmux$697.
    dead port 1/2 on $mux $flatten\gen_b_arbiter[1].u_rr.$procmux$2373.
    dead port 2/2 on $mux $procmux$689.
    dead port 2/2 on $mux $procmux$687.
    dead port 2/2 on $mux $flatten\gen_b_arbiter[1].u_rr.$procmux$1805.
    dead port 2/2 on $mux $procmux$679.
    dead port 2/2 on $mux $procmux$677.
    dead port 2/2 on $mux $flatten\gen_b_arbiter[1].u_rr.$procmux$2375.
    dead port 1/2 on $mux $flatten\gen_b_arbiter[1].u_rr.$procmux$2384.
    dead port 2/2 on $mux $procmux$657.
    dead port 2/2 on $mux $procmux$655.
    dead port 1/2 on $mux $flatten\gen_b_arbiter[1].u_rr.$procmux$2387.
    dead port 2/2 on $mux $procmux$648.
    dead port 2/2 on $mux $procmux$646.
    dead port 1/2 on $mux $flatten\gen_b_arbiter[2].u_rr.$procmux$2359.
    dead port 2/2 on $mux $procmux$639.
    dead port 2/2 on $mux $procmux$637.
    dead port 2/2 on $mux $flatten\gen_b_arbiter[1].u_rr.$procmux$2389.
    dead port 1/2 on $mux $flatten\gen_b_arbiter[1].u_rr.$procmux$2398.
    dead port 1/2 on $mux $flatten\gen_b_arbiter[1].u_rr.$procmux$2401.
    dead port 2/2 on $mux $flatten\gen_b_arbiter[1].u_rr.$procmux$2403.
    dead port 1/2 on $mux $flatten\gen_b_arbiter[1].u_rr.$procmux$2412.
    dead port 2/2 on $mux $flatten\gen_b_arbiter[2].u_rr.$procmux$2303.
    dead port 2/2 on $mux $flatten\gen_b_arbiter[1].u_rr.$procmux$2414.
    dead port 1/2 on $mux $flatten\gen_b_arbiter[1].u_rr.$procmux$2423.
    dead port 2/2 on $mux $flatten\gen_b_arbiter[2].u_rr.$procmux$2361.
    dead port 2/2 on $mux $flatten\gen_b_arbiter[1].u_rr.$procmux$2425.
    dead port 1/2 on $mux $flatten\gen_b_arbiter[1].u_rr.$procmux$2434.
    dead port 2/2 on $mux $flatten\gen_b_arbiter[1].u_rr.$procmux$1814.
    dead port 2/2 on $mux $flatten\gen_b_arbiter[1].u_rr.$procmux$2436.
    dead port 2/2 on $mux $flatten\gen_b_arbiter[1].u_rr.$procmux$1816.
    dead port 2/2 on $mux $flatten\gen_b_arbiter[1].u_rr.$procmux$2444.
    dead port 2/2 on $mux $flatten\gen_b_arbiter[1].u_rr.$procmux$2452.
    dead port 2/2 on $mux $flatten\gen_b_arbiter[2].u_rr.$procmux$2296.
    dead port 1/2 on $mux $flatten\gen_b_arbiter[2].u_rr.$procmux$2257.
    dead port 1/2 on $mux $flatten\gen_b_arbiter[2].u_rr.$procmux$2212.
    dead port 2/2 on $mux $flatten\gen_b_arbiter[2].u_rr.$procmux$1834.
    dead port 2/2 on $mux $flatten\gen_b_arbiter[1].u_rr.$procmux$1822.
    dead port 2/2 on $mux $flatten\gen_b_arbiter[1].u_rr.$procmux$2460.
    dead port 2/2 on $mux $flatten\gen_b_arbiter[2].u_rr.$procmux$1828.
    dead port 2/2 on $mux $flatten\gen_b_arbiter[2].u_rr.$procmux$1822.
    dead port 2/2 on $mux $flatten\gen_b_arbiter[1].u_rr.$procmux$1828.
    dead port 2/2 on $mux $flatten\gen_b_arbiter[2].u_rr.$procmux$1816.
    dead port 2/2 on $mux $flatten\gen_b_arbiter[2].u_rr.$procmux$2161.
    dead port 2/2 on $mux $flatten\gen_b_arbiter[2].u_rr.$procmux$1814.
    dead port 2/2 on $mux $flatten\gen_b_arbiter[1].u_rr.$procmux$1834.
    dead port 2/2 on $mux $flatten\gen_b_arbiter[1].u_rr.$procmux$1840.
    dead port 2/2 on $mux $flatten\gen_b_arbiter[2].u_rr.$procmux$2155.
    dead port 1/2 on $mux $flatten\gen_b_arbiter[2].u_rr.$procmux$2254.
    dead port 1/2 on $mux $flatten\gen_b_arbiter[2].u_rr.$procmux$2153.
    dead port 2/2 on $mux $flatten\gen_b_arbiter[2].u_rr.$procmux$1803.
    dead port 2/2 on $mux $flatten\gen_b_arbiter[2].u_rr.$procmux$1805.
    dead port 2/2 on $mux $flatten\gen_b_arbiter[2].u_rr.$procmux$2246.
    dead port 2/2 on $mux $flatten\gen_b_arbiter[2].u_rr.$procmux$2220.
Removed 555 multiplexer ports.
<suppressed ~1946 debug messages>

3.12.4. Executing OPT_REDUCE pass (consolidate $*mux and $reduce_* inputs).
  Optimizing cells in module \axi_b_response_router.
    New ctrl vector for $pmux cell $procmux$1739: $auto$opt_reduce.cc:137:opt_pmux$2528
    New ctrl vector for $pmux cell $procmux$1157: $auto$opt_reduce.cc:137:opt_pmux$2530
    New ctrl vector for $pmux cell $procmux$866: $auto$opt_reduce.cc:137:opt_pmux$2532
    New ctrl vector for $pmux cell $procmux$1448: $auto$opt_reduce.cc:137:opt_pmux$2534
  Optimizing cells in module \axi_b_response_router.
Performed a total of 4 changes.

3.12.5. Executing OPT_MERGE pass (detect identical cells).
Finding identical cells in module `\axi_b_response_router'.
Computing hashes of 448 cells of `\axi_b_response_router'.
Finding duplicate cells in `\axi_b_response_router'.
Computing hashes of 430 cells of `\axi_b_response_router'.
Finding duplicate cells in `\axi_b_response_router'.
Computing hashes of 424 cells of `\axi_b_response_router'.
Finding duplicate cells in `\axi_b_response_router'.
Computing hashes of 418 cells of `\axi_b_response_router'.
Finding duplicate cells in `\axi_b_response_router'.
<suppressed ~90 debug messages>
Removed a total of 30 cells.

3.12.6. Executing OPT_DFF pass (perform DFF optimizations).

3.12.7. Executing OPT_CLEAN pass (remove unused cells and wires).
Finding unused cells or wires in module \axi_b_response_router..
Removed 0 unused cells and 885 unused wires.
<suppressed ~1 debug messages>

3.12.8. Executing OPT_EXPR pass (perform const folding).
Optimizing module axi_b_response_router.

3.12.9. Rerunning OPT passes. (Maybe there is more to do..)

3.12.10. Executing OPT_MUXTREE pass (detect dead branches in mux trees).
Running muxtree optimizer on module \axi_b_response_router..
  Creating internal representation of mux trees.
  Evaluating internal representation of mux trees.
  Analyzing evaluation results.
Removed 0 multiplexer ports.
<suppressed ~767 debug messages>

3.12.11. Executing OPT_REDUCE pass (consolidate $*mux and $reduce_* inputs).
  Optimizing cells in module \axi_b_response_router.
Performed a total of 0 changes.

3.12.12. Executing OPT_MERGE pass (detect identical cells).
Finding identical cells in module `\axi_b_response_router'.
Computing hashes of 418 cells of `\axi_b_response_router'.
Finding duplicate cells in `\axi_b_response_router'.
Removed a total of 0 cells.

3.12.13. Executing OPT_DFF pass (perform DFF optimizations).

3.12.14. Executing OPT_CLEAN pass (remove unused cells and wires).
Finding unused cells or wires in module \axi_b_response_router..

3.12.15. Executing OPT_EXPR pass (perform const folding).
Optimizing module axi_b_response_router.

3.12.16. Finished fast OPT passes. (There is nothing left to do.)

3.13. Executing FSM pass (extract and optimize FSM).

3.13.1. Executing FSM_DETECT pass (finding FSMs in design).
Not marking axi_b_response_router.gen_b_arbiter[0].u_rr.grant_q as FSM state register:
    Users of register don't seem to benefit from recoding.
Found FSM state register axi_b_response_router.gen_b_arbiter[1].u_rr.pointer_q.
Not marking axi_b_response_router.gen_b_arbiter[1].u_rr.grant_q as FSM state register:
    Users of register don't seem to benefit from recoding.
Found FSM state register axi_b_response_router.gen_b_arbiter[1].u_rr.selected_q.
Found FSM state register axi_b_response_router.gen_b_arbiter[0].u_rr.selected_q.
Found FSM state register axi_b_response_router.gen_b_arbiter[0].u_rr.pointer_q.
Found FSM state register axi_b_response_router.gen_b_arbiter[2].u_rr.selected_q.
Not marking axi_b_response_router.gen_b_arbiter[2].u_rr.grant_q as FSM state register:
    Users of register don't seem to benefit from recoding.
Found FSM state register axi_b_response_router.gen_b_arbiter[2].u_rr.pointer_q.

3.13.2. Executing FSM_EXTRACT pass (extracting FSM from design).
Extracting FSM `\gen_b_arbiter[1].u_rr.pointer_q' from module `\axi_b_response_router'.
  found $adff cell for state register: $flatten\gen_b_arbiter[1].u_rr.$procdff$2508
  root of input selection tree: \gen_b_arbiter[1].u_rr.pointer_d
  found reset state: 2'00 (from async reset)
  found ctrl input: \gen_b_arbiter[1].u_rr.grant_valid_q
  found ctrl input: \gen_b_arbiter[1].u_rr.downstream_ready
  found ctrl input: $flatten\gen_b_arbiter[1].u_rr.$procmux$1800_CMP
  found ctrl input: $flatten\gen_b_arbiter[1].u_rr.$procmux$1801_CMP
  found ctrl input: $flatten\gen_b_arbiter[1].u_rr.$procmux$1802_CMP
  found state code: 2'11
  found state code: 2'10
  found state code: 2'01
  ctrl inputs: { \gen_b_arbiter[1].u_rr.downstream_ready \gen_b_arbiter[1].u_rr.grant_valid_q $flatten\gen_b_arbiter[1].u_rr.$procmux$1800_CMP $flatten\gen_b_arbiter[1].u_rr.$procmux$1801_CMP $flatten\gen_b_arbiter[1].u_rr.$procmux$1802_CMP }
  ctrl outputs: \gen_b_arbiter[1].u_rr.pointer_d
  transition:       2'00 5'-0--- ->       2'00 2'00
  transition:       2'00 5'01--- ->       2'00 2'00
  transition:       2'00 5'11000 ->       2'00 2'00
  transition:       2'00 5'11--1 ->       2'01 2'01
  transition:       2'00 5'11-1- ->       2'10 2'10
  transition:       2'00 5'111-- ->       2'11 2'11
  transition:       2'10 5'-0--- ->       2'10 2'10
  transition:       2'10 5'01--- ->       2'10 2'10
  transition:       2'10 5'11000 ->       2'00 2'00
  transition:       2'10 5'11--1 ->       2'01 2'01
  transition:       2'10 5'11-1- ->       2'10 2'10
  transition:       2'10 5'111-- ->       2'11 2'11
  transition:       2'01 5'-0--- ->       2'01 2'01
  transition:       2'01 5'01--- ->       2'01 2'01
  transition:       2'01 5'11000 ->       2'00 2'00
  transition:       2'01 5'11--1 ->       2'01 2'01
  transition:       2'01 5'11-1- ->       2'10 2'10
  transition:       2'01 5'111-- ->       2'11 2'11
  transition:       2'11 5'-0--- ->       2'11 2'11
  transition:       2'11 5'01--- ->       2'11 2'11
  transition:       2'11 5'11000 ->       2'00 2'00
  transition:       2'11 5'11--1 ->       2'01 2'01
  transition:       2'11 5'11-1- ->       2'10 2'10
  transition:       2'11 5'111-- ->       2'11 2'11
Extracting FSM `\gen_b_arbiter[1].u_rr.selected_q' from module `\axi_b_response_router'.
  found $adff cell for state register: $flatten\gen_b_arbiter[1].u_rr.$procdff$2523
  root of input selection tree: \gen_b_arbiter[1].u_rr.selected_d
  found reset state: 2'00 (from async reset)
  found ctrl input: \gen_b_arbiter[1].u_rr.grant_valid_q
  found ctrl input: $flatten\gen_b_arbiter[1].u_rr.$procmux$1913_CMP
  found ctrl input: $flatten\gen_b_arbiter[1].u_rr.$procmux$1914_CMP
  found ctrl input: $flatten\gen_b_arbiter[1].u_rr.$procmux$1915_CMP
  found ctrl input: \gen_b_arbiter[1].u_rr.request [3]
  found ctrl input: \gen_b_arbiter[1].u_rr.request [0]
  found ctrl input: \gen_b_arbiter[1].u_rr.request [1]
  found ctrl input: \gen_b_arbiter[1].u_rr.request [2]
  found state code: 2'10
  found state code: 2'01
  found state code: 2'11
  found ctrl input: \gen_b_arbiter[1].u_rr.downstream_ready
  found ctrl output: $flatten\gen_b_arbiter[1].u_rr.$procmux$1802_CMP
  found ctrl output: $flatten\gen_b_arbiter[1].u_rr.$procmux$1801_CMP
  found ctrl output: $flatten\gen_b_arbiter[1].u_rr.$procmux$1800_CMP
  ctrl inputs: { \gen_b_arbiter[1].u_rr.request \gen_b_arbiter[1].u_rr.downstream_ready \gen_b_arbiter[1].u_rr.grant_valid_q $flatten\gen_b_arbiter[1].u_rr.$procmux$1913_CMP $flatten\gen_b_arbiter[1].u_rr.$procmux$1914_CMP $flatten\gen_b_arbiter[1].u_rr.$procmux$1915_CMP }
  ctrl outputs: { \gen_b_arbiter[1].u_rr.selected_d $flatten\gen_b_arbiter[1].u_rr.$procmux$1800_CMP $flatten\gen_b_arbiter[1].u_rr.$procmux$1801_CMP $flatten\gen_b_arbiter[1].u_rr.$procmux$1802_CMP }
  transition:       2'00 9'0000-0000 ->       2'00 5'00001
  transition:       2'00 9'0100-0000 ->       2'10 5'10001
  transition:       2'00 9'0-10-0000 ->       2'01 5'01001
  transition:       2'00 9'0--1-0000 ->       2'00 5'00001
  transition:       2'00 9'1----0000 ->       2'11 5'11001
  transition:       2'00 9'0000-0--1 ->       2'00 5'00001
  transition:       2'00 9'1000-0--1 ->       2'11 5'11001
  transition:       2'00 9'-100-0--1 ->       2'10 5'10001
  transition:       2'00 9'--10-0--1 ->       2'01 5'01001
  transition:       2'00 9'---1-0--1 ->       2'00 5'00001
  transition:       2'00 9'000--0-1- ->       2'00 5'00001
  transition:       2'00 9'100--0-1- ->       2'11 5'11001
  transition:       2'00 9'-10--0-1- ->       2'10 5'10001
  transition:       2'00 9'--1--0-1- ->       2'01 5'01001
  transition:       2'00 9'0000-01-- ->       2'00 5'00001
  transition:       2'00 9'0010-01-- ->       2'01 5'01001
  transition:       2'00 9'00-1-01-- ->       2'00 5'00001
  transition:       2'00 9'10---01-- ->       2'11 5'11001
  transition:       2'00 9'-1---01-- ->       2'10 5'10001
  transition:       2'00 9'----01--- ->       2'00 5'00001
  transition:       2'00 9'000011000 ->       2'00 5'00001
  transition:       2'00 9'010011000 ->       2'10 5'10001
  transition:       2'00 9'0-1011000 ->       2'01 5'01001
  transition:       2'00 9'0--111000 ->       2'00 5'00001
  transition:       2'00 9'1---11000 ->       2'11 5'11001
  transition:       2'00 9'000011--1 ->       2'00 5'00001
  transition:       2'00 9'100011--1 ->       2'11 5'11001
  transition:       2'00 9'-10011--1 ->       2'10 5'10001
  transition:       2'00 9'--1011--1 ->       2'01 5'01001
  transition:       2'00 9'---111--1 ->       2'00 5'00001
  transition:       2'00 9'000-11-1- ->       2'00 5'00001
  transition:       2'00 9'100-11-1- ->       2'11 5'11001
  transition:       2'00 9'-10-11-1- ->       2'10 5'10001
  transition:       2'00 9'--1-11-1- ->       2'01 5'01001
  transition:       2'00 9'0000111-- ->       2'00 5'00001
  transition:       2'00 9'0010111-- ->       2'01 5'01001
  transition:       2'00 9'00-1111-- ->       2'00 5'00001
  transition:       2'00 9'10--111-- ->       2'11 5'11001
  transition:       2'00 9'-1--111-- ->       2'10 5'10001
  transition:       2'10 9'0000-0000 ->       2'00 5'00100
  transition:       2'10 9'0100-0000 ->       2'10 5'10100
  transition:       2'10 9'0-10-0000 ->       2'01 5'01100
  transition:       2'10 9'0--1-0000 ->       2'00 5'00100
  transition:       2'10 9'1----0000 ->       2'11 5'11100
  transition:       2'10 9'0000-0--1 ->       2'00 5'00100
  transition:       2'10 9'1000-0--1 ->       2'11 5'11100
  transition:       2'10 9'-100-0--1 ->       2'10 5'10100
  transition:       2'10 9'--10-0--1 ->       2'01 5'01100
  transition:       2'10 9'---1-0--1 ->       2'00 5'00100
  transition:       2'10 9'000--0-1- ->       2'00 5'00100
  transition:       2'10 9'100--0-1- ->       2'11 5'11100
  transition:       2'10 9'-10--0-1- ->       2'10 5'10100
  transition:       2'10 9'--1--0-1- ->       2'01 5'01100
  transition:       2'10 9'0000-01-- ->       2'00 5'00100
  transition:       2'10 9'0010-01-- ->       2'01 5'01100
  transition:       2'10 9'00-1-01-- ->       2'00 5'00100
  transition:       2'10 9'10---01-- ->       2'11 5'11100
  transition:       2'10 9'-1---01-- ->       2'10 5'10100
  transition:       2'10 9'----01--- ->       2'10 5'10100
  transition:       2'10 9'000011000 ->       2'00 5'00100
  transition:       2'10 9'010011000 ->       2'10 5'10100
  transition:       2'10 9'0-1011000 ->       2'01 5'01100
  transition:       2'10 9'0--111000 ->       2'00 5'00100
  transition:       2'10 9'1---11000 ->       2'11 5'11100
  transition:       2'10 9'000011--1 ->       2'00 5'00100
  transition:       2'10 9'100011--1 ->       2'11 5'11100
  transition:       2'10 9'-10011--1 ->       2'10 5'10100
  transition:       2'10 9'--1011--1 ->       2'01 5'01100
  transition:       2'10 9'---111--1 ->       2'00 5'00100
  transition:       2'10 9'000-11-1- ->       2'00 5'00100
  transition:       2'10 9'100-11-1- ->       2'11 5'11100
  transition:       2'10 9'-10-11-1- ->       2'10 5'10100
  transition:       2'10 9'--1-11-1- ->       2'01 5'01100
  transition:       2'10 9'0000111-- ->       2'00 5'00100
  transition:       2'10 9'0010111-- ->       2'01 5'01100
  transition:       2'10 9'00-1111-- ->       2'00 5'00100
  transition:       2'10 9'10--111-- ->       2'11 5'11100
  transition:       2'10 9'-1--111-- ->       2'10 5'10100
  transition:       2'01 9'0000-0000 ->       2'00 5'00010
  transition:       2'01 9'0100-0000 ->       2'10 5'10010
  transition:       2'01 9'0-10-0000 ->       2'01 5'01010
  transition:       2'01 9'0--1-0000 ->       2'00 5'00010
  transition:       2'01 9'1----0000 ->       2'11 5'11010
  transition:       2'01 9'0000-0--1 ->       2'00 5'00010
  transition:       2'01 9'1000-0--1 ->       2'11 5'11010
  transition:       2'01 9'-100-0--1 ->       2'10 5'10010
  transition:       2'01 9'--10-0--1 ->       2'01 5'01010
  transition:       2'01 9'---1-0--1 ->       2'00 5'00010
  transition:       2'01 9'000--0-1- ->       2'00 5'00010
  transition:       2'01 9'100--0-1- ->       2'11 5'11010
  transition:       2'01 9'-10--0-1- ->       2'10 5'10010
  transition:       2'01 9'--1--0-1- ->       2'01 5'01010
  transition:       2'01 9'0000-01-- ->       2'00 5'00010
  transition:       2'01 9'0010-01-- ->       2'01 5'01010
  transition:       2'01 9'00-1-01-- ->       2'00 5'00010
  transition:       2'01 9'10---01-- ->       2'11 5'11010
  transition:       2'01 9'-1---01-- ->       2'10 5'10010
  transition:       2'01 9'----01--- ->       2'01 5'01010
  transition:       2'01 9'000011000 ->       2'00 5'00010
  transition:       2'01 9'010011000 ->       2'10 5'10010
  transition:       2'01 9'0-1011000 ->       2'01 5'01010
  transition:       2'01 9'0--111000 ->       2'00 5'00010
  transition:       2'01 9'1---11000 ->       2'11 5'11010
  transition:       2'01 9'000011--1 ->       2'00 5'00010
  transition:       2'01 9'100011--1 ->       2'11 5'11010
  transition:       2'01 9'-10011--1 ->       2'10 5'10010
  transition:       2'01 9'--1011--1 ->       2'01 5'01010
  transition:       2'01 9'---111--1 ->       2'00 5'00010
  transition:       2'01 9'000-11-1- ->       2'00 5'00010
  transition:       2'01 9'100-11-1- ->       2'11 5'11010
  transition:       2'01 9'-10-11-1- ->       2'10 5'10010
  transition:       2'01 9'--1-11-1- ->       2'01 5'01010
  transition:       2'01 9'0000111-- ->       2'00 5'00010
  transition:       2'01 9'0010111-- ->       2'01 5'01010
  transition:       2'01 9'00-1111-- ->       2'00 5'00010
  transition:       2'01 9'10--111-- ->       2'11 5'11010
  transition:       2'01 9'-1--111-- ->       2'10 5'10010
  transition:       2'11 9'0000-0000 ->       2'00 5'00000
  transition:       2'11 9'0100-0000 ->       2'10 5'10000
  transition:       2'11 9'0-10-0000 ->       2'01 5'01000
  transition:       2'11 9'0--1-0000 ->       2'00 5'00000
  transition:       2'11 9'1----0000 ->       2'11 5'11000
  transition:       2'11 9'0000-0--1 ->       2'00 5'00000
  transition:       2'11 9'1000-0--1 ->       2'11 5'11000
  transition:       2'11 9'-100-0--1 ->       2'10 5'10000
  transition:       2'11 9'--10-0--1 ->       2'01 5'01000
  transition:       2'11 9'---1-0--1 ->       2'00 5'00000
  transition:       2'11 9'000--0-1- ->       2'00 5'00000
  transition:       2'11 9'100--0-1- ->       2'11 5'11000
  transition:       2'11 9'-10--0-1- ->       2'10 5'10000
  transition:       2'11 9'--1--0-1- ->       2'01 5'01000
  transition:       2'11 9'0000-01-- ->       2'00 5'00000
  transition:       2'11 9'0010-01-- ->       2'01 5'01000
  transition:       2'11 9'00-1-01-- ->       2'00 5'00000
  transition:       2'11 9'10---01-- ->       2'11 5'11000
  transition:       2'11 9'-1---01-- ->       2'10 5'10000
  transition:       2'11 9'----01--- ->       2'11 5'11000
  transition:       2'11 9'000011000 ->       2'00 5'00000
  transition:       2'11 9'010011000 ->       2'10 5'10000
  transition:       2'11 9'0-1011000 ->       2'01 5'01000
  transition:       2'11 9'0--111000 ->       2'00 5'00000
  transition:       2'11 9'1---11000 ->       2'11 5'11000
  transition:       2'11 9'000011--1 ->       2'00 5'00000
  transition:       2'11 9'100011--1 ->       2'11 5'11000
  transition:       2'11 9'-10011--1 ->       2'10 5'10000
  transition:       2'11 9'--1011--1 ->       2'01 5'01000
  transition:       2'11 9'---111--1 ->       2'00 5'00000
  transition:       2'11 9'000-11-1- ->       2'00 5'00000
  transition:       2'11 9'100-11-1- ->       2'11 5'11000
  transition:       2'11 9'-10-11-1- ->       2'10 5'10000
  transition:       2'11 9'--1-11-1- ->       2'01 5'01000
  transition:       2'11 9'0000111-- ->       2'00 5'00000
  transition:       2'11 9'0010111-- ->       2'01 5'01000
  transition:       2'11 9'00-1111-- ->       2'00 5'00000
  transition:       2'11 9'10--111-- ->       2'11 5'11000
  transition:       2'11 9'-1--111-- ->       2'10 5'10000
Extracting FSM `\gen_b_arbiter[0].u_rr.selected_q' from module `\axi_b_response_router'.
  found $adff cell for state register: $flatten\gen_b_arbiter[0].u_rr.$procdff$2523
  root of input selection tree: \gen_b_arbiter[0].u_rr.selected_d
  found reset state: 2'00 (from async reset)
  found ctrl input: \gen_b_arbiter[0].u_rr.grant_valid_q
  found ctrl input: $flatten\gen_b_arbiter[0].u_rr.$procmux$1913_CMP
  found ctrl input: $flatten\gen_b_arbiter[0].u_rr.$procmux$1914_CMP
  found ctrl input: $flatten\gen_b_arbiter[0].u_rr.$procmux$1915_CMP
  found ctrl input: \gen_b_arbiter[0].u_rr.request [3]
  found ctrl input: \gen_b_arbiter[0].u_rr.request [0]
  found ctrl input: \gen_b_arbiter[0].u_rr.request [1]
  found ctrl input: \gen_b_arbiter[0].u_rr.request [2]
  found state code: 2'10
  found state code: 2'01
  found state code: 2'11
  found ctrl input: \gen_b_arbiter[0].u_rr.downstream_ready
  found ctrl output: $flatten\gen_b_arbiter[0].u_rr.$procmux$1802_CMP
  found ctrl output: $flatten\gen_b_arbiter[0].u_rr.$procmux$1801_CMP
  found ctrl output: $flatten\gen_b_arbiter[0].u_rr.$procmux$1800_CMP
  ctrl inputs: { \gen_b_arbiter[0].u_rr.request \gen_b_arbiter[0].u_rr.downstream_ready \gen_b_arbiter[0].u_rr.grant_valid_q $flatten\gen_b_arbiter[0].u_rr.$procmux$1913_CMP $flatten\gen_b_arbiter[0].u_rr.$procmux$1914_CMP $flatten\gen_b_arbiter[0].u_rr.$procmux$1915_CMP }
  ctrl outputs: { \gen_b_arbiter[0].u_rr.selected_d $flatten\gen_b_arbiter[0].u_rr.$procmux$1800_CMP $flatten\gen_b_arbiter[0].u_rr.$procmux$1801_CMP $flatten\gen_b_arbiter[0].u_rr.$procmux$1802_CMP }
  transition:       2'00 9'0000-0000 ->       2'00 5'00001
  transition:       2'00 9'0100-0000 ->       2'10 5'10001
  transition:       2'00 9'0-10-0000 ->       2'01 5'01001
  transition:       2'00 9'0--1-0000 ->       2'00 5'00001
  transition:       2'00 9'1----0000 ->       2'11 5'11001
  transition:       2'00 9'0000-0--1 ->       2'00 5'00001
  transition:       2'00 9'1000-0--1 ->       2'11 5'11001
  transition:       2'00 9'-100-0--1 ->       2'10 5'10001
  transition:       2'00 9'--10-0--1 ->       2'01 5'01001
  transition:       2'00 9'---1-0--1 ->       2'00 5'00001
  transition:       2'00 9'000--0-1- ->       2'00 5'00001
  transition:       2'00 9'100--0-1- ->       2'11 5'11001
  transition:       2'00 9'-10--0-1- ->       2'10 5'10001
  transition:       2'00 9'--1--0-1- ->       2'01 5'01001
  transition:       2'00 9'0000-01-- ->       2'00 5'00001
  transition:       2'00 9'0010-01-- ->       2'01 5'01001
  transition:       2'00 9'00-1-01-- ->       2'00 5'00001
  transition:       2'00 9'10---01-- ->       2'11 5'11001
  transition:       2'00 9'-1---01-- ->       2'10 5'10001
  transition:       2'00 9'----01--- ->       2'00 5'00001
  transition:       2'00 9'000-11--0 ->       2'00 5'00001
  transition:       2'00 9'100-11--0 ->       2'11 5'11001
  transition:       2'00 9'-10-11--0 ->       2'10 5'10001
  transition:       2'00 9'--1-11--0 ->       2'01 5'01001
  transition:       2'10 9'0000-0000 ->       2'00 5'00100
  transition:       2'10 9'0100-0000 ->       2'10 5'10100
  transition:       2'10 9'0-10-0000 ->       2'01 5'01100
  transition:       2'10 9'0--1-0000 ->       2'00 5'00100
  transition:       2'10 9'1----0000 ->       2'11 5'11100
  transition:       2'10 9'0000-0--1 ->       2'00 5'00100
  transition:       2'10 9'1000-0--1 ->       2'11 5'11100
  transition:       2'10 9'-100-0--1 ->       2'10 5'10100
  transition:       2'10 9'--10-0--1 ->       2'01 5'01100
  transition:       2'10 9'---1-0--1 ->       2'00 5'00100
  transition:       2'10 9'000--0-1- ->       2'00 5'00100
  transition:       2'10 9'100--0-1- ->       2'11 5'11100
  transition:       2'10 9'-10--0-1- ->       2'10 5'10100
  transition:       2'10 9'--1--0-1- ->       2'01 5'01100
  transition:       2'10 9'0000-01-- ->       2'00 5'00100
  transition:       2'10 9'0010-01-- ->       2'01 5'01100
  transition:       2'10 9'00-1-01-- ->       2'00 5'00100
  transition:       2'10 9'10---01-- ->       2'11 5'11100
  transition:       2'10 9'-1---01-- ->       2'10 5'10100
  transition:       2'10 9'----01--- ->       2'10 5'10100
  transition:       2'10 9'000011--- ->       2'00 5'00100
  transition:       2'10 9'010011--- ->       2'10 5'10100
  transition:       2'10 9'0-1011--- ->       2'01 5'01100
  transition:       2'10 9'0--111--- ->       2'00 5'00100
  transition:       2'10 9'1---11--- ->       2'11 5'11100
  transition:       2'01 9'0000-0000 ->       2'00 5'00010
  transition:       2'01 9'0100-0000 ->       2'10 5'10010
  transition:       2'01 9'0-10-0000 ->       2'01 5'01010
  transition:       2'01 9'0--1-0000 ->       2'00 5'00010
  transition:       2'01 9'1----0000 ->       2'11 5'11010
  transition:       2'01 9'0000-0--1 ->       2'00 5'00010
  transition:       2'01 9'1000-0--1 ->       2'11 5'11010
  transition:       2'01 9'-100-0--1 ->       2'10 5'10010
  transition:       2'01 9'--10-0--1 ->       2'01 5'01010
  transition:       2'01 9'---1-0--1 ->       2'00 5'00010
  transition:       2'01 9'000--0-1- ->       2'00 5'00010
  transition:       2'01 9'100--0-1- ->       2'11 5'11010
  transition:       2'01 9'-10--0-1- ->       2'10 5'10010
  transition:       2'01 9'--1--0-1- ->       2'01 5'01010
  transition:       2'01 9'0000-01-- ->       2'00 5'00010
  transition:       2'01 9'0010-01-- ->       2'01 5'01010
  transition:       2'01 9'00-1-01-- ->       2'00 5'00010
  transition:       2'01 9'10---01-- ->       2'11 5'11010
  transition:       2'01 9'-1---01-- ->       2'10 5'10010
  transition:       2'01 9'----01--- ->       2'01 5'01010
  transition:       2'01 9'000011-00 ->       2'00 5'00010
  transition:       2'01 9'001011-00 ->       2'01 5'01010
  transition:       2'01 9'00-111-00 ->       2'00 5'00010
  transition:       2'01 9'10--11-00 ->       2'11 5'11010
  transition:       2'01 9'-1--11-00 ->       2'10 5'10010
  transition:       2'11 9'0000-0000 ->       2'00 5'00000
  transition:       2'11 9'0100-0000 ->       2'10 5'10000
  transition:       2'11 9'0-10-0000 ->       2'01 5'01000
  transition:       2'11 9'0--1-0000 ->       2'00 5'00000
  transition:       2'11 9'1----0000 ->       2'11 5'11000
  transition:       2'11 9'0000-0--1 ->       2'00 5'00000
  transition:       2'11 9'1000-0--1 ->       2'11 5'11000
  transition:       2'11 9'-100-0--1 ->       2'10 5'10000
  transition:       2'11 9'--10-0--1 ->       2'01 5'01000
  transition:       2'11 9'---1-0--1 ->       2'00 5'00000
  transition:       2'11 9'000--0-1- ->       2'00 5'00000
  transition:       2'11 9'100--0-1- ->       2'11 5'11000
  transition:       2'11 9'-10--0-1- ->       2'10 5'10000
  transition:       2'11 9'--1--0-1- ->       2'01 5'01000
  transition:       2'11 9'0000-01-- ->       2'00 5'00000
  transition:       2'11 9'0010-01-- ->       2'01 5'01000
  transition:       2'11 9'00-1-01-- ->       2'00 5'00000
  transition:       2'11 9'10---01-- ->       2'11 5'11000
  transition:       2'11 9'-1---01-- ->       2'10 5'10000
  transition:       2'11 9'----01--- ->       2'11 5'11000
  transition:       2'11 9'000011--- ->       2'00 5'00000
  transition:       2'11 9'100011--- ->       2'11 5'11000
  transition:       2'11 9'-10011--- ->       2'10 5'10000
  transition:       2'11 9'--1011--- ->       2'01 5'01000
  transition:       2'11 9'---111--- ->       2'00 5'00000
Extracting FSM `\gen_b_arbiter[0].u_rr.pointer_q' from module `\axi_b_response_router'.
  found $adff cell for state register: $flatten\gen_b_arbiter[0].u_rr.$procdff$2508
  root of input selection tree: \gen_b_arbiter[0].u_rr.pointer_d
  found reset state: 2'00 (from async reset)
  found ctrl input: \gen_b_arbiter[0].u_rr.grant_valid_q
  found ctrl input: \gen_b_arbiter[0].u_rr.downstream_ready
  found ctrl input: $flatten\gen_b_arbiter[0].u_rr.$procmux$1800_CMP
  found ctrl input: $flatten\gen_b_arbiter[0].u_rr.$procmux$1801_CMP
  found ctrl input: $flatten\gen_b_arbiter[0].u_rr.$procmux$1802_CMP
  found state code: 2'11
  found state code: 2'10
  found state code: 2'01
  ctrl inputs: { \gen_b_arbiter[0].u_rr.downstream_ready \gen_b_arbiter[0].u_rr.grant_valid_q $flatten\gen_b_arbiter[0].u_rr.$procmux$1800_CMP $flatten\gen_b_arbiter[0].u_rr.$procmux$1801_CMP $flatten\gen_b_arbiter[0].u_rr.$procmux$1802_CMP }
  ctrl outputs: \gen_b_arbiter[0].u_rr.pointer_d
  transition:       2'00 5'-0--- ->       2'00 2'00
  transition:       2'00 5'01--- ->       2'00 2'00
  transition:       2'00 5'11000 ->       2'00 2'00
  transition:       2'00 5'11--1 ->       2'01 2'01
  transition:       2'00 5'11-1- ->       2'10 2'10
  transition:       2'00 5'111-- ->       2'11 2'11
  transition:       2'10 5'-0--- ->       2'10 2'10
  transition:       2'10 5'01--- ->       2'10 2'10
  transition:       2'10 5'11000 ->       2'00 2'00
  transition:       2'10 5'11--1 ->       2'01 2'01
  transition:       2'10 5'11-1- ->       2'10 2'10
  transition:       2'10 5'111-- ->       2'11 2'11
  transition:       2'01 5'-0--- ->       2'01 2'01
  transition:       2'01 5'01--- ->       2'01 2'01
  transition:       2'01 5'11000 ->       2'00 2'00
  transition:       2'01 5'11--1 ->       2'01 2'01
  transition:       2'01 5'11-1- ->       2'10 2'10
  transition:       2'01 5'111-- ->       2'11 2'11
  transition:       2'11 5'-0--- ->       2'11 2'11
  transition:       2'11 5'01--- ->       2'11 2'11
  transition:       2'11 5'11000 ->       2'00 2'00
  transition:       2'11 5'11--1 ->       2'01 2'01
  transition:       2'11 5'11-1- ->       2'10 2'10
  transition:       2'11 5'111-- ->       2'11 2'11
Extracting FSM `\gen_b_arbiter[2].u_rr.selected_q' from module `\axi_b_response_router'.
  found $adff cell for state register: $flatten\gen_b_arbiter[2].u_rr.$procdff$2523
  root of input selection tree: \gen_b_arbiter[2].u_rr.selected_d
  found reset state: 2'00 (from async reset)
  found ctrl input: \gen_b_arbiter[2].u_rr.grant_valid_q
  found ctrl input: $flatten\gen_b_arbiter[2].u_rr.$procmux$1913_CMP
  found ctrl input: $flatten\gen_b_arbiter[2].u_rr.$procmux$1914_CMP
  found ctrl input: $flatten\gen_b_arbiter[2].u_rr.$procmux$1915_CMP
  found ctrl input: \gen_b_arbiter[2].u_rr.request [3]
  found ctrl input: \gen_b_arbiter[2].u_rr.request [0]
  found ctrl input: \gen_b_arbiter[2].u_rr.request [1]
  found ctrl input: \gen_b_arbiter[2].u_rr.request [2]
  found state code: 2'10
  found state code: 2'01
  found state code: 2'11
  found ctrl input: \gen_b_arbiter[2].u_rr.downstream_ready
  found ctrl output: $flatten\gen_b_arbiter[2].u_rr.$procmux$1800_CMP
  found ctrl output: $flatten\gen_b_arbiter[2].u_rr.$procmux$1801_CMP
  found ctrl output: $flatten\gen_b_arbiter[2].u_rr.$procmux$1802_CMP
  ctrl inputs: { \gen_b_arbiter[2].u_rr.request \gen_b_arbiter[2].u_rr.downstream_ready \gen_b_arbiter[2].u_rr.grant_valid_q $flatten\gen_b_arbiter[2].u_rr.$procmux$1913_CMP $flatten\gen_b_arbiter[2].u_rr.$procmux$1914_CMP $flatten\gen_b_arbiter[2].u_rr.$procmux$1915_CMP }
  ctrl outputs: { \gen_b_arbiter[2].u_rr.selected_d $flatten\gen_b_arbiter[2].u_rr.$procmux$1800_CMP $flatten\gen_b_arbiter[2].u_rr.$procmux$1801_CMP $flatten\gen_b_arbiter[2].u_rr.$procmux$1802_CMP }
  transition:       2'00 9'0000-0000 ->       2'00 5'00001
  transition:       2'00 9'0100-0000 ->       2'10 5'10001
  transition:       2'00 9'0-10-0000 ->       2'01 5'01001
  transition:       2'00 9'0--1-0000 ->       2'00 5'00001
  transition:       2'00 9'1----0000 ->       2'11 5'11001
  transition:       2'00 9'0000-0--1 ->       2'00 5'00001
  transition:       2'00 9'1000-0--1 ->       2'11 5'11001
  transition:       2'00 9'-100-0--1 ->       2'10 5'10001
  transition:       2'00 9'--10-0--1 ->       2'01 5'01001
  transition:       2'00 9'---1-0--1 ->       2'00 5'00001
  transition:       2'00 9'000--0-1- ->       2'00 5'00001
  transition:       2'00 9'100--0-1- ->       2'11 5'11001
  transition:       2'00 9'-10--0-1- ->       2'10 5'10001
  transition:       2'00 9'--1--0-1- ->       2'01 5'01001
  transition:       2'00 9'0000-01-- ->       2'00 5'00001
  transition:       2'00 9'0010-01-- ->       2'01 5'01001
  transition:       2'00 9'00-1-01-- ->       2'00 5'00001
  transition:       2'00 9'10---01-- ->       2'11 5'11001
  transition:       2'00 9'-1---01-- ->       2'10 5'10001
  transition:       2'00 9'----01--- ->       2'00 5'00001
  transition:       2'00 9'000-11--0 ->       2'00 5'00001
  transition:       2'00 9'100-11--0 ->       2'11 5'11001
  transition:       2'00 9'-10-11--0 ->       2'10 5'10001
  transition:       2'00 9'--1-11--0 ->       2'01 5'01001
  transition:       2'10 9'0000-0000 ->       2'00 5'00100
  transition:       2'10 9'0100-0000 ->       2'10 5'10100
  transition:       2'10 9'0-10-0000 ->       2'01 5'01100
  transition:       2'10 9'0--1-0000 ->       2'00 5'00100
  transition:       2'10 9'1----0000 ->       2'11 5'11100
  transition:       2'10 9'0000-0--1 ->       2'00 5'00100
  transition:       2'10 9'1000-0--1 ->       2'11 5'11100
  transition:       2'10 9'-100-0--1 ->       2'10 5'10100
  transition:       2'10 9'--10-0--1 ->       2'01 5'01100
  transition:       2'10 9'---1-0--1 ->       2'00 5'00100
  transition:       2'10 9'000--0-1- ->       2'00 5'00100
  transition:       2'10 9'100--0-1- ->       2'11 5'11100
  transition:       2'10 9'-10--0-1- ->       2'10 5'10100
  transition:       2'10 9'--1--0-1- ->       2'01 5'01100
  transition:       2'10 9'0000-01-- ->       2'00 5'00100
  transition:       2'10 9'0010-01-- ->       2'01 5'01100
  transition:       2'10 9'00-1-01-- ->       2'00 5'00100
  transition:       2'10 9'10---01-- ->       2'11 5'11100
  transition:       2'10 9'-1---01-- ->       2'10 5'10100
  transition:       2'10 9'----01--- ->       2'10 5'10100
  transition:       2'10 9'000011--- ->       2'00 5'00100
  transition:       2'10 9'010011--- ->       2'10 5'10100
  transition:       2'10 9'0-1011--- ->       2'01 5'01100
  transition:       2'10 9'0--111--- ->       2'00 5'00100
  transition:       2'10 9'1---11--- ->       2'11 5'11100
  transition:       2'01 9'0000-0000 ->       2'00 5'00010
  transition:       2'01 9'0100-0000 ->       2'10 5'10010
  transition:       2'01 9'0-10-0000 ->       2'01 5'01010
  transition:       2'01 9'0--1-0000 ->       2'00 5'00010
  transition:       2'01 9'1----0000 ->       2'11 5'11010
  transition:       2'01 9'0000-0--1 ->       2'00 5'00010
  transition:       2'01 9'1000-0--1 ->       2'11 5'11010
  transition:       2'01 9'-100-0--1 ->       2'10 5'10010
  transition:       2'01 9'--10-0--1 ->       2'01 5'01010
  transition:       2'01 9'---1-0--1 ->       2'00 5'00010
  transition:       2'01 9'000--0-1- ->       2'00 5'00010
  transition:       2'01 9'100--0-1- ->       2'11 5'11010
  transition:       2'01 9'-10--0-1- ->       2'10 5'10010
  transition:       2'01 9'--1--0-1- ->       2'01 5'01010
  transition:       2'01 9'0000-01-- ->       2'00 5'00010
  transition:       2'01 9'0010-01-- ->       2'01 5'01010
  transition:       2'01 9'00-1-01-- ->       2'00 5'00010
  transition:       2'01 9'10---01-- ->       2'11 5'11010
  transition:       2'01 9'-1---01-- ->       2'10 5'10010
  transition:       2'01 9'----01--- ->       2'01 5'01010
  transition:       2'01 9'000011-00 ->       2'00 5'00010
  transition:       2'01 9'001011-00 ->       2'01 5'01010
  transition:       2'01 9'00-111-00 ->       2'00 5'00010
  transition:       2'01 9'10--11-00 ->       2'11 5'11010
  transition:       2'01 9'-1--11-00 ->       2'10 5'10010
  transition:       2'11 9'0000-0000 ->       2'00 5'00000
  transition:       2'11 9'0100-0000 ->       2'10 5'10000
  transition:       2'11 9'0-10-0000 ->       2'01 5'01000
  transition:       2'11 9'0--1-0000 ->       2'00 5'00000
  transition:       2'11 9'1----0000 ->       2'11 5'11000
  transition:       2'11 9'0000-0--1 ->       2'00 5'00000
  transition:       2'11 9'1000-0--1 ->       2'11 5'11000
  transition:       2'11 9'-100-0--1 ->       2'10 5'10000
  transition:       2'11 9'--10-0--1 ->       2'01 5'01000
  transition:       2'11 9'---1-0--1 ->       2'00 5'00000
  transition:       2'11 9'000--0-1- ->       2'00 5'00000
  transition:       2'11 9'100--0-1- ->       2'11 5'11000
  transition:       2'11 9'-10--0-1- ->       2'10 5'10000
  transition:       2'11 9'--1--0-1- ->       2'01 5'01000
  transition:       2'11 9'0000-01-- ->       2'00 5'00000
  transition:       2'11 9'0010-01-- ->       2'01 5'01000
  transition:       2'11 9'00-1-01-- ->       2'00 5'00000
  transition:       2'11 9'10---01-- ->       2'11 5'11000
  transition:       2'11 9'-1---01-- ->       2'10 5'10000
  transition:       2'11 9'----01--- ->       2'11 5'11000
  transition:       2'11 9'000011--- ->       2'00 5'00000
  transition:       2'11 9'100011--- ->       2'11 5'11000
  transition:       2'11 9'-10011--- ->       2'10 5'10000
  transition:       2'11 9'--1011--- ->       2'01 5'01000
  transition:       2'11 9'---111--- ->       2'00 5'00000
Extracting FSM `\gen_b_arbiter[2].u_rr.pointer_q' from module `\axi_b_response_router'.
  found $adff cell for state register: $flatten\gen_b_arbiter[2].u_rr.$procdff$2508
  root of input selection tree: \gen_b_arbiter[2].u_rr.pointer_d
  found reset state: 2'00 (from async reset)
  found ctrl input: \gen_b_arbiter[2].u_rr.grant_valid_q
  found ctrl input: \gen_b_arbiter[2].u_rr.downstream_ready
  found ctrl input: $flatten\gen_b_arbiter[2].u_rr.$procmux$1800_CMP
  found ctrl input: $flatten\gen_b_arbiter[2].u_rr.$procmux$1801_CMP
  found ctrl input: $flatten\gen_b_arbiter[2].u_rr.$procmux$1802_CMP
  found state code: 2'11
  found state code: 2'10
  found state code: 2'01
  ctrl inputs: { \gen_b_arbiter[2].u_rr.downstream_ready \gen_b_arbiter[2].u_rr.grant_valid_q $flatten\gen_b_arbiter[2].u_rr.$procmux$1800_CMP $flatten\gen_b_arbiter[2].u_rr.$procmux$1801_CMP $flatten\gen_b_arbiter[2].u_rr.$procmux$1802_CMP }
  ctrl outputs: \gen_b_arbiter[2].u_rr.pointer_d
  transition:       2'00 5'-0--- ->       2'00 2'00
  transition:       2'00 5'01--- ->       2'00 2'00
  transition:       2'00 5'11000 ->       2'00 2'00
  transition:       2'00 5'11--1 ->       2'01 2'01
  transition:       2'00 5'11-1- ->       2'10 2'10
  transition:       2'00 5'111-- ->       2'11 2'11
  transition:       2'10 5'-0--- ->       2'10 2'10
  transition:       2'10 5'01--- ->       2'10 2'10
  transition:       2'10 5'11000 ->       2'00 2'00
  transition:       2'10 5'11--1 ->       2'01 2'01
  transition:       2'10 5'11-1- ->       2'10 2'10
  transition:       2'10 5'111-- ->       2'11 2'11
  transition:       2'01 5'-0--- ->       2'01 2'01
  transition:       2'01 5'01--- ->       2'01 2'01
  transition:       2'01 5'11000 ->       2'00 2'00
  transition:       2'01 5'11--1 ->       2'01 2'01
  transition:       2'01 5'11-1- ->       2'10 2'10
  transition:       2'01 5'111-- ->       2'11 2'11
  transition:       2'11 5'-0--- ->       2'11 2'11
  transition:       2'11 5'01--- ->       2'11 2'11
  transition:       2'11 5'11000 ->       2'00 2'00
  transition:       2'11 5'11--1 ->       2'01 2'01
  transition:       2'11 5'11-1- ->       2'10 2'10
  transition:       2'11 5'111-- ->       2'11 2'11

3.13.3. Executing FSM_OPT pass (simple optimizations of FSMs).
Optimizing FSM `$fsm$\gen_b_arbiter[2].u_rr.pointer_q$2554' from module `\axi_b_response_router'.
Optimizing FSM `$fsm$\gen_b_arbiter[2].u_rr.selected_q$2549' from module `\axi_b_response_router'.
Optimizing FSM `$fsm$\gen_b_arbiter[0].u_rr.pointer_q$2547' from module `\axi_b_response_router'.
Optimizing FSM `$fsm$\gen_b_arbiter[0].u_rr.selected_q$2542' from module `\axi_b_response_router'.
Optimizing FSM `$fsm$\gen_b_arbiter[1].u_rr.selected_q$2537' from module `\axi_b_response_router'.
Optimizing FSM `$fsm$\gen_b_arbiter[1].u_rr.pointer_q$2535' from module `\axi_b_response_router'.

3.13.4. Executing OPT_CLEAN pass (remove unused cells and wires).
Finding unused cells or wires in module \axi_b_response_router..
Removed 69 unused cells and 79 unused wires.
<suppressed ~83 debug messages>

3.13.5. Executing FSM_OPT pass (simple optimizations of FSMs).
Optimizing FSM `$fsm$\gen_b_arbiter[0].u_rr.selected_q$2542' from module `\axi_b_response_router'.
  Removing unused output signal \gen_b_arbiter[0].u_rr.selected_d [0].
  Removing unused output signal \gen_b_arbiter[0].u_rr.selected_d [1].
Optimizing FSM `$fsm$\gen_b_arbiter[1].u_rr.selected_q$2537' from module `\axi_b_response_router'.
  Removing unused output signal \gen_b_arbiter[1].u_rr.selected_d [0].
  Removing unused output signal \gen_b_arbiter[1].u_rr.selected_d [1].
Optimizing FSM `$fsm$\gen_b_arbiter[0].u_rr.pointer_q$2547' from module `\axi_b_response_router'.
Optimizing FSM `$fsm$\gen_b_arbiter[2].u_rr.selected_q$2549' from module `\axi_b_response_router'.
  Removing unused output signal \gen_b_arbiter[2].u_rr.selected_d [0].
  Removing unused output signal \gen_b_arbiter[2].u_rr.selected_d [1].
Optimizing FSM `$fsm$\gen_b_arbiter[2].u_rr.pointer_q$2554' from module `\axi_b_response_router'.
Optimizing FSM `$fsm$\gen_b_arbiter[1].u_rr.pointer_q$2535' from module `\axi_b_response_router'.

3.13.6. Executing FSM_RECODE pass (re-assigning FSM state encoding).
Recoding FSM `$fsm$\gen_b_arbiter[0].u_rr.selected_q$2542' from module `\axi_b_response_router' using `auto' encoding:
  mapping auto encoding to `one-hot` for this FSM.
  00 -> ---1
  10 -> --1-
  01 -> -1--
  11 -> 1---
Recoding FSM `$fsm$\gen_b_arbiter[1].u_rr.selected_q$2537' from module `\axi_b_response_router' using `auto' encoding:
  mapping auto encoding to `one-hot` for this FSM.
  00 -> ---1
  10 -> --1-
  01 -> -1--
  11 -> 1---
Recoding FSM `$fsm$\gen_b_arbiter[0].u_rr.pointer_q$2547' from module `\axi_b_response_router' using `auto' encoding:
  mapping auto encoding to `one-hot` for this FSM.
  00 -> ---1
  10 -> --1-
  01 -> -1--
  11 -> 1---
Recoding FSM `$fsm$\gen_b_arbiter[2].u_rr.selected_q$2549' from module `\axi_b_response_router' using `auto' encoding:
  mapping auto encoding to `one-hot` for this FSM.
  00 -> ---1
  10 -> --1-
  01 -> -1--
  11 -> 1---
Recoding FSM `$fsm$\gen_b_arbiter[2].u_rr.pointer_q$2554' from module `\axi_b_response_router' using `auto' encoding:
  mapping auto encoding to `one-hot` for this FSM.
  00 -> ---1
  10 -> --1-
  01 -> -1--
  11 -> 1---
Recoding FSM `$fsm$\gen_b_arbiter[1].u_rr.pointer_q$2535' from module `\axi_b_response_router' using `auto' encoding:
  mapping auto encoding to `one-hot` for this FSM.
  00 -> ---1
  10 -> --1-
  01 -> -1--
  11 -> 1---

3.13.7. Executing FSM_INFO pass (dumping all available information on FSM cells).

FSM `$fsm$\gen_b_arbiter[0].u_rr.selected_q$2542' from module `axi_b_response_router':
-------------------------------------

  Information on FSM $fsm$\gen_b_arbiter[0].u_rr.selected_q$2542 (\gen_b_arbiter[0].u_rr.selected_q):

  Number of input signals:    9
  Number of output signals:   3
  Number of state bits:       4

  Input signals:
    0: $flatten\gen_b_arbiter[0].u_rr.$procmux$1915_CMP
    1: $flatten\gen_b_arbiter[0].u_rr.$procmux$1914_CMP
    2: $flatten\gen_b_arbiter[0].u_rr.$procmux$1913_CMP
    3: \gen_b_arbiter[0].u_rr.grant_valid_q
    4: \gen_b_arbiter[0].u_rr.downstream_ready
    5: \gen_b_arbiter[0].u_rr.request [0]
    6: \gen_b_arbiter[0].u_rr.request [1]
    7: \gen_b_arbiter[0].u_rr.request [2]
    8: \gen_b_arbiter[0].u_rr.request [3]

  Output signals:
    0: $flatten\gen_b_arbiter[0].u_rr.$procmux$1802_CMP
    1: $flatten\gen_b_arbiter[0].u_rr.$procmux$1801_CMP
    2: $flatten\gen_b_arbiter[0].u_rr.$procmux$1800_CMP

  State encoding:
    0:     4'---1  <RESET STATE>
    1:     4'--1-
    2:     4'-1--
    3:     4'1---

  Transition Table (state_in, ctrl_in, state_out, ctrl_out):
      0:     0 9'0000-0000   ->     0 3'001
      1:     0 9'0--1-0000   ->     0 3'001
      2:     0 9'000-11--0   ->     0 3'001
      3:     0 9'0000-0--1   ->     0 3'001
      4:     0 9'---1-0--1   ->     0 3'001
      5:     0 9'000--0-1-   ->     0 3'001
      6:     0 9'0000-01--   ->     0 3'001
      7:     0 9'00-1-01--   ->     0 3'001
      8:     0 9'----01---   ->     0 3'001
      9:     0 9'0100-0000   ->     1 3'001
     10:     0 9'-10-11--0   ->     1 3'001
     11:     0 9'-100-0--1   ->     1 3'001
     12:     0 9'-10--0-1-   ->     1 3'001
     13:     0 9'-1---01--   ->     1 3'001
     14:     0 9'0-10-0000   ->     2 3'001
     15:     0 9'--1-11--0   ->     2 3'001
     16:     0 9'--10-0--1   ->     2 3'001
     17:     0 9'--1--0-1-   ->     2 3'001
     18:     0 9'0010-01--   ->     2 3'001
     19:     0 9'1----0000   ->     3 3'001
     20:     0 9'100-11--0   ->     3 3'001
     21:     0 9'1000-0--1   ->     3 3'001
     22:     0 9'100--0-1-   ->     3 3'001
     23:     0 9'10---01--   ->     3 3'001
     24:     1 9'0000-0000   ->     0 3'100
     25:     1 9'0--1-0000   ->     0 3'100
     26:     1 9'0000-0--1   ->     0 3'100
     27:     1 9'---1-0--1   ->     0 3'100
     28:     1 9'000--0-1-   ->     0 3'100
     29:     1 9'0000-01--   ->     0 3'100
     30:     1 9'00-1-01--   ->     0 3'100
     31:     1 9'000011---   ->     0 3'100
     32:     1 9'0--111---   ->     0 3'100
     33:     1 9'0100-0000   ->     1 3'100
     34:     1 9'-100-0--1   ->     1 3'100
     35:     1 9'-10--0-1-   ->     1 3'100
     36:     1 9'-1---01--   ->     1 3'100
     37:     1 9'----01---   ->     1 3'100
     38:     1 9'010011---   ->     1 3'100
     39:     1 9'0-10-0000   ->     2 3'100
     40:     1 9'--10-0--1   ->     2 3'100
     41:     1 9'--1--0-1-   ->     2 3'100
     42:     1 9'0010-01--   ->     2 3'100
     43:     1 9'0-1011---   ->     2 3'100
     44:     1 9'1----0000   ->     3 3'100
     45:     1 9'1000-0--1   ->     3 3'100
     46:     1 9'100--0-1-   ->     3 3'100
     47:     1 9'10---01--   ->     3 3'100
     48:     1 9'1---11---   ->     3 3'100
     49:     2 9'0000-0000   ->     0 3'010
     50:     2 9'0--1-0000   ->     0 3'010
     51:     2 9'000011-00   ->     0 3'010
     52:     2 9'00-111-00   ->     0 3'010
     53:     2 9'0000-0--1   ->     0 3'010
     54:     2 9'---1-0--1   ->     0 3'010
     55:     2 9'000--0-1-   ->     0 3'010
     56:     2 9'0000-01--   ->     0 3'010
     57:     2 9'00-1-01--   ->     0 3'010
     58:     2 9'0100-0000   ->     1 3'010
     59:     2 9'-1--11-00   ->     1 3'010
     60:     2 9'-100-0--1   ->     1 3'010
     61:     2 9'-10--0-1-   ->     1 3'010
     62:     2 9'-1---01--   ->     1 3'010
     63:     2 9'0-10-0000   ->     2 3'010
     64:     2 9'001011-00   ->     2 3'010
     65:     2 9'--10-0--1   ->     2 3'010
     66:     2 9'--1--0-1-   ->     2 3'010
     67:     2 9'0010-01--   ->     2 3'010
     68:     2 9'----01---   ->     2 3'010
     69:     2 9'1----0000   ->     3 3'010
     70:     2 9'10--11-00   ->     3 3'010
     71:     2 9'1000-0--1   ->     3 3'010
     72:     2 9'100--0-1-   ->     3 3'010
     73:     2 9'10---01--   ->     3 3'010
     74:     3 9'0000-0000   ->     0 3'000
     75:     3 9'0--1-0000   ->     0 3'000
     76:     3 9'0000-0--1   ->     0 3'000
     77:     3 9'---1-0--1   ->     0 3'000
     78:     3 9'000--0-1-   ->     0 3'000
     79:     3 9'0000-01--   ->     0 3'000
     80:     3 9'00-1-01--   ->     0 3'000
     81:     3 9'000011---   ->     0 3'000
     82:     3 9'---111---   ->     0 3'000
     83:     3 9'0100-0000   ->     1 3'000
     84:     3 9'-100-0--1   ->     1 3'000
     85:     3 9'-10--0-1-   ->     1 3'000
     86:     3 9'-1---01--   ->     1 3'000
     87:     3 9'-10011---   ->     1 3'000
     88:     3 9'0-10-0000   ->     2 3'000
     89:     3 9'--10-0--1   ->     2 3'000
     90:     3 9'--1--0-1-   ->     2 3'000
     91:     3 9'0010-01--   ->     2 3'000
     92:     3 9'--1011---   ->     2 3'000
     93:     3 9'1----0000   ->     3 3'000
     94:     3 9'1000-0--1   ->     3 3'000
     95:     3 9'100--0-1-   ->     3 3'000
     96:     3 9'10---01--   ->     3 3'000
     97:     3 9'----01---   ->     3 3'000
     98:     3 9'100011---   ->     3 3'000

-------------------------------------

FSM `$fsm$\gen_b_arbiter[1].u_rr.selected_q$2537' from module `axi_b_response_router':
-------------------------------------

  Information on FSM $fsm$\gen_b_arbiter[1].u_rr.selected_q$2537 (\gen_b_arbiter[1].u_rr.selected_q):

  Number of input signals:    9
  Number of output signals:   3
  Number of state bits:       4

  Input signals:
    0: $flatten\gen_b_arbiter[1].u_rr.$procmux$1915_CMP
    1: $flatten\gen_b_arbiter[1].u_rr.$procmux$1914_CMP
    2: $flatten\gen_b_arbiter[1].u_rr.$procmux$1913_CMP
    3: \gen_b_arbiter[1].u_rr.grant_valid_q
    4: \gen_b_arbiter[1].u_rr.downstream_ready
    5: \gen_b_arbiter[1].u_rr.request [0]
    6: \gen_b_arbiter[1].u_rr.request [1]
    7: \gen_b_arbiter[1].u_rr.request [2]
    8: \gen_b_arbiter[1].u_rr.request [3]

  Output signals:
    0: $flatten\gen_b_arbiter[1].u_rr.$procmux$1802_CMP
    1: $flatten\gen_b_arbiter[1].u_rr.$procmux$1801_CMP
    2: $flatten\gen_b_arbiter[1].u_rr.$procmux$1800_CMP

  State encoding:
    0:     4'---1  <RESET STATE>
    1:     4'--1-
    2:     4'-1--
    3:     4'1---

  Transition Table (state_in, ctrl_in, state_out, ctrl_out):
      0:     0 9'0000-0000   ->     0 3'001
      1:     0 9'0--1-0000   ->     0 3'001
      2:     0 9'000011000   ->     0 3'001
      3:     0 9'0--111000   ->     0 3'001
      4:     0 9'0000-0--1   ->     0 3'001
      5:     0 9'---1-0--1   ->     0 3'001
      6:     0 9'000011--1   ->     0 3'001
      7:     0 9'---111--1   ->     0 3'001
      8:     0 9'000--0-1-   ->     0 3'001
      9:     0 9'000-11-1-   ->     0 3'001
     10:     0 9'0000-01--   ->     0 3'001
     11:     0 9'00-1-01--   ->     0 3'001
     12:     0 9'0000111--   ->     0 3'001
     13:     0 9'00-1111--   ->     0 3'001
     14:     0 9'----01---   ->     0 3'001
     15:     0 9'0100-0000   ->     1 3'001
     16:     0 9'010011000   ->     1 3'001
     17:     0 9'-100-0--1   ->     1 3'001
     18:     0 9'-10011--1   ->     1 3'001
     19:     0 9'-10--0-1-   ->     1 3'001
     20:     0 9'-10-11-1-   ->     1 3'001
     21:     0 9'-1---01--   ->     1 3'001
     22:     0 9'-1--111--   ->     1 3'001
     23:     0 9'0-10-0000   ->     2 3'001
     24:     0 9'0-1011000   ->     2 3'001
     25:     0 9'--10-0--1   ->     2 3'001
     26:     0 9'--1011--1   ->     2 3'001
     27:     0 9'--1--0-1-   ->     2 3'001
     28:     0 9'--1-11-1-   ->     2 3'001
     29:     0 9'0010-01--   ->     2 3'001
     30:     0 9'0010111--   ->     2 3'001
     31:     0 9'1----0000   ->     3 3'001
     32:     0 9'1---11000   ->     3 3'001
     33:     0 9'1000-0--1   ->     3 3'001
     34:     0 9'100011--1   ->     3 3'001
     35:     0 9'100--0-1-   ->     3 3'001
     36:     0 9'100-11-1-   ->     3 3'001
     37:     0 9'10---01--   ->     3 3'001
     38:     0 9'10--111--   ->     3 3'001
     39:     1 9'0000-0000   ->     0 3'100
     40:     1 9'0--1-0000   ->     0 3'100
     41:     1 9'000011000   ->     0 3'100
     42:     1 9'0--111000   ->     0 3'100
     43:     1 9'0000-0--1   ->     0 3'100
     44:     1 9'---1-0--1   ->     0 3'100
     45:     1 9'000011--1   ->     0 3'100
     46:     1 9'---111--1   ->     0 3'100
     47:     1 9'000--0-1-   ->     0 3'100
     48:     1 9'000-11-1-   ->     0 3'100
     49:     1 9'0000-01--   ->     0 3'100
     50:     1 9'00-1-01--   ->     0 3'100
     51:     1 9'0000111--   ->     0 3'100
     52:     1 9'00-1111--   ->     0 3'100
     53:     1 9'0100-0000   ->     1 3'100
     54:     1 9'010011000   ->     1 3'100
     55:     1 9'-100-0--1   ->     1 3'100
     56:     1 9'-10011--1   ->     1 3'100
     57:     1 9'-10--0-1-   ->     1 3'100
     58:     1 9'-10-11-1-   ->     1 3'100
     59:     1 9'-1---01--   ->     1 3'100
     60:     1 9'-1--111--   ->     1 3'100
     61:     1 9'----01---   ->     1 3'100
     62:     1 9'0-10-0000   ->     2 3'100
     63:     1 9'0-1011000   ->     2 3'100
     64:     1 9'--10-0--1   ->     2 3'100
     65:     1 9'--1011--1   ->     2 3'100
     66:     1 9'--1--0-1-   ->     2 3'100
     67:     1 9'--1-11-1-   ->     2 3'100
     68:     1 9'0010-01--   ->     2 3'100
     69:     1 9'0010111--   ->     2 3'100
     70:     1 9'1----0000   ->     3 3'100
     71:     1 9'1---11000   ->     3 3'100
     72:     1 9'1000-0--1   ->     3 3'100
     73:     1 9'100011--1   ->     3 3'100
     74:     1 9'100--0-1-   ->     3 3'100
     75:     1 9'100-11-1-   ->     3 3'100
     76:     1 9'10---01--   ->     3 3'100
     77:     1 9'10--111--   ->     3 3'100
     78:     2 9'0000-0000   ->     0 3'010
     79:     2 9'0--1-0000   ->     0 3'010
     80:     2 9'000011000   ->     0 3'010
     81:     2 9'0--111000   ->     0 3'010
     82:     2 9'0000-0--1   ->     0 3'010
     83:     2 9'---1-0--1   ->     0 3'010
     84:     2 9'000011--1   ->     0 3'010
     85:     2 9'---111--1   ->     0 3'010
     86:     2 9'000--0-1-   ->     0 3'010
     87:     2 9'000-11-1-   ->     0 3'010
     88:     2 9'0000-01--   ->     0 3'010
     89:     2 9'00-1-01--   ->     0 3'010
     90:     2 9'0000111--   ->     0 3'010
     91:     2 9'00-1111--   ->     0 3'010
     92:     2 9'0100-0000   ->     1 3'010
     93:     2 9'010011000   ->     1 3'010
     94:     2 9'-100-0--1   ->     1 3'010
     95:     2 9'-10011--1   ->     1 3'010
     96:     2 9'-10--0-1-   ->     1 3'010
     97:     2 9'-10-11-1-   ->     1 3'010
     98:     2 9'-1---01--   ->     1 3'010
     99:     2 9'-1--111--   ->     1 3'010
    100:     2 9'0-10-0000   ->     2 3'010
    101:     2 9'0-1011000   ->     2 3'010
    102:     2 9'--10-0--1   ->     2 3'010
    103:     2 9'--1011--1   ->     2 3'010
    104:     2 9'--1--0-1-   ->     2 3'010
    105:     2 9'--1-11-1-   ->     2 3'010
    106:     2 9'0010-01--   ->     2 3'010
    107:     2 9'0010111--   ->     2 3'010
    108:     2 9'----01---   ->     2 3'010
    109:     2 9'1----0000   ->     3 3'010
    110:     2 9'1---11000   ->     3 3'010
    111:     2 9'1000-0--1   ->     3 3'010
    112:     2 9'100011--1   ->     3 3'010
    113:     2 9'100--0-1-   ->     3 3'010
    114:     2 9'100-11-1-   ->     3 3'010
    115:     2 9'10---01--   ->     3 3'010
    116:     2 9'10--111--   ->     3 3'010
    117:     3 9'0000-0000   ->     0 3'000
    118:     3 9'0--1-0000   ->     0 3'000
    119:     3 9'000011000   ->     0 3'000
    120:     3 9'0--111000   ->     0 3'000
    121:     3 9'0000-0--1   ->     0 3'000
    122:     3 9'---1-0--1   ->     0 3'000
    123:     3 9'000011--1   ->     0 3'000
    124:     3 9'---111--1   ->     0 3'000
    125:     3 9'000--0-1-   ->     0 3'000
    126:     3 9'000-11-1-   ->     0 3'000
    127:     3 9'0000-01--   ->     0 3'000
    128:     3 9'00-1-01--   ->     0 3'000
    129:     3 9'0000111--   ->     0 3'000
    130:     3 9'00-1111--   ->     0 3'000
    131:     3 9'0100-0000   ->     1 3'000
    132:     3 9'010011000   ->     1 3'000
    133:     3 9'-100-0--1   ->     1 3'000
    134:     3 9'-10011--1   ->     1 3'000
    135:     3 9'-10--0-1-   ->     1 3'000
    136:     3 9'-10-11-1-   ->     1 3'000
    137:     3 9'-1---01--   ->     1 3'000
    138:     3 9'-1--111--   ->     1 3'000
    139:     3 9'0-10-0000   ->     2 3'000
    140:     3 9'0-1011000   ->     2 3'000
    141:     3 9'--10-0--1   ->     2 3'000
    142:     3 9'--1011--1   ->     2 3'000
    143:     3 9'--1--0-1-   ->     2 3'000
    144:     3 9'--1-11-1-   ->     2 3'000
    145:     3 9'0010-01--   ->     2 3'000
    146:     3 9'0010111--   ->     2 3'000
    147:     3 9'1----0000   ->     3 3'000
    148:     3 9'1---11000   ->     3 3'000
    149:     3 9'1000-0--1   ->     3 3'000
    150:     3 9'100011--1   ->     3 3'000
    151:     3 9'100--0-1-   ->     3 3'000
    152:     3 9'100-11-1-   ->     3 3'000
    153:     3 9'10---01--   ->     3 3'000
    154:     3 9'10--111--   ->     3 3'000
    155:     3 9'----01---   ->     3 3'000

-------------------------------------

FSM `$fsm$\gen_b_arbiter[0].u_rr.pointer_q$2547' from module `axi_b_response_router':
-------------------------------------

  Information on FSM $fsm$\gen_b_arbiter[0].u_rr.pointer_q$2547 (\gen_b_arbiter[0].u_rr.pointer_q):

  Number of input signals:    5
  Number of output signals:   2
  Number of state bits:       4

  Input signals:
    0: $flatten\gen_b_arbiter[0].u_rr.$procmux$1802_CMP
    1: $flatten\gen_b_arbiter[0].u_rr.$procmux$1801_CMP
    2: $flatten\gen_b_arbiter[0].u_rr.$procmux$1800_CMP
    3: \gen_b_arbiter[0].u_rr.grant_valid_q
    4: \gen_b_arbiter[0].u_rr.downstream_ready

  Output signals:
    0: \gen_b_arbiter[0].u_rr.pointer_d [0]
    1: \gen_b_arbiter[0].u_rr.pointer_d [1]

  State encoding:
    0:     4'---1  <RESET STATE>
    1:     4'--1-
    2:     4'-1--
    3:     4'1---

  Transition Table (state_in, ctrl_in, state_out, ctrl_out):
      0:     0 5'11000   ->     0 2'00
      1:     0 5'-0---   ->     0 2'00
      2:     0 5'01---   ->     0 2'00
      3:     0 5'11-1-   ->     1 2'10
      4:     0 5'11--1   ->     2 2'01
      5:     0 5'111--   ->     3 2'11
      6:     1 5'11000   ->     0 2'00
      7:     1 5'11-1-   ->     1 2'10
      8:     1 5'-0---   ->     1 2'10
      9:     1 5'01---   ->     1 2'10
     10:     1 5'11--1   ->     2 2'01
     11:     1 5'111--   ->     3 2'11
     12:     2 5'11000   ->     0 2'00
     13:     2 5'11-1-   ->     1 2'10
     14:     2 5'11--1   ->     2 2'01
     15:     2 5'-0---   ->     2 2'01
     16:     2 5'01---   ->     2 2'01
     17:     2 5'111--   ->     3 2'11
     18:     3 5'11000   ->     0 2'00
     19:     3 5'11-1-   ->     1 2'10
     20:     3 5'11--1   ->     2 2'01
     21:     3 5'111--   ->     3 2'11
     22:     3 5'-0---   ->     3 2'11
     23:     3 5'01---   ->     3 2'11

-------------------------------------

FSM `$fsm$\gen_b_arbiter[2].u_rr.selected_q$2549' from module `axi_b_response_router':
-------------------------------------

  Information on FSM $fsm$\gen_b_arbiter[2].u_rr.selected_q$2549 (\gen_b_arbiter[2].u_rr.selected_q):

  Number of input signals:    9
  Number of output signals:   3
  Number of state bits:       4

  Input signals:
    0: $flatten\gen_b_arbiter[2].u_rr.$procmux$1915_CMP
    1: $flatten\gen_b_arbiter[2].u_rr.$procmux$1914_CMP
    2: $flatten\gen_b_arbiter[2].u_rr.$procmux$1913_CMP
    3: \gen_b_arbiter[2].u_rr.grant_valid_q
    4: \gen_b_arbiter[2].u_rr.downstream_ready
    5: \gen_b_arbiter[2].u_rr.request [0]
    6: \gen_b_arbiter[2].u_rr.request [1]
    7: \gen_b_arbiter[2].u_rr.request [2]
    8: \gen_b_arbiter[2].u_rr.request [3]

  Output signals:
    0: $flatten\gen_b_arbiter[2].u_rr.$procmux$1802_CMP
    1: $flatten\gen_b_arbiter[2].u_rr.$procmux$1801_CMP
    2: $flatten\gen_b_arbiter[2].u_rr.$procmux$1800_CMP

  State encoding:
    0:     4'---1  <RESET STATE>
    1:     4'--1-
    2:     4'-1--
    3:     4'1---

  Transition Table (state_in, ctrl_in, state_out, ctrl_out):
      0:     0 9'0000-0000   ->     0 3'001
      1:     0 9'0--1-0000   ->     0 3'001
      2:     0 9'000-11--0   ->     0 3'001
      3:     0 9'0000-0--1   ->     0 3'001
      4:     0 9'---1-0--1   ->     0 3'001
      5:     0 9'000--0-1-   ->     0 3'001
      6:     0 9'0000-01--   ->     0 3'001
      7:     0 9'00-1-01--   ->     0 3'001
      8:     0 9'----01---   ->     0 3'001
      9:     0 9'0100-0000   ->     1 3'001
     10:     0 9'-10-11--0   ->     1 3'001
     11:     0 9'-100-0--1   ->     1 3'001
     12:     0 9'-10--0-1-   ->     1 3'001
     13:     0 9'-1---01--   ->     1 3'001
     14:     0 9'0-10-0000   ->     2 3'001
     15:     0 9'--1-11--0   ->     2 3'001
     16:     0 9'--10-0--1   ->     2 3'001
     17:     0 9'--1--0-1-   ->     2 3'001
     18:     0 9'0010-01--   ->     2 3'001
     19:     0 9'1----0000   ->     3 3'001
     20:     0 9'100-11--0   ->     3 3'001
     21:     0 9'1000-0--1   ->     3 3'001
     22:     0 9'100--0-1-   ->     3 3'001
     23:     0 9'10---01--   ->     3 3'001
     24:     1 9'0000-0000   ->     0 3'100
     25:     1 9'0--1-0000   ->     0 3'100
     26:     1 9'0000-0--1   ->     0 3'100
     27:     1 9'---1-0--1   ->     0 3'100
     28:     1 9'000--0-1-   ->     0 3'100
     29:     1 9'0000-01--   ->     0 3'100
     30:     1 9'00-1-01--   ->     0 3'100
     31:     1 9'000011---   ->     0 3'100
     32:     1 9'0--111---   ->     0 3'100
     33:     1 9'0100-0000   ->     1 3'100
     34:     1 9'-100-0--1   ->     1 3'100
     35:     1 9'-10--0-1-   ->     1 3'100
     36:     1 9'-1---01--   ->     1 3'100
     37:     1 9'----01---   ->     1 3'100
     38:     1 9'010011---   ->     1 3'100
     39:     1 9'0-10-0000   ->     2 3'100
     40:     1 9'--10-0--1   ->     2 3'100
     41:     1 9'--1--0-1-   ->     2 3'100
     42:     1 9'0010-01--   ->     2 3'100
     43:     1 9'0-1011---   ->     2 3'100
     44:     1 9'1----0000   ->     3 3'100
     45:     1 9'1000-0--1   ->     3 3'100
     46:     1 9'100--0-1-   ->     3 3'100
     47:     1 9'10---01--   ->     3 3'100
     48:     1 9'1---11---   ->     3 3'100
     49:     2 9'0000-0000   ->     0 3'010
     50:     2 9'0--1-0000   ->     0 3'010
     51:     2 9'000011-00   ->     0 3'010
     52:     2 9'00-111-00   ->     0 3'010
     53:     2 9'0000-0--1   ->     0 3'010
     54:     2 9'---1-0--1   ->     0 3'010
     55:     2 9'000--0-1-   ->     0 3'010
     56:     2 9'0000-01--   ->     0 3'010
     57:     2 9'00-1-01--   ->     0 3'010
     58:     2 9'0100-0000   ->     1 3'010
     59:     2 9'-1--11-00   ->     1 3'010
     60:     2 9'-100-0--1   ->     1 3'010
     61:     2 9'-10--0-1-   ->     1 3'010
     62:     2 9'-1---01--   ->     1 3'010
     63:     2 9'0-10-0000   ->     2 3'010
     64:     2 9'001011-00   ->     2 3'010
     65:     2 9'--10-0--1   ->     2 3'010
     66:     2 9'--1--0-1-   ->     2 3'010
     67:     2 9'0010-01--   ->     2 3'010
     68:     2 9'----01---   ->     2 3'010
     69:     2 9'1----0000   ->     3 3'010
     70:     2 9'10--11-00   ->     3 3'010
     71:     2 9'1000-0--1   ->     3 3'010
     72:     2 9'100--0-1-   ->     3 3'010
     73:     2 9'10---01--   ->     3 3'010
     74:     3 9'0000-0000   ->     0 3'000
     75:     3 9'0--1-0000   ->     0 3'000
     76:     3 9'0000-0--1   ->     0 3'000
     77:     3 9'---1-0--1   ->     0 3'000
     78:     3 9'000--0-1-   ->     0 3'000
     79:     3 9'0000-01--   ->     0 3'000
     80:     3 9'00-1-01--   ->     0 3'000
     81:     3 9'000011---   ->     0 3'000
     82:     3 9'---111---   ->     0 3'000
     83:     3 9'0100-0000   ->     1 3'000
     84:     3 9'-100-0--1   ->     1 3'000
     85:     3 9'-10--0-1-   ->     1 3'000
     86:     3 9'-1---01--   ->     1 3'000
     87:     3 9'-10011---   ->     1 3'000
     88:     3 9'0-10-0000   ->     2 3'000
     89:     3 9'--10-0--1   ->     2 3'000
     90:     3 9'--1--0-1-   ->     2 3'000
     91:     3 9'0010-01--   ->     2 3'000
     92:     3 9'--1011---   ->     2 3'000
     93:     3 9'1----0000   ->     3 3'000
     94:     3 9'1000-0--1   ->     3 3'000
     95:     3 9'100--0-1-   ->     3 3'000
     96:     3 9'10---01--   ->     3 3'000
     97:     3 9'----01---   ->     3 3'000
     98:     3 9'100011---   ->     3 3'000

-------------------------------------

FSM `$fsm$\gen_b_arbiter[2].u_rr.pointer_q$2554' from module `axi_b_response_router':
-------------------------------------

  Information on FSM $fsm$\gen_b_arbiter[2].u_rr.pointer_q$2554 (\gen_b_arbiter[2].u_rr.pointer_q):

  Number of input signals:    5
  Number of output signals:   2
  Number of state bits:       4

  Input signals:
    0: $flatten\gen_b_arbiter[2].u_rr.$procmux$1802_CMP
    1: $flatten\gen_b_arbiter[2].u_rr.$procmux$1801_CMP
    2: $flatten\gen_b_arbiter[2].u_rr.$procmux$1800_CMP
    3: \gen_b_arbiter[2].u_rr.grant_valid_q
    4: \gen_b_arbiter[2].u_rr.downstream_ready

  Output signals:
    0: \gen_b_arbiter[2].u_rr.pointer_d [0]
    1: \gen_b_arbiter[2].u_rr.pointer_d [1]

  State encoding:
    0:     4'---1  <RESET STATE>
    1:     4'--1-
    2:     4'-1--
    3:     4'1---

  Transition Table (state_in, ctrl_in, state_out, ctrl_out):
      0:     0 5'11000   ->     0 2'00
      1:     0 5'-0---   ->     0 2'00
      2:     0 5'01---   ->     0 2'00
      3:     0 5'11-1-   ->     1 2'10
      4:     0 5'11--1   ->     2 2'01
      5:     0 5'111--   ->     3 2'11
      6:     1 5'11000   ->     0 2'00
      7:     1 5'11-1-   ->     1 2'10
      8:     1 5'-0---   ->     1 2'10
      9:     1 5'01---   ->     1 2'10
     10:     1 5'11--1   ->     2 2'01
     11:     1 5'111--   ->     3 2'11
     12:     2 5'11000   ->     0 2'00
     13:     2 5'11-1-   ->     1 2'10
     14:     2 5'11--1   ->     2 2'01
     15:     2 5'-0---   ->     2 2'01
     16:     2 5'01---   ->     2 2'01
     17:     2 5'111--   ->     3 2'11
     18:     3 5'11000   ->     0 2'00
     19:     3 5'11-1-   ->     1 2'10
     20:     3 5'11--1   ->     2 2'01
     21:     3 5'111--   ->     3 2'11
     22:     3 5'-0---   ->     3 2'11
     23:     3 5'01---   ->     3 2'11

-------------------------------------

FSM `$fsm$\gen_b_arbiter[1].u_rr.pointer_q$2535' from module `axi_b_response_router':
-------------------------------------

  Information on FSM $fsm$\gen_b_arbiter[1].u_rr.pointer_q$2535 (\gen_b_arbiter[1].u_rr.pointer_q):

  Number of input signals:    5
  Number of output signals:   2
  Number of state bits:       4

  Input signals:
    0: $flatten\gen_b_arbiter[1].u_rr.$procmux$1802_CMP
    1: $flatten\gen_b_arbiter[1].u_rr.$procmux$1801_CMP
    2: $flatten\gen_b_arbiter[1].u_rr.$procmux$1800_CMP
    3: \gen_b_arbiter[1].u_rr.grant_valid_q
    4: \gen_b_arbiter[1].u_rr.downstream_ready

  Output signals:
    0: \gen_b_arbiter[1].u_rr.pointer_d [0]
    1: \gen_b_arbiter[1].u_rr.pointer_d [1]

  State encoding:
    0:     4'---1  <RESET STATE>
    1:     4'--1-
    2:     4'-1--
    3:     4'1---

  Transition Table (state_in, ctrl_in, state_out, ctrl_out):
      0:     0 5'11000   ->     0 2'00
      1:     0 5'-0---   ->     0 2'00
      2:     0 5'01---   ->     0 2'00
      3:     0 5'11-1-   ->     1 2'10
      4:     0 5'11--1   ->     2 2'01
      5:     0 5'111--   ->     3 2'11
      6:     1 5'11000   ->     0 2'00
      7:     1 5'11-1-   ->     1 2'10
      8:     1 5'-0---   ->     1 2'10
      9:     1 5'01---   ->     1 2'10
     10:     1 5'11--1   ->     2 2'01
     11:     1 5'111--   ->     3 2'11
     12:     2 5'11000   ->     0 2'00
     13:     2 5'11-1-   ->     1 2'10
     14:     2 5'11--1   ->     2 2'01
     15:     2 5'-0---   ->     2 2'01
     16:     2 5'01---   ->     2 2'01
     17:     2 5'111--   ->     3 2'11
     18:     3 5'11000   ->     0 2'00
     19:     3 5'11-1-   ->     1 2'10
     20:     3 5'11--1   ->     2 2'01
     21:     3 5'111--   ->     3 2'11
     22:     3 5'-0---   ->     3 2'11
     23:     3 5'01---   ->     3 2'11

-------------------------------------

3.13.8. Executing FSM_MAP pass (mapping FSMs to basic logic).
Mapping FSM `$fsm$\gen_b_arbiter[0].u_rr.selected_q$2542' from module `\axi_b_response_router'.
Mapping FSM `$fsm$\gen_b_arbiter[1].u_rr.selected_q$2537' from module `\axi_b_response_router'.
Mapping FSM `$fsm$\gen_b_arbiter[0].u_rr.pointer_q$2547' from module `\axi_b_response_router'.
Mapping FSM `$fsm$\gen_b_arbiter[2].u_rr.selected_q$2549' from module `\axi_b_response_router'.
Mapping FSM `$fsm$\gen_b_arbiter[2].u_rr.pointer_q$2554' from module `\axi_b_response_router'.
Mapping FSM `$fsm$\gen_b_arbiter[1].u_rr.pointer_q$2535' from module `\axi_b_response_router'.

3.14. Executing OPT pass (performing simple optimizations).

3.14.1. Executing OPT_EXPR pass (perform const folding).
Optimizing module axi_b_response_router.
<suppressed ~21 debug messages>

3.14.2. Executing OPT_MERGE pass (detect identical cells).
Finding identical cells in module `\axi_b_response_router'.
Computing hashes of 663 cells of `\axi_b_response_router'.
Finding duplicate cells in `\axi_b_response_router'.
Computing hashes of 603 cells of `\axi_b_response_router'.
Finding duplicate cells in `\axi_b_response_router'.
<suppressed ~180 debug messages>
Removed a total of 60 cells.

3.14.3. Executing OPT_MUXTREE pass (detect dead branches in mux trees).
Running muxtree optimizer on module \axi_b_response_router..
  Creating internal representation of mux trees.
  Evaluating internal representation of mux trees.
  Analyzing evaluation results.
Removed 0 multiplexer ports.
<suppressed ~587 debug messages>

3.14.4. Executing OPT_REDUCE pass (consolidate $*mux and $reduce_* inputs).
  Optimizing cells in module \axi_b_response_router.
Performed a total of 0 changes.

3.14.5. Executing OPT_MERGE pass (detect identical cells).
Finding identical cells in module `\axi_b_response_router'.
Computing hashes of 603 cells of `\axi_b_response_router'.
Finding duplicate cells in `\axi_b_response_router'.
Removed a total of 0 cells.

3.14.6. Executing OPT_DFF pass (perform DFF optimizations).
Adding EN signal on $procdff$2496 ($adff) from module axi_b_response_router (D = $0\slot_source_q[5:0] [1:0], Q = \slot_source_q [1:0]).
Adding EN signal on $procdff$2496 ($adff) from module axi_b_response_router (D = $0\slot_source_q[5:0] [3:2], Q = \slot_source_q [3:2]).
Adding EN signal on $procdff$2496 ($adff) from module axi_b_response_router (D = $0\slot_source_q[5:0] [5:4], Q = \slot_source_q [5:4]).
Adding EN signal on $procdff$2481 ($adff) from module axi_b_response_router (D = $0\slot_valid[2:0] [0], Q = \slot_valid [0]).
Adding EN signal on $procdff$2481 ($adff) from module axi_b_response_router (D = $0\slot_valid[2:0] [1], Q = \slot_valid [1]).
Adding EN signal on $procdff$2481 ($adff) from module axi_b_response_router (D = $0\slot_valid[2:0] [2], Q = \slot_valid [2]).
Adding EN signal on $flatten\gen_b_arbiter[0].u_rr.$procdff$2513 ($adff) from module axi_b_response_router (D = \gen_b_arbiter[0].u_rr.grant_d, Q = \gen_b_arbiter[0].u_rr.grant_q).
Adding EN signal on $procdff$2486 ($adff) from module axi_b_response_router (D = $0\slot_bid_q[11:0] [3:0], Q = \slot_bid_q [3:0]).
Adding EN signal on $procdff$2486 ($adff) from module axi_b_response_router (D = $0\slot_bid_q[11:0] [7:4], Q = \slot_bid_q [7:4]).
Adding EN signal on $procdff$2486 ($adff) from module axi_b_response_router (D = $0\slot_bid_q[11:0] [11:8], Q = \slot_bid_q [11:8]).
Adding EN signal on $procdff$2491 ($adff) from module axi_b_response_router (D = $0\slot_bresp_q[5:0] [1:0], Q = \slot_bresp_q [1:0]).
Adding EN signal on $procdff$2491 ($adff) from module axi_b_response_router (D = $0\slot_bresp_q[5:0] [3:2], Q = \slot_bresp_q [3:2]).
Adding EN signal on $procdff$2491 ($adff) from module axi_b_response_router (D = $0\slot_bresp_q[5:0] [5:4], Q = \slot_bresp_q [5:4]).
Adding EN signal on $flatten\gen_b_arbiter[1].u_rr.$procdff$2513 ($adff) from module axi_b_response_router (D = \gen_b_arbiter[1].u_rr.grant_d, Q = \gen_b_arbiter[1].u_rr.grant_q).
Adding EN signal on $flatten\gen_b_arbiter[2].u_rr.$procdff$2513 ($adff) from module axi_b_response_router (D = \gen_b_arbiter[2].u_rr.grant_d, Q = \gen_b_arbiter[2].u_rr.grant_q).

3.14.7. Executing OPT_CLEAN pass (remove unused cells and wires).
Finding unused cells or wires in module \axi_b_response_router..
Removed 0 unused cells and 84 unused wires.
<suppressed ~4 debug messages>

3.14.8. Executing OPT_EXPR pass (perform const folding).
Optimizing module axi_b_response_router.
<suppressed ~12 debug messages>

3.14.9. Rerunning OPT passes. (Maybe there is more to do..)

3.14.10. Executing OPT_MUXTREE pass (detect dead branches in mux trees).
Running muxtree optimizer on module \axi_b_response_router..
  Creating internal representation of mux trees.
  Evaluating internal representation of mux trees.
  Analyzing evaluation results.
Removed 0 multiplexer ports.
<suppressed ~587 debug messages>

3.14.11. Executing OPT_REDUCE pass (consolidate $*mux and $reduce_* inputs).
  Optimizing cells in module \axi_b_response_router.
Performed a total of 0 changes.

3.14.12. Executing OPT_MERGE pass (detect identical cells).
Finding identical cells in module `\axi_b_response_router'.
Computing hashes of 626 cells of `\axi_b_response_router'.
Finding duplicate cells in `\axi_b_response_router'.
Computing hashes of 617 cells of `\axi_b_response_router'.
Finding duplicate cells in `\axi_b_response_router'.
<suppressed ~27 debug messages>
Removed a total of 9 cells.

3.14.13. Executing OPT_DFF pass (perform DFF optimizations).

3.14.14. Executing OPT_CLEAN pass (remove unused cells and wires).
Finding unused cells or wires in module \axi_b_response_router..
Removed 0 unused cells and 9 unused wires.
<suppressed ~1 debug messages>

3.14.15. Executing OPT_EXPR pass (perform const folding).
Optimizing module axi_b_response_router.

3.14.16. Rerunning OPT passes. (Maybe there is more to do..)

3.14.17. Executing OPT_MUXTREE pass (detect dead branches in mux trees).
Running muxtree optimizer on module \axi_b_response_router..
  Creating internal representation of mux trees.
  Evaluating internal representation of mux trees.
  Analyzing evaluation results.
Removed 0 multiplexer ports.
<suppressed ~587 debug messages>

3.14.18. Executing OPT_REDUCE pass (consolidate $*mux and $reduce_* inputs).
  Optimizing cells in module \axi_b_response_router.
Performed a total of 0 changes.

3.14.19. Executing OPT_MERGE pass (detect identical cells).
Finding identical cells in module `\axi_b_response_router'.
Computing hashes of 617 cells of `\axi_b_response_router'.
Finding duplicate cells in `\axi_b_response_router'.
Removed a total of 0 cells.

3.14.20. Executing OPT_DFF pass (perform DFF optimizations).

3.14.21. Executing OPT_CLEAN pass (remove unused cells and wires).
Finding unused cells or wires in module \axi_b_response_router..

3.14.22. Executing OPT_EXPR pass (perform const folding).
Optimizing module axi_b_response_router.

3.14.23. Finished fast OPT passes. (There is nothing left to do.)

3.15. Executing WREDUCE pass (reducing word size of cells).
Removed top 1 bits (of 2) from port B of cell axi_b_response_router.$auto$simple.cc:194:make_patterns_logic$3210 ($ne).
Removed top 1 bits (of 2) from port B of cell axi_b_response_router.$auto$simple.cc:194:make_patterns_logic$3207 ($ne).
Removed top 1 bits (of 2) from port B of cell axi_b_response_router.$auto$simple.cc:194:make_patterns_logic$3186 ($ne).
Removed top 1 bits (of 2) from port B of cell axi_b_response_router.$auto$fsm_map.cc:77:implement_pattern_cache$3160 ($eq).
Removed top 1 bits (of 2) from port B of cell axi_b_response_router.$auto$fsm_map.cc:77:implement_pattern_cache$3078 ($eq).
Removed top 1 bits (of 5) from port B of cell axi_b_response_router.$auto$fsm_map.cc:77:implement_pattern_cache$2965 ($eq).
Removed top 2 bits (of 6) from port B of cell axi_b_response_router.$auto$fsm_map.cc:77:implement_pattern_cache$2959 ($eq).
Removed top 2 bits (of 8) from port B of cell axi_b_response_router.$auto$fsm_map.cc:77:implement_pattern_cache$2949 ($eq).
Removed top 1 bits (of 7) from port B of cell axi_b_response_router.$auto$fsm_map.cc:77:implement_pattern_cache$2947 ($eq).
Removed top 1 bits (of 6) from port B of cell axi_b_response_router.$auto$fsm_map.cc:77:implement_pattern_cache$2938 ($eq).
Removed top 1 bits (of 8) from port B of cell axi_b_response_router.$auto$fsm_map.cc:77:implement_pattern_cache$2918 ($eq).
Removed top 1 bits (of 4) from port B of cell axi_b_response_router.$auto$fsm_map.cc:77:implement_pattern_cache$2909 ($eq).
Removed top 4 bits (of 6) from port B of cell axi_b_response_router.$auto$fsm_map.cc:77:implement_pattern_cache$2903 ($eq).
Removed top 2 bits (of 5) from port B of cell axi_b_response_router.$auto$fsm_map.cc:77:implement_pattern_cache$2897 ($eq).
Removed top 5 bits (of 6) from port B of cell axi_b_response_router.$auto$fsm_map.cc:77:implement_pattern_cache$2895 ($eq).
Removed top 4 bits (of 5) from port B of cell axi_b_response_router.$auto$fsm_map.cc:77:implement_pattern_cache$2893 ($eq).
Removed top 5 bits (of 6) from port B of cell axi_b_response_router.$auto$fsm_map.cc:77:implement_pattern_cache$2889 ($eq).
Removed top 3 bits (of 6) from port B of cell axi_b_response_router.$auto$fsm_map.cc:77:implement_pattern_cache$2885 ($eq).
Removed top 2 bits (of 7) from port B of cell axi_b_response_router.$auto$fsm_map.cc:77:implement_pattern_cache$2881 ($eq).
Removed top 4 bits (of 8) from port B of cell axi_b_response_router.$auto$fsm_map.cc:77:implement_pattern_cache$2879 ($eq).
Removed top 1 bits (of 6) from port B of cell axi_b_response_router.$auto$fsm_map.cc:77:implement_pattern_cache$2877 ($eq).
Removed top 1 bits (of 2) from port B of cell axi_b_response_router.$auto$fsm_map.cc:77:implement_pattern_cache$2864 ($eq).
Removed top 2 bits (of 7) from port B of cell axi_b_response_router.$auto$fsm_map.cc:77:implement_pattern_cache$2761 ($eq).
Removed top 2 bits (of 6) from port B of cell axi_b_response_router.$auto$fsm_map.cc:77:implement_pattern_cache$2759 ($eq).
Removed top 1 bits (of 8) from port B of cell axi_b_response_router.$auto$fsm_map.cc:77:implement_pattern_cache$2749 ($eq).
Removed top 1 bits (of 7) from port B of cell axi_b_response_router.$auto$fsm_map.cc:77:implement_pattern_cache$2747 ($eq).
Removed top 1 bits (of 9) from port B of cell axi_b_response_router.$auto$fsm_map.cc:77:implement_pattern_cache$2728 ($eq).
Removed top 1 bits (of 8) from port B of cell axi_b_response_router.$auto$fsm_map.cc:77:implement_pattern_cache$2726 ($eq).
Removed top 2 bits (of 6) from port B of cell axi_b_response_router.$auto$fsm_map.cc:77:implement_pattern_cache$2719 ($eq).
Removed top 4 bits (of 7) from port B of cell axi_b_response_router.$auto$fsm_map.cc:77:implement_pattern_cache$2717 ($eq).
Removed top 2 bits (of 5) from port B of cell axi_b_response_router.$auto$fsm_map.cc:77:implement_pattern_cache$2715 ($eq).
Removed top 5 bits (of 6) from port B of cell axi_b_response_router.$auto$fsm_map.cc:77:implement_pattern_cache$2713 ($eq).
Removed top 3 bits (of 6) from port B of cell axi_b_response_router.$auto$fsm_map.cc:77:implement_pattern_cache$2711 ($eq).
Removed top 4 bits (of 5) from port B of cell axi_b_response_router.$auto$fsm_map.cc:77:implement_pattern_cache$2709 ($eq).
Removed top 4 bits (of 7) from port B of cell axi_b_response_router.$auto$fsm_map.cc:77:implement_pattern_cache$2705 ($eq).
Removed top 5 bits (of 6) from port B of cell axi_b_response_router.$auto$fsm_map.cc:77:implement_pattern_cache$2701 ($eq).
Removed top 1 bits (of 7) from port B of cell axi_b_response_router.$auto$fsm_map.cc:77:implement_pattern_cache$2699 ($eq).
Removed top 4 bits (of 9) from port B of cell axi_b_response_router.$auto$fsm_map.cc:77:implement_pattern_cache$2697 ($eq).
Removed top 1 bits (of 6) from port B of cell axi_b_response_router.$auto$fsm_map.cc:77:implement_pattern_cache$2695 ($eq).
Removed top 1 bits (of 5) from port B of cell axi_b_response_router.$auto$fsm_map.cc:77:implement_pattern_cache$2651 ($eq).
Removed top 2 bits (of 6) from port B of cell axi_b_response_router.$auto$fsm_map.cc:77:implement_pattern_cache$2645 ($eq).
Removed top 2 bits (of 8) from port B of cell axi_b_response_router.$auto$fsm_map.cc:77:implement_pattern_cache$2635 ($eq).
Removed top 1 bits (of 7) from port B of cell axi_b_response_router.$auto$fsm_map.cc:77:implement_pattern_cache$2633 ($eq).
Removed top 1 bits (of 6) from port B of cell axi_b_response_router.$auto$fsm_map.cc:77:implement_pattern_cache$2624 ($eq).
Removed top 1 bits (of 8) from port B of cell axi_b_response_router.$auto$fsm_map.cc:77:implement_pattern_cache$2604 ($eq).
Removed top 1 bits (of 4) from port B of cell axi_b_response_router.$auto$fsm_map.cc:77:implement_pattern_cache$2595 ($eq).
Removed top 4 bits (of 6) from port B of cell axi_b_response_router.$auto$fsm_map.cc:77:implement_pattern_cache$2589 ($eq).
Removed top 2 bits (of 5) from port B of cell axi_b_response_router.$auto$fsm_map.cc:77:implement_pattern_cache$2583 ($eq).
Removed top 5 bits (of 6) from port B of cell axi_b_response_router.$auto$fsm_map.cc:77:implement_pattern_cache$2581 ($eq).
Removed top 4 bits (of 5) from port B of cell axi_b_response_router.$auto$fsm_map.cc:77:implement_pattern_cache$2579 ($eq).
Removed top 5 bits (of 6) from port B of cell axi_b_response_router.$auto$fsm_map.cc:77:implement_pattern_cache$2575 ($eq).
Removed top 3 bits (of 6) from port B of cell axi_b_response_router.$auto$fsm_map.cc:77:implement_pattern_cache$2571 ($eq).
Removed top 2 bits (of 7) from port B of cell axi_b_response_router.$auto$fsm_map.cc:77:implement_pattern_cache$2567 ($eq).
Removed top 4 bits (of 8) from port B of cell axi_b_response_router.$auto$fsm_map.cc:77:implement_pattern_cache$2565 ($eq).
Removed top 1 bits (of 6) from port B of cell axi_b_response_router.$auto$fsm_map.cc:77:implement_pattern_cache$2563 ($eq).
Removed top 15 bits (of 16) from port Y of cell axi_b_response_router.$shr$/Users/Dilan/Projects/fabric-under-pressure/rtl/axi_b_response_router.sv:48$125 ($shr).
Removed top 15 bits (of 16) from port Y of cell axi_b_response_router.$shr$/Users/Dilan/Projects/fabric-under-pressure/rtl/axi_b_response_router.sv:49$131 ($shr).
Removed top 15 bits (of 16) from port Y of cell axi_b_response_router.$shr$/Users/Dilan/Projects/fabric-under-pressure/rtl/axi_b_response_router.sv:50$137 ($shr).
Removed top 15 bits (of 16) from port Y of cell axi_b_response_router.$shr$/Users/Dilan/Projects/fabric-under-pressure/rtl/axi_b_response_router.sv:48$163 ($shr).
Removed top 15 bits (of 16) from port Y of cell axi_b_response_router.$shr$/Users/Dilan/Projects/fabric-under-pressure/rtl/axi_b_response_router.sv:49$169 ($shr).
Removed top 15 bits (of 16) from port Y of cell axi_b_response_router.$shr$/Users/Dilan/Projects/fabric-under-pressure/rtl/axi_b_response_router.sv:50$175 ($shr).
Removed top 15 bits (of 16) from port Y of cell axi_b_response_router.$shr$/Users/Dilan/Projects/fabric-under-pressure/rtl/axi_b_response_router.sv:48$201 ($shr).
Removed top 15 bits (of 16) from port Y of cell axi_b_response_router.$shr$/Users/Dilan/Projects/fabric-under-pressure/rtl/axi_b_response_router.sv:49$207 ($shr).
Removed top 15 bits (of 16) from port Y of cell axi_b_response_router.$shr$/Users/Dilan/Projects/fabric-under-pressure/rtl/axi_b_response_router.sv:50$213 ($shr).
Removed top 15 bits (of 16) from port Y of cell axi_b_response_router.$shr$/Users/Dilan/Projects/fabric-under-pressure/rtl/axi_b_response_router.sv:48$239 ($shr).
Removed top 15 bits (of 16) from port Y of cell axi_b_response_router.$shr$/Users/Dilan/Projects/fabric-under-pressure/rtl/axi_b_response_router.sv:49$245 ($shr).
Removed top 15 bits (of 16) from port Y of cell axi_b_response_router.$shr$/Users/Dilan/Projects/fabric-under-pressure/rtl/axi_b_response_router.sv:50$251 ($shr).
Removed top 1 bits (of 2) from port B of cell axi_b_response_router.$procmux$868_CMP0 ($eq).
Removed top 1 bits (of 2) from port B of cell axi_b_response_router.$procmux$1159_CMP0 ($eq).
Removed top 1 bits (of 2) from port B of cell axi_b_response_router.$procmux$1450_CMP0 ($eq).
Removed top 1 bits (of 2) from port B of cell axi_b_response_router.$procmux$1741_CMP0 ($eq).
Removed top 3 bits (of 4) from mux cell axi_b_response_router.$flatten\gen_b_arbiter[0].u_rr.$procmux$2209 ($mux).
Removed top 2 bits (of 4) from mux cell axi_b_response_router.$flatten\gen_b_arbiter[0].u_rr.$procmux$2081 ($mux).
Removed top 1 bits (of 4) from mux cell axi_b_response_router.$flatten\gen_b_arbiter[0].u_rr.$procmux$1934 ($mux).
Removed top 1 bits (of 2) from port B of cell axi_b_response_router.$flatten\gen_b_arbiter[0].u_rr.$procmux$1914_CMP0 ($eq).
Removed top 3 bits (of 4) from mux cell axi_b_response_router.$flatten\gen_b_arbiter[1].u_rr.$procmux$2209 ($mux).
Removed top 2 bits (of 4) from mux cell axi_b_response_router.$flatten\gen_b_arbiter[1].u_rr.$procmux$2081 ($mux).
Removed top 1 bits (of 4) from mux cell axi_b_response_router.$flatten\gen_b_arbiter[1].u_rr.$procmux$1934 ($mux).
Removed top 1 bits (of 2) from port B of cell axi_b_response_router.$flatten\gen_b_arbiter[1].u_rr.$procmux$1914_CMP0 ($eq).
Removed top 1 bits (of 2) from port B of cell axi_b_response_router.$flatten\gen_b_arbiter[2].u_rr.$procmux$2304_CMP0 ($eq).
Removed top 3 bits (of 4) from mux cell axi_b_response_router.$flatten\gen_b_arbiter[2].u_rr.$procmux$2209 ($mux).
Removed top 2 bits (of 4) from mux cell axi_b_response_router.$flatten\gen_b_arbiter[2].u_rr.$procmux$2081 ($mux).
Removed top 1 bits (of 4) from mux cell axi_b_response_router.$flatten\gen_b_arbiter[2].u_rr.$procmux$1934 ($mux).
Removed top 15 bits (of 16) from wire axi_b_response_router.$and$/Users/Dilan/Projects/fabric-under-pressure/rtl/axi_b_response_router.sv:50$252_Y.
Removed top 15 bits (of 16) from wire axi_b_response_router.$shr$/Users/Dilan/Projects/fabric-under-pressure/rtl/axi_b_response_router.sv:50$251_Y.
Removed top 15 bits (of 16) from wire axi_b_response_router.$and$/Users/Dilan/Projects/fabric-under-pressure/rtl/axi_b_response_router.sv:49$246_Y.
Removed top 15 bits (of 16) from wire axi_b_response_router.$shr$/Users/Dilan/Projects/fabric-under-pressure/rtl/axi_b_response_router.sv:49$245_Y.
Removed top 15 bits (of 16) from wire axi_b_response_router.$and$/Users/Dilan/Projects/fabric-under-pressure/rtl/axi_b_response_router.sv:48$240_Y.
Removed top 15 bits (of 16) from wire axi_b_response_router.$shr$/Users/Dilan/Projects/fabric-under-pressure/rtl/axi_b_response_router.sv:48$239_Y.
Removed top 1 bits (of 4) from wire axi_b_response_router.$flatten\gen_b_arbiter[0].u_rr.$17\candidate_grant[3:0].
Removed top 15 bits (of 16) from wire axi_b_response_router.$and$/Users/Dilan/Projects/fabric-under-pressure/rtl/axi_b_response_router.sv:50$214_Y.
Removed top 15 bits (of 16) from wire axi_b_response_router.$shr$/Users/Dilan/Projects/fabric-under-pressure/rtl/axi_b_response_router.sv:50$213_Y.
Removed top 15 bits (of 16) from wire axi_b_response_router.$and$/Users/Dilan/Projects/fabric-under-pressure/rtl/axi_b_response_router.sv:49$208_Y.
Removed top 15 bits (of 16) from wire axi_b_response_router.$shr$/Users/Dilan/Projects/fabric-under-pressure/rtl/axi_b_response_router.sv:49$207_Y.
Removed top 15 bits (of 16) from wire axi_b_response_router.$and$/Users/Dilan/Projects/fabric-under-pressure/rtl/axi_b_response_router.sv:48$202_Y.
Removed top 15 bits (of 16) from wire axi_b_response_router.$shr$/Users/Dilan/Projects/fabric-under-pressure/rtl/axi_b_response_router.sv:48$201_Y.
Removed top 15 bits (of 16) from wire axi_b_response_router.$and$/Users/Dilan/Projects/fabric-under-pressure/rtl/axi_b_response_router.sv:50$176_Y.
Removed top 15 bits (of 16) from wire axi_b_response_router.$shr$/Users/Dilan/Projects/fabric-under-pressure/rtl/axi_b_response_router.sv:50$175_Y.
Removed top 15 bits (of 16) from wire axi_b_response_router.$and$/Users/Dilan/Projects/fabric-under-pressure/rtl/axi_b_response_router.sv:49$170_Y.
Removed top 15 bits (of 16) from wire axi_b_response_router.$shr$/Users/Dilan/Projects/fabric-under-pressure/rtl/axi_b_response_router.sv:49$169_Y.
Removed top 15 bits (of 16) from wire axi_b_response_router.$and$/Users/Dilan/Projects/fabric-under-pressure/rtl/axi_b_response_router.sv:48$164_Y.
Removed top 15 bits (of 16) from wire axi_b_response_router.$shr$/Users/Dilan/Projects/fabric-under-pressure/rtl/axi_b_response_router.sv:48$163_Y.
Removed top 2 bits (of 4) from wire axi_b_response_router.$flatten\gen_b_arbiter[0].u_rr.$13\candidate_grant[3:0].
Removed top 15 bits (of 16) from wire axi_b_response_router.$and$/Users/Dilan/Projects/fabric-under-pressure/rtl/axi_b_response_router.sv:50$138_Y.
Removed top 15 bits (of 16) from wire axi_b_response_router.$shr$/Users/Dilan/Projects/fabric-under-pressure/rtl/axi_b_response_router.sv:50$137_Y.
Removed top 15 bits (of 16) from wire axi_b_response_router.$and$/Users/Dilan/Projects/fabric-under-pressure/rtl/axi_b_response_router.sv:49$132_Y.
Removed top 15 bits (of 16) from wire axi_b_response_router.$shr$/Users/Dilan/Projects/fabric-under-pressure/rtl/axi_b_response_router.sv:49$131_Y.
Removed top 15 bits (of 16) from wire axi_b_response_router.$and$/Users/Dilan/Projects/fabric-under-pressure/rtl/axi_b_response_router.sv:48$126_Y.
Removed top 15 bits (of 16) from wire axi_b_response_router.$shr$/Users/Dilan/Projects/fabric-under-pressure/rtl/axi_b_response_router.sv:48$125_Y.
Removed top 3 bits (of 4) from wire axi_b_response_router.$flatten\gen_b_arbiter[1].u_rr.$9\candidate_grant[3:0].
Removed top 3 bits (of 4) from wire axi_b_response_router.$flatten\gen_b_arbiter[0].u_rr.$9\candidate_grant[3:0].
Removed top 1 bits (of 4) from wire axi_b_response_router.$flatten\gen_b_arbiter[2].u_rr.$17\candidate_grant[3:0].
Removed top 2 bits (of 4) from wire axi_b_response_router.$flatten\gen_b_arbiter[2].u_rr.$13\candidate_grant[3:0].
Removed top 3 bits (of 4) from wire axi_b_response_router.$flatten\gen_b_arbiter[2].u_rr.$9\candidate_grant[3:0].
Removed top 1 bits (of 4) from wire axi_b_response_router.$flatten\gen_b_arbiter[1].u_rr.$17\candidate_grant[3:0].
Removed top 2 bits (of 4) from wire axi_b_response_router.$flatten\gen_b_arbiter[1].u_rr.$13\candidate_grant[3:0].

3.16. Executing PEEPOPT pass (run peephole optimizers).

3.17. Executing OPT_CLEAN pass (remove unused cells and wires).
Finding unused cells or wires in module \axi_b_response_router..
Removed 0 unused cells and 45 unused wires.
<suppressed ~1 debug messages>

3.18. Executing SHARE pass (SAT-based resource sharing).

3.19. Executing TECHMAP pass (map to technology primitives).

3.19.1. Executing Verilog-2005 frontend: /Users/Dilan/eda/fabric-under-pressure/oss-cad-suite/libexec/../share/yosys/cmp2lut.v
Parsing Verilog input from `/Users/Dilan/eda/fabric-under-pressure/oss-cad-suite/libexec/../share/yosys/cmp2lut.v' to AST representation.
Generating RTLIL representation for module `\_90_lut_cmp_'.
Successfully finished Verilog frontend.

3.19.2. Continuing TECHMAP pass.
No more expansions possible.
<suppressed ~6 debug messages>

3.20. Executing OPT_EXPR pass (perform const folding).
Optimizing module axi_b_response_router.

3.21. Executing OPT_CLEAN pass (remove unused cells and wires).
Finding unused cells or wires in module \axi_b_response_router..

3.22. Executing TECHMAP pass (map to technology primitives).

3.22.1. Executing Verilog-2005 frontend: /Users/Dilan/eda/fabric-under-pressure/oss-cad-suite/libexec/../share/yosys/mul2dsp.v
Parsing Verilog input from `/Users/Dilan/eda/fabric-under-pressure/oss-cad-suite/libexec/../share/yosys/mul2dsp.v' to AST representation.
Generating RTLIL representation for module `\_80_mul'.
Generating RTLIL representation for module `\_90_soft_mul'.
Successfully finished Verilog frontend.

3.22.2. Continuing TECHMAP pass.
No more expansions possible.
<suppressed ~4 debug messages>

3.23. Executing TECHMAP pass (map to technology primitives).

3.23.1. Executing Verilog-2005 frontend: /Users/Dilan/eda/fabric-under-pressure/oss-cad-suite/libexec/../share/yosys/lattice/dsp_map_18x18.v
Parsing Verilog input from `/Users/Dilan/eda/fabric-under-pressure/oss-cad-suite/libexec/../share/yosys/lattice/dsp_map_18x18.v' to AST representation.
Generating RTLIL representation for module `$__MUL18X18'.
Successfully finished Verilog frontend.

3.23.2. Continuing TECHMAP pass.
No more expansions possible.
<suppressed ~3 debug messages>

3.24. Executing ALUMACC pass (create $alu and $macc cells).
Extracting $alu and $macc cells in module axi_b_response_router:
  created 0 $alu and 0 $macc cells.

3.25. Executing OPT pass (performing simple optimizations).

3.25.1. Executing OPT_EXPR pass (perform const folding).
Optimizing module axi_b_response_router.

3.25.2. Executing OPT_MERGE pass (detect identical cells).
Finding identical cells in module `\axi_b_response_router'.
Computing hashes of 617 cells of `\axi_b_response_router'.
Finding duplicate cells in `\axi_b_response_router'.
Removed a total of 0 cells.

3.25.3. Executing OPT_MUXTREE pass (detect dead branches in mux trees).
Running muxtree optimizer on module \axi_b_response_router..
  Creating internal representation of mux trees.
  Evaluating internal representation of mux trees.
  Analyzing evaluation results.
Removed 0 multiplexer ports.
<suppressed ~587 debug messages>

3.25.4. Executing OPT_REDUCE pass (consolidate $*mux and $reduce_* inputs).
  Optimizing cells in module \axi_b_response_router.
Performed a total of 0 changes.

3.25.5. Executing OPT_MERGE pass (detect identical cells).
Finding identical cells in module `\axi_b_response_router'.
Computing hashes of 617 cells of `\axi_b_response_router'.
Finding duplicate cells in `\axi_b_response_router'.
Computing hashes of 614 cells of `\axi_b_response_router'.
Finding duplicate cells in `\axi_b_response_router'.
<suppressed ~9 debug messages>
Removed a total of 3 cells.

3.25.6. Executing OPT_DFF pass (perform DFF optimizations).

3.25.7. Executing OPT_CLEAN pass (remove unused cells and wires).
Finding unused cells or wires in module \axi_b_response_router..
Removed 0 unused cells and 3 unused wires.
<suppressed ~1 debug messages>

3.25.8. Executing OPT_EXPR pass (perform const folding).
Optimizing module axi_b_response_router.

3.25.9. Rerunning OPT passes. (Maybe there is more to do..)

3.25.10. Executing OPT_MUXTREE pass (detect dead branches in mux trees).
Running muxtree optimizer on module \axi_b_response_router..
  Creating internal representation of mux trees.
  Evaluating internal representation of mux trees.
  Analyzing evaluation results.
Removed 0 multiplexer ports.
<suppressed ~593 debug messages>

3.25.11. Executing OPT_REDUCE pass (consolidate $*mux and $reduce_* inputs).
  Optimizing cells in module \axi_b_response_router.
Performed a total of 0 changes.

3.25.12. Executing OPT_MERGE pass (detect identical cells).
Finding identical cells in module `\axi_b_response_router'.
Computing hashes of 614 cells of `\axi_b_response_router'.
Finding duplicate cells in `\axi_b_response_router'.
Removed a total of 0 cells.

3.25.13. Executing OPT_DFF pass (perform DFF optimizations).

3.25.14. Executing OPT_CLEAN pass (remove unused cells and wires).
Finding unused cells or wires in module \axi_b_response_router..

3.25.15. Executing OPT_EXPR pass (perform const folding).
Optimizing module axi_b_response_router.

3.25.16. Finished fast OPT passes. (There is nothing left to do.)

3.26. Executing MEMORY pass.

3.26.1. Executing OPT_MEM pass (optimize memories).
Performed a total of 0 transformations.

3.26.2. Executing OPT_MEM_PRIORITY pass (removing unnecessary memory write priority relations).
Performed a total of 0 transformations.

3.26.3. Executing OPT_MEM_FEEDBACK pass (finding memory read-to-write feedback paths).

3.26.4. Executing MEMORY_BMUX2ROM pass (converting muxes to ROMs).

3.26.5. Executing MEMORY_DFF pass (merging $dff cells to $memrd).

3.26.6. Executing OPT_CLEAN pass (remove unused cells and wires).
Finding unused cells or wires in module \axi_b_response_router..

3.26.7. Executing MEMORY_SHARE pass (consolidating $memrd/$memwr cells).

3.26.8. Executing OPT_MEM_WIDEN pass (optimize memories where all ports are wide).
Performed a total of 0 transformations.

3.26.9. Executing OPT_CLEAN pass (remove unused cells and wires).
Finding unused cells or wires in module \axi_b_response_router..

3.26.10. Executing MEMORY_COLLECT pass (generating $mem cells).

3.27. Executing OPT_CLEAN pass (remove unused cells and wires).
Finding unused cells or wires in module \axi_b_response_router..

3.28. Executing MEMORY_LIBMAP pass (mapping memories to cells).

3.29. Executing TECHMAP pass (map to technology primitives).

3.29.1. Executing Verilog-2005 frontend: /Users/Dilan/eda/fabric-under-pressure/oss-cad-suite/libexec/../share/yosys/lattice/lutrams_map_trellis.v
Parsing Verilog input from `/Users/Dilan/eda/fabric-under-pressure/oss-cad-suite/libexec/../share/yosys/lattice/lutrams_map_trellis.v' to AST representation.
Generating RTLIL representation for module `$__TRELLIS_DPR16X4_'.
Successfully finished Verilog frontend.

3.29.2. Executing Verilog-2005 frontend: /Users/Dilan/eda/fabric-under-pressure/oss-cad-suite/libexec/../share/yosys/lattice/brams_map_16kd.v
Parsing Verilog input from `/Users/Dilan/eda/fabric-under-pressure/oss-cad-suite/libexec/../share/yosys/lattice/brams_map_16kd.v' to AST representation.
Generating RTLIL representation for module `$__DP16KD_'.
Generating RTLIL representation for module `$__PDPW16KD_'.
Successfully finished Verilog frontend.

3.29.3. Continuing TECHMAP pass.
No more expansions possible.
<suppressed ~5 debug messages>

3.30. Executing OPT pass (performing simple optimizations).

3.30.1. Executing OPT_EXPR pass (perform const folding).
Optimizing module axi_b_response_router.
<suppressed ~94 debug messages>

3.30.2. Executing OPT_MERGE pass (detect identical cells).
Finding identical cells in module `\axi_b_response_router'.
Computing hashes of 520 cells of `\axi_b_response_router'.
Finding duplicate cells in `\axi_b_response_router'.
Removed a total of 0 cells.

3.30.3. Executing OPT_DFF pass (perform DFF optimizations).

3.30.4. Executing OPT_CLEAN pass (remove unused cells and wires).
Finding unused cells or wires in module \axi_b_response_router..
Removed 0 unused cells and 91 unused wires.
<suppressed ~1 debug messages>

3.30.5. Finished fast OPT passes.

3.31. Executing MEMORY_MAP pass (converting memories to logic and flip-flops).

3.32. Executing OPT pass (performing simple optimizations).

3.32.1. Executing OPT_EXPR pass (perform const folding).
Optimizing module axi_b_response_router.

3.32.2. Executing OPT_MERGE pass (detect identical cells).
Finding identical cells in module `\axi_b_response_router'.
Computing hashes of 520 cells of `\axi_b_response_router'.
Finding duplicate cells in `\axi_b_response_router'.
Removed a total of 0 cells.

3.32.3. Executing OPT_MUXTREE pass (detect dead branches in mux trees).
Running muxtree optimizer on module \axi_b_response_router..
  Creating internal representation of mux trees.
  Evaluating internal representation of mux trees.
  Analyzing evaluation results.
Removed 0 multiplexer ports.
<suppressed ~297 debug messages>

3.32.4. Executing OPT_REDUCE pass (consolidate $*mux and $reduce_* inputs).
  Optimizing cells in module \axi_b_response_router.
    Consolidated identical input bits for $mux cell $flatten\gen_b_arbiter[2].u_rr.$procmux$1979:
      Old ports: A={ 1'0 $auto$wreduce.cc:513:run$3239 [2:0] }, B=4'0010, Y=$flatten\gen_b_arbiter[2].u_rr.$16\candidate_grant[3:0]
      New ports: A=$auto$wreduce.cc:513:run$3239 [2:0], B=3'010, Y=$flatten\gen_b_arbiter[2].u_rr.$16\candidate_grant[3:0] [2:0]
      New connections: $flatten\gen_b_arbiter[2].u_rr.$16\candidate_grant[3:0] [3] = 1'0
    Consolidated identical input bits for $mux cell $flatten\gen_b_arbiter[2].u_rr.$procmux$2081:
      Old ports: A=2'00, B=2'10, Y=$auto$wreduce.cc:513:run$3240 [1:0]
      New ports: A=1'0, B=1'1, Y=$auto$wreduce.cc:513:run$3240 [1]
      New connections: $auto$wreduce.cc:513:run$3240 [0] = 1'0
    Consolidated identical input bits for $mux cell $flatten\gen_b_arbiter[2].u_rr.$procmux$1934:
      Old ports: A=3'000, B=3'100, Y=$auto$wreduce.cc:513:run$3239 [2:0]
      New ports: A=1'0, B=1'1, Y=$auto$wreduce.cc:513:run$3239 [2]
      New connections: $auto$wreduce.cc:513:run$3239 [1:0] = 2'00
    Consolidated identical input bits for $mux cell $flatten\gen_b_arbiter[1].u_rr.$procmux$2251:
      Old ports: A={ 3'000 \gen_b_arbiter[1].u_rr.request [0] }, B=4'1000, Y=$flatten\gen_b_arbiter[1].u_rr.$8\candidate_grant[3:0]
      New ports: A={ 1'0 \gen_b_arbiter[1].u_rr.request [0] }, B=2'10, Y={ $flatten\gen_b_arbiter[1].u_rr.$8\candidate_grant[3:0] [3] $flatten\gen_b_arbiter[1].u_rr.$8\candidate_grant[3:0] [0] }
      New connections: $flatten\gen_b_arbiter[1].u_rr.$8\candidate_grant[3:0] [2:1] = 2'00
    Consolidated identical input bits for $mux cell $flatten\gen_b_arbiter[0].u_rr.$procmux$2081:
      Old ports: A=2'00, B=2'10, Y=$auto$wreduce.cc:513:run$3230 [1:0]
      New ports: A=1'0, B=1'1, Y=$auto$wreduce.cc:513:run$3230 [1]
      New connections: $auto$wreduce.cc:513:run$3230 [0] = 1'0
    Consolidated identical input bits for $mux cell $flatten\gen_b_arbiter[0].u_rr.$procmux$2120:
      Old ports: A={ 2'00 $auto$wreduce.cc:513:run$3230 [1:0] }, B=4'0001, Y=$flatten\gen_b_arbiter[0].u_rr.$12\candidate_grant[3:0]
      New ports: A=$auto$wreduce.cc:513:run$3230 [1:0], B=2'01, Y=$flatten\gen_b_arbiter[0].u_rr.$12\candidate_grant[3:0] [1:0]
      New connections: $flatten\gen_b_arbiter[0].u_rr.$12\candidate_grant[3:0] [3:2] = 2'00
    Consolidated identical input bits for $mux cell $flatten\gen_b_arbiter[1].u_rr.$procmux$2081:
      Old ports: A=2'00, B=2'10, Y=$auto$wreduce.cc:513:run$3243 [1:0]
      New ports: A=1'0, B=1'1, Y=$auto$wreduce.cc:513:run$3243 [1]
      New connections: $auto$wreduce.cc:513:run$3243 [0] = 1'0
    Consolidated identical input bits for $mux cell $flatten\gen_b_arbiter[0].u_rr.$procmux$2350:
      Old ports: A=4'0000, B=4'1000, Y=$flatten\gen_b_arbiter[0].u_rr.$5\candidate_grant[3:0]
      New ports: A=1'0, B=1'1, Y=$flatten\gen_b_arbiter[0].u_rr.$5\candidate_grant[3:0] [3]
      New connections: $flatten\gen_b_arbiter[0].u_rr.$5\candidate_grant[3:0] [2:0] = 3'000
    Consolidated identical input bits for $mux cell $flatten\gen_b_arbiter[0].u_rr.$procmux$2251:
      Old ports: A={ 3'000 \gen_b_arbiter[0].u_rr.request [0] }, B=4'1000, Y=$flatten\gen_b_arbiter[0].u_rr.$8\candidate_grant[3:0]
      New ports: A={ 1'0 \gen_b_arbiter[0].u_rr.request [0] }, B=2'10, Y={ $flatten\gen_b_arbiter[0].u_rr.$8\candidate_grant[3:0] [3] $flatten\gen_b_arbiter[0].u_rr.$8\candidate_grant[3:0] [0] }
      New connections: $flatten\gen_b_arbiter[0].u_rr.$8\candidate_grant[3:0] [2:1] = 2'00
    Consolidated identical input bits for $mux cell $flatten\gen_b_arbiter[1].u_rr.$procmux$1979:
      Old ports: A={ 1'0 $auto$wreduce.cc:513:run$3242 [2:0] }, B=4'0010, Y=$flatten\gen_b_arbiter[1].u_rr.$16\candidate_grant[3:0]
      New ports: A=$auto$wreduce.cc:513:run$3242 [2:0], B=3'010, Y=$flatten\gen_b_arbiter[1].u_rr.$16\candidate_grant[3:0] [2:0]
      New connections: $flatten\gen_b_arbiter[1].u_rr.$16\candidate_grant[3:0] [3] = 1'0
    Consolidated identical input bits for $mux cell $flatten\gen_b_arbiter[2].u_rr.$procmux$2120:
      Old ports: A={ 2'00 $auto$wreduce.cc:513:run$3240 [1:0] }, B=4'0001, Y=$flatten\gen_b_arbiter[2].u_rr.$12\candidate_grant[3:0]
      New ports: A=$auto$wreduce.cc:513:run$3240 [1:0], B=2'01, Y=$flatten\gen_b_arbiter[2].u_rr.$12\candidate_grant[3:0] [1:0]
      New connections: $flatten\gen_b_arbiter[2].u_rr.$12\candidate_grant[3:0] [3:2] = 2'00
    Consolidated identical input bits for $mux cell $flatten\gen_b_arbiter[2].u_rr.$procmux$2350:
      Old ports: A=4'0000, B=4'1000, Y=$flatten\gen_b_arbiter[2].u_rr.$5\candidate_grant[3:0]
      New ports: A=1'0, B=1'1, Y=$flatten\gen_b_arbiter[2].u_rr.$5\candidate_grant[3:0] [3]
      New connections: $flatten\gen_b_arbiter[2].u_rr.$5\candidate_grant[3:0] [2:0] = 3'000
    Consolidated identical input bits for $mux cell $flatten\gen_b_arbiter[1].u_rr.$procmux$2350:
      Old ports: A=4'0000, B=4'1000, Y=$flatten\gen_b_arbiter[1].u_rr.$5\candidate_grant[3:0]
      New ports: A=1'0, B=1'1, Y=$flatten\gen_b_arbiter[1].u_rr.$5\candidate_grant[3:0] [3]
      New connections: $flatten\gen_b_arbiter[1].u_rr.$5\candidate_grant[3:0] [2:0] = 3'000
    Consolidated identical input bits for $mux cell $flatten\gen_b_arbiter[0].u_rr.$procmux$1934:
      Old ports: A=3'000, B=3'100, Y=$auto$wreduce.cc:513:run$3217 [2:0]
      New ports: A=1'0, B=1'1, Y=$auto$wreduce.cc:513:run$3217 [2]
      New connections: $auto$wreduce.cc:513:run$3217 [1:0] = 2'00
    Consolidated identical input bits for $mux cell $flatten\gen_b_arbiter[0].u_rr.$procmux$1979:
      Old ports: A={ 1'0 $auto$wreduce.cc:513:run$3217 [2:0] }, B=4'0010, Y=$flatten\gen_b_arbiter[0].u_rr.$16\candidate_grant[3:0]
      New ports: A=$auto$wreduce.cc:513:run$3217 [2:0], B=3'010, Y=$flatten\gen_b_arbiter[0].u_rr.$16\candidate_grant[3:0] [2:0]
      New connections: $flatten\gen_b_arbiter[0].u_rr.$16\candidate_grant[3:0] [3] = 1'0
    Consolidated identical input bits for $mux cell $flatten\gen_b_arbiter[1].u_rr.$procmux$2120:
      Old ports: A={ 2'00 $auto$wreduce.cc:513:run$3243 [1:0] }, B=4'0001, Y=$flatten\gen_b_arbiter[1].u_rr.$12\candidate_grant[3:0]
      New ports: A=$auto$wreduce.cc:513:run$3243 [1:0], B=2'01, Y=$flatten\gen_b_arbiter[1].u_rr.$12\candidate_grant[3:0] [1:0]
      New connections: $flatten\gen_b_arbiter[1].u_rr.$12\candidate_grant[3:0] [3:2] = 2'00
    Consolidated identical input bits for $mux cell $flatten\gen_b_arbiter[1].u_rr.$procmux$1934:
      Old ports: A=3'000, B=3'100, Y=$auto$wreduce.cc:513:run$3242 [2:0]
      New ports: A=1'0, B=1'1, Y=$auto$wreduce.cc:513:run$3242 [2]
      New connections: $auto$wreduce.cc:513:run$3242 [1:0] = 2'00
    Consolidated identical input bits for $mux cell $flatten\gen_b_arbiter[2].u_rr.$procmux$2251:
      Old ports: A={ 3'000 \gen_b_arbiter[2].u_rr.request [0] }, B=4'1000, Y=$flatten\gen_b_arbiter[2].u_rr.$8\candidate_grant[3:0]
      New ports: A={ 1'0 \gen_b_arbiter[2].u_rr.request [0] }, B=2'10, Y={ $flatten\gen_b_arbiter[2].u_rr.$8\candidate_grant[3:0] [3] $flatten\gen_b_arbiter[2].u_rr.$8\candidate_grant[3:0] [0] }
      New connections: $flatten\gen_b_arbiter[2].u_rr.$8\candidate_grant[3:0] [2:1] = 2'00
  Optimizing cells in module \axi_b_response_router.
    Consolidated identical input bits for $mux cell $flatten\gen_b_arbiter[2].u_rr.$procmux$1979:
      Old ports: A=$auto$wreduce.cc:513:run$3239 [2:0], B=3'010, Y=$flatten\gen_b_arbiter[2].u_rr.$16\candidate_grant[3:0] [2:0]
      New ports: A={ $auto$wreduce.cc:513:run$3239 [2] 1'0 }, B=2'01, Y=$flatten\gen_b_arbiter[2].u_rr.$16\candidate_grant[3:0] [2:1]
      New connections: $flatten\gen_b_arbiter[2].u_rr.$16\candidate_grant[3:0] [0] = 1'0
    Consolidated identical input bits for $mux cell $flatten\gen_b_arbiter[0].u_rr.$procmux$2284:
      Old ports: A=$flatten\gen_b_arbiter[0].u_rr.$8\candidate_grant[3:0], B=4'0100, Y=$flatten\gen_b_arbiter[0].u_rr.$7\candidate_grant[3:0]
      New ports: A={ $flatten\gen_b_arbiter[0].u_rr.$8\candidate_grant[3:0] [3] 1'0 $flatten\gen_b_arbiter[0].u_rr.$8\candidate_grant[3:0] [0] }, B=3'010, Y={ $flatten\gen_b_arbiter[0].u_rr.$7\candidate_grant[3:0] [3:2] $flatten\gen_b_arbiter[0].u_rr.$7\candidate_grant[3:0] [0] }
      New connections: $flatten\gen_b_arbiter[0].u_rr.$7\candidate_grant[3:0] [1] = 1'0
    Consolidated identical input bits for $mux cell $flatten\gen_b_arbiter[1].u_rr.$procmux$2284:
      Old ports: A=$flatten\gen_b_arbiter[1].u_rr.$8\candidate_grant[3:0], B=4'0100, Y=$flatten\gen_b_arbiter[1].u_rr.$7\candidate_grant[3:0]
      New ports: A={ $flatten\gen_b_arbiter[1].u_rr.$8\candidate_grant[3:0] [3] 1'0 $flatten\gen_b_arbiter[1].u_rr.$8\candidate_grant[3:0] [0] }, B=3'010, Y={ $flatten\gen_b_arbiter[1].u_rr.$7\candidate_grant[3:0] [3:2] $flatten\gen_b_arbiter[1].u_rr.$7\candidate_grant[3:0] [0] }
      New connections: $flatten\gen_b_arbiter[1].u_rr.$7\candidate_grant[3:0] [1] = 1'0
    Consolidated identical input bits for $mux cell $flatten\gen_b_arbiter[1].u_rr.$procmux$1979:
      Old ports: A=$auto$wreduce.cc:513:run$3242 [2:0], B=3'010, Y=$flatten\gen_b_arbiter[1].u_rr.$16\candidate_grant[3:0] [2:0]
      New ports: A={ $auto$wreduce.cc:513:run$3242 [2] 1'0 }, B=2'01, Y=$flatten\gen_b_arbiter[1].u_rr.$16\candidate_grant[3:0] [2:1]
      New connections: $flatten\gen_b_arbiter[1].u_rr.$16\candidate_grant[3:0] [0] = 1'0
    Consolidated identical input bits for $mux cell $flatten\gen_b_arbiter[2].u_rr.$procmux$2395:
      Old ports: A=$flatten\gen_b_arbiter[2].u_rr.$5\candidate_grant[3:0], B=4'0100, Y=$flatten\gen_b_arbiter[2].u_rr.$4\candidate_grant[3:0]
      New ports: A={ $flatten\gen_b_arbiter[2].u_rr.$5\candidate_grant[3:0] [3] 1'0 }, B=2'01, Y=$flatten\gen_b_arbiter[2].u_rr.$4\candidate_grant[3:0] [3:2]
      New connections: $flatten\gen_b_arbiter[2].u_rr.$4\candidate_grant[3:0] [1:0] = 2'00
    Consolidated identical input bits for $mux cell $flatten\gen_b_arbiter[0].u_rr.$procmux$2150:
      Old ports: A=$flatten\gen_b_arbiter[0].u_rr.$12\candidate_grant[3:0], B=4'1000, Y=$flatten\gen_b_arbiter[0].u_rr.$11\candidate_grant[3:0]
      New ports: A={ 1'0 $flatten\gen_b_arbiter[0].u_rr.$12\candidate_grant[3:0] [1:0] }, B=3'100, Y={ $flatten\gen_b_arbiter[0].u_rr.$11\candidate_grant[3:0] [3] $flatten\gen_b_arbiter[0].u_rr.$11\candidate_grant[3:0] [1:0] }
      New connections: $flatten\gen_b_arbiter[0].u_rr.$11\candidate_grant[3:0] [2] = 1'0
    Consolidated identical input bits for $mux cell $flatten\gen_b_arbiter[2].u_rr.$procmux$2284:
      Old ports: A=$flatten\gen_b_arbiter[2].u_rr.$8\candidate_grant[3:0], B=4'0100, Y=$flatten\gen_b_arbiter[2].u_rr.$7\candidate_grant[3:0]
      New ports: A={ $flatten\gen_b_arbiter[2].u_rr.$8\candidate_grant[3:0] [3] 1'0 $flatten\gen_b_arbiter[2].u_rr.$8\candidate_grant[3:0] [0] }, B=3'010, Y={ $flatten\gen_b_arbiter[2].u_rr.$7\candidate_grant[3:0] [3:2] $flatten\gen_b_arbiter[2].u_rr.$7\candidate_grant[3:0] [0] }
      New connections: $flatten\gen_b_arbiter[2].u_rr.$7\candidate_grant[3:0] [1] = 1'0
    Consolidated identical input bits for $mux cell $flatten\gen_b_arbiter[0].u_rr.$procmux$2015:
      Old ports: A=$flatten\gen_b_arbiter[0].u_rr.$16\candidate_grant[3:0], B=4'0001, Y=$flatten\gen_b_arbiter[0].u_rr.$15\candidate_grant[3:0]
      New ports: A=$flatten\gen_b_arbiter[0].u_rr.$16\candidate_grant[3:0] [2:0], B=3'001, Y=$flatten\gen_b_arbiter[0].u_rr.$15\candidate_grant[3:0] [2:0]
      New connections: $flatten\gen_b_arbiter[0].u_rr.$15\candidate_grant[3:0] [3] = 1'0
    Consolidated identical input bits for $mux cell $flatten\gen_b_arbiter[0].u_rr.$procmux$2395:
      Old ports: A=$flatten\gen_b_arbiter[0].u_rr.$5\candidate_grant[3:0], B=4'0100, Y=$flatten\gen_b_arbiter[0].u_rr.$4\candidate_grant[3:0]
      New ports: A={ $flatten\gen_b_arbiter[0].u_rr.$5\candidate_grant[3:0] [3] 1'0 }, B=2'01, Y=$flatten\gen_b_arbiter[0].u_rr.$4\candidate_grant[3:0] [3:2]
      New connections: $flatten\gen_b_arbiter[0].u_rr.$4\candidate_grant[3:0] [1:0] = 2'00
    Consolidated identical input bits for $mux cell $flatten\gen_b_arbiter[0].u_rr.$procmux$1979:
      Old ports: A=$auto$wreduce.cc:513:run$3217 [2:0], B=3'010, Y=$flatten\gen_b_arbiter[0].u_rr.$16\candidate_grant[3:0] [2:0]
      New ports: A={ $auto$wreduce.cc:513:run$3217 [2] 1'0 }, B=2'01, Y=$flatten\gen_b_arbiter[0].u_rr.$16\candidate_grant[3:0] [2:1]
      New connections: $flatten\gen_b_arbiter[0].u_rr.$16\candidate_grant[3:0] [0] = 1'0
    Consolidated identical input bits for $mux cell $flatten\gen_b_arbiter[1].u_rr.$procmux$2395:
      Old ports: A=$flatten\gen_b_arbiter[1].u_rr.$5\candidate_grant[3:0], B=4'0100, Y=$flatten\gen_b_arbiter[1].u_rr.$4\candidate_grant[3:0]
      New ports: A={ $flatten\gen_b_arbiter[1].u_rr.$5\candidate_grant[3:0] [3] 1'0 }, B=2'01, Y=$flatten\gen_b_arbiter[1].u_rr.$4\candidate_grant[3:0] [3:2]
      New connections: $flatten\gen_b_arbiter[1].u_rr.$4\candidate_grant[3:0] [1:0] = 2'00
    Consolidated identical input bits for $mux cell $flatten\gen_b_arbiter[1].u_rr.$procmux$2015:
      Old ports: A=$flatten\gen_b_arbiter[1].u_rr.$16\candidate_grant[3:0], B=4'0001, Y=$flatten\gen_b_arbiter[1].u_rr.$15\candidate_grant[3:0]
      New ports: A=$flatten\gen_b_arbiter[1].u_rr.$16\candidate_grant[3:0] [2:0], B=3'001, Y=$flatten\gen_b_arbiter[1].u_rr.$15\candidate_grant[3:0] [2:0]
      New connections: $flatten\gen_b_arbiter[1].u_rr.$15\candidate_grant[3:0] [3] = 1'0
    Consolidated identical input bits for $mux cell $flatten\gen_b_arbiter[2].u_rr.$procmux$2015:
      Old ports: A=$flatten\gen_b_arbiter[2].u_rr.$16\candidate_grant[3:0], B=4'0001, Y=$flatten\gen_b_arbiter[2].u_rr.$15\candidate_grant[3:0]
      New ports: A=$flatten\gen_b_arbiter[2].u_rr.$16\candidate_grant[3:0] [2:0], B=3'001, Y=$flatten\gen_b_arbiter[2].u_rr.$15\candidate_grant[3:0] [2:0]
      New connections: $flatten\gen_b_arbiter[2].u_rr.$15\candidate_grant[3:0] [3] = 1'0
    Consolidated identical input bits for $mux cell $flatten\gen_b_arbiter[1].u_rr.$procmux$2150:
      Old ports: A=$flatten\gen_b_arbiter[1].u_rr.$12\candidate_grant[3:0], B=4'1000, Y=$flatten\gen_b_arbiter[1].u_rr.$11\candidate_grant[3:0]
      New ports: A={ 1'0 $flatten\gen_b_arbiter[1].u_rr.$12\candidate_grant[3:0] [1:0] }, B=3'100, Y={ $flatten\gen_b_arbiter[1].u_rr.$11\candidate_grant[3:0] [3] $flatten\gen_b_arbiter[1].u_rr.$11\candidate_grant[3:0] [1:0] }
      New connections: $flatten\gen_b_arbiter[1].u_rr.$11\candidate_grant[3:0] [2] = 1'0
    Consolidated identical input bits for $mux cell $flatten\gen_b_arbiter[2].u_rr.$procmux$2150:
      Old ports: A=$flatten\gen_b_arbiter[2].u_rr.$12\candidate_grant[3:0], B=4'1000, Y=$flatten\gen_b_arbiter[2].u_rr.$11\candidate_grant[3:0]
      New ports: A={ 1'0 $flatten\gen_b_arbiter[2].u_rr.$12\candidate_grant[3:0] [1:0] }, B=3'100, Y={ $flatten\gen_b_arbiter[2].u_rr.$11\candidate_grant[3:0] [3] $flatten\gen_b_arbiter[2].u_rr.$11\candidate_grant[3:0] [1:0] }
      New connections: $flatten\gen_b_arbiter[2].u_rr.$11\candidate_grant[3:0] [2] = 1'0
  Optimizing cells in module \axi_b_response_router.
    Consolidated identical input bits for $mux cell $flatten\gen_b_arbiter[0].u_rr.$procmux$2431:
      Old ports: A=$flatten\gen_b_arbiter[0].u_rr.$4\candidate_grant[3:0], B=4'0010, Y=$flatten\gen_b_arbiter[0].u_rr.$3\candidate_grant[3:0]
      New ports: A={ $flatten\gen_b_arbiter[0].u_rr.$4\candidate_grant[3:0] [3:2] 1'0 }, B=3'001, Y=$flatten\gen_b_arbiter[0].u_rr.$3\candidate_grant[3:0] [3:1]
      New connections: $flatten\gen_b_arbiter[0].u_rr.$3\candidate_grant[3:0] [0] = 1'0
    Consolidated identical input bits for $mux cell $flatten\gen_b_arbiter[1].u_rr.$procmux$2431:
      Old ports: A=$flatten\gen_b_arbiter[1].u_rr.$4\candidate_grant[3:0], B=4'0010, Y=$flatten\gen_b_arbiter[1].u_rr.$3\candidate_grant[3:0]
      New ports: A={ $flatten\gen_b_arbiter[1].u_rr.$4\candidate_grant[3:0] [3:2] 1'0 }, B=3'001, Y=$flatten\gen_b_arbiter[1].u_rr.$3\candidate_grant[3:0] [3:1]
      New connections: $flatten\gen_b_arbiter[1].u_rr.$3\candidate_grant[3:0] [0] = 1'0
    Consolidated identical input bits for $mux cell $flatten\gen_b_arbiter[2].u_rr.$procmux$2431:
      Old ports: A=$flatten\gen_b_arbiter[2].u_rr.$4\candidate_grant[3:0], B=4'0010, Y=$flatten\gen_b_arbiter[2].u_rr.$3\candidate_grant[3:0]
      New ports: A={ $flatten\gen_b_arbiter[2].u_rr.$4\candidate_grant[3:0] [3:2] 1'0 }, B=3'001, Y=$flatten\gen_b_arbiter[2].u_rr.$3\candidate_grant[3:0] [3:1]
      New connections: $flatten\gen_b_arbiter[2].u_rr.$3\candidate_grant[3:0] [0] = 1'0
  Optimizing cells in module \axi_b_response_router.
Performed a total of 36 changes.

3.32.5. Executing OPT_MERGE pass (detect identical cells).
Finding identical cells in module `\axi_b_response_router'.
Computing hashes of 520 cells of `\axi_b_response_router'.
Finding duplicate cells in `\axi_b_response_router'.
Removed a total of 0 cells.

3.32.6. Executing OPT_DFF pass (perform DFF optimizations).

3.32.7. Executing OPT_CLEAN pass (remove unused cells and wires).
Finding unused cells or wires in module \axi_b_response_router..

3.32.8. Executing OPT_EXPR pass (perform const folding).
Optimizing module axi_b_response_router.
<suppressed ~9 debug messages>

3.32.9. Rerunning OPT passes. (Maybe there is more to do..)

3.32.10. Executing OPT_MUXTREE pass (detect dead branches in mux trees).
Running muxtree optimizer on module \axi_b_response_router..
  Creating internal representation of mux trees.
  Evaluating internal representation of mux trees.
  Analyzing evaluation results.
Removed 0 multiplexer ports.
<suppressed ~288 debug messages>

3.32.11. Executing OPT_REDUCE pass (consolidate $*mux and $reduce_* inputs).
  Optimizing cells in module \axi_b_response_router.
Performed a total of 0 changes.

3.32.12. Executing OPT_MERGE pass (detect identical cells).
Finding identical cells in module `\axi_b_response_router'.
Computing hashes of 511 cells of `\axi_b_response_router'.
Finding duplicate cells in `\axi_b_response_router'.
Removed a total of 0 cells.

3.32.13. Executing OPT_DFF pass (perform DFF optimizations).

3.32.14. Executing OPT_CLEAN pass (remove unused cells and wires).
Finding unused cells or wires in module \axi_b_response_router..
Removed 0 unused cells and 9 unused wires.
<suppressed ~1 debug messages>

3.32.15. Executing OPT_EXPR pass (perform const folding).
Optimizing module axi_b_response_router.

3.32.16. Rerunning OPT passes. (Maybe there is more to do..)

3.32.17. Executing OPT_MUXTREE pass (detect dead branches in mux trees).
Running muxtree optimizer on module \axi_b_response_router..
  Creating internal representation of mux trees.
  Evaluating internal representation of mux trees.
  Analyzing evaluation results.
Removed 0 multiplexer ports.
<suppressed ~288 debug messages>

3.32.18. Executing OPT_REDUCE pass (consolidate $*mux and $reduce_* inputs).
  Optimizing cells in module \axi_b_response_router.
Performed a total of 0 changes.

3.32.19. Executing OPT_MERGE pass (detect identical cells).
Finding identical cells in module `\axi_b_response_router'.
Computing hashes of 511 cells of `\axi_b_response_router'.
Finding duplicate cells in `\axi_b_response_router'.
Removed a total of 0 cells.

3.32.20. Executing OPT_DFF pass (perform DFF optimizations).

3.32.21. Executing OPT_CLEAN pass (remove unused cells and wires).
Finding unused cells or wires in module \axi_b_response_router..

3.32.22. Executing OPT_EXPR pass (perform const folding).
Optimizing module axi_b_response_router.

3.32.23. Finished fast OPT passes. (There is nothing left to do.)

3.33. Executing TECHMAP pass (map to technology primitives).

3.33.1. Executing Verilog-2005 frontend: /Users/Dilan/eda/fabric-under-pressure/oss-cad-suite/libexec/../share/yosys/techmap.v
Parsing Verilog input from `/Users/Dilan/eda/fabric-under-pressure/oss-cad-suite/libexec/../share/yosys/techmap.v' to AST representation.
Generating RTLIL representation for module `\_90_simplemap_bool_ops'.
Generating RTLIL representation for module `\_90_simplemap_reduce_ops'.
Generating RTLIL representation for module `\_90_simplemap_logic_ops'.
Generating RTLIL representation for module `\_90_simplemap_compare_ops'.
Generating RTLIL representation for module `\_90_simplemap_various'.
Generating RTLIL representation for module `\_90_simplemap_registers'.
Generating RTLIL representation for module `\_90_shift_ops_shr_shl_sshl_sshr'.
Generating RTLIL representation for module `\_90_shift_shiftx'.
Generating RTLIL representation for module `\_90_fa'.
Generating RTLIL representation for module `\_90_lcu_brent_kung'.
Generating RTLIL representation for module `\_90_alu'.
Generating RTLIL representation for module `\_90_macc'.
Generating RTLIL representation for module `\_90_alumacc'.
Generating RTLIL representation for module `$__div_mod_u'.
Generating RTLIL representation for module `$__div_mod_trunc'.
Generating RTLIL representation for module `\_90_div'.
Generating RTLIL representation for module `\_90_mod'.
Generating RTLIL representation for module `$__div_mod_floor'.
Generating RTLIL representation for module `\_90_divfloor'.
Generating RTLIL representation for module `\_90_modfloor'.
Generating RTLIL representation for module `\_90_pow'.
Generating RTLIL representation for module `\_90_demux'.
Generating RTLIL representation for module `\_90_lut'.
Generating RTLIL representation for module `$connect'.
Generating RTLIL representation for module `$input_port'.
Successfully finished Verilog frontend.

3.33.2. Executing Verilog-2005 frontend: /Users/Dilan/eda/fabric-under-pressure/oss-cad-suite/libexec/../share/yosys/lattice/arith_map_ccu2c.v
Parsing Verilog input from `/Users/Dilan/eda/fabric-under-pressure/oss-cad-suite/libexec/../share/yosys/lattice/arith_map_ccu2c.v' to AST representation.
Generating RTLIL representation for module `\_80_ccu2c_alu'.
Successfully finished Verilog frontend.

3.33.3. Continuing TECHMAP pass.
Using extmapper simplemap for cells of type $ne.
Using extmapper simplemap for cells of type $adffe.
Using extmapper simplemap for cells of type $reduce_bool.
Using extmapper simplemap for cells of type $reduce_or.
Using extmapper simplemap for cells of type $and.
Using extmapper simplemap for cells of type $eq.
Using extmapper simplemap for cells of type $not.
Using extmapper simplemap for cells of type $adff.
Using extmapper simplemap for cells of type $logic_not.
Using template $paramod$constmap:53dd6ada2d45a8116ef2136a4476a16275b4fd66$paramod$deedaec39f914bb87de364a70416b1440ae28bfa\_90_shift_ops_shr_shl_sshl_sshr for cells of type $shr.
Using extmapper simplemap for cells of type $logic_and.
Using extmapper simplemap for cells of type $or.
Using extmapper simplemap for cells of type $pmux.
No more expansions possible.
<suppressed ~830 debug messages>

3.34. Executing OPT pass (performing simple optimizations).

3.34.1. Executing OPT_EXPR pass (perform const folding).
Optimizing module axi_b_response_router.
<suppressed ~801 debug messages>

3.34.2. Executing OPT_MERGE pass (detect identical cells).
Finding identical cells in module `\axi_b_response_router'.
Computing hashes of 2023 cells of `\axi_b_response_router'.
Finding duplicate cells in `\axi_b_response_router'.
Computing hashes of 1645 cells of `\axi_b_response_router'.
Finding duplicate cells in `\axi_b_response_router'.
Computing hashes of 1497 cells of `\axi_b_response_router'.
Finding duplicate cells in `\axi_b_response_router'.
Computing hashes of 1467 cells of `\axi_b_response_router'.
Finding duplicate cells in `\axi_b_response_router'.
<suppressed ~1668 debug messages>
Removed a total of 556 cells.

3.34.3. Executing OPT_DFF pass (perform DFF optimizations).

3.34.4. Executing OPT_CLEAN pass (remove unused cells and wires).
Finding unused cells or wires in module \axi_b_response_router..
Removed 62 unused cells and 877 unused wires.
<suppressed ~63 debug messages>

3.34.5. Finished fast OPT passes.

3.35. Executing OPT_CLEAN pass (remove unused cells and wires).
Finding unused cells or wires in module \axi_b_response_router..

3.36. Executing DFFLEGALIZE pass (convert FFs and LATCHes to types supported by the target).

3.37. Executing OPT_MERGE pass (detect identical cells).
Finding identical cells in module `\axi_b_response_router'.
Computing hashes of 1467 cells of `\axi_b_response_router'.
Finding duplicate cells in `\axi_b_response_router'.
Computing hashes of 1406 cells of `\axi_b_response_router'.
Finding duplicate cells in `\axi_b_response_router'.
<suppressed ~183 debug messages>
Removed a total of 61 cells.

3.38. Executing TECHMAP pass (map to technology primitives).

3.38.1. Executing Verilog-2005 frontend: /Users/Dilan/eda/fabric-under-pressure/oss-cad-suite/libexec/../share/yosys/lattice/cells_map_trellis.v
Parsing Verilog input from `/Users/Dilan/eda/fabric-under-pressure/oss-cad-suite/libexec/../share/yosys/lattice/cells_map_trellis.v' to AST representation.
Generating RTLIL representation for module `$_DFF_N_'.
Generating RTLIL representation for module `$_DFF_P_'.
Generating RTLIL representation for module `$_DFFE_NN_'.
Generating RTLIL representation for module `$_DFFE_PN_'.
Generating RTLIL representation for module `$_DFFE_NP_'.
Generating RTLIL representation for module `$_DFFE_PP_'.
Generating RTLIL representation for module `$_DFF_NP0_'.
Generating RTLIL representation for module `$_DFF_NP1_'.
Generating RTLIL representation for module `$_DFF_PP0_'.
Generating RTLIL representation for module `$_DFF_PP1_'.
Generating RTLIL representation for module `$_SDFF_NP0_'.
Generating RTLIL representation for module `$_SDFF_NP1_'.
Generating RTLIL representation for module `$_SDFF_PP0_'.
Generating RTLIL representation for module `$_SDFF_PP1_'.
Generating RTLIL representation for module `$_DFFE_NP0P_'.
Generating RTLIL representation for module `$_DFFE_NP1P_'.
Generating RTLIL representation for module `$_DFFE_PP0P_'.
Generating RTLIL representation for module `$_DFFE_PP1P_'.
Generating RTLIL representation for module `$_DFFE_NP0N_'.
Generating RTLIL representation for module `$_DFFE_NP1N_'.
Generating RTLIL representation for module `$_DFFE_PP0N_'.
Generating RTLIL representation for module `$_DFFE_PP1N_'.
Generating RTLIL representation for module `$_SDFFE_NP0P_'.
Generating RTLIL representation for module `$_SDFFE_NP1P_'.
Generating RTLIL representation for module `$_SDFFE_PP0P_'.
Generating RTLIL representation for module `$_SDFFE_PP1P_'.
Generating RTLIL representation for module `$_SDFFE_NP0N_'.
Generating RTLIL representation for module `$_SDFFE_NP1N_'.
Generating RTLIL representation for module `$_SDFFE_PP0N_'.
Generating RTLIL representation for module `$_SDFFE_PP1N_'.
Generating RTLIL representation for module `$_ALDFF_NP_'.
Generating RTLIL representation for module `$_ALDFF_PP_'.
Generating RTLIL representation for module `$_ALDFFE_NPN_'.
Generating RTLIL representation for module `$_ALDFFE_NPP_'.
Generating RTLIL representation for module `$_ALDFFE_PPN_'.
Generating RTLIL representation for module `$_ALDFFE_PPP_'.
Generating RTLIL representation for module `\FD1P3AX'.
Generating RTLIL representation for module `\FD1P3AY'.
Generating RTLIL representation for module `\FD1P3BX'.
Generating RTLIL representation for module `\FD1P3DX'.
Generating RTLIL representation for module `\FD1P3IX'.
Generating RTLIL representation for module `\FD1P3JX'.
Generating RTLIL representation for module `\FD1S3AX'.
Generating RTLIL representation for module `\FD1S3AY'.
Generating RTLIL representation for module `\FD1S3BX'.
Generating RTLIL representation for module `\FD1S3DX'.
Generating RTLIL representation for module `\FD1S3IX'.
Generating RTLIL representation for module `\FD1S3JX'.
Generating RTLIL representation for module `\IFS1P3BX'.
Generating RTLIL representation for module `\IFS1P3DX'.
Generating RTLIL representation for module `\IFS1P3IX'.
Generating RTLIL representation for module `\IFS1P3JX'.
Generating RTLIL representation for module `\OFS1P3BX'.
Generating RTLIL representation for module `\OFS1P3DX'.
Generating RTLIL representation for module `\OFS1P3IX'.
Generating RTLIL representation for module `\OFS1P3JX'.
Generating RTLIL representation for module `\IB'.
Generating RTLIL representation for module `\IBPU'.
Generating RTLIL representation for module `\IBPD'.
Generating RTLIL representation for module `\OB'.
Generating RTLIL representation for module `\OBZ'.
Generating RTLIL representation for module `\OBZPU'.
Generating RTLIL representation for module `\OBZPD'.
Generating RTLIL representation for module `\OBCO'.
Generating RTLIL representation for module `\BB'.
Generating RTLIL representation for module `\BBPU'.
Generating RTLIL representation for module `\BBPD'.
Generating RTLIL representation for module `\ILVDS'.
Generating RTLIL representation for module `\OLVDS'.
Successfully finished Verilog frontend.

3.38.2. Continuing TECHMAP pass.
Using template $_DFF_PP0_ for cells of type $_DFF_PP0_.
Using template $_DFF_PP1_ for cells of type $_DFF_PP1_.
Using template $_DFFE_PP0P_ for cells of type $_DFFE_PP0P_.
No more expansions possible.
<suppressed ~133 debug messages>

3.39. Executing OPT_EXPR pass (perform const folding).
Optimizing module axi_b_response_router.
<suppressed ~4 debug messages>

3.40. Executing SIMPLEMAP pass (map simple cells to gate primitives).

3.41. Executing LATTICE_GSR pass (implement FF init values).
Handling GSR in axi_b_response_router.

3.42. Executing ATTRMVCP pass (move or copy attributes).

3.43. Executing OPT_CLEAN pass (remove unused cells and wires).
Finding unused cells or wires in module \axi_b_response_router..
Removed 0 unused cells and 410 unused wires.
<suppressed ~1 debug messages>

3.44. Executing CHECK pass (checking for obvious problems).
Checking module axi_b_response_router...
Found and reported 0 problems.

3.45. Executing TECHMAP pass (map to technology primitives).

3.45.1. Executing Verilog-2005 frontend: /Users/Dilan/eda/fabric-under-pressure/oss-cad-suite/libexec/../share/yosys/lattice/latches_map.v
Parsing Verilog input from `/Users/Dilan/eda/fabric-under-pressure/oss-cad-suite/libexec/../share/yosys/lattice/latches_map.v' to AST representation.
Generating RTLIL representation for module `$_DLATCH_N_'.
Generating RTLIL representation for module `$_DLATCH_P_'.
Successfully finished Verilog frontend.

3.45.2. Continuing TECHMAP pass.
No more expansions possible.
<suppressed ~4 debug messages>

3.46. Executing ABC9 pass.

3.46.1. Executing ABC9_OPS pass (helper functions for ABC9).

3.46.2. Executing ABC9_OPS pass (helper functions for ABC9).

3.46.3. Executing PROC pass (convert processes to netlists).

3.46.3.1. Executing PROC_CLEAN pass (remove empty switches from decision trees).
Cleaned up 0 empty switches.

3.46.3.2. Executing PROC_RMDEAD pass (remove dead branches from decision trees).
Marked 1 switch rules as full_case in process $proc$/Users/Dilan/eda/fabric-under-pressure/oss-cad-suite/libexec/../share/yosys/lattice/common_sim.vh:282$8271 in module $paramod$37e41664cab9052a9b41c89036e0524f666a0fee\TRELLIS_FF.
Removed a total of 0 dead cases.

3.46.3.3. Executing PROC_PRUNE pass (remove redundant assignments in processes).
Removed 0 redundant assignments.
Promoted 1 assignment to connection.

3.46.3.4. Executing PROC_INIT pass (extract init attributes).
Found init rule in `$paramod$37e41664cab9052a9b41c89036e0524f666a0fee\TRELLIS_FF.$proc$/Users/Dilan/eda/fabric-under-pressure/oss-cad-suite/libexec/../share/yosys/lattice/common_sim.vh:278$8272'.
  Set init value: \Q = 1'0

3.46.3.5. Executing PROC_ARST pass (detect async resets in processes).
Found async reset \muxlsr in `$paramod$37e41664cab9052a9b41c89036e0524f666a0fee\TRELLIS_FF.$proc$/Users/Dilan/eda/fabric-under-pressure/oss-cad-suite/libexec/../share/yosys/lattice/common_sim.vh:282$8271'.

3.46.3.6. Executing PROC_ROM pass (convert switches to ROMs).
Converted 0 switches.
<suppressed ~1 debug messages>

3.46.3.7. Executing PROC_MUX pass (convert decision trees to multiplexers).
Creating decoders for process `$paramod$37e41664cab9052a9b41c89036e0524f666a0fee\TRELLIS_FF.$proc$/Users/Dilan/eda/fabric-under-pressure/oss-cad-suite/libexec/../share/yosys/lattice/common_sim.vh:278$8272'.
Creating decoders for process `$paramod$37e41664cab9052a9b41c89036e0524f666a0fee\TRELLIS_FF.$proc$/Users/Dilan/eda/fabric-under-pressure/oss-cad-suite/libexec/../share/yosys/lattice/common_sim.vh:282$8271'.
     1/1: $0\Q[0:0]

3.46.3.8. Executing PROC_DLATCH pass (convert process syncs to latches).

3.46.3.9. Executing PROC_DFF pass (convert process syncs to FFs).
Creating register for signal `$paramod$37e41664cab9052a9b41c89036e0524f666a0fee\TRELLIS_FF.\Q' using process `$paramod$37e41664cab9052a9b41c89036e0524f666a0fee\TRELLIS_FF.$proc$/Users/Dilan/eda/fabric-under-pressure/oss-cad-suite/libexec/../share/yosys/lattice/common_sim.vh:282$8271'.
  created $adff cell `$procdff$8277' with positive edge clock and positive level reset.

3.46.3.10. Executing PROC_MEMWR pass (convert process memory writes to cells).

3.46.3.11. Executing PROC_CLEAN pass (remove empty switches from decision trees).
Removing empty process `$paramod$37e41664cab9052a9b41c89036e0524f666a0fee\TRELLIS_FF.$proc$/Users/Dilan/eda/fabric-under-pressure/oss-cad-suite/libexec/../share/yosys/lattice/common_sim.vh:278$8272'.
Found and cleaned up 1 empty switch in `$paramod$37e41664cab9052a9b41c89036e0524f666a0fee\TRELLIS_FF.$proc$/Users/Dilan/eda/fabric-under-pressure/oss-cad-suite/libexec/../share/yosys/lattice/common_sim.vh:282$8271'.
Removing empty process `$paramod$37e41664cab9052a9b41c89036e0524f666a0fee\TRELLIS_FF.$proc$/Users/Dilan/eda/fabric-under-pressure/oss-cad-suite/libexec/../share/yosys/lattice/common_sim.vh:282$8271'.
Cleaned up 1 empty switch.

3.46.4. Executing PROC pass (convert processes to netlists).

3.46.4.1. Executing PROC_CLEAN pass (remove empty switches from decision trees).
Cleaned up 0 empty switches.

3.46.4.2. Executing PROC_RMDEAD pass (remove dead branches from decision trees).
Marked 1 switch rules as full_case in process $proc$/Users/Dilan/eda/fabric-under-pressure/oss-cad-suite/libexec/../share/yosys/lattice/common_sim.vh:282$8285 in module $paramod$68581f66a8fa831820fa7633bd24ba569ae9d7e3\TRELLIS_FF.
Removed a total of 0 dead cases.

3.46.4.3. Executing PROC_PRUNE pass (remove redundant assignments in processes).
Removed 0 redundant assignments.
Promoted 1 assignment to connection.

3.46.4.4. Executing PROC_INIT pass (extract init attributes).
Found init rule in `$paramod$68581f66a8fa831820fa7633bd24ba569ae9d7e3\TRELLIS_FF.$proc$/Users/Dilan/eda/fabric-under-pressure/oss-cad-suite/libexec/../share/yosys/lattice/common_sim.vh:278$8286'.
  Set init value: \Q = 1'0

3.46.4.5. Executing PROC_ARST pass (detect async resets in processes).
Found async reset \muxlsr in `$paramod$68581f66a8fa831820fa7633bd24ba569ae9d7e3\TRELLIS_FF.$proc$/Users/Dilan/eda/fabric-under-pressure/oss-cad-suite/libexec/../share/yosys/lattice/common_sim.vh:282$8285'.

3.46.4.6. Executing PROC_ROM pass (convert switches to ROMs).
Converted 0 switches.
<suppressed ~1 debug messages>

3.46.4.7. Executing PROC_MUX pass (convert decision trees to multiplexers).
Creating decoders for process `$paramod$68581f66a8fa831820fa7633bd24ba569ae9d7e3\TRELLIS_FF.$proc$/Users/Dilan/eda/fabric-under-pressure/oss-cad-suite/libexec/../share/yosys/lattice/common_sim.vh:278$8286'.
Creating decoders for process `$paramod$68581f66a8fa831820fa7633bd24ba569ae9d7e3\TRELLIS_FF.$proc$/Users/Dilan/eda/fabric-under-pressure/oss-cad-suite/libexec/../share/yosys/lattice/common_sim.vh:282$8285'.
     1/1: $0\Q[0:0]

3.46.4.8. Executing PROC_DLATCH pass (convert process syncs to latches).

3.46.4.9. Executing PROC_DFF pass (convert process syncs to FFs).
Creating register for signal `$paramod$68581f66a8fa831820fa7633bd24ba569ae9d7e3\TRELLIS_FF.\Q' using process `$paramod$68581f66a8fa831820fa7633bd24ba569ae9d7e3\TRELLIS_FF.$proc$/Users/Dilan/eda/fabric-under-pressure/oss-cad-suite/libexec/../share/yosys/lattice/common_sim.vh:282$8285'.
  created $adff cell `$procdff$8291' with positive edge clock and positive level reset.

3.46.4.10. Executing PROC_MEMWR pass (convert process memory writes to cells).

3.46.4.11. Executing PROC_CLEAN pass (remove empty switches from decision trees).
Removing empty process `$paramod$68581f66a8fa831820fa7633bd24ba569ae9d7e3\TRELLIS_FF.$proc$/Users/Dilan/eda/fabric-under-pressure/oss-cad-suite/libexec/../share/yosys/lattice/common_sim.vh:278$8286'.
Found and cleaned up 1 empty switch in `$paramod$68581f66a8fa831820fa7633bd24ba569ae9d7e3\TRELLIS_FF.$proc$/Users/Dilan/eda/fabric-under-pressure/oss-cad-suite/libexec/../share/yosys/lattice/common_sim.vh:282$8285'.
Removing empty process `$paramod$68581f66a8fa831820fa7633bd24ba569ae9d7e3\TRELLIS_FF.$proc$/Users/Dilan/eda/fabric-under-pressure/oss-cad-suite/libexec/../share/yosys/lattice/common_sim.vh:282$8285'.
Cleaned up 1 empty switch.

3.46.5. Executing PROC pass (convert processes to netlists).

3.46.5.1. Executing PROC_CLEAN pass (remove empty switches from decision trees).
Cleaned up 0 empty switches.

3.46.5.2. Executing PROC_RMDEAD pass (remove dead branches from decision trees).
Marked 1 switch rules as full_case in process $proc$/Users/Dilan/eda/fabric-under-pressure/oss-cad-suite/libexec/../share/yosys/lattice/common_sim.vh:282$8299 in module $paramod$af6cfab7b64a03625b4e26db341709ec2a848ad1\TRELLIS_FF.
Removed a total of 0 dead cases.

3.46.5.3. Executing PROC_PRUNE pass (remove redundant assignments in processes).
Removed 0 redundant assignments.
Promoted 1 assignment to connection.

3.46.5.4. Executing PROC_INIT pass (extract init attributes).
Found init rule in `$paramod$af6cfab7b64a03625b4e26db341709ec2a848ad1\TRELLIS_FF.$proc$/Users/Dilan/eda/fabric-under-pressure/oss-cad-suite/libexec/../share/yosys/lattice/common_sim.vh:278$8300'.
  Set init value: \Q = 1'1

3.46.5.5. Executing PROC_ARST pass (detect async resets in processes).
Found async reset \muxlsr in `$paramod$af6cfab7b64a03625b4e26db341709ec2a848ad1\TRELLIS_FF.$proc$/Users/Dilan/eda/fabric-under-pressure/oss-cad-suite/libexec/../share/yosys/lattice/common_sim.vh:282$8299'.

3.46.5.6. Executing PROC_ROM pass (convert switches to ROMs).
Converted 0 switches.
<suppressed ~1 debug messages>

3.46.5.7. Executing PROC_MUX pass (convert decision trees to multiplexers).
Creating decoders for process `$paramod$af6cfab7b64a03625b4e26db341709ec2a848ad1\TRELLIS_FF.$proc$/Users/Dilan/eda/fabric-under-pressure/oss-cad-suite/libexec/../share/yosys/lattice/common_sim.vh:278$8300'.
Creating decoders for process `$paramod$af6cfab7b64a03625b4e26db341709ec2a848ad1\TRELLIS_FF.$proc$/Users/Dilan/eda/fabric-under-pressure/oss-cad-suite/libexec/../share/yosys/lattice/common_sim.vh:282$8299'.
     1/1: $0\Q[0:0]

3.46.5.8. Executing PROC_DLATCH pass (convert process syncs to latches).

3.46.5.9. Executing PROC_DFF pass (convert process syncs to FFs).
Creating register for signal `$paramod$af6cfab7b64a03625b4e26db341709ec2a848ad1\TRELLIS_FF.\Q' using process `$paramod$af6cfab7b64a03625b4e26db341709ec2a848ad1\TRELLIS_FF.$proc$/Users/Dilan/eda/fabric-under-pressure/oss-cad-suite/libexec/../share/yosys/lattice/common_sim.vh:282$8299'.
  created $adff cell `$procdff$8305' with positive edge clock and positive level reset.

3.46.5.10. Executing PROC_MEMWR pass (convert process memory writes to cells).

3.46.5.11. Executing PROC_CLEAN pass (remove empty switches from decision trees).
Removing empty process `$paramod$af6cfab7b64a03625b4e26db341709ec2a848ad1\TRELLIS_FF.$proc$/Users/Dilan/eda/fabric-under-pressure/oss-cad-suite/libexec/../share/yosys/lattice/common_sim.vh:278$8300'.
Found and cleaned up 1 empty switch in `$paramod$af6cfab7b64a03625b4e26db341709ec2a848ad1\TRELLIS_FF.$proc$/Users/Dilan/eda/fabric-under-pressure/oss-cad-suite/libexec/../share/yosys/lattice/common_sim.vh:282$8299'.
Removing empty process `$paramod$af6cfab7b64a03625b4e26db341709ec2a848ad1\TRELLIS_FF.$proc$/Users/Dilan/eda/fabric-under-pressure/oss-cad-suite/libexec/../share/yosys/lattice/common_sim.vh:282$8299'.
Cleaned up 1 empty switch.

3.46.6. Executing SCC pass (detecting logic loops).
Found 0 SCCs in module axi_b_response_router.
Found 0 SCCs.

3.46.7. Executing ABC9_OPS pass (helper functions for ABC9).

3.46.8. Executing TECHMAP pass (map to technology primitives).

3.46.8.1. Executing Verilog-2005 frontend: /Users/Dilan/eda/fabric-under-pressure/oss-cad-suite/libexec/../share/yosys/techmap.v
Parsing Verilog input from `/Users/Dilan/eda/fabric-under-pressure/oss-cad-suite/libexec/../share/yosys/techmap.v' to AST representation.
Generating RTLIL representation for module `\_90_simplemap_bool_ops'.
Generating RTLIL representation for module `\_90_simplemap_reduce_ops'.
Generating RTLIL representation for module `\_90_simplemap_logic_ops'.
Generating RTLIL representation for module `\_90_simplemap_compare_ops'.
Generating RTLIL representation for module `\_90_simplemap_various'.
Generating RTLIL representation for module `\_90_simplemap_registers'.
Generating RTLIL representation for module `\_90_shift_ops_shr_shl_sshl_sshr'.
Generating RTLIL representation for module `\_90_shift_shiftx'.
Generating RTLIL representation for module `\_90_fa'.
Generating RTLIL representation for module `\_90_lcu_brent_kung'.
Generating RTLIL representation for module `\_90_alu'.
Generating RTLIL representation for module `\_90_macc'.
Generating RTLIL representation for module `\_90_alumacc'.
Generating RTLIL representation for module `$__div_mod_u'.
Generating RTLIL representation for module `$__div_mod_trunc'.
Generating RTLIL representation for module `\_90_div'.
Generating RTLIL representation for module `\_90_mod'.
Generating RTLIL representation for module `$__div_mod_floor'.
Generating RTLIL representation for module `\_90_divfloor'.
Generating RTLIL representation for module `\_90_modfloor'.
Generating RTLIL representation for module `\_90_pow'.
Generating RTLIL representation for module `\_90_demux'.
Generating RTLIL representation for module `\_90_lut'.
Generating RTLIL representation for module `$connect'.
Generating RTLIL representation for module `$input_port'.
Successfully finished Verilog frontend.

3.46.8.2. Continuing TECHMAP pass.
No more expansions possible.
<suppressed ~171 debug messages>

3.46.9. Executing OPT pass (performing simple optimizations).

3.46.9.1. Executing OPT_EXPR pass (perform const folding).
Optimizing module $paramod$37e41664cab9052a9b41c89036e0524f666a0fee\TRELLIS_FF.
Optimizing module $paramod$68581f66a8fa831820fa7633bd24ba569ae9d7e3\TRELLIS_FF.
Optimizing module $paramod$af6cfab7b64a03625b4e26db341709ec2a848ad1\TRELLIS_FF.

3.46.9.2. Executing OPT_MERGE pass (detect identical cells).
Finding identical cells in module `$paramod$37e41664cab9052a9b41c89036e0524f666a0fee\TRELLIS_FF'.
Computing hashes of 2 cells of `$paramod$37e41664cab9052a9b41c89036e0524f666a0fee\TRELLIS_FF'.
Finding duplicate cells in `$paramod$37e41664cab9052a9b41c89036e0524f666a0fee\TRELLIS_FF'.
Finding identical cells in module `$paramod$68581f66a8fa831820fa7633bd24ba569ae9d7e3\TRELLIS_FF'.
Computing hashes of 2 cells of `$paramod$68581f66a8fa831820fa7633bd24ba569ae9d7e3\TRELLIS_FF'.
Finding duplicate cells in `$paramod$68581f66a8fa831820fa7633bd24ba569ae9d7e3\TRELLIS_FF'.
Finding identical cells in module `$paramod$af6cfab7b64a03625b4e26db341709ec2a848ad1\TRELLIS_FF'.
Computing hashes of 2 cells of `$paramod$af6cfab7b64a03625b4e26db341709ec2a848ad1\TRELLIS_FF'.
Finding duplicate cells in `$paramod$af6cfab7b64a03625b4e26db341709ec2a848ad1\TRELLIS_FF'.
Removed a total of 0 cells.

3.46.9.3. Executing OPT_MUXTREE pass (detect dead branches in mux trees).
Running muxtree optimizer on module $paramod$37e41664cab9052a9b41c89036e0524f666a0fee\TRELLIS_FF..
  Creating internal representation of mux trees.
  No muxes found in this module.
Running muxtree optimizer on module $paramod$68581f66a8fa831820fa7633bd24ba569ae9d7e3\TRELLIS_FF..
  Creating internal representation of mux trees.
  No muxes found in this module.
Running muxtree optimizer on module $paramod$af6cfab7b64a03625b4e26db341709ec2a848ad1\TRELLIS_FF..
  Creating internal representation of mux trees.
  No muxes found in this module.
Removed 0 multiplexer ports.

3.46.9.4. Executing OPT_REDUCE pass (consolidate $*mux and $reduce_* inputs).
  Optimizing cells in module $paramod$37e41664cab9052a9b41c89036e0524f666a0fee\TRELLIS_FF.
  Optimizing cells in module $paramod$68581f66a8fa831820fa7633bd24ba569ae9d7e3\TRELLIS_FF.
  Optimizing cells in module $paramod$af6cfab7b64a03625b4e26db341709ec2a848ad1\TRELLIS_FF.
Performed a total of 0 changes.

3.46.9.5. Executing OPT_MERGE pass (detect identical cells).
Finding identical cells in module `$paramod$37e41664cab9052a9b41c89036e0524f666a0fee\TRELLIS_FF'.
Computing hashes of 2 cells of `$paramod$37e41664cab9052a9b41c89036e0524f666a0fee\TRELLIS_FF'.
Finding duplicate cells in `$paramod$37e41664cab9052a9b41c89036e0524f666a0fee\TRELLIS_FF'.
Finding identical cells in module `$paramod$68581f66a8fa831820fa7633bd24ba569ae9d7e3\TRELLIS_FF'.
Computing hashes of 2 cells of `$paramod$68581f66a8fa831820fa7633bd24ba569ae9d7e3\TRELLIS_FF'.
Finding duplicate cells in `$paramod$68581f66a8fa831820fa7633bd24ba569ae9d7e3\TRELLIS_FF'.
Finding identical cells in module `$paramod$af6cfab7b64a03625b4e26db341709ec2a848ad1\TRELLIS_FF'.
Computing hashes of 2 cells of `$paramod$af6cfab7b64a03625b4e26db341709ec2a848ad1\TRELLIS_FF'.
Finding duplicate cells in `$paramod$af6cfab7b64a03625b4e26db341709ec2a848ad1\TRELLIS_FF'.
Removed a total of 0 cells.

3.46.9.6. Executing OPT_DFF pass (perform DFF optimizations).

3.46.9.7. Executing OPT_CLEAN pass (remove unused cells and wires).
Finding unused cells or wires in module $paramod$37e41664cab9052a9b41c89036e0524f666a0fee\TRELLIS_FF..
Finding unused cells or wires in module $paramod$68581f66a8fa831820fa7633bd24ba569ae9d7e3\TRELLIS_FF..
Finding unused cells or wires in module $paramod$af6cfab7b64a03625b4e26db341709ec2a848ad1\TRELLIS_FF..

3.46.9.8. Executing OPT_EXPR pass (perform const folding).
Optimizing module $paramod$37e41664cab9052a9b41c89036e0524f666a0fee\TRELLIS_FF.
Optimizing module $paramod$68581f66a8fa831820fa7633bd24ba569ae9d7e3\TRELLIS_FF.
Optimizing module $paramod$af6cfab7b64a03625b4e26db341709ec2a848ad1\TRELLIS_FF.

3.46.9.9. Finished fast OPT passes. (There is nothing left to do.)

3.46.10. Executing TECHMAP pass (map to technology primitives).

3.46.10.1. Executing Verilog-2005 frontend: /Users/Dilan/eda/fabric-under-pressure/oss-cad-suite/libexec/../share/yosys/abc9_map.v
Parsing Verilog input from `/Users/Dilan/eda/fabric-under-pressure/oss-cad-suite/libexec/../share/yosys/abc9_map.v' to AST representation.
Successfully finished Verilog frontend.

3.46.10.2. Continuing TECHMAP pass.
Using template $paramod$68581f66a8fa831820fa7633bd24ba569ae9d7e3\TRELLIS_FF for cells of type $paramod$68581f66a8fa831820fa7633bd24ba569ae9d7e3\TRELLIS_FF.
Using template $paramod$af6cfab7b64a03625b4e26db341709ec2a848ad1\TRELLIS_FF for cells of type $paramod$af6cfab7b64a03625b4e26db341709ec2a848ad1\TRELLIS_FF.
Using template $paramod$37e41664cab9052a9b41c89036e0524f666a0fee\TRELLIS_FF for cells of type $paramod$37e41664cab9052a9b41c89036e0524f666a0fee\TRELLIS_FF.
No more expansions possible.
<suppressed ~67 debug messages>

3.46.11. Executing Verilog-2005 frontend: /Users/Dilan/eda/fabric-under-pressure/oss-cad-suite/libexec/../share/yosys/abc9_model.v
Parsing Verilog input from `/Users/Dilan/eda/fabric-under-pressure/oss-cad-suite/libexec/../share/yosys/abc9_model.v' to AST representation.
Generating RTLIL representation for module `$__ABC9_DELAY'.
Generating RTLIL representation for module `$__ABC9_SCC_BREAKER'.
Generating RTLIL representation for module `$__DFF_N__$abc9_flop'.
Generating RTLIL representation for module `$__DFF_P__$abc9_flop'.
Successfully finished Verilog frontend.

3.46.12. Executing ABC9_OPS pass (helper functions for ABC9).
<suppressed ~2 debug messages>

3.46.13. Executing ABC9_OPS pass (helper functions for ABC9).

3.46.14. Executing ABC9_OPS pass (helper functions for ABC9).
<suppressed ~2 debug messages>

3.46.15. Executing TECHMAP pass (map to technology primitives).

3.46.15.1. Executing Verilog-2005 frontend: /Users/Dilan/eda/fabric-under-pressure/oss-cad-suite/libexec/../share/yosys/techmap.v
Parsing Verilog input from `/Users/Dilan/eda/fabric-under-pressure/oss-cad-suite/libexec/../share/yosys/techmap.v' to AST representation.
Generating RTLIL representation for module `\_90_simplemap_bool_ops'.
Generating RTLIL representation for module `\_90_simplemap_reduce_ops'.
Generating RTLIL representation for module `\_90_simplemap_logic_ops'.
Generating RTLIL representation for module `\_90_simplemap_compare_ops'.
Generating RTLIL representation for module `\_90_simplemap_various'.
Generating RTLIL representation for module `\_90_simplemap_registers'.
Generating RTLIL representation for module `\_90_shift_ops_shr_shl_sshl_sshr'.
Generating RTLIL representation for module `\_90_shift_shiftx'.
Generating RTLIL representation for module `\_90_fa'.
Generating RTLIL representation for module `\_90_lcu_brent_kung'.
Generating RTLIL representation for module `\_90_alu'.
Generating RTLIL representation for module `\_90_macc'.
Generating RTLIL representation for module `\_90_alumacc'.
Generating RTLIL representation for module `$__div_mod_u'.
Generating RTLIL representation for module `$__div_mod_trunc'.
Generating RTLIL representation for module `\_90_div'.
Generating RTLIL representation for module `\_90_mod'.
Generating RTLIL representation for module `$__div_mod_floor'.
Generating RTLIL representation for module `\_90_divfloor'.
Generating RTLIL representation for module `\_90_modfloor'.
Generating RTLIL representation for module `\_90_pow'.
Generating RTLIL representation for module `\_90_demux'.
Generating RTLIL representation for module `\_90_lut'.
Generating RTLIL representation for module `$connect'.
Generating RTLIL representation for module `$input_port'.
Successfully finished Verilog frontend.

3.46.15.2. Continuing TECHMAP pass.
No more expansions possible.
<suppressed ~175 debug messages>

3.46.16. Executing OPT pass (performing simple optimizations).

3.46.16.1. Executing OPT_EXPR pass (perform const folding).
Optimizing module axi_b_response_router.

3.46.16.2. Executing OPT_MERGE pass (detect identical cells).
Finding identical cells in module `\axi_b_response_router'.
Computing hashes of 0 cells of `\axi_b_response_router'.
Finding duplicate cells in `\axi_b_response_router'.
Removed a total of 0 cells.

3.46.16.3. Executing OPT_MUXTREE pass (detect dead branches in mux trees).
Running muxtree optimizer on module \axi_b_response_router..
  Creating internal representation of mux trees.
  No muxes found in this module.
Removed 0 multiplexer ports.

3.46.16.4. Executing OPT_REDUCE pass (consolidate $*mux and $reduce_* inputs).
  Optimizing cells in module \axi_b_response_router.
Performed a total of 0 changes.

3.46.16.5. Executing OPT_MERGE pass (detect identical cells).
Finding identical cells in module `\axi_b_response_router'.
Computing hashes of 0 cells of `\axi_b_response_router'.
Finding duplicate cells in `\axi_b_response_router'.
Removed a total of 0 cells.

3.46.16.6. Executing OPT_DFF pass (perform DFF optimizations).

3.46.16.7. Executing OPT_CLEAN pass (remove unused cells and wires).
Finding unused cells or wires in module \axi_b_response_router..

3.46.16.8. Executing OPT_EXPR pass (perform const folding).
Optimizing module axi_b_response_router.

3.46.16.9. Finished fast OPT passes. (There is nothing left to do.)

3.46.17. Executing AIGMAP pass (map logic to AIG).
Module axi_b_response_router: replaced 917 cells with 4835 new cells, skipped 551 cells.
  replaced 2 cell types:
     389 $_MUX_
     528 $_OR_
  not replaced 9 cell types:
     224 $_AND_
     200 $_NOT_
       3 $scopeinfo
      39 $paramod$37e41664cab9052a9b41c89036e0524f666a0fee\TRELLIS_FF
      20 $paramod$68581f66a8fa831820fa7633bd24ba569ae9d7e3\TRELLIS_FF
       3 $paramod$af6cfab7b64a03625b4e26db341709ec2a848ad1\TRELLIS_FF
      39 $paramod$37e41664cab9052a9b41c89036e0524f666a0fee\TRELLIS_FF_$abc9_byp
      20 $paramod$68581f66a8fa831820fa7633bd24ba569ae9d7e3\TRELLIS_FF_$abc9_byp
       3 $paramod$af6cfab7b64a03625b4e26db341709ec2a848ad1\TRELLIS_FF_$abc9_byp

3.46.17.1. Executing ABC9_OPS pass (helper functions for ABC9).

3.46.17.2. Executing ABC9_OPS pass (helper functions for ABC9).
Warning: Feature 'write_xaiger2' is experimental.

3.46.17.3. Executing XAIGER2 backend.
<suppressed ~286 debug messages>
Extracted 1848 AND gates and 0 wires from module `axi_b_response_router' to a netlist network with 213 inputs and 585 outputs.

3.46.17.4. Executing ABC9_EXE pass (technology mapping using ABC9).

3.46.17.5. Executing ABC9.
Running ABC command: "<yosys-exe-dir>/yosys-abc" -s -f <abc-temp-dir>/abc.script 2>&1
ABC: ======== ABC command line "source <abc-temp-dir>/abc.script"
ABC: + read_lut <abc-temp-dir>/input.lut
ABC: + read_box <abc-temp-dir>/input.box
ABC: + &read <abc-temp-dir>/input.xaig
ABC: + &ps
ABC: <abc-temp-dir>/input : i/o =    151/    461  and =    1596  lev =   32 (3.42)  mem = 0.03 MB  box = 62  bb = 62
ABC: + &scorr
ABC: Warning: The network is combinational.
ABC: + &sweep
ABC: + &dc2
ABC: + &dch -f -r
ABC: + &ps
ABC: <abc-temp-dir>/input : i/o =    151/    461  and =    2303  lev =   25 (2.82)  mem = 0.04 MB  ch =  308  box = 62  bb = 62
ABC: cst =       0  cls =    279  lit =     308  unused =    1929  proof =     0
ABC: + &if -W 300 -v
ABC: K = 7. Memory (bytes): Truth =    0. Cut =   76. Obj =  156. Set =  780. CutMin = no
ABC: Node =    2303.  Ch =   279.  Total mem =    0.51 MB. Peak cut mem =    0.10 MB.
ABC: P:  Del = 4966.00.  Ar =    1495.0.  Edge =     1718.  Cut =    21844.  T =     0.00 sec
ABC: P:  Del = 4852.00.  Ar =    1520.0.  Edge =     1744.  Cut =    22439.  T =     0.00 sec
ABC: P:  Del = 4852.00.  Ar =    1175.0.  Edge =     2101.  Cut =    36205.  T =     0.01 sec
ABC: F:  Del = 4852.00.  Ar =     811.0.  Edge =     1836.  Cut =    24416.  T =     0.00 sec
ABC: A:  Del = 4852.00.  Ar =     739.0.  Edge =     1685.  Cut =    24388.  T =     0.01 sec
ABC: A:  Del = 4852.00.  Ar =     735.0.  Edge =     1675.  Cut =    24253.  T =     0.01 sec
ABC: Total time =     0.03 sec
ABC: + &write -n <abc-temp-dir>/output.aig
ABC: + &mfs
ABC: + &ps -l
ABC: <abc-temp-dir>/input : i/o =    151/    461  and =    1291  lev =   23 (2.71)  mem = 0.03 MB  box = 62  bb = 62
ABC: Mapping (K=7)  :  lut =    403  edge =    1501  lev =    9 (1.24)  levB =    9  mem = 0.02 MB
ABC: LUT = 403 : 2=39 9.7 %  3=154 38.2 %  4=136 33.7 %  5=37 9.2 %  6=27 6.7 %  7=10 2.5 %  Ave = 3.72
ABC: + &write -n <abc-temp-dir>/output.aig
ABC: + &verify
ABC: Networks are equivalent.  Time =     0.03 sec
ABC: + time
ABC: elapse: 0.29 seconds, total: 0.29 seconds

3.46.17.6. Executing AIGER frontend.
<suppressed ~10 debug messages>
Removed 1841 unused cells and 2290 unused wires.

3.46.17.7. Executing ABC_OPS_REINTEGRATE pass (reintegrate ABC mapped design into module).
ABC RESULTS:              $lut cells:      407
ABC RESULTS:   $paramod$37e41664cab9052a9b41c89036e0524f666a0fee\TRELLIS_FF_$abc9_byp cells:       39
ABC RESULTS:   $paramod$68581f66a8fa831820fa7633bd24ba569ae9d7e3\TRELLIS_FF_$abc9_byp cells:       20
ABC RESULTS:   $paramod$af6cfab7b64a03625b4e26db341709ec2a848ad1\TRELLIS_FF_$abc9_byp cells:        3
ABC RESULTS:           input signals:       69
ABC RESULTS:          output signals:       12
<suppressed ~1224 debug messages>
Removing temp directory.

3.46.18. Executing TECHMAP pass (map to technology primitives).

3.46.18.1. Executing Verilog-2005 frontend: /Users/Dilan/eda/fabric-under-pressure/oss-cad-suite/libexec/../share/yosys/abc9_unmap.v
Parsing Verilog input from `/Users/Dilan/eda/fabric-under-pressure/oss-cad-suite/libexec/../share/yosys/abc9_unmap.v' to AST representation.
Generating RTLIL representation for module `$__DFF_x__$abc9_flop'.
Generating RTLIL representation for module `$__ABC9_SCC_BREAKER'.
Successfully finished Verilog frontend.

3.46.18.2. Continuing TECHMAP pass.
Using template $paramod$68581f66a8fa831820fa7633bd24ba569ae9d7e3\TRELLIS_FF for cells of type $paramod$68581f66a8fa831820fa7633bd24ba569ae9d7e3\TRELLIS_FF.
Using template $paramod$af6cfab7b64a03625b4e26db341709ec2a848ad1\TRELLIS_FF for cells of type $paramod$af6cfab7b64a03625b4e26db341709ec2a848ad1\TRELLIS_FF.
Using template $paramod$37e41664cab9052a9b41c89036e0524f666a0fee\TRELLIS_FF for cells of type $paramod$37e41664cab9052a9b41c89036e0524f666a0fee\TRELLIS_FF.
Using template $paramod$68581f66a8fa831820fa7633bd24ba569ae9d7e3\TRELLIS_FF_$abc9_byp for cells of type $paramod$68581f66a8fa831820fa7633bd24ba569ae9d7e3\TRELLIS_FF_$abc9_byp.
Using template $paramod$af6cfab7b64a03625b4e26db341709ec2a848ad1\TRELLIS_FF_$abc9_byp for cells of type $paramod$af6cfab7b64a03625b4e26db341709ec2a848ad1\TRELLIS_FF_$abc9_byp.
Using template $paramod$37e41664cab9052a9b41c89036e0524f666a0fee\TRELLIS_FF_$abc9_byp for cells of type $paramod$37e41664cab9052a9b41c89036e0524f666a0fee\TRELLIS_FF_$abc9_byp.
No more expansions possible.
<suppressed ~135 debug messages>
Removed 24 unused cells and 1514 unused wires.

3.47. Executing TECHMAP pass (map to technology primitives).

3.47.1. Executing Verilog-2005 frontend: /Users/Dilan/eda/fabric-under-pressure/oss-cad-suite/libexec/../share/yosys/lattice/cells_map_trellis.v
Parsing Verilog input from `/Users/Dilan/eda/fabric-under-pressure/oss-cad-suite/libexec/../share/yosys/lattice/cells_map_trellis.v' to AST representation.
Generating RTLIL representation for module `$_DFF_N_'.
Generating RTLIL representation for module `$_DFF_P_'.
Generating RTLIL representation for module `$_DFFE_NN_'.
Generating RTLIL representation for module `$_DFFE_PN_'.
Generating RTLIL representation for module `$_DFFE_NP_'.
Generating RTLIL representation for module `$_DFFE_PP_'.
Generating RTLIL representation for module `$_DFF_NP0_'.
Generating RTLIL representation for module `$_DFF_NP1_'.
Generating RTLIL representation for module `$_DFF_PP0_'.
Generating RTLIL representation for module `$_DFF_PP1_'.
Generating RTLIL representation for module `$_SDFF_NP0_'.
Generating RTLIL representation for module `$_SDFF_NP1_'.
Generating RTLIL representation for module `$_SDFF_PP0_'.
Generating RTLIL representation for module `$_SDFF_PP1_'.
Generating RTLIL representation for module `$_DFFE_NP0P_'.
Generating RTLIL representation for module `$_DFFE_NP1P_'.
Generating RTLIL representation for module `$_DFFE_PP0P_'.
Generating RTLIL representation for module `$_DFFE_PP1P_'.
Generating RTLIL representation for module `$_DFFE_NP0N_'.
Generating RTLIL representation for module `$_DFFE_NP1N_'.
Generating RTLIL representation for module `$_DFFE_PP0N_'.
Generating RTLIL representation for module `$_DFFE_PP1N_'.
Generating RTLIL representation for module `$_SDFFE_NP0P_'.
Generating RTLIL representation for module `$_SDFFE_NP1P_'.
Generating RTLIL representation for module `$_SDFFE_PP0P_'.
Generating RTLIL representation for module `$_SDFFE_PP1P_'.
Generating RTLIL representation for module `$_SDFFE_NP0N_'.
Generating RTLIL representation for module `$_SDFFE_NP1N_'.
Generating RTLIL representation for module `$_SDFFE_PP0N_'.
Generating RTLIL representation for module `$_SDFFE_PP1N_'.
Generating RTLIL representation for module `$_ALDFF_NP_'.
Generating RTLIL representation for module `$_ALDFF_PP_'.
Generating RTLIL representation for module `$_ALDFFE_NPN_'.
Generating RTLIL representation for module `$_ALDFFE_NPP_'.
Generating RTLIL representation for module `$_ALDFFE_PPN_'.
Generating RTLIL representation for module `$_ALDFFE_PPP_'.
Generating RTLIL representation for module `\FD1P3AX'.
Generating RTLIL representation for module `\FD1P3AY'.
Generating RTLIL representation for module `\FD1P3BX'.
Generating RTLIL representation for module `\FD1P3DX'.
Generating RTLIL representation for module `\FD1P3IX'.
Generating RTLIL representation for module `\FD1P3JX'.
Generating RTLIL representation for module `\FD1S3AX'.
Generating RTLIL representation for module `\FD1S3AY'.
Generating RTLIL representation for module `\FD1S3BX'.
Generating RTLIL representation for module `\FD1S3DX'.
Generating RTLIL representation for module `\FD1S3IX'.
Generating RTLIL representation for module `\FD1S3JX'.
Generating RTLIL representation for module `\IFS1P3BX'.
Generating RTLIL representation for module `\IFS1P3DX'.
Generating RTLIL representation for module `\IFS1P3IX'.
Generating RTLIL representation for module `\IFS1P3JX'.
Generating RTLIL representation for module `\OFS1P3BX'.
Generating RTLIL representation for module `\OFS1P3DX'.
Generating RTLIL representation for module `\OFS1P3IX'.
Generating RTLIL representation for module `\OFS1P3JX'.
Generating RTLIL representation for module `\IB'.
Generating RTLIL representation for module `\IBPU'.
Generating RTLIL representation for module `\IBPD'.
Generating RTLIL representation for module `\OB'.
Generating RTLIL representation for module `\OBZ'.
Generating RTLIL representation for module `\OBZPU'.
Generating RTLIL representation for module `\OBZPD'.
Generating RTLIL representation for module `\OBCO'.
Generating RTLIL representation for module `\BB'.
Generating RTLIL representation for module `\BBPU'.
Generating RTLIL representation for module `\BBPD'.
Generating RTLIL representation for module `\ILVDS'.
Generating RTLIL representation for module `\OLVDS'.
Generating RTLIL representation for module `$lut'.
Successfully finished Verilog frontend.

3.47.2. Continuing TECHMAP pass.
Using template $paramod$lut\WIDTH=32'00000000000000000000000000000011\LUT=8'00100000 for cells of type $lut.
Using template $paramod$lut\WIDTH=32'00000000000000000000000000000011\LUT=8'00001000 for cells of type $lut.
Using template $paramod$7d2ccff2f10862389b0d768786e317b826ad9a42$lut for cells of type $lut.
Using template $paramod$baa9d2fb2d21010939721b85aa9f11effe0b53c4$lut for cells of type $lut.
Using template $paramod$4c798533e14ffad1bab39d73e915ffc83f13635d$lut for cells of type $lut.
Using template $paramod$lut\WIDTH=32'00000000000000000000000000000011\LUT=8'00100111 for cells of type $lut.
Using template $paramod$3702268f692b8bf258e428f65d3bca4e1f76d98b$lut for cells of type $lut.
Using template $paramod$58df2c605746858c7e53492c8f57d6f1fafa12d2$lut for cells of type $lut.
Using template $paramod$f31d9e0f506230211ce90dec8cda8f4e917ce473$lut for cells of type $lut.
Using template $paramod$16894c241be5ea1f024e9339dea788b4dbe184ae$lut for cells of type $lut.
Using template $paramod$c8f16510db975553c8b0be1064e8f5234175f8a8$lut for cells of type $lut.
Using template $paramod$4385b611926e5c0509dba4de58311d325da0ff0d$lut for cells of type $lut.
Using template $paramod$ab8bb87959c5d7cfa27886cee1355b38e054a61a$lut for cells of type $lut.
Using template $paramod$0b63e97eced3280c448b19f071cf5590523c6c1a$lut for cells of type $lut.
Using template $paramod$lut\WIDTH=32'00000000000000000000000000000011\LUT=8'00000010 for cells of type $lut.
Using template $paramod$lut\WIDTH=32'00000000000000000000000000000011\LUT=8'00010011 for cells of type $lut.
Using template $paramod$e77b29729078761d18c726ba783dc7173842ea75$lut for cells of type $lut.
Using template $paramod$da24d1fb17785734b91c6fc20677d0522f5909da$lut for cells of type $lut.
Using template $paramod$6ed2b32603370e425d583bb99e027620702d7197$lut for cells of type $lut.
Using template $paramod$728e616c918eb05878d70b2bb240e381ea2847b9$lut for cells of type $lut.
Using template $paramod$lut\WIDTH=32'00000000000000000000000000000011\LUT=8'10101000 for cells of type $lut.
Using template $paramod$lut\WIDTH=32'00000000000000000000000000000011\LUT=8'11011000 for cells of type $lut.
Using template $paramod$ba7f31f246a278c41fa0648a6e0512f63185dec0$lut for cells of type $lut.
Using template $paramod$e2d96f36ef28053ecd27167cd95b944485ac3146$lut for cells of type $lut.
Using template $paramod$lut\WIDTH=32'00000000000000000000000000000011\LUT=8'00000001 for cells of type $lut.
Using template $paramod$1d7cc7523960d07120e056db4cec420057edf3a5$lut for cells of type $lut.
Using template $paramod$698adb3b1a1b526df2c877c8b6b97ce243f2b08a$lut for cells of type $lut.
Using template $paramod$325e90edf97670f9dea57833ae1f51a5e8bcddea$lut for cells of type $lut.
Using template $paramod$f0c0a70cb98fb2f2d1990c4281d540ec6f72cd5d$lut for cells of type $lut.
Using template $paramod$18368a3da11a7221c7fb674ec80ee0d0bd64b883$lut for cells of type $lut.
Using template $paramod$368ece0cbe0dd8813956f5c0ea41432c34a980c2$lut for cells of type $lut.
Using template $paramod$153c6cdaaddbc43e6ef3facd06aa851de33910ae$lut for cells of type $lut.
Using template $paramod$ed088cf4ac2d9e197fe7c782772c7c0257ba37fa$lut for cells of type $lut.
Using template $paramod$lut\WIDTH=32'00000000000000000000000000000010\LUT=4'0100 for cells of type $lut.
Using template $paramod$lut\WIDTH=32'00000000000000000000000000000010\LUT=4'0010 for cells of type $lut.
Using template $paramod$f9813472aa48e533b3838c6f2316dc2e78c66111$lut for cells of type $lut.
Using template $paramod$lut\WIDTH=32'00000000000000000000000000000011\LUT=8'00001110 for cells of type $lut.
Using template $paramod$lut\WIDTH=32'00000000000000000000000000000010\LUT=4'0001 for cells of type $lut.
Using template $paramod$cfd5072fc940ba03cc763ad5919058673180c4dc$lut for cells of type $lut.
Using template $paramod$1518f67c6967a26d6849ba5e2ff47bda75c483f9$lut for cells of type $lut.
Using template $paramod$bfe9b7f13277a1be4d4539e5666919f21b452f60$lut for cells of type $lut.
Using template $paramod$fe89c52e83c5b0456317806a3190c48a5e8494e5$lut for cells of type $lut.
Using template $paramod$lut\WIDTH=32'00000000000000000000000000000011\LUT=8'00000111 for cells of type $lut.
Using template $paramod$2a389123db98767a350c1683e6d13f925e8643a7$lut for cells of type $lut.
Using template $paramod$51d1c62dbe4e260b30fb964bd763ae7c4cc6ebb3$lut for cells of type $lut.
Using template $paramod$a8cad0adefa766e8bee5d52e75452d1c4d87c31c$lut for cells of type $lut.
Using template $paramod$d6d58b4f027a4b5289ea325f8cd1a82ea0eefd81$lut for cells of type $lut.
Using template $paramod$a4640096cbef09c4ef8613155a589c40164ac034$lut for cells of type $lut.
Using template $paramod$lut\WIDTH=32'00000000000000000000000000000010\LUT=4'1000 for cells of type $lut.
Using template $paramod$lut\WIDTH=32'00000000000000000000000000000010\LUT=4'1011 for cells of type $lut.
Using template $paramod$lut\WIDTH=32'00000000000000000000000000000011\LUT=8'00000100 for cells of type $lut.
Using template $paramod$97d6e43d6a95de68cf82844dc94c27516d8db8b9$lut for cells of type $lut.
Using template $paramod$lut\WIDTH=32'00000000000000000000000000000010\LUT=4'1101 for cells of type $lut.
Using template $paramod$c28a8b7ce0535d090c4cfb52e9c74affd52b110c$lut for cells of type $lut.
Using template $paramod$9891217114ca63a6e9d48073351d843bb1d46faf$lut for cells of type $lut.
Using template $paramod$31387621d1610a0290872bbf4d90a41c51f62d2e$lut for cells of type $lut.
Using template $paramod$0f85ee0604a834c4ed89676ef0c9c3110d333ac6$lut for cells of type $lut.
Using template $paramod$bc116ac0075e18b9fc47b18a4b9f15b83ff38f0d$lut for cells of type $lut.
Using template $paramod$168aeef333136ff4f1f2ce3a62c8b6d1ffc7dc28$lut for cells of type $lut.
Using template $paramod$lut\WIDTH=32'00000000000000000000000000000011\LUT=8'00010000 for cells of type $lut.
Using template $paramod$lut\WIDTH=32'00000000000000000000000000000011\LUT=8'01001111 for cells of type $lut.
Using template $paramod$lut\WIDTH=32'00000000000000000000000000000011\LUT=8'00100011 for cells of type $lut.
Using template $paramod$lut\WIDTH=32'00000000000000000000000000000011\LUT=8'11111110 for cells of type $lut.
Using template $paramod$2694fda3f2b652c6e191caaf34470870453c3027$lut for cells of type $lut.
Using template $paramod$60bc0b00bd8487a5e5ccba67a5f1bd52dddb6786$lut for cells of type $lut.
Using template $paramod$22fb7eea29714fc0d8a025eab61e135b8739ad7e$lut for cells of type $lut.
Using template $paramod$63eece0550485aaada1928e1b93d991a0c280b0a$lut for cells of type $lut.
Using template $paramod$66658cbed86a8310f9b7ba1190d35eff90ee749b$lut for cells of type $lut.
Using template $paramod$lut\WIDTH=32'00000000000000000000000000000011\LUT=8'11110100 for cells of type $lut.
Using template $paramod$lut\WIDTH=32'00000000000000000000000000000011\LUT=8'11101111 for cells of type $lut.
Using template $paramod$11d98a734fddb972e4bcf061987d6c0007a7bbfa$lut for cells of type $lut.
Using template $paramod$101238f3d8d49ab12a9b49a2f01cd503b26e9c61$lut for cells of type $lut.
Using template $paramod$430488d8820d66c79ad9a96cfa066a9ffa5e16ba$lut for cells of type $lut.
Using template $paramod$lut\WIDTH=32'00000000000000000000000000000011\LUT=8'00001011 for cells of type $lut.
Using template $paramod$5502a85110dbca29ac631107f0b0635e7fade476$lut for cells of type $lut.
Using template $paramod$b416010b8dd690dc4c45e6470961ba35b081abaf$lut for cells of type $lut.
Using template $paramod$e019cb14313283ce60b57907d30cf3eefa00a93d$lut for cells of type $lut.
Using template $paramod$5dc745bb48e2cf535179547ba13f0fe5364d6d54$lut for cells of type $lut.
Using template $paramod$29c639e8f21808417a27ff6c548ff07ec1db308d$lut for cells of type $lut.
Using template $paramod$121f66828c71d3c18a58c99e9f44b94525cfca81$lut for cells of type $lut.
Using template $paramod$722bfd9af0ae56ca9d1d12a221cb5ede16461f26$lut for cells of type $lut.
Using template $paramod$de5328836923c44c99600bcab852423201246f91$lut for cells of type $lut.
Using template $paramod$f5f41ee5d60dede31a2b59f58ec46b167939d713$lut for cells of type $lut.
Using template $paramod$1319f2a6aa229c2b7a8b526ecf721f3a0c9447de$lut for cells of type $lut.
Using template $paramod$e123448b710edb7636558585c306eb40ac96113f$lut for cells of type $lut.
Using template $paramod$526e4703e3f9e5bf75da836fd3d4410dd76747a6$lut for cells of type $lut.
Using template $paramod$293a09d1dd5597cabc98b326a271f8bd5e3add4f$lut for cells of type $lut.
Using template $paramod$44f578f4aa775b42b3bdf58ed728c3aa9a48bf0d$lut for cells of type $lut.
Using template $paramod$cce3d33ad697a2d800f8a7dbc9e3d310ca2d0931$lut for cells of type $lut.
Using template $paramod$675c537fbcc33869e40d735a30e0826313365c88$lut for cells of type $lut.
Using template $paramod$lut\WIDTH=32'00000000000000000000000000000011\LUT=8'10110000 for cells of type $lut.
Using template $paramod$f8f63b209b7230e81958663ff24fef1613156af7$lut for cells of type $lut.
Using template $paramod$332a399730bfc61adea04021a76b1c4e4030f37d$lut for cells of type $lut.
Using template $paramod$8829675bb8c52553aed9f101ec0d5ef0c865e5c7$lut for cells of type $lut.
Using template $paramod$lut\WIDTH=32'00000000000000000000000000000011\LUT=8'10101100 for cells of type $lut.
Using template $paramod$46d981b5eabc08c1691f743d7a017e4435316de4$lut for cells of type $lut.
Using template $paramod$lut\WIDTH=32'00000000000000000000000000000011\LUT=8'01110000 for cells of type $lut.
Using template $paramod$lut\WIDTH=32'00000000000000000000000000000011\LUT=8'00110010 for cells of type $lut.
Using template $paramod$lut\WIDTH=32'00000000000000000000000000000011\LUT=8'11001010 for cells of type $lut.
Using template $paramod$91d3a95cf9a6944561323e7dd7099b42b09a8199$lut for cells of type $lut.
Using template $paramod$a6ef2a845efd4ff0d96bc4fd2f06cc3516fa63ff$lut for cells of type $lut.
Using template $paramod$lut\WIDTH=32'00000000000000000000000000000011\LUT=8'01000000 for cells of type $lut.
Using template $paramod$lut\WIDTH=32'00000000000000000000000000000011\LUT=8'11100000 for cells of type $lut.
Using template $paramod$71d951b20e73043168c1656217d126e617052faa$lut for cells of type $lut.
Using template $paramod$f4c73d849f7d47805ca1aefb950c4e26e4eae9d0$lut for cells of type $lut.
Using template $paramod$6cf3af45e53e3262a3cbe3667dbe8957fd5e9d12$lut for cells of type $lut.
Using template $paramod$8a9cf6dc5eb7a52f0a05d769c42a1de1a84c58ec$lut for cells of type $lut.
Using template $paramod$cda3479948f21f17fce08aa91dbe52b5d70dd201$lut for cells of type $lut.
Using template $paramod$a3ce4ec4e02922072562373589d6309a28a55661$lut for cells of type $lut.
Using template $paramod$891d17c049ef97ffbed57a5d4edf3f9e83d4f776$lut for cells of type $lut.
Using template $paramod$a76afe794e55ba422468b9db09d48da3f250b812$lut for cells of type $lut.
Using template $paramod$720b2b9b629cb4805ab025f385e383dea605b7b3$lut for cells of type $lut.
Using template $paramod$74126468aaace72876184a46cb47e46a6d4ae807$lut for cells of type $lut.
Using template $paramod$f85f1073c412d406200a6a72283f918c8b751314$lut for cells of type $lut.
Using template $paramod$52a6b158dd7185b10b99583d379b2d683d370c68$lut for cells of type $lut.
Using template $paramod$873c285bdccf0ac2b60d2304ea5cd14bf211d2a6$lut for cells of type $lut.
Using template $paramod$a3367e7c5f4cda330626e40fcc91b2432a6070b4$lut for cells of type $lut.
Using template $paramod$lut\WIDTH=32'00000000000000000000000000000011\LUT=8'10000000 for cells of type $lut.
Using template $paramod$bc6cf45f7461c7582e560645727bf4a0864b59d6$lut for cells of type $lut.
Using template $paramod$lut\WIDTH=32'00000000000000000000000000000011\LUT=8'00010101 for cells of type $lut.
Using template $paramod$lut\WIDTH=32'00000000000000000000000000000011\LUT=8'11000100 for cells of type $lut.
Using template $paramod$e85d09669f90a965606a82ca909927d9369f218f$lut for cells of type $lut.
Using template $paramod$lut\WIDTH=32'00000000000000000000000000000001\LUT=2'01 for cells of type $lut.
No more expansions possible.
<suppressed ~1833 debug messages>

3.48. Executing OPT_LUT_INS pass (discard unused LUT inputs).
Optimizing LUTs in axi_b_response_router.
  Optimizing lut $abc$21347$lut$aiger$o263.genblk1.genblk1.genblk1.genblk1.genblk1.genblk1.genblk1.lut3 (4 -> 3)
  Optimizing lut $abc$21347$lut$aiger$o263.genblk1.genblk1.genblk1.genblk1.genblk1.genblk1.genblk1.lut4 (4 -> 3)
  Optimizing lut $abc$21347$lut$aiger$o263.genblk1.genblk1.genblk1.genblk1.genblk1.genblk1.genblk1.lut5 (4 -> 3)
  Optimizing lut $abc$21347$lut$aiger$o263.genblk1.genblk1.genblk1.genblk1.genblk1.genblk1.genblk1.lut6 (4 -> 2)
  Optimizing lut $abc$21347$lut$aiger$o263.genblk1.genblk1.genblk1.genblk1.genblk1.genblk1.genblk1.lut7 (4 -> 2)
  Optimizing lut $abc$21347$lut$aiger21346$1427.genblk1.genblk1.genblk1.genblk1.genblk1.lut1 (4 -> 3)
  Optimizing lut $abc$21347$lut$aiger$o249.genblk1.genblk1.genblk1.genblk1.genblk1.genblk1.lut2 (4 -> 0)
  Optimizing lut $abc$21347$lut$aiger$o249.genblk1.genblk1.genblk1.genblk1.genblk1.genblk1.lut3 (4 -> 2)
  Optimizing lut $abc$21347$lut$aiger$o241.genblk1.genblk1.genblk1.genblk1.genblk1.genblk1.lut2 (4 -> 3)
  Optimizing lut $abc$21347$lut$aiger21346$1393.genblk1.genblk1.genblk1.genblk1.genblk1.lut1 (4 -> 3)
  Optimizing lut $abc$21347$lut$aiger$o348.genblk1.genblk1.genblk1.genblk1.genblk1.genblk1.genblk1.lut3 (4 -> 1)
  Optimizing lut $abc$21347$lut$aiger$o348.genblk1.genblk1.genblk1.genblk1.genblk1.genblk1.genblk1.lut5 (4 -> 1)
  Optimizing lut $abc$21347$lut$aiger$o348.genblk1.genblk1.genblk1.genblk1.genblk1.genblk1.genblk1.lut7 (4 -> 1)
  Optimizing lut $auto$abc_ops_reintegrate.cc:655:reintegrate$21348.genblk1.genblk1.genblk1.genblk1.genblk1.genblk1.genblk1.lut2 (4 -> 3)
  Optimizing lut $auto$abc_ops_reintegrate.cc:655:reintegrate$21348.genblk1.genblk1.genblk1.genblk1.genblk1.genblk1.genblk1.lut3 (4 -> 3)
  Optimizing lut $auto$abc_ops_reintegrate.cc:655:reintegrate$21348.genblk1.genblk1.genblk1.genblk1.genblk1.genblk1.genblk1.lut4 (4 -> 0)
  Optimizing lut $auto$abc_ops_reintegrate.cc:655:reintegrate$21348.genblk1.genblk1.genblk1.genblk1.genblk1.genblk1.genblk1.lut5 (4 -> 0)
  Optimizing lut $auto$abc_ops_reintegrate.cc:655:reintegrate$21348.genblk1.genblk1.genblk1.genblk1.genblk1.genblk1.genblk1.lut6 (4 -> 0)
  Optimizing lut $auto$abc_ops_reintegrate.cc:655:reintegrate$21348.genblk1.genblk1.genblk1.genblk1.genblk1.genblk1.genblk1.lut7 (4 -> 0)
  Optimizing lut $auto$abc_ops_reintegrate.cc:655:reintegrate$21352.genblk1.genblk1.genblk1.genblk1.genblk1.genblk1.lut2 (4 -> 3)
  Optimizing lut $auto$abc_ops_reintegrate.cc:655:reintegrate$21352.genblk1.genblk1.genblk1.genblk1.genblk1.genblk1.lut3 (4 -> 3)
  Optimizing lut $abc$21347$lut$aiger21346$836.genblk1.genblk1.genblk1.genblk1.genblk1.genblk1.lut3 (4 -> 3)
  Optimizing lut $abc$21347$lut$aiger21346$827.genblk1.genblk1.genblk1.genblk1.genblk1.genblk1.lut3 (4 -> 3)
  Optimizing lut $abc$21347$lut$aiger21346$1446.genblk1.genblk1.genblk1.genblk1.genblk1.lut1 (4 -> 3)
  Optimizing lut $abc$21347$lut$aiger21346$894.genblk1.genblk1.genblk1.genblk1.genblk1.genblk1.lut3 (4 -> 3)
  Optimizing lut $auto$abc_ops_reintegrate.cc:655:reintegrate$21362.genblk1.genblk1.genblk1.genblk1.genblk1.lut1 (4 -> 0)
  Optimizing lut $abc$21347$lut$aiger21346$1293.genblk1.genblk1.genblk1.genblk1.genblk1.lut1 (4 -> 0)
  Optimizing lut $abc$21347$lut$aiger21346$1232.genblk1.genblk1.genblk1.genblk1.genblk1.genblk1.lut3 (4 -> 3)
  Optimizing lut $abc$21347$lut$aiger21346$1222.genblk1.genblk1.genblk1.genblk1.genblk1.genblk1.lut3 (4 -> 3)
  Optimizing lut $abc$21347$lut$aiger21346$908.genblk1.genblk1.genblk1.genblk1.genblk1.genblk1.lut3 (4 -> 1)
  Optimizing lut $abc$21347$lut$aiger21346$1254.genblk1.genblk1.genblk1.genblk1.genblk1.genblk1.lut1 (4 -> 0)
  Optimizing lut $abc$21347$lut$aiger21346$1254.genblk1.genblk1.genblk1.genblk1.genblk1.genblk1.lut3 (4 -> 3)
  Optimizing lut $auto$abc_ops_reintegrate.cc:655:reintegrate$21366.genblk1.genblk1.genblk1.genblk1.genblk1.genblk1.lut3 (4 -> 1)
  Optimizing lut $abc$21347$lut$aiger21346$879.genblk1.genblk1.genblk1.genblk1.genblk1.genblk1.genblk1.lut2 (4 -> 2)
  Optimizing lut $abc$21347$lut$aiger21346$879.genblk1.genblk1.genblk1.genblk1.genblk1.genblk1.genblk1.lut3 (4 -> 2)
  Optimizing lut $abc$21347$lut$aiger21346$879.genblk1.genblk1.genblk1.genblk1.genblk1.genblk1.genblk1.lut5 (4 -> 3)
  Optimizing lut $abc$21347$lut$aiger21346$879.genblk1.genblk1.genblk1.genblk1.genblk1.genblk1.genblk1.lut6 (4 -> 3)
  Optimizing lut $abc$21347$lut$aiger21346$879.genblk1.genblk1.genblk1.genblk1.genblk1.genblk1.genblk1.lut7 (4 -> 3)
  Optimizing lut $abc$21347$lut$aiger21346$802.genblk1.genblk1.genblk1.genblk1.genblk1.genblk1.genblk1.lut2 (4 -> 1)
  Optimizing lut $abc$21347$lut$aiger21346$802.genblk1.genblk1.genblk1.genblk1.genblk1.genblk1.genblk1.lut3 (4 -> 1)
  Optimizing lut $abc$21347$lut$aiger21346$802.genblk1.genblk1.genblk1.genblk1.genblk1.genblk1.genblk1.lut4 (4 -> 1)
  Optimizing lut $abc$21347$lut$aiger21346$802.genblk1.genblk1.genblk1.genblk1.genblk1.genblk1.genblk1.lut5 (4 -> 1)
  Optimizing lut $abc$21347$lut$aiger21346$802.genblk1.genblk1.genblk1.genblk1.genblk1.genblk1.genblk1.lut6 (4 -> 1)
  Optimizing lut $abc$21347$lut$aiger21346$802.genblk1.genblk1.genblk1.genblk1.genblk1.genblk1.genblk1.lut7 (4 -> 1)
  Optimizing lut $abc$21347$lut$aiger21346$509.genblk1.genblk1.genblk1.genblk1.genblk1.genblk1.genblk1.lut2 (4 -> 2)
  Optimizing lut $abc$21347$lut$aiger21346$509.genblk1.genblk1.genblk1.genblk1.genblk1.genblk1.genblk1.lut3 (4 -> 2)
  Optimizing lut $abc$21347$lut$aiger21346$509.genblk1.genblk1.genblk1.genblk1.genblk1.genblk1.genblk1.lut5 (4 -> 3)
  Optimizing lut $abc$21347$lut$aiger21346$509.genblk1.genblk1.genblk1.genblk1.genblk1.genblk1.genblk1.lut6 (4 -> 3)
  Optimizing lut $abc$21347$lut$aiger21346$509.genblk1.genblk1.genblk1.genblk1.genblk1.genblk1.genblk1.lut7 (4 -> 3)
  Optimizing lut $abc$21347$lut$aiger21346$1052.genblk1.genblk1.genblk1.genblk1.genblk1.lut1 (4 -> 0)
  Optimizing lut $abc$21347$lut$aiger21346$1015.genblk1.genblk1.genblk1.genblk1.genblk1.genblk1.lut1 (4 -> 0)
  Optimizing lut $abc$21347$lut$aiger21346$1015.genblk1.genblk1.genblk1.genblk1.genblk1.genblk1.lut3 (4 -> 3)
  Optimizing lut $auto$abc_ops_reintegrate.cc:655:reintegrate$21372.genblk1.genblk1.genblk1.genblk1.genblk1.genblk1.genblk1.lut4 (4 -> 1)
  Optimizing lut $auto$abc_ops_reintegrate.cc:655:reintegrate$21372.genblk1.genblk1.genblk1.genblk1.genblk1.genblk1.genblk1.lut5 (4 -> 2)
  Optimizing lut $auto$abc_ops_reintegrate.cc:655:reintegrate$21372.genblk1.genblk1.genblk1.genblk1.genblk1.genblk1.genblk1.lut6 (4 -> 1)
  Optimizing lut $auto$abc_ops_reintegrate.cc:655:reintegrate$21372.genblk1.genblk1.genblk1.genblk1.genblk1.genblk1.genblk1.lut7 (4 -> 1)
  Optimizing lut $abc$21347$lut$aiger21346$992.genblk1.genblk1.genblk1.genblk1.genblk1.genblk1.lut3 (4 -> 1)
  Optimizing lut $abc$21347$lut$aiger21346$982.genblk1.genblk1.genblk1.genblk1.genblk1.genblk1.genblk1.lut2 (4 -> 2)
  Optimizing lut $abc$21347$lut$aiger21346$982.genblk1.genblk1.genblk1.genblk1.genblk1.genblk1.genblk1.lut3 (4 -> 2)
  Optimizing lut $abc$21347$lut$aiger21346$982.genblk1.genblk1.genblk1.genblk1.genblk1.genblk1.genblk1.lut5 (4 -> 3)
  Optimizing lut $abc$21347$lut$aiger21346$982.genblk1.genblk1.genblk1.genblk1.genblk1.genblk1.genblk1.lut6 (4 -> 3)
  Optimizing lut $abc$21347$lut$aiger21346$982.genblk1.genblk1.genblk1.genblk1.genblk1.genblk1.genblk1.lut7 (4 -> 3)
  Optimizing lut $abc$21347$lut$aiger21346$447.genblk1.genblk1.genblk1.genblk1.genblk1.genblk1.lut2 (4 -> 1)
  Optimizing lut $abc$21347$lut$aiger21346$447.genblk1.genblk1.genblk1.genblk1.genblk1.genblk1.lut3 (4 -> 1)
  Optimizing lut $abc$21347$lut$aiger21346$873.genblk1.genblk1.genblk1.genblk1.genblk1.genblk1.lut2 (4 -> 0)
  Optimizing lut $abc$21347$lut$aiger21346$873.genblk1.genblk1.genblk1.genblk1.genblk1.genblk1.lut3 (4 -> 0)
  Optimizing lut $abc$21347$lut$aiger21346$743.genblk1.genblk1.genblk1.genblk1.genblk1.genblk1.lut2 (4 -> 1)
  Optimizing lut $abc$21347$lut$aiger21346$743.genblk1.genblk1.genblk1.genblk1.genblk1.genblk1.lut3 (4 -> 1)
  Optimizing lut $abc$21347$lut$aiger21346$485.genblk1.genblk1.genblk1.genblk1.genblk1.genblk1.lut2 (4 -> 1)
  Optimizing lut $abc$21347$lut$aiger21346$485.genblk1.genblk1.genblk1.genblk1.genblk1.genblk1.lut3 (4 -> 1)
  Optimizing lut $abc$21347$lut$aiger21346$1451.genblk1.genblk1.genblk1.genblk1.genblk1.lut1 (4 -> 3)
  Optimizing lut $abc$21347$lut$aiger21346$1035.genblk1.genblk1.genblk1.genblk1.genblk1.lut0 (4 -> 0)
  Optimizing lut $abc$21347$lut$aiger21346$1258.genblk1.genblk1.genblk1.genblk1.genblk1.lut0 (4 -> 0)
  Optimizing lut $abc$21347$lut$aiger21346$836.genblk1.genblk1.genblk1.genblk1.genblk1.genblk1.lut0 (4 -> 0)
  Optimizing lut $abc$21347$lut$aiger21346$1254.genblk1.genblk1.genblk1.genblk1.genblk1.genblk1.lut0 (4 -> 0)
  Optimizing lut $abc$21347$lut$aiger$o150.genblk1.genblk1.genblk1.genblk1.genblk1.lut1 (4 -> 3)
  Optimizing lut $abc$21347$lut$aiger$o253.genblk1.genblk1.genblk1.genblk1.genblk1.lut0 (4 -> 3)
  Optimizing lut $abc$21347$lut$aiger21346$836.genblk1.genblk1.genblk1.genblk1.genblk1.genblk1.lut1 (4 -> 0)
  Optimizing lut $abc$21347$lut$aiger21346$1432.genblk1.genblk1.genblk1.genblk1.genblk1.lut1 (4 -> 3)
  Optimizing lut $abc$21347$lut$aiger$o249.genblk1.genblk1.genblk1.genblk1.genblk1.genblk1.lut0 (4 -> 0)
  Optimizing lut $abc$21347$lut$aiger21346$1232.genblk1.genblk1.genblk1.genblk1.genblk1.genblk1.lut0 (4 -> 0)
  Optimizing lut $abc$21347$lut$aiger21346$809.genblk1.genblk1.genblk1.genblk1.genblk1.lut0 (4 -> 0)
  Optimizing lut $abc$21347$lut$aiger21346$1414.genblk1.genblk1.genblk1.genblk1.genblk1.lut1 (4 -> 3)
  Optimizing lut $abc$21347$lut$aiger21346$894.genblk1.genblk1.genblk1.genblk1.genblk1.genblk1.lut1 (4 -> 0)
  Optimizing lut $abc$21347$lut$aiger$o245.genblk1.genblk1.genblk1.genblk1.genblk1.lut1 (4 -> 1)
  Optimizing lut $auto$abc_ops_reintegrate.cc:655:reintegrate$21359.genblk1.genblk1.genblk1.genblk1.genblk1.lut1 (4 -> 0)
  Optimizing lut $abc$21347$lut$aiger21346$1010.genblk1.genblk1.genblk1.genblk1.genblk1.lut1 (4 -> 0)
  Optimizing lut $abc$21347$lut$aiger21346$509.genblk1.genblk1.genblk1.genblk1.genblk1.genblk1.genblk1.lut0 (4 -> 3)
  Optimizing lut $abc$21347$lut$aiger21346$1398.genblk1.genblk1.genblk1.genblk1.genblk1.lut1 (4 -> 3)
  Optimizing lut $abc$21347$lut$aiger21346$857.genblk1.genblk1.genblk1.genblk1.genblk1.lut0 (4 -> 0)
  Optimizing lut $abc$21347$lut$aiger21346$1222.genblk1.genblk1.genblk1.genblk1.genblk1.genblk1.lut0 (4 -> 0)
  Optimizing lut $abc$21347$lut$aiger21346$1015.genblk1.genblk1.genblk1.genblk1.genblk1.genblk1.lut0 (4 -> 0)
  Optimizing lut $abc$21347$lut$aiger$o348.genblk1.genblk1.genblk1.genblk1.genblk1.genblk1.genblk1.lut1 (4 -> 1)
  Optimizing lut $abc$21347$lut$aiger$o348.genblk1.genblk1.genblk1.genblk1.genblk1.genblk1.genblk1.lut0 (4 -> 3)
  Optimizing lut $abc$21347$lut$aiger21346$894.genblk1.genblk1.genblk1.genblk1.genblk1.genblk1.lut0 (4 -> 0)
  Optimizing lut $abc$21347$lut$aiger21346$879.genblk1.genblk1.genblk1.genblk1.genblk1.genblk1.genblk1.lut1 (4 -> 2)
  Optimizing lut $abc$21347$lut$aiger21346$552.genblk1.genblk1.genblk1.genblk1.genblk1.lut1 (4 -> 3)
  Optimizing lut $abc$21347$lut$aiger$o181.genblk1.genblk1.genblk1.genblk1.genblk1.lut0 (4 -> 3)
  Optimizing lut $abc$21347$lut$aiger21346$932.genblk1.genblk1.genblk1.genblk1.genblk1.genblk1.lut1 (4 -> 1)
  Optimizing lut $abc$21347$lut$aiger21346$932.genblk1.genblk1.genblk1.genblk1.genblk1.genblk1.lut0 (4 -> 0)
  Optimizing lut $abc$21347$lut$aiger21346$1470.genblk1.genblk1.genblk1.genblk1.genblk1.lut0 (4 -> 3)
  Optimizing lut $abc$21347$lut$aiger21346$509.genblk1.genblk1.genblk1.genblk1.genblk1.genblk1.genblk1.lut1 (4 -> 2)
  Optimizing lut $abc$21347$lut$aiger21346$820.genblk1.genblk1.genblk1.genblk1.genblk1.lut0 (4 -> 1)
  Optimizing lut $abc$21347$lut$aiger21346$802.genblk1.genblk1.genblk1.genblk1.genblk1.genblk1.genblk1.lut1 (4 -> 2)
  Optimizing lut $abc$21347$lut$aiger21346$914.genblk1.genblk1.genblk1.genblk1.genblk1.lut0 (4 -> 0)
  Optimizing lut $abc$21347$lut$aiger21346$982.genblk1.genblk1.genblk1.genblk1.genblk1.genblk1.genblk1.lut1 (4 -> 2)
  Optimizing lut $abc$21347$lut$aiger21346$1222.genblk1.genblk1.genblk1.genblk1.genblk1.genblk1.lut1 (4 -> 0)
  Optimizing lut $abc$21347$lut$aiger21346$873.genblk1.genblk1.genblk1.genblk1.genblk1.genblk1.lut1 (4 -> 1)
  Optimizing lut $abc$21347$lut$aiger21346$827.genblk1.genblk1.genblk1.genblk1.genblk1.genblk1.lut1 (4 -> 1)
  Optimizing lut $abc$21347$lut$aiger21346$955.genblk1.genblk1.genblk1.genblk1.genblk1.lut0 (4 -> 3)
  Optimizing lut $abc$21347$lut$aiger21346$879.genblk1.genblk1.genblk1.genblk1.genblk1.genblk1.genblk1.lut0 (4 -> 3)
  Optimizing lut $abc$21347$lut$aiger21346$992.genblk1.genblk1.genblk1.genblk1.genblk1.genblk1.lut1 (4 -> 1)
  Optimizing lut $abc$21347$lut$aiger21346$992.genblk1.genblk1.genblk1.genblk1.genblk1.genblk1.lut0 (4 -> 1)
  Optimizing lut $abc$21347$lut$aiger21346$1297.genblk1.genblk1.genblk1.genblk1.genblk1.lut1 (4 -> 2)
  Optimizing lut $abc$21347$lut$aiger21346$827.genblk1.genblk1.genblk1.genblk1.genblk1.genblk1.lut0 (4 -> 1)
  Optimizing lut $abc$21347$lut$aiger21346$311.genblk1.genblk1.genblk1.genblk1.genblk1.lut1 (4 -> 0)
  Optimizing lut $abc$21347$lut$aiger21346$898.genblk1.genblk1.genblk1.genblk1.genblk1.lut0 (4 -> 0)
  Optimizing lut $auto$abc_ops_reintegrate.cc:655:reintegrate$21352.genblk1.genblk1.genblk1.genblk1.genblk1.genblk1.lut1 (4 -> 2)
  Optimizing lut $auto$abc_ops_reintegrate.cc:655:reintegrate$21372.genblk1.genblk1.genblk1.genblk1.genblk1.genblk1.genblk1.lut1 (4 -> 2)
  Optimizing lut $abc$21347$lut$aiger21346$908.genblk1.genblk1.genblk1.genblk1.genblk1.genblk1.lut1 (4 -> 1)
  Optimizing lut $auto$abc_ops_reintegrate.cc:655:reintegrate$21349.genblk1.genblk1.genblk1.genblk1.genblk1.lut1 (4 -> 2)
  Optimizing lut $auto$abc_ops_reintegrate.cc:655:reintegrate$21348.genblk1.genblk1.genblk1.genblk1.genblk1.genblk1.genblk1.lut1 (4 -> 0)
  Optimizing lut $abc$21347$lut$aiger21346$244.genblk1.genblk1.genblk1.genblk1.genblk1.lut0 (4 -> 2)
  Optimizing lut $abc$21347$lut$aiger21346$908.genblk1.genblk1.genblk1.genblk1.genblk1.genblk1.lut0 (4 -> 1)
  Optimizing lut $abc$21347$lut$aiger$o263.genblk1.genblk1.genblk1.genblk1.genblk1.genblk1.genblk1.lut1 (4 -> 3)
  Optimizing lut $auto$abc_ops_reintegrate.cc:655:reintegrate$21348.genblk1.genblk1.genblk1.genblk1.genblk1.genblk1.genblk1.lut0 (4 -> 0)
  Optimizing lut $abc$21347$lut$aiger21346$831.genblk1.genblk1.genblk1.genblk1.genblk1.lut0 (4 -> 0)
  Optimizing lut $abc$21347$lut$aiger$o266.genblk1.genblk1.genblk1.genblk1.genblk1.lut0 (4 -> 1)
  Optimizing lut $auto$abc_ops_reintegrate.cc:655:reintegrate$21366.genblk1.genblk1.genblk1.genblk1.genblk1.genblk1.lut0 (4 -> 3)
  Optimizing lut $abc$21347$lut$aiger21346$1492.genblk1.genblk1.genblk1.genblk1.genblk1.lut1 (4 -> 0)
  Optimizing lut $auto$abc_ops_reintegrate.cc:655:reintegrate$21371.genblk1.genblk1.genblk1.genblk1.genblk1.lut0 (4 -> 0)
  Optimizing lut $auto$abc_ops_reintegrate.cc:655:reintegrate$21351.genblk1.genblk1.genblk1.genblk1.genblk1.lut0 (4 -> 1)
  Optimizing lut $abc$21347$lut$aiger21346$1232.genblk1.genblk1.genblk1.genblk1.genblk1.genblk1.lut1 (4 -> 0)
  Optimizing lut $abc$21347$lut$aiger21346$283.genblk1.genblk1.genblk1.genblk1.genblk1.lut1 (4 -> 0)
  Optimizing lut $abc$21347$lut$aiger21346$982.genblk1.genblk1.genblk1.genblk1.genblk1.genblk1.genblk1.lut0 (4 -> 3)
Removed 0 unused cells and 990 unused wires.

3.49. Executing AUTONAME pass.
Renamed 1476 objects in module axi_b_response_router.
<suppressed ~1476 debug messages>

3.50. Executing HIERARCHY pass (managing design hierarchy).
Attribute `top' found on module `axi_b_response_router'. Setting top module to axi_b_response_router.

3.50.1. Analyzing design hierarchy..
Top module:  \axi_b_response_router

3.50.2. Analyzing design hierarchy..
Top module:  \axi_b_response_router
Removed 0 unused modules.

3.51. Printing statistics.

=== axi_b_response_router ===

        +----------Local Count, excluding submodules.
        |
      651 wires
     1399 wire bits
      651 public wires
     1399 public wire bits
       19 ports
      153 port bits
      846 submodules
       57   L6MUX21
      596   LUT4
      131   PFUMX
       62   TRELLIS_FF

=== design hierarchy ===

        +----------Count including submodules.
        |
        - axi_b_response_router

        +----------Count including submodules.
        |
      651 wires
     1399 wire bits
      651 public wires
     1399 public wire bits
       19 ports
      153 port bits
        - memories
        - memory bits
        - processes
        - cells
      846 submodules
       57   L6MUX21
      596   LUT4
      131   PFUMX
       62   TRELLIS_FF

3.52. Executing CHECK pass (checking for obvious problems).
Checking module axi_b_response_router...
Found and reported 0 problems.

3.53. Executing JSON backend.

4. Printing statistics.

=== axi_b_response_router ===

        +----------Local Count, excluding submodules.
        |
      651 wires
     1399 wire bits
      651 public wires
     1399 public wire bits
       19 ports
      153 port bits
      846 cells
       57   L6MUX21
      596   LUT4
      131   PFUMX
       62   TRELLIS_FF

Warnings: 1 unique messages, 1 total
Warnings: 1 experimental features used (not excluded with -x).
End of script. Logfile hash: 90a7e053c3, time: 1.06s, user: 0.72s, system: 0.04s, MEM: 68.53 MB peak
Yosys 0.69+75 (git sha1 f0b945f63-dirty, Release, Clang /usr/local/osxcross/target/bin/aarch64-apple-darwin25.5-clang++ 21.1.8)
Time spent: 30% 1x abc9_exe (0 sec), 28% 22x read_verilog (0 sec), ...
