
-- Running command `read_verilog -sv /Users/Dilan/Projects/fabric-under-pressure/rtl/axi_outstanding_tracker.sv /Users/Dilan/Projects/fabric-under-pressure/rtl/axi_read_state_bank.sv; synth_ecp5 -top axi_read_state_bank -json /Users/Dilan/Projects/fabric-under-pressure/results/raw/ar_target_path/axi_read_state_bank_ecp5.json; stat' --

1. Executing Verilog-2005 frontend: /Users/Dilan/Projects/fabric-under-pressure/rtl/axi_outstanding_tracker.sv
Parsing SystemVerilog input from `/Users/Dilan/Projects/fabric-under-pressure/rtl/axi_outstanding_tracker.sv' to AST representation.
Generating RTLIL representation for module `\axi_outstanding_tracker'.
Warning: Replacing memory \len_table with list of registers. See /Users/Dilan/Projects/fabric-under-pressure/rtl/axi_outstanding_tracker.sv:66
Warning: Replacing memory \target_table with list of registers. See /Users/Dilan/Projects/fabric-under-pressure/rtl/axi_outstanding_tracker.sv:65
Successfully finished Verilog frontend.

2. Executing Verilog-2005 frontend: /Users/Dilan/Projects/fabric-under-pressure/rtl/axi_read_state_bank.sv
Parsing SystemVerilog input from `/Users/Dilan/Projects/fabric-under-pressure/rtl/axi_read_state_bank.sv' to AST representation.
Generating RTLIL representation for module `\axi_read_state_bank'.
Successfully finished Verilog frontend.

3. Executing SYNTH_LATTICE pass.

3.1. Executing Verilog-2005 frontend: /Users/Dilan/eda/fabric-under-pressure/oss-cad-suite/libexec/../share/yosys/lattice/cells_sim_ecp5.v
Parsing Verilog input from `/Users/Dilan/eda/fabric-under-pressure/oss-cad-suite/libexec/../share/yosys/lattice/cells_sim_ecp5.v' to AST representation.
Generating RTLIL representation for module `\LUT4'.
Generating RTLIL representation for module `\$__ABC9_LUT5'.
Generating RTLIL representation for module `\$__ABC9_LUT6'.
Generating RTLIL representation for module `\$__ABC9_LUT7'.
Generating RTLIL representation for module `\L6MUX21'.
Generating RTLIL representation for module `\TRELLIS_RAM16X2'.
Generating RTLIL representation for module `\PFUMX'.
Generating RTLIL representation for module `\TRELLIS_DPR16X4'.
Generating RTLIL representation for module `\DPR16X4C'.
Generating RTLIL representation for module `\LUT2'.
Generating RTLIL representation for module `\TRELLIS_FF'.
Generating RTLIL representation for module `\TRELLIS_IO'.
Generating RTLIL representation for module `\INV'.
Generating RTLIL representation for module `\TRELLIS_COMB'.
Generating RTLIL representation for module `\VLO'.
Generating RTLIL representation for module `\VHI'.
Generating RTLIL representation for module `\FD1P3AX'.
Generating RTLIL representation for module `\FD1P3AY'.
Generating RTLIL representation for module `\FD1P3BX'.
Generating RTLIL representation for module `\FD1P3DX'.
Generating RTLIL representation for module `\FD1P3IX'.
Generating RTLIL representation for module `\FD1P3JX'.
Generating RTLIL representation for module `\FD1S3AX'.
Generating RTLIL representation for module `\FD1S3AY'.
Generating RTLIL representation for module `\FD1S3BX'.
Generating RTLIL representation for module `\FD1S3DX'.
Generating RTLIL representation for module `\FD1S3IX'.
Generating RTLIL representation for module `\FD1S3JX'.
Generating RTLIL representation for module `\IFS1P3BX'.
Generating RTLIL representation for module `\IFS1P3DX'.
Generating RTLIL representation for module `\IFS1P3IX'.
Generating RTLIL representation for module `\IFS1P3JX'.
Generating RTLIL representation for module `\OFS1P3BX'.
Generating RTLIL representation for module `\OFS1P3DX'.
Generating RTLIL representation for module `\OFS1P3IX'.
Generating RTLIL representation for module `\OFS1P3JX'.
Generating RTLIL representation for module `\IB'.
Generating RTLIL representation for module `\IBPU'.
Generating RTLIL representation for module `\IBPD'.
Generating RTLIL representation for module `\OB'.
Generating RTLIL representation for module `\OBZ'.
Generating RTLIL representation for module `\OBZPU'.
Generating RTLIL representation for module `\OBZPD'.
Generating RTLIL representation for module `\OBCO'.
Generating RTLIL representation for module `\BB'.
Generating RTLIL representation for module `\BBPU'.
Generating RTLIL representation for module `\BBPD'.
Generating RTLIL representation for module `\ILVDS'.
Generating RTLIL representation for module `\OLVDS'.
Generating RTLIL representation for module `\CCU2C'.
Generating RTLIL representation for module `\DP16KD'.
Replacing existing blackbox module `\FD1P3AX' at /Users/Dilan/eda/fabric-under-pressure/oss-cad-suite/libexec/../share/yosys/lattice/cells_ff.vh:2.1-2.261.
Generating RTLIL representation for module `\FD1P3AX'.
Replacing existing blackbox module `\FD1P3AY' at /Users/Dilan/eda/fabric-under-pressure/oss-cad-suite/libexec/../share/yosys/lattice/cells_ff.vh:3.1-3.261.
Generating RTLIL representation for module `\FD1P3AY'.
Replacing existing blackbox module `\FD1P3BX' at /Users/Dilan/eda/fabric-under-pressure/oss-cad-suite/libexec/../share/yosys/lattice/cells_ff.vh:4.1-4.261.
Generating RTLIL representation for module `\FD1P3BX'.
Replacing existing blackbox module `\FD1P3DX' at /Users/Dilan/eda/fabric-under-pressure/oss-cad-suite/libexec/../share/yosys/lattice/cells_ff.vh:5.1-5.261.
Generating RTLIL representation for module `\FD1P3DX'.
Replacing existing blackbox module `\FD1P3IX' at /Users/Dilan/eda/fabric-under-pressure/oss-cad-suite/libexec/../share/yosys/lattice/cells_ff.vh:6.1-6.261.
Generating RTLIL representation for module `\FD1P3IX'.
Replacing existing blackbox module `\FD1P3JX' at /Users/Dilan/eda/fabric-under-pressure/oss-cad-suite/libexec/../share/yosys/lattice/cells_ff.vh:7.1-7.261.
Generating RTLIL representation for module `\FD1P3JX'.
Replacing existing blackbox module `\FD1S3AX' at /Users/Dilan/eda/fabric-under-pressure/oss-cad-suite/libexec/../share/yosys/lattice/cells_ff.vh:8.1-8.261.
Generating RTLIL representation for module `\FD1S3AX'.
Replacing existing blackbox module `\FD1S3AY' at /Users/Dilan/eda/fabric-under-pressure/oss-cad-suite/libexec/../share/yosys/lattice/cells_ff.vh:9.1-9.261.
Generating RTLIL representation for module `\FD1S3AY'.
Replacing existing blackbox module `\FD1S3BX' at /Users/Dilan/eda/fabric-under-pressure/oss-cad-suite/libexec/../share/yosys/lattice/cells_ff.vh:10.1-10.261.
Generating RTLIL representation for module `\FD1S3BX'.
Replacing existing blackbox module `\FD1S3DX' at /Users/Dilan/eda/fabric-under-pressure/oss-cad-suite/libexec/../share/yosys/lattice/cells_ff.vh:11.1-11.261.
Generating RTLIL representation for module `\FD1S3DX'.
Replacing existing blackbox module `\FD1S3IX' at /Users/Dilan/eda/fabric-under-pressure/oss-cad-suite/libexec/../share/yosys/lattice/cells_ff.vh:12.1-12.261.
Generating RTLIL representation for module `\FD1S3IX'.
Replacing existing blackbox module `\FD1S3JX' at /Users/Dilan/eda/fabric-under-pressure/oss-cad-suite/libexec/../share/yosys/lattice/cells_ff.vh:13.1-13.261.
Generating RTLIL representation for module `\FD1S3JX'.
Replacing existing blackbox module `\IFS1P3BX' at /Users/Dilan/eda/fabric-under-pressure/oss-cad-suite/libexec/../share/yosys/lattice/cells_ff.vh:26.1-26.301.
Generating RTLIL representation for module `\IFS1P3BX'.
Replacing existing blackbox module `\IFS1P3DX' at /Users/Dilan/eda/fabric-under-pressure/oss-cad-suite/libexec/../share/yosys/lattice/cells_ff.vh:27.1-27.301.
Generating RTLIL representation for module `\IFS1P3DX'.
Replacing existing blackbox module `\IFS1P3IX' at /Users/Dilan/eda/fabric-under-pressure/oss-cad-suite/libexec/../share/yosys/lattice/cells_ff.vh:28.1-28.301.
Generating RTLIL representation for module `\IFS1P3IX'.
Replacing existing blackbox module `\IFS1P3JX' at /Users/Dilan/eda/fabric-under-pressure/oss-cad-suite/libexec/../share/yosys/lattice/cells_ff.vh:29.1-29.301.
Generating RTLIL representation for module `\IFS1P3JX'.
Replacing existing blackbox module `\OFS1P3BX' at /Users/Dilan/eda/fabric-under-pressure/oss-cad-suite/libexec/../share/yosys/lattice/cells_ff.vh:31.1-31.302.
Generating RTLIL representation for module `\OFS1P3BX'.
Replacing existing blackbox module `\OFS1P3DX' at /Users/Dilan/eda/fabric-under-pressure/oss-cad-suite/libexec/../share/yosys/lattice/cells_ff.vh:32.1-32.302.
Generating RTLIL representation for module `\OFS1P3DX'.
Replacing existing blackbox module `\OFS1P3IX' at /Users/Dilan/eda/fabric-under-pressure/oss-cad-suite/libexec/../share/yosys/lattice/cells_ff.vh:33.1-33.302.
Generating RTLIL representation for module `\OFS1P3IX'.
Replacing existing blackbox module `\OFS1P3JX' at /Users/Dilan/eda/fabric-under-pressure/oss-cad-suite/libexec/../share/yosys/lattice/cells_ff.vh:34.1-34.302.
Generating RTLIL representation for module `\OFS1P3JX'.
Replacing existing blackbox module `\IB' at /Users/Dilan/eda/fabric-under-pressure/oss-cad-suite/libexec/../share/yosys/lattice/cells_io.vh:2.1-2.157.
Generating RTLIL representation for module `\IB'.
Replacing existing blackbox module `\IBPU' at /Users/Dilan/eda/fabric-under-pressure/oss-cad-suite/libexec/../share/yosys/lattice/cells_io.vh:3.1-3.157.
Generating RTLIL representation for module `\IBPU'.
Replacing existing blackbox module `\IBPD' at /Users/Dilan/eda/fabric-under-pressure/oss-cad-suite/libexec/../share/yosys/lattice/cells_io.vh:4.1-4.157.
Generating RTLIL representation for module `\IBPD'.
Replacing existing blackbox module `\OB' at /Users/Dilan/eda/fabric-under-pressure/oss-cad-suite/libexec/../share/yosys/lattice/cells_io.vh:5.1-5.157.
Generating RTLIL representation for module `\OB'.
Replacing existing blackbox module `\OBZ' at /Users/Dilan/eda/fabric-under-pressure/oss-cad-suite/libexec/../share/yosys/lattice/cells_io.vh:6.1-6.164.
Generating RTLIL representation for module `\OBZ'.
Replacing existing blackbox module `\OBZPU' at /Users/Dilan/eda/fabric-under-pressure/oss-cad-suite/libexec/../share/yosys/lattice/cells_io.vh:7.1-7.164.
Generating RTLIL representation for module `\OBZPU'.
Replacing existing blackbox module `\OBZPD' at /Users/Dilan/eda/fabric-under-pressure/oss-cad-suite/libexec/../share/yosys/lattice/cells_io.vh:8.1-8.164.
Generating RTLIL representation for module `\OBZPD'.
Replacing existing blackbox module `\OBCO' at /Users/Dilan/eda/fabric-under-pressure/oss-cad-suite/libexec/../share/yosys/lattice/cells_io.vh:9.1-9.90.
Generating RTLIL representation for module `\OBCO'.
Replacing existing blackbox module `\BB' at /Users/Dilan/eda/fabric-under-pressure/oss-cad-suite/libexec/../share/yosys/lattice/cells_io.vh:10.1-10.179.
Generating RTLIL representation for module `\BB'.
Replacing existing blackbox module `\BBPU' at /Users/Dilan/eda/fabric-under-pressure/oss-cad-suite/libexec/../share/yosys/lattice/cells_io.vh:11.1-11.179.
Generating RTLIL representation for module `\BBPU'.
Replacing existing blackbox module `\BBPD' at /Users/Dilan/eda/fabric-under-pressure/oss-cad-suite/libexec/../share/yosys/lattice/cells_io.vh:12.1-12.179.
Generating RTLIL representation for module `\BBPD'.
Replacing existing blackbox module `\ILVDS' at /Users/Dilan/eda/fabric-under-pressure/oss-cad-suite/libexec/../share/yosys/lattice/cells_io.vh:13.1-13.139.
Generating RTLIL representation for module `\ILVDS'.
Replacing existing blackbox module `\OLVDS' at /Users/Dilan/eda/fabric-under-pressure/oss-cad-suite/libexec/../share/yosys/lattice/cells_io.vh:14.1-14.146.
Generating RTLIL representation for module `\OLVDS'.
Successfully finished Verilog frontend.

3.2. Executing Verilog-2005 frontend: /Users/Dilan/eda/fabric-under-pressure/oss-cad-suite/libexec/../share/yosys/lattice/cells_bb_ecp5.v
Parsing Verilog input from `/Users/Dilan/eda/fabric-under-pressure/oss-cad-suite/libexec/../share/yosys/lattice/cells_bb_ecp5.v' to AST representation.
Generating RTLIL representation for module `\GSR'.
Generating RTLIL representation for module `\PUR'.
Generating RTLIL representation for module `\SGSR'.
Generating RTLIL representation for module `\PDPW16KD'.
Generating RTLIL representation for module `\MULT18X18D'.
Generating RTLIL representation for module `\ALU54B'.
Generating RTLIL representation for module `\CLKDIVF'.
Generating RTLIL representation for module `\PCSCLKDIV'.
Generating RTLIL representation for module `\DCSC'.
Generating RTLIL representation for module `\DCCA'.
Generating RTLIL representation for module `\ECLKSYNCB'.
Generating RTLIL representation for module `\ECLKBRIDGECS'.
Generating RTLIL representation for module `\DELAYF'.
Generating RTLIL representation for module `\DELAYG'.
Generating RTLIL representation for module `\USRMCLK'.
Generating RTLIL representation for module `\DQSBUFM'.
Generating RTLIL representation for module `\DDRDLLA'.
Generating RTLIL representation for module `\DLLDELD'.
Generating RTLIL representation for module `\IDDRX1F'.
Generating RTLIL representation for module `\IDDRX2F'.
Generating RTLIL representation for module `\IDDR71B'.
Generating RTLIL representation for module `\IDDRX2DQA'.
Generating RTLIL representation for module `\ODDRX1F'.
Generating RTLIL representation for module `\ODDRX2F'.
Generating RTLIL representation for module `\ODDR71B'.
Generating RTLIL representation for module `\OSHX2A'.
Generating RTLIL representation for module `\TSHX2DQA'.
Generating RTLIL representation for module `\TSHX2DQSA'.
Generating RTLIL representation for module `\ODDRX2DQA'.
Generating RTLIL representation for module `\ODDRX2DQSB'.
Generating RTLIL representation for module `\EHXPLLL'.
Generating RTLIL representation for module `\DTR'.
Generating RTLIL representation for module `\OSCG'.
Generating RTLIL representation for module `\EXTREFB'.
Generating RTLIL representation for module `\JTAGG'.
Generating RTLIL representation for module `\DCUA'.
Successfully finished Verilog frontend.

3.3. Executing HIERARCHY pass (managing design hierarchy).

3.3.1. Analyzing design hierarchy..
Top module:  \axi_read_state_bank
Used module:     \axi_outstanding_tracker

3.3.2. Analyzing design hierarchy..
Top module:  \axi_read_state_bank
Used module:     \axi_outstanding_tracker
Removed 0 unused modules.

3.4. Executing PROC pass (convert processes to netlists).

3.4.1. Executing PROC_CLEAN pass (remove empty switches from decision trees).
Cleaned up 0 empty switches.

3.4.2. Executing PROC_RMDEAD pass (remove dead branches from decision trees).
Marked 8 switch rules as full_case in process $proc$/Users/Dilan/Projects/fabric-under-pressure/rtl/axi_outstanding_tracker.sv:60$35 in module axi_outstanding_tracker.
Removed 2 dead cases from process $proc$/Users/Dilan/Projects/fabric-under-pressure/rtl/axi_outstanding_tracker.sv:34$10 in module axi_outstanding_tracker.
Marked 3 switch rules as full_case in process $proc$/Users/Dilan/Projects/fabric-under-pressure/rtl/axi_outstanding_tracker.sv:34$10 in module axi_outstanding_tracker.
Removed a total of 2 dead cases.

3.4.3. Executing PROC_PRUNE pass (remove redundant assignments in processes).
Removed 1 redundant assignment.
Promoted 41 assignments to connections.

3.4.4. Executing PROC_INIT pass (extract init attributes).

3.4.5. Executing PROC_ARST pass (detect async resets in processes).
Found async reset \ARESETn in `\axi_outstanding_tracker.$proc$/Users/Dilan/Projects/fabric-under-pressure/rtl/axi_outstanding_tracker.sv:60$35'.

3.4.6. Executing PROC_ROM pass (convert switches to ROMs).
Converted 0 switches.
<suppressed ~10 debug messages>

3.4.7. Executing PROC_MUX pass (convert decision trees to multiplexers).
Creating decoders for process `\axi_read_state_bank.$proc$/Users/Dilan/Projects/fabric-under-pressure/rtl/axi_read_state_bank.sv:52$107'.
Creating decoders for process `\axi_read_state_bank.$proc$/Users/Dilan/Projects/fabric-under-pressure/rtl/axi_read_state_bank.sv:52$97'.
Creating decoders for process `\axi_read_state_bank.$proc$/Users/Dilan/Projects/fabric-under-pressure/rtl/axi_read_state_bank.sv:52$87'.
Creating decoders for process `\axi_outstanding_tracker.$proc$/Users/Dilan/Projects/fabric-under-pressure/rtl/axi_outstanding_tracker.sv:60$35'.
     1/57: $0\outstanding_count[2:0]
     2/57: $2$mem2reg_wr$\len_table$/Users/Dilan/Projects/fabric-under-pressure/rtl/axi_outstanding_tracker.sv:78$9_ADDR[3:0]$75
     3/57: $2$mem2reg_wr$\len_table$/Users/Dilan/Projects/fabric-under-pressure/rtl/axi_outstanding_tracker.sv:78$9_DATA[7:0]$76
     4/57: $2$mem2reg_wr$\target_table$/Users/Dilan/Projects/fabric-under-pressure/rtl/axi_outstanding_tracker.sv:77$8_ADDR[3:0]$73
     5/57: $2$mem2reg_wr$\target_table$/Users/Dilan/Projects/fabric-under-pressure/rtl/axi_outstanding_tracker.sv:77$8_DATA[3:0]$74
     6/57: $3$lookahead\busy_bitmap$34[15:0]$77
     7/57: $2$bitselwrite$pos$/Users/Dilan/Projects/fabric-under-pressure/rtl/axi_outstanding_tracker.sv:76$3[3:0]$72
     8/57: $2$mem2reg_wr$\len_table$/Users/Dilan/Projects/fabric-under-pressure/rtl/axi_outstanding_tracker.sv:72$7_ADDR[3:0]$62
     9/57: $2$mem2reg_wr$\len_table$/Users/Dilan/Projects/fabric-under-pressure/rtl/axi_outstanding_tracker.sv:72$7_DATA[7:0]$63
    10/57: $2$mem2reg_wr$\target_table$/Users/Dilan/Projects/fabric-under-pressure/rtl/axi_outstanding_tracker.sv:71$6_ADDR[3:0]$60
    11/57: $2$mem2reg_wr$\target_table$/Users/Dilan/Projects/fabric-under-pressure/rtl/axi_outstanding_tracker.sv:71$6_DATA[3:0]$61
    12/57: $2$lookahead\busy_bitmap$34[15:0]$64
    13/57: $2$bitselwrite$pos$/Users/Dilan/Projects/fabric-under-pressure/rtl/axi_outstanding_tracker.sv:70$2[3:0]$59
    14/57: $1$lookahead\busy_bitmap$34[15:0]$58
    15/57: $1$mem2reg_wr$\len_table$/Users/Dilan/Projects/fabric-under-pressure/rtl/axi_outstanding_tracker.sv:78$9_DATA[7:0]$57
    16/57: $1$mem2reg_wr$\len_table$/Users/Dilan/Projects/fabric-under-pressure/rtl/axi_outstanding_tracker.sv:78$9_ADDR[3:0]$56
    17/57: $1$mem2reg_wr$\target_table$/Users/Dilan/Projects/fabric-under-pressure/rtl/axi_outstanding_tracker.sv:77$8_DATA[3:0]$55
    18/57: $1$mem2reg_wr$\target_table$/Users/Dilan/Projects/fabric-under-pressure/rtl/axi_outstanding_tracker.sv:77$8_ADDR[3:0]$54
    19/57: $1$bitselwrite$pos$/Users/Dilan/Projects/fabric-under-pressure/rtl/axi_outstanding_tracker.sv:76$3[3:0]$49
    20/57: $1$mem2reg_wr$\len_table$/Users/Dilan/Projects/fabric-under-pressure/rtl/axi_outstanding_tracker.sv:72$7_DATA[7:0]$53
    21/57: $1$mem2reg_wr$\len_table$/Users/Dilan/Projects/fabric-under-pressure/rtl/axi_outstanding_tracker.sv:72$7_ADDR[3:0]$52
    22/57: $1$mem2reg_wr$\target_table$/Users/Dilan/Projects/fabric-under-pressure/rtl/axi_outstanding_tracker.sv:71$6_DATA[3:0]$51
    23/57: $1$mem2reg_wr$\target_table$/Users/Dilan/Projects/fabric-under-pressure/rtl/axi_outstanding_tracker.sv:71$6_ADDR[3:0]$50
    24/57: $1$bitselwrite$pos$/Users/Dilan/Projects/fabric-under-pressure/rtl/axi_outstanding_tracker.sv:70$2[3:0]$48
    25/57: $1\i[31:0]
    26/57: $0\len_table[15][7:0]
    27/57: $0\len_table[14][7:0]
    28/57: $0\len_table[13][7:0]
    29/57: $0\len_table[12][7:0]
    30/57: $0\len_table[11][7:0]
    31/57: $0\len_table[10][7:0]
    32/57: $0\len_table[9][7:0]
    33/57: $0\len_table[8][7:0]
    34/57: $0\len_table[7][7:0]
    35/57: $0\len_table[6][7:0]
    36/57: $0\len_table[5][7:0]
    37/57: $0\len_table[4][7:0]
    38/57: $0\len_table[3][7:0]
    39/57: $0\len_table[2][7:0]
    40/57: $0\len_table[1][7:0]
    41/57: $0\len_table[0][7:0]
    42/57: $0\target_table[15][3:0]
    43/57: $0\target_table[14][3:0]
    44/57: $0\target_table[13][3:0]
    45/57: $0\target_table[12][3:0]
    46/57: $0\target_table[11][3:0]
    47/57: $0\target_table[10][3:0]
    48/57: $0\target_table[9][3:0]
    49/57: $0\target_table[8][3:0]
    50/57: $0\target_table[7][3:0]
    51/57: $0\target_table[6][3:0]
    52/57: $0\target_table[5][3:0]
    53/57: $0\target_table[4][3:0]
    54/57: $0\target_table[3][3:0]
    55/57: $0\target_table[2][3:0]
    56/57: $0\target_table[1][3:0]
    57/57: $0\target_table[0][3:0]
Creating decoders for process `\axi_outstanding_tracker.$proc$/Users/Dilan/Projects/fabric-under-pressure/rtl/axi_outstanding_tracker.sv:55$31'.
Creating decoders for process `\axi_outstanding_tracker.$proc$/Users/Dilan/Projects/fabric-under-pressure/rtl/axi_outstanding_tracker.sv:34$10'.
     1/13: $2$mem2reg_rd$\len_table$/Users/Dilan/Projects/fabric-under-pressure/rtl/axi_outstanding_tracker.sv:51$5_DATA[7:0]$30
     2/13: $2$mem2reg_rd$\target_table$/Users/Dilan/Projects/fabric-under-pressure/rtl/axi_outstanding_tracker.sv:50$4_DATA[3:0]$29
     3/13: $1\lookup_len[7:0]
     4/13: $1$mem2reg_rd$\len_table$/Users/Dilan/Projects/fabric-under-pressure/rtl/axi_outstanding_tracker.sv:51$5_DATA[7:0]$18
     5/13: $1$mem2reg_rd$\len_table$/Users/Dilan/Projects/fabric-under-pressure/rtl/axi_outstanding_tracker.sv:51$5_ADDR[3:0]$17
     6/13: $1\lookup_target[3:0]
     7/13: $1$mem2reg_rd$\target_table$/Users/Dilan/Projects/fabric-under-pressure/rtl/axi_outstanding_tracker.sv:50$4_DATA[3:0]$16
     8/13: $1$mem2reg_rd$\target_table$/Users/Dilan/Projects/fabric-under-pressure/rtl/axi_outstanding_tracker.sv:50$4_ADDR[3:0]$15
     9/13: $1\lookup_busy[0:0]
    10/13: $1\complete_violation[0:0]
    11/13: $1\allocate_violation[0:0]
    12/13: $1\complete_known[0:0]
    13/13: $1\allocate_allowed[0:0]

3.4.8. Executing PROC_DLATCH pass (convert process syncs to latches).
No latch inferred for signal `\axi_read_state_bank.\outstanding_allowed [2]' from process `\axi_read_state_bank.$proc$/Users/Dilan/Projects/fabric-under-pressure/rtl/axi_read_state_bank.sv:52$107'.
No latch inferred for signal `\axi_read_state_bank.\admission_state_violation [2]' from process `\axi_read_state_bank.$proc$/Users/Dilan/Projects/fabric-under-pressure/rtl/axi_read_state_bank.sv:52$107'.
No latch inferred for signal `\axi_read_state_bank.\outstanding_violation [2]' from process `\axi_read_state_bank.$proc$/Users/Dilan/Projects/fabric-under-pressure/rtl/axi_read_state_bank.sv:52$107'.
No latch inferred for signal `\axi_read_state_bank.\commit_fire [2]' from process `\axi_read_state_bank.$proc$/Users/Dilan/Projects/fabric-under-pressure/rtl/axi_read_state_bank.sv:52$107'.
No latch inferred for signal `\axi_read_state_bank.\gen_read_state[2].metadata_match' from process `\axi_read_state_bank.$proc$/Users/Dilan/Projects/fabric-under-pressure/rtl/axi_read_state_bank.sv:52$107'.
No latch inferred for signal `\axi_read_state_bank.\outstanding_allowed [1]' from process `\axi_read_state_bank.$proc$/Users/Dilan/Projects/fabric-under-pressure/rtl/axi_read_state_bank.sv:52$97'.
No latch inferred for signal `\axi_read_state_bank.\admission_state_violation [1]' from process `\axi_read_state_bank.$proc$/Users/Dilan/Projects/fabric-under-pressure/rtl/axi_read_state_bank.sv:52$97'.
No latch inferred for signal `\axi_read_state_bank.\outstanding_violation [1]' from process `\axi_read_state_bank.$proc$/Users/Dilan/Projects/fabric-under-pressure/rtl/axi_read_state_bank.sv:52$97'.
No latch inferred for signal `\axi_read_state_bank.\commit_fire [1]' from process `\axi_read_state_bank.$proc$/Users/Dilan/Projects/fabric-under-pressure/rtl/axi_read_state_bank.sv:52$97'.
No latch inferred for signal `\axi_read_state_bank.\gen_read_state[1].metadata_match' from process `\axi_read_state_bank.$proc$/Users/Dilan/Projects/fabric-under-pressure/rtl/axi_read_state_bank.sv:52$97'.
No latch inferred for signal `\axi_read_state_bank.\outstanding_allowed [0]' from process `\axi_read_state_bank.$proc$/Users/Dilan/Projects/fabric-under-pressure/rtl/axi_read_state_bank.sv:52$87'.
No latch inferred for signal `\axi_read_state_bank.\admission_state_violation [0]' from process `\axi_read_state_bank.$proc$/Users/Dilan/Projects/fabric-under-pressure/rtl/axi_read_state_bank.sv:52$87'.
No latch inferred for signal `\axi_read_state_bank.\outstanding_violation [0]' from process `\axi_read_state_bank.$proc$/Users/Dilan/Projects/fabric-under-pressure/rtl/axi_read_state_bank.sv:52$87'.
No latch inferred for signal `\axi_read_state_bank.\commit_fire [0]' from process `\axi_read_state_bank.$proc$/Users/Dilan/Projects/fabric-under-pressure/rtl/axi_read_state_bank.sv:52$87'.
No latch inferred for signal `\axi_read_state_bank.\gen_read_state[0].metadata_match' from process `\axi_read_state_bank.$proc$/Users/Dilan/Projects/fabric-under-pressure/rtl/axi_read_state_bank.sv:52$87'.
No latch inferred for signal `\axi_outstanding_tracker.\allocate_do' from process `\axi_outstanding_tracker.$proc$/Users/Dilan/Projects/fabric-under-pressure/rtl/axi_outstanding_tracker.sv:55$31'.
No latch inferred for signal `\axi_outstanding_tracker.\complete_do' from process `\axi_outstanding_tracker.$proc$/Users/Dilan/Projects/fabric-under-pressure/rtl/axi_outstanding_tracker.sv:55$31'.
No latch inferred for signal `\axi_outstanding_tracker.\allocate_allowed' from process `\axi_outstanding_tracker.$proc$/Users/Dilan/Projects/fabric-under-pressure/rtl/axi_outstanding_tracker.sv:34$10'.
No latch inferred for signal `\axi_outstanding_tracker.\complete_known' from process `\axi_outstanding_tracker.$proc$/Users/Dilan/Projects/fabric-under-pressure/rtl/axi_outstanding_tracker.sv:34$10'.
No latch inferred for signal `\axi_outstanding_tracker.\allocate_violation' from process `\axi_outstanding_tracker.$proc$/Users/Dilan/Projects/fabric-under-pressure/rtl/axi_outstanding_tracker.sv:34$10'.
No latch inferred for signal `\axi_outstanding_tracker.\complete_violation' from process `\axi_outstanding_tracker.$proc$/Users/Dilan/Projects/fabric-under-pressure/rtl/axi_outstanding_tracker.sv:34$10'.
No latch inferred for signal `\axi_outstanding_tracker.\lookup_busy' from process `\axi_outstanding_tracker.$proc$/Users/Dilan/Projects/fabric-under-pressure/rtl/axi_outstanding_tracker.sv:34$10'.
No latch inferred for signal `\axi_outstanding_tracker.\lookup_target' from process `\axi_outstanding_tracker.$proc$/Users/Dilan/Projects/fabric-under-pressure/rtl/axi_outstanding_tracker.sv:34$10'.
No latch inferred for signal `\axi_outstanding_tracker.\lookup_len' from process `\axi_outstanding_tracker.$proc$/Users/Dilan/Projects/fabric-under-pressure/rtl/axi_outstanding_tracker.sv:34$10'.

3.4.9. Executing PROC_DFF pass (convert process syncs to FFs).
Creating register for signal `\axi_outstanding_tracker.\i' using process `\axi_outstanding_tracker.$proc$/Users/Dilan/Projects/fabric-under-pressure/rtl/axi_outstanding_tracker.sv:60$35'.
  created $adff cell `$procdff$1259' with positive edge clock and positive level reset.
Creating register for signal `\axi_outstanding_tracker.\busy_bitmap' using process `\axi_outstanding_tracker.$proc$/Users/Dilan/Projects/fabric-under-pressure/rtl/axi_outstanding_tracker.sv:60$35'.
  created $adff cell `$procdff$1264' with positive edge clock and positive level reset.
Creating register for signal `\axi_outstanding_tracker.\outstanding_count' using process `\axi_outstanding_tracker.$proc$/Users/Dilan/Projects/fabric-under-pressure/rtl/axi_outstanding_tracker.sv:60$35'.
  created $adff cell `$procdff$1269' with positive edge clock and positive level reset.
Creating register for signal `\axi_outstanding_tracker.$bitselwrite$pos$/Users/Dilan/Projects/fabric-under-pressure/rtl/axi_outstanding_tracker.sv:70$2' using process `\axi_outstanding_tracker.$proc$/Users/Dilan/Projects/fabric-under-pressure/rtl/axi_outstanding_tracker.sv:60$35'.
  created $adff cell `$procdff$1274' with positive edge clock and positive level reset.
Creating register for signal `\axi_outstanding_tracker.$bitselwrite$pos$/Users/Dilan/Projects/fabric-under-pressure/rtl/axi_outstanding_tracker.sv:76$3' using process `\axi_outstanding_tracker.$proc$/Users/Dilan/Projects/fabric-under-pressure/rtl/axi_outstanding_tracker.sv:60$35'.
  created $adff cell `$procdff$1279' with positive edge clock and positive level reset.
Creating register for signal `\axi_outstanding_tracker.\target_table[0]' using process `\axi_outstanding_tracker.$proc$/Users/Dilan/Projects/fabric-under-pressure/rtl/axi_outstanding_tracker.sv:60$35'.
  created $adff cell `$procdff$1284' with positive edge clock and positive level reset.
Creating register for signal `\axi_outstanding_tracker.\target_table[1]' using process `\axi_outstanding_tracker.$proc$/Users/Dilan/Projects/fabric-under-pressure/rtl/axi_outstanding_tracker.sv:60$35'.
  created $adff cell `$procdff$1289' with positive edge clock and positive level reset.
Creating register for signal `\axi_outstanding_tracker.\target_table[2]' using process `\axi_outstanding_tracker.$proc$/Users/Dilan/Projects/fabric-under-pressure/rtl/axi_outstanding_tracker.sv:60$35'.
  created $adff cell `$procdff$1294' with positive edge clock and positive level reset.
Creating register for signal `\axi_outstanding_tracker.\target_table[3]' using process `\axi_outstanding_tracker.$proc$/Users/Dilan/Projects/fabric-under-pressure/rtl/axi_outstanding_tracker.sv:60$35'.
  created $adff cell `$procdff$1299' with positive edge clock and positive level reset.
Creating register for signal `\axi_outstanding_tracker.\target_table[4]' using process `\axi_outstanding_tracker.$proc$/Users/Dilan/Projects/fabric-under-pressure/rtl/axi_outstanding_tracker.sv:60$35'.
  created $adff cell `$procdff$1304' with positive edge clock and positive level reset.
Creating register for signal `\axi_outstanding_tracker.\target_table[5]' using process `\axi_outstanding_tracker.$proc$/Users/Dilan/Projects/fabric-under-pressure/rtl/axi_outstanding_tracker.sv:60$35'.
  created $adff cell `$procdff$1309' with positive edge clock and positive level reset.
Creating register for signal `\axi_outstanding_tracker.\target_table[6]' using process `\axi_outstanding_tracker.$proc$/Users/Dilan/Projects/fabric-under-pressure/rtl/axi_outstanding_tracker.sv:60$35'.
  created $adff cell `$procdff$1314' with positive edge clock and positive level reset.
Creating register for signal `\axi_outstanding_tracker.\target_table[7]' using process `\axi_outstanding_tracker.$proc$/Users/Dilan/Projects/fabric-under-pressure/rtl/axi_outstanding_tracker.sv:60$35'.
  created $adff cell `$procdff$1319' with positive edge clock and positive level reset.
Creating register for signal `\axi_outstanding_tracker.\target_table[8]' using process `\axi_outstanding_tracker.$proc$/Users/Dilan/Projects/fabric-under-pressure/rtl/axi_outstanding_tracker.sv:60$35'.
  created $adff cell `$procdff$1324' with positive edge clock and positive level reset.
Creating register for signal `\axi_outstanding_tracker.\target_table[9]' using process `\axi_outstanding_tracker.$proc$/Users/Dilan/Projects/fabric-under-pressure/rtl/axi_outstanding_tracker.sv:60$35'.
  created $adff cell `$procdff$1329' with positive edge clock and positive level reset.
Creating register for signal `\axi_outstanding_tracker.\target_table[10]' using process `\axi_outstanding_tracker.$proc$/Users/Dilan/Projects/fabric-under-pressure/rtl/axi_outstanding_tracker.sv:60$35'.
  created $adff cell `$procdff$1334' with positive edge clock and positive level reset.
Creating register for signal `\axi_outstanding_tracker.\target_table[11]' using process `\axi_outstanding_tracker.$proc$/Users/Dilan/Projects/fabric-under-pressure/rtl/axi_outstanding_tracker.sv:60$35'.
  created $adff cell `$procdff$1339' with positive edge clock and positive level reset.
Creating register for signal `\axi_outstanding_tracker.\target_table[12]' using process `\axi_outstanding_tracker.$proc$/Users/Dilan/Projects/fabric-under-pressure/rtl/axi_outstanding_tracker.sv:60$35'.
  created $adff cell `$procdff$1344' with positive edge clock and positive level reset.
Creating register for signal `\axi_outstanding_tracker.\target_table[13]' using process `\axi_outstanding_tracker.$proc$/Users/Dilan/Projects/fabric-under-pressure/rtl/axi_outstanding_tracker.sv:60$35'.
  created $adff cell `$procdff$1349' with positive edge clock and positive level reset.
Creating register for signal `\axi_outstanding_tracker.\target_table[14]' using process `\axi_outstanding_tracker.$proc$/Users/Dilan/Projects/fabric-under-pressure/rtl/axi_outstanding_tracker.sv:60$35'.
  created $adff cell `$procdff$1354' with positive edge clock and positive level reset.
Creating register for signal `\axi_outstanding_tracker.\target_table[15]' using process `\axi_outstanding_tracker.$proc$/Users/Dilan/Projects/fabric-under-pressure/rtl/axi_outstanding_tracker.sv:60$35'.
  created $adff cell `$procdff$1359' with positive edge clock and positive level reset.
Creating register for signal `\axi_outstanding_tracker.\len_table[0]' using process `\axi_outstanding_tracker.$proc$/Users/Dilan/Projects/fabric-under-pressure/rtl/axi_outstanding_tracker.sv:60$35'.
  created $adff cell `$procdff$1364' with positive edge clock and positive level reset.
Creating register for signal `\axi_outstanding_tracker.\len_table[1]' using process `\axi_outstanding_tracker.$proc$/Users/Dilan/Projects/fabric-under-pressure/rtl/axi_outstanding_tracker.sv:60$35'.
  created $adff cell `$procdff$1369' with positive edge clock and positive level reset.
Creating register for signal `\axi_outstanding_tracker.\len_table[2]' using process `\axi_outstanding_tracker.$proc$/Users/Dilan/Projects/fabric-under-pressure/rtl/axi_outstanding_tracker.sv:60$35'.
  created $adff cell `$procdff$1374' with positive edge clock and positive level reset.
Creating register for signal `\axi_outstanding_tracker.\len_table[3]' using process `\axi_outstanding_tracker.$proc$/Users/Dilan/Projects/fabric-under-pressure/rtl/axi_outstanding_tracker.sv:60$35'.
  created $adff cell `$procdff$1379' with positive edge clock and positive level reset.
Creating register for signal `\axi_outstanding_tracker.\len_table[4]' using process `\axi_outstanding_tracker.$proc$/Users/Dilan/Projects/fabric-under-pressure/rtl/axi_outstanding_tracker.sv:60$35'.
  created $adff cell `$procdff$1384' with positive edge clock and positive level reset.
Creating register for signal `\axi_outstanding_tracker.\len_table[5]' using process `\axi_outstanding_tracker.$proc$/Users/Dilan/Projects/fabric-under-pressure/rtl/axi_outstanding_tracker.sv:60$35'.
  created $adff cell `$procdff$1389' with positive edge clock and positive level reset.
Creating register for signal `\axi_outstanding_tracker.\len_table[6]' using process `\axi_outstanding_tracker.$proc$/Users/Dilan/Projects/fabric-under-pressure/rtl/axi_outstanding_tracker.sv:60$35'.
  created $adff cell `$procdff$1394' with positive edge clock and positive level reset.
Creating register for signal `\axi_outstanding_tracker.\len_table[7]' using process `\axi_outstanding_tracker.$proc$/Users/Dilan/Projects/fabric-under-pressure/rtl/axi_outstanding_tracker.sv:60$35'.
  created $adff cell `$procdff$1399' with positive edge clock and positive level reset.
Creating register for signal `\axi_outstanding_tracker.\len_table[8]' using process `\axi_outstanding_tracker.$proc$/Users/Dilan/Projects/fabric-under-pressure/rtl/axi_outstanding_tracker.sv:60$35'.
  created $adff cell `$procdff$1404' with positive edge clock and positive level reset.
Creating register for signal `\axi_outstanding_tracker.\len_table[9]' using process `\axi_outstanding_tracker.$proc$/Users/Dilan/Projects/fabric-under-pressure/rtl/axi_outstanding_tracker.sv:60$35'.
  created $adff cell `$procdff$1409' with positive edge clock and positive level reset.
Creating register for signal `\axi_outstanding_tracker.\len_table[10]' using process `\axi_outstanding_tracker.$proc$/Users/Dilan/Projects/fabric-under-pressure/rtl/axi_outstanding_tracker.sv:60$35'.
  created $adff cell `$procdff$1414' with positive edge clock and positive level reset.
Creating register for signal `\axi_outstanding_tracker.\len_table[11]' using process `\axi_outstanding_tracker.$proc$/Users/Dilan/Projects/fabric-under-pressure/rtl/axi_outstanding_tracker.sv:60$35'.
  created $adff cell `$procdff$1419' with positive edge clock and positive level reset.
Creating register for signal `\axi_outstanding_tracker.\len_table[12]' using process `\axi_outstanding_tracker.$proc$/Users/Dilan/Projects/fabric-under-pressure/rtl/axi_outstanding_tracker.sv:60$35'.
  created $adff cell `$procdff$1424' with positive edge clock and positive level reset.
Creating register for signal `\axi_outstanding_tracker.\len_table[13]' using process `\axi_outstanding_tracker.$proc$/Users/Dilan/Projects/fabric-under-pressure/rtl/axi_outstanding_tracker.sv:60$35'.
  created $adff cell `$procdff$1429' with positive edge clock and positive level reset.
Creating register for signal `\axi_outstanding_tracker.\len_table[14]' using process `\axi_outstanding_tracker.$proc$/Users/Dilan/Projects/fabric-under-pressure/rtl/axi_outstanding_tracker.sv:60$35'.
  created $adff cell `$procdff$1434' with positive edge clock and positive level reset.
Creating register for signal `\axi_outstanding_tracker.\len_table[15]' using process `\axi_outstanding_tracker.$proc$/Users/Dilan/Projects/fabric-under-pressure/rtl/axi_outstanding_tracker.sv:60$35'.
  created $adff cell `$procdff$1439' with positive edge clock and positive level reset.
Creating register for signal `\axi_outstanding_tracker.$mem2reg_wr$\target_table$/Users/Dilan/Projects/fabric-under-pressure/rtl/axi_outstanding_tracker.sv:71$6_ADDR' using process `\axi_outstanding_tracker.$proc$/Users/Dilan/Projects/fabric-under-pressure/rtl/axi_outstanding_tracker.sv:60$35'.
  created $adff cell `$procdff$1444' with positive edge clock and positive level reset.
Creating register for signal `\axi_outstanding_tracker.$mem2reg_wr$\target_table$/Users/Dilan/Projects/fabric-under-pressure/rtl/axi_outstanding_tracker.sv:71$6_DATA' using process `\axi_outstanding_tracker.$proc$/Users/Dilan/Projects/fabric-under-pressure/rtl/axi_outstanding_tracker.sv:60$35'.
  created $adff cell `$procdff$1449' with positive edge clock and positive level reset.
Creating register for signal `\axi_outstanding_tracker.$mem2reg_wr$\len_table$/Users/Dilan/Projects/fabric-under-pressure/rtl/axi_outstanding_tracker.sv:72$7_ADDR' using process `\axi_outstanding_tracker.$proc$/Users/Dilan/Projects/fabric-under-pressure/rtl/axi_outstanding_tracker.sv:60$35'.
  created $adff cell `$procdff$1454' with positive edge clock and positive level reset.
Creating register for signal `\axi_outstanding_tracker.$mem2reg_wr$\len_table$/Users/Dilan/Projects/fabric-under-pressure/rtl/axi_outstanding_tracker.sv:72$7_DATA' using process `\axi_outstanding_tracker.$proc$/Users/Dilan/Projects/fabric-under-pressure/rtl/axi_outstanding_tracker.sv:60$35'.
  created $adff cell `$procdff$1459' with positive edge clock and positive level reset.
Creating register for signal `\axi_outstanding_tracker.$mem2reg_wr$\target_table$/Users/Dilan/Projects/fabric-under-pressure/rtl/axi_outstanding_tracker.sv:77$8_ADDR' using process `\axi_outstanding_tracker.$proc$/Users/Dilan/Projects/fabric-under-pressure/rtl/axi_outstanding_tracker.sv:60$35'.
  created $adff cell `$procdff$1464' with positive edge clock and positive level reset.
Creating register for signal `\axi_outstanding_tracker.$mem2reg_wr$\target_table$/Users/Dilan/Projects/fabric-under-pressure/rtl/axi_outstanding_tracker.sv:77$8_DATA' using process `\axi_outstanding_tracker.$proc$/Users/Dilan/Projects/fabric-under-pressure/rtl/axi_outstanding_tracker.sv:60$35'.
  created $adff cell `$procdff$1469' with positive edge clock and positive level reset.
Creating register for signal `\axi_outstanding_tracker.$mem2reg_wr$\len_table$/Users/Dilan/Projects/fabric-under-pressure/rtl/axi_outstanding_tracker.sv:78$9_ADDR' using process `\axi_outstanding_tracker.$proc$/Users/Dilan/Projects/fabric-under-pressure/rtl/axi_outstanding_tracker.sv:60$35'.
  created $adff cell `$procdff$1474' with positive edge clock and positive level reset.
Creating register for signal `\axi_outstanding_tracker.$mem2reg_wr$\len_table$/Users/Dilan/Projects/fabric-under-pressure/rtl/axi_outstanding_tracker.sv:78$9_DATA' using process `\axi_outstanding_tracker.$proc$/Users/Dilan/Projects/fabric-under-pressure/rtl/axi_outstanding_tracker.sv:60$35'.
  created $adff cell `$procdff$1479' with positive edge clock and positive level reset.
Creating register for signal `\axi_outstanding_tracker.$lookahead\busy_bitmap$34' using process `\axi_outstanding_tracker.$proc$/Users/Dilan/Projects/fabric-under-pressure/rtl/axi_outstanding_tracker.sv:60$35'.
  created $adff cell `$procdff$1484' with positive edge clock and positive level reset.

3.4.10. Executing PROC_MEMWR pass (convert process memory writes to cells).

3.4.11. Executing PROC_CLEAN pass (remove empty switches from decision trees).
Removing empty process `axi_read_state_bank.$proc$/Users/Dilan/Projects/fabric-under-pressure/rtl/axi_read_state_bank.sv:52$107'.
Removing empty process `axi_read_state_bank.$proc$/Users/Dilan/Projects/fabric-under-pressure/rtl/axi_read_state_bank.sv:52$97'.
Removing empty process `axi_read_state_bank.$proc$/Users/Dilan/Projects/fabric-under-pressure/rtl/axi_read_state_bank.sv:52$87'.
Found and cleaned up 7 empty switches in `\axi_outstanding_tracker.$proc$/Users/Dilan/Projects/fabric-under-pressure/rtl/axi_outstanding_tracker.sv:60$35'.
Removing empty process `axi_outstanding_tracker.$proc$/Users/Dilan/Projects/fabric-under-pressure/rtl/axi_outstanding_tracker.sv:60$35'.
Removing empty process `axi_outstanding_tracker.$proc$/Users/Dilan/Projects/fabric-under-pressure/rtl/axi_outstanding_tracker.sv:55$31'.
Found and cleaned up 3 empty switches in `\axi_outstanding_tracker.$proc$/Users/Dilan/Projects/fabric-under-pressure/rtl/axi_outstanding_tracker.sv:34$10'.
Removing empty process `axi_outstanding_tracker.$proc$/Users/Dilan/Projects/fabric-under-pressure/rtl/axi_outstanding_tracker.sv:34$10'.
Cleaned up 10 empty switches.

3.4.12. Executing OPT_EXPR pass (perform const folding).
Optimizing module axi_read_state_bank.
Optimizing module axi_outstanding_tracker.
<suppressed ~98 debug messages>

3.5. Executing CHECK pass (checking for obvious problems).
Checking module axi_read_state_bank...
Checking module axi_outstanding_tracker...
Found and reported 0 problems.

3.6. Executing FLATTEN pass (flatten design).
Deleting now unused module axi_outstanding_tracker.
<suppressed ~3 debug messages>

3.7. Executing TRIBUF pass.

3.8. Executing DEMINOUT pass (demote inout ports to input or output).

3.9. Executing OPT_EXPR pass (perform const folding).
Optimizing module axi_read_state_bank.

3.10. Executing CHECK pass (checking for obvious problems).
Checking module axi_read_state_bank...
Found and reported 0 problems.

3.11. Executing OPT_CLEAN pass (remove unused cells and wires).
Finding unused cells or wires in module \axi_read_state_bank..
Removed 1011 unused cells and 1770 unused wires.
<suppressed ~1120 debug messages>

3.12. Executing OPT pass (performing simple optimizations).

3.12.1. Executing OPT_EXPR pass (perform const folding).
Optimizing module axi_read_state_bank.

3.12.2. Executing OPT_MERGE pass (detect identical cells).
Finding identical cells in module `\axi_read_state_bank'.
Computing hashes of 144 cells of `\axi_read_state_bank'.
Finding duplicate cells in `\axi_read_state_bank'.
Computing hashes of 138 cells of `\axi_read_state_bank'.
Finding duplicate cells in `\axi_read_state_bank'.
Computing hashes of 135 cells of `\axi_read_state_bank'.
Finding duplicate cells in `\axi_read_state_bank'.
<suppressed ~27 debug messages>
Removed a total of 9 cells.

3.12.3. Executing OPT_MUXTREE pass (detect dead branches in mux trees).
Running muxtree optimizer on module \axi_read_state_bank..
  Creating internal representation of mux trees.
  Evaluating internal representation of mux trees.
  Analyzing evaluation results.
Removed 0 multiplexer ports.
<suppressed ~42 debug messages>

3.12.4. Executing OPT_REDUCE pass (consolidate $*mux and $reduce_* inputs).
  Optimizing cells in module \axi_read_state_bank.
Performed a total of 0 changes.

3.12.5. Executing OPT_MERGE pass (detect identical cells).
Finding identical cells in module `\axi_read_state_bank'.
Computing hashes of 135 cells of `\axi_read_state_bank'.
Finding duplicate cells in `\axi_read_state_bank'.
Removed a total of 0 cells.

3.12.6. Executing OPT_DFF pass (perform DFF optimizations).

3.12.7. Executing OPT_CLEAN pass (remove unused cells and wires).
Finding unused cells or wires in module \axi_read_state_bank..
Removed 0 unused cells and 9 unused wires.
<suppressed ~1 debug messages>

3.12.8. Executing OPT_EXPR pass (perform const folding).
Optimizing module axi_read_state_bank.

3.12.9. Rerunning OPT passes. (Maybe there is more to do..)

3.12.10. Executing OPT_MUXTREE pass (detect dead branches in mux trees).
Running muxtree optimizer on module \axi_read_state_bank..
  Creating internal representation of mux trees.
  Evaluating internal representation of mux trees.
  Analyzing evaluation results.
Removed 0 multiplexer ports.
<suppressed ~42 debug messages>

3.12.11. Executing OPT_REDUCE pass (consolidate $*mux and $reduce_* inputs).
  Optimizing cells in module \axi_read_state_bank.
Performed a total of 0 changes.

3.12.12. Executing OPT_MERGE pass (detect identical cells).
Finding identical cells in module `\axi_read_state_bank'.
Computing hashes of 135 cells of `\axi_read_state_bank'.
Finding duplicate cells in `\axi_read_state_bank'.
Removed a total of 0 cells.

3.12.13. Executing OPT_DFF pass (perform DFF optimizations).

3.12.14. Executing OPT_CLEAN pass (remove unused cells and wires).
Finding unused cells or wires in module \axi_read_state_bank..

3.12.15. Executing OPT_EXPR pass (perform const folding).
Optimizing module axi_read_state_bank.

3.12.16. Finished fast OPT passes. (There is nothing left to do.)

3.13. Executing FSM pass (extract and optimize FSM).

3.13.1. Executing FSM_DETECT pass (finding FSMs in design).

3.13.2. Executing FSM_EXTRACT pass (extracting FSM from design).

3.13.3. Executing FSM_OPT pass (simple optimizations of FSMs).

3.13.4. Executing OPT_CLEAN pass (remove unused cells and wires).
Finding unused cells or wires in module \axi_read_state_bank..

3.13.5. Executing FSM_OPT pass (simple optimizations of FSMs).

3.13.6. Executing FSM_RECODE pass (re-assigning FSM state encoding).

3.13.7. Executing FSM_INFO pass (dumping all available information on FSM cells).

3.13.8. Executing FSM_MAP pass (mapping FSMs to basic logic).

3.14. Executing OPT pass (performing simple optimizations).

3.14.1. Executing OPT_EXPR pass (perform const folding).
Optimizing module axi_read_state_bank.

3.14.2. Executing OPT_MERGE pass (detect identical cells).
Finding identical cells in module `\axi_read_state_bank'.
Computing hashes of 135 cells of `\axi_read_state_bank'.
Finding duplicate cells in `\axi_read_state_bank'.
Removed a total of 0 cells.

3.14.3. Executing OPT_MUXTREE pass (detect dead branches in mux trees).
Running muxtree optimizer on module \axi_read_state_bank..
  Creating internal representation of mux trees.
  Evaluating internal representation of mux trees.
  Analyzing evaluation results.
Removed 0 multiplexer ports.
<suppressed ~42 debug messages>

3.14.4. Executing OPT_REDUCE pass (consolidate $*mux and $reduce_* inputs).
  Optimizing cells in module \axi_read_state_bank.
Performed a total of 0 changes.

3.14.5. Executing OPT_MERGE pass (detect identical cells).
Finding identical cells in module `\axi_read_state_bank'.
Computing hashes of 135 cells of `\axi_read_state_bank'.
Finding duplicate cells in `\axi_read_state_bank'.
Removed a total of 0 cells.

3.14.6. Executing OPT_DFF pass (perform DFF optimizations).
Adding EN signal on $flatten\gen_read_state[2].u_tracker.$procdff$1269 ($adff) from module axi_read_state_bank (D = $flatten\gen_read_state[2].u_tracker.$0\outstanding_count[2:0], Q = \gen_read_state[2].u_tracker.outstanding_count).
Adding EN signal on $flatten\gen_read_state[1].u_tracker.$procdff$1269 ($adff) from module axi_read_state_bank (D = $flatten\gen_read_state[1].u_tracker.$0\outstanding_count[2:0], Q = \gen_read_state[1].u_tracker.outstanding_count).
Adding EN signal on $flatten\gen_read_state[0].u_tracker.$procdff$1269 ($adff) from module axi_read_state_bank (D = $flatten\gen_read_state[0].u_tracker.$0\outstanding_count[2:0], Q = \gen_read_state[0].u_tracker.outstanding_count).

3.14.7. Executing OPT_CLEAN pass (remove unused cells and wires).
Finding unused cells or wires in module \axi_read_state_bank..

3.14.8. Executing OPT_EXPR pass (perform const folding).
Optimizing module axi_read_state_bank.
<suppressed ~3 debug messages>

3.14.9. Rerunning OPT passes. (Maybe there is more to do..)

3.14.10. Executing OPT_MUXTREE pass (detect dead branches in mux trees).
Running muxtree optimizer on module \axi_read_state_bank..
  Creating internal representation of mux trees.
  Evaluating internal representation of mux trees.
  Analyzing evaluation results.
Removed 0 multiplexer ports.
<suppressed ~42 debug messages>

3.14.11. Executing OPT_REDUCE pass (consolidate $*mux and $reduce_* inputs).
  Optimizing cells in module \axi_read_state_bank.
Performed a total of 0 changes.

3.14.12. Executing OPT_MERGE pass (detect identical cells).
Finding identical cells in module `\axi_read_state_bank'.
Computing hashes of 138 cells of `\axi_read_state_bank'.
Finding duplicate cells in `\axi_read_state_bank'.
Removed a total of 0 cells.

3.14.13. Executing OPT_DFF pass (perform DFF optimizations).

3.14.14. Executing OPT_CLEAN pass (remove unused cells and wires).
Finding unused cells or wires in module \axi_read_state_bank..

3.14.15. Executing OPT_EXPR pass (perform const folding).
Optimizing module axi_read_state_bank.

3.14.16. Finished fast OPT passes. (There is nothing left to do.)

3.15. Executing WREDUCE pass (reducing word size of cells).
Removed top 1 bits (of 2) from port B of cell axi_read_state_bank.$flatten\gen_read_state[0].u_tracker.$procmux$344_CMP0 ($eq).
Removed top 2 bits (of 3) from port B of cell axi_read_state_bank.$flatten\gen_read_state[0].u_tracker.$sub$/Users/Dilan/Projects/fabric-under-pressure/rtl/axi_outstanding_tracker.sv:83$86 ($sub).
Removed top 2 bits (of 3) from port B of cell axi_read_state_bank.$flatten\gen_read_state[0].u_tracker.$add$/Users/Dilan/Projects/fabric-under-pressure/rtl/axi_outstanding_tracker.sv:82$85 ($add).
Converting cell axi_read_state_bank.$flatten\gen_read_state[0].u_tracker.$neg$/Users/Dilan/Projects/fabric-under-pressure/rtl/axi_outstanding_tracker.sv:76$78 ($neg) from signed to unsigned.
Removed top 1 bits (of 5) from port A of cell axi_read_state_bank.$flatten\gen_read_state[0].u_tracker.$neg$/Users/Dilan/Projects/fabric-under-pressure/rtl/axi_outstanding_tracker.sv:76$78 ($neg).
Converting cell axi_read_state_bank.$flatten\gen_read_state[0].u_tracker.$neg$/Users/Dilan/Projects/fabric-under-pressure/rtl/axi_outstanding_tracker.sv:70$65 ($neg) from signed to unsigned.
Removed top 1 bits (of 5) from port A of cell axi_read_state_bank.$flatten\gen_read_state[0].u_tracker.$neg$/Users/Dilan/Projects/fabric-under-pressure/rtl/axi_outstanding_tracker.sv:70$65 ($neg).
Removed top 1 bits (of 2) from port B of cell axi_read_state_bank.$flatten\gen_read_state[1].u_tracker.$procmux$344_CMP0 ($eq).
Removed top 2 bits (of 3) from port B of cell axi_read_state_bank.$flatten\gen_read_state[1].u_tracker.$sub$/Users/Dilan/Projects/fabric-under-pressure/rtl/axi_outstanding_tracker.sv:83$86 ($sub).
Removed top 2 bits (of 3) from port B of cell axi_read_state_bank.$flatten\gen_read_state[1].u_tracker.$add$/Users/Dilan/Projects/fabric-under-pressure/rtl/axi_outstanding_tracker.sv:82$85 ($add).
Converting cell axi_read_state_bank.$flatten\gen_read_state[1].u_tracker.$neg$/Users/Dilan/Projects/fabric-under-pressure/rtl/axi_outstanding_tracker.sv:76$82 ($neg) from signed to unsigned.
Removed top 1 bits (of 5) from port A of cell axi_read_state_bank.$flatten\gen_read_state[1].u_tracker.$neg$/Users/Dilan/Projects/fabric-under-pressure/rtl/axi_outstanding_tracker.sv:76$82 ($neg).
Converting cell axi_read_state_bank.$flatten\gen_read_state[1].u_tracker.$neg$/Users/Dilan/Projects/fabric-under-pressure/rtl/axi_outstanding_tracker.sv:70$69 ($neg) from signed to unsigned.
Removed top 1 bits (of 5) from port A of cell axi_read_state_bank.$flatten\gen_read_state[1].u_tracker.$neg$/Users/Dilan/Projects/fabric-under-pressure/rtl/axi_outstanding_tracker.sv:70$69 ($neg).
Removed top 1 bits (of 2) from port B of cell axi_read_state_bank.$flatten\gen_read_state[2].u_tracker.$procmux$344_CMP0 ($eq).
Removed top 2 bits (of 3) from port B of cell axi_read_state_bank.$flatten\gen_read_state[2].u_tracker.$sub$/Users/Dilan/Projects/fabric-under-pressure/rtl/axi_outstanding_tracker.sv:83$86 ($sub).
Removed top 2 bits (of 3) from port B of cell axi_read_state_bank.$flatten\gen_read_state[2].u_tracker.$add$/Users/Dilan/Projects/fabric-under-pressure/rtl/axi_outstanding_tracker.sv:82$85 ($add).
Converting cell axi_read_state_bank.$flatten\gen_read_state[2].u_tracker.$neg$/Users/Dilan/Projects/fabric-under-pressure/rtl/axi_outstanding_tracker.sv:76$82 ($neg) from signed to unsigned.
Removed top 1 bits (of 5) from port A of cell axi_read_state_bank.$flatten\gen_read_state[2].u_tracker.$neg$/Users/Dilan/Projects/fabric-under-pressure/rtl/axi_outstanding_tracker.sv:76$82 ($neg).
Converting cell axi_read_state_bank.$flatten\gen_read_state[2].u_tracker.$neg$/Users/Dilan/Projects/fabric-under-pressure/rtl/axi_outstanding_tracker.sv:70$69 ($neg) from signed to unsigned.
Removed top 1 bits (of 5) from port A of cell axi_read_state_bank.$flatten\gen_read_state[2].u_tracker.$neg$/Users/Dilan/Projects/fabric-under-pressure/rtl/axi_outstanding_tracker.sv:70$69 ($neg).

3.16. Executing PEEPOPT pass (run peephole optimizers).

3.17. Executing OPT_CLEAN pass (remove unused cells and wires).
Finding unused cells or wires in module \axi_read_state_bank..

3.18. Executing SHARE pass (SAT-based resource sharing).

3.19. Executing TECHMAP pass (map to technology primitives).

3.19.1. Executing Verilog-2005 frontend: /Users/Dilan/eda/fabric-under-pressure/oss-cad-suite/libexec/../share/yosys/cmp2lut.v
Parsing Verilog input from `/Users/Dilan/eda/fabric-under-pressure/oss-cad-suite/libexec/../share/yosys/cmp2lut.v' to AST representation.
Generating RTLIL representation for module `\_90_lut_cmp_'.
Successfully finished Verilog frontend.

3.19.2. Continuing TECHMAP pass.
Using template $paramod$141b0f41d8ab4b936f42c52ead39f1f9a7c93200\_90_lut_cmp_ for cells of type $lt.
No more expansions possible.
<suppressed ~36 debug messages>

3.20. Executing OPT_EXPR pass (perform const folding).
Optimizing module axi_read_state_bank.

3.21. Executing OPT_CLEAN pass (remove unused cells and wires).
Finding unused cells or wires in module \axi_read_state_bank..
Removed 0 unused cells and 9 unused wires.
<suppressed ~1 debug messages>

3.22. Executing TECHMAP pass (map to technology primitives).

3.22.1. Executing Verilog-2005 frontend: /Users/Dilan/eda/fabric-under-pressure/oss-cad-suite/libexec/../share/yosys/mul2dsp.v
Parsing Verilog input from `/Users/Dilan/eda/fabric-under-pressure/oss-cad-suite/libexec/../share/yosys/mul2dsp.v' to AST representation.
Generating RTLIL representation for module `\_80_mul'.
Generating RTLIL representation for module `\_90_soft_mul'.
Successfully finished Verilog frontend.

3.22.2. Continuing TECHMAP pass.
No more expansions possible.
<suppressed ~4 debug messages>

3.23. Executing TECHMAP pass (map to technology primitives).

3.23.1. Executing Verilog-2005 frontend: /Users/Dilan/eda/fabric-under-pressure/oss-cad-suite/libexec/../share/yosys/lattice/dsp_map_18x18.v
Parsing Verilog input from `/Users/Dilan/eda/fabric-under-pressure/oss-cad-suite/libexec/../share/yosys/lattice/dsp_map_18x18.v' to AST representation.
Generating RTLIL representation for module `$__MUL18X18'.
Successfully finished Verilog frontend.

3.23.2. Continuing TECHMAP pass.
No more expansions possible.
<suppressed ~3 debug messages>

3.24. Executing ALUMACC pass (create $alu and $macc cells).
Extracting $alu and $macc cells in module axi_read_state_bank:
  creating $macc model for $flatten\gen_read_state[1].u_tracker.$neg$/Users/Dilan/Projects/fabric-under-pressure/rtl/axi_outstanding_tracker.sv:76$82 ($neg).
  creating $macc model for $flatten\gen_read_state[1].u_tracker.$neg$/Users/Dilan/Projects/fabric-under-pressure/rtl/axi_outstanding_tracker.sv:70$69 ($neg).
  creating $macc model for $flatten\gen_read_state[0].u_tracker.$neg$/Users/Dilan/Projects/fabric-under-pressure/rtl/axi_outstanding_tracker.sv:70$65 ($neg).
  creating $macc model for $flatten\gen_read_state[0].u_tracker.$neg$/Users/Dilan/Projects/fabric-under-pressure/rtl/axi_outstanding_tracker.sv:76$78 ($neg).
  creating $macc model for $flatten\gen_read_state[1].u_tracker.$sub$/Users/Dilan/Projects/fabric-under-pressure/rtl/axi_outstanding_tracker.sv:83$86 ($sub).
  creating $macc model for $flatten\gen_read_state[0].u_tracker.$add$/Users/Dilan/Projects/fabric-under-pressure/rtl/axi_outstanding_tracker.sv:82$85 ($add).
  creating $macc model for $flatten\gen_read_state[0].u_tracker.$sub$/Users/Dilan/Projects/fabric-under-pressure/rtl/axi_outstanding_tracker.sv:83$86 ($sub).
  creating $macc model for $flatten\gen_read_state[2].u_tracker.$sub$/Users/Dilan/Projects/fabric-under-pressure/rtl/axi_outstanding_tracker.sv:83$86 ($sub).
  creating $macc model for $flatten\gen_read_state[2].u_tracker.$add$/Users/Dilan/Projects/fabric-under-pressure/rtl/axi_outstanding_tracker.sv:82$85 ($add).
  creating $macc model for $flatten\gen_read_state[2].u_tracker.$neg$/Users/Dilan/Projects/fabric-under-pressure/rtl/axi_outstanding_tracker.sv:76$82 ($neg).
  creating $macc model for $flatten\gen_read_state[1].u_tracker.$add$/Users/Dilan/Projects/fabric-under-pressure/rtl/axi_outstanding_tracker.sv:82$85 ($add).
  creating $macc model for $flatten\gen_read_state[2].u_tracker.$neg$/Users/Dilan/Projects/fabric-under-pressure/rtl/axi_outstanding_tracker.sv:70$69 ($neg).
  creating $alu model for $macc $flatten\gen_read_state[2].u_tracker.$neg$/Users/Dilan/Projects/fabric-under-pressure/rtl/axi_outstanding_tracker.sv:70$69.
  creating $alu model for $macc $flatten\gen_read_state[1].u_tracker.$add$/Users/Dilan/Projects/fabric-under-pressure/rtl/axi_outstanding_tracker.sv:82$85.
  creating $alu model for $macc $flatten\gen_read_state[2].u_tracker.$neg$/Users/Dilan/Projects/fabric-under-pressure/rtl/axi_outstanding_tracker.sv:76$82.
  creating $alu model for $macc $flatten\gen_read_state[2].u_tracker.$add$/Users/Dilan/Projects/fabric-under-pressure/rtl/axi_outstanding_tracker.sv:82$85.
  creating $alu model for $macc $flatten\gen_read_state[2].u_tracker.$sub$/Users/Dilan/Projects/fabric-under-pressure/rtl/axi_outstanding_tracker.sv:83$86.
  creating $alu model for $macc $flatten\gen_read_state[0].u_tracker.$sub$/Users/Dilan/Projects/fabric-under-pressure/rtl/axi_outstanding_tracker.sv:83$86.
  creating $alu model for $macc $flatten\gen_read_state[0].u_tracker.$add$/Users/Dilan/Projects/fabric-under-pressure/rtl/axi_outstanding_tracker.sv:82$85.
  creating $alu model for $macc $flatten\gen_read_state[1].u_tracker.$sub$/Users/Dilan/Projects/fabric-under-pressure/rtl/axi_outstanding_tracker.sv:83$86.
  creating $alu model for $macc $flatten\gen_read_state[0].u_tracker.$neg$/Users/Dilan/Projects/fabric-under-pressure/rtl/axi_outstanding_tracker.sv:76$78.
  creating $alu model for $macc $flatten\gen_read_state[0].u_tracker.$neg$/Users/Dilan/Projects/fabric-under-pressure/rtl/axi_outstanding_tracker.sv:70$65.
  creating $alu model for $macc $flatten\gen_read_state[1].u_tracker.$neg$/Users/Dilan/Projects/fabric-under-pressure/rtl/axi_outstanding_tracker.sv:70$69.
  creating $alu model for $macc $flatten\gen_read_state[1].u_tracker.$neg$/Users/Dilan/Projects/fabric-under-pressure/rtl/axi_outstanding_tracker.sv:76$82.
  creating $alu cell for $flatten\gen_read_state[1].u_tracker.$neg$/Users/Dilan/Projects/fabric-under-pressure/rtl/axi_outstanding_tracker.sv:76$82: $auto$alumacc.cc:548:replace_alu$1502
  creating $alu cell for $flatten\gen_read_state[1].u_tracker.$neg$/Users/Dilan/Projects/fabric-under-pressure/rtl/axi_outstanding_tracker.sv:70$69: $auto$alumacc.cc:548:replace_alu$1505
  creating $alu cell for $flatten\gen_read_state[0].u_tracker.$neg$/Users/Dilan/Projects/fabric-under-pressure/rtl/axi_outstanding_tracker.sv:70$65: $auto$alumacc.cc:548:replace_alu$1508
  creating $alu cell for $flatten\gen_read_state[0].u_tracker.$neg$/Users/Dilan/Projects/fabric-under-pressure/rtl/axi_outstanding_tracker.sv:76$78: $auto$alumacc.cc:548:replace_alu$1511
  creating $alu cell for $flatten\gen_read_state[1].u_tracker.$sub$/Users/Dilan/Projects/fabric-under-pressure/rtl/axi_outstanding_tracker.sv:83$86: $auto$alumacc.cc:548:replace_alu$1514
  creating $alu cell for $flatten\gen_read_state[0].u_tracker.$add$/Users/Dilan/Projects/fabric-under-pressure/rtl/axi_outstanding_tracker.sv:82$85: $auto$alumacc.cc:548:replace_alu$1517
  creating $alu cell for $flatten\gen_read_state[0].u_tracker.$sub$/Users/Dilan/Projects/fabric-under-pressure/rtl/axi_outstanding_tracker.sv:83$86: $auto$alumacc.cc:548:replace_alu$1520
  creating $alu cell for $flatten\gen_read_state[2].u_tracker.$sub$/Users/Dilan/Projects/fabric-under-pressure/rtl/axi_outstanding_tracker.sv:83$86: $auto$alumacc.cc:548:replace_alu$1523
  creating $alu cell for $flatten\gen_read_state[2].u_tracker.$add$/Users/Dilan/Projects/fabric-under-pressure/rtl/axi_outstanding_tracker.sv:82$85: $auto$alumacc.cc:548:replace_alu$1526
  creating $alu cell for $flatten\gen_read_state[2].u_tracker.$neg$/Users/Dilan/Projects/fabric-under-pressure/rtl/axi_outstanding_tracker.sv:76$82: $auto$alumacc.cc:548:replace_alu$1529
  creating $alu cell for $flatten\gen_read_state[1].u_tracker.$add$/Users/Dilan/Projects/fabric-under-pressure/rtl/axi_outstanding_tracker.sv:82$85: $auto$alumacc.cc:548:replace_alu$1532
  creating $alu cell for $flatten\gen_read_state[2].u_tracker.$neg$/Users/Dilan/Projects/fabric-under-pressure/rtl/axi_outstanding_tracker.sv:70$69: $auto$alumacc.cc:548:replace_alu$1535
  created 12 $alu and 0 $macc cells.

3.25. Executing OPT pass (performing simple optimizations).

3.25.1. Executing OPT_EXPR pass (perform const folding).
Optimizing module axi_read_state_bank.

3.25.2. Executing OPT_MERGE pass (detect identical cells).
Finding identical cells in module `\axi_read_state_bank'.
Computing hashes of 138 cells of `\axi_read_state_bank'.
Finding duplicate cells in `\axi_read_state_bank'.
Removed a total of 0 cells.

3.25.3. Executing OPT_MUXTREE pass (detect dead branches in mux trees).
Running muxtree optimizer on module \axi_read_state_bank..
  Creating internal representation of mux trees.
  Evaluating internal representation of mux trees.
  Analyzing evaluation results.
Removed 0 multiplexer ports.
<suppressed ~42 debug messages>

3.25.4. Executing OPT_REDUCE pass (consolidate $*mux and $reduce_* inputs).
  Optimizing cells in module \axi_read_state_bank.
Performed a total of 0 changes.

3.25.5. Executing OPT_MERGE pass (detect identical cells).
Finding identical cells in module `\axi_read_state_bank'.
Computing hashes of 138 cells of `\axi_read_state_bank'.
Finding duplicate cells in `\axi_read_state_bank'.
Removed a total of 0 cells.

3.25.6. Executing OPT_DFF pass (perform DFF optimizations).

3.25.7. Executing OPT_CLEAN pass (remove unused cells and wires).
Finding unused cells or wires in module \axi_read_state_bank..

3.25.8. Executing OPT_EXPR pass (perform const folding).
Optimizing module axi_read_state_bank.

3.25.9. Finished fast OPT passes. (There is nothing left to do.)

3.26. Executing MEMORY pass.

3.26.1. Executing OPT_MEM pass (optimize memories).
Performed a total of 0 transformations.

3.26.2. Executing OPT_MEM_PRIORITY pass (removing unnecessary memory write priority relations).
Performed a total of 0 transformations.

3.26.3. Executing OPT_MEM_FEEDBACK pass (finding memory read-to-write feedback paths).

3.26.4. Executing MEMORY_BMUX2ROM pass (converting muxes to ROMs).

3.26.5. Executing MEMORY_DFF pass (merging $dff cells to $memrd).

3.26.6. Executing OPT_CLEAN pass (remove unused cells and wires).
Finding unused cells or wires in module \axi_read_state_bank..

3.26.7. Executing MEMORY_SHARE pass (consolidating $memrd/$memwr cells).

3.26.8. Executing OPT_MEM_WIDEN pass (optimize memories where all ports are wide).
Performed a total of 0 transformations.

3.26.9. Executing OPT_CLEAN pass (remove unused cells and wires).
Finding unused cells or wires in module \axi_read_state_bank..

3.26.10. Executing MEMORY_COLLECT pass (generating $mem cells).

3.27. Executing OPT_CLEAN pass (remove unused cells and wires).
Finding unused cells or wires in module \axi_read_state_bank..

3.28. Executing MEMORY_LIBMAP pass (mapping memories to cells).

3.29. Executing TECHMAP pass (map to technology primitives).

3.29.1. Executing Verilog-2005 frontend: /Users/Dilan/eda/fabric-under-pressure/oss-cad-suite/libexec/../share/yosys/lattice/lutrams_map_trellis.v
Parsing Verilog input from `/Users/Dilan/eda/fabric-under-pressure/oss-cad-suite/libexec/../share/yosys/lattice/lutrams_map_trellis.v' to AST representation.
Generating RTLIL representation for module `$__TRELLIS_DPR16X4_'.
Successfully finished Verilog frontend.

3.29.2. Executing Verilog-2005 frontend: /Users/Dilan/eda/fabric-under-pressure/oss-cad-suite/libexec/../share/yosys/lattice/brams_map_16kd.v
Parsing Verilog input from `/Users/Dilan/eda/fabric-under-pressure/oss-cad-suite/libexec/../share/yosys/lattice/brams_map_16kd.v' to AST representation.
Generating RTLIL representation for module `$__DP16KD_'.
Generating RTLIL representation for module `$__PDPW16KD_'.
Successfully finished Verilog frontend.

3.29.3. Continuing TECHMAP pass.
No more expansions possible.
<suppressed ~5 debug messages>

3.30. Executing OPT pass (performing simple optimizations).

3.30.1. Executing OPT_EXPR pass (perform const folding).
Optimizing module axi_read_state_bank.
<suppressed ~3 debug messages>

3.30.2. Executing OPT_MERGE pass (detect identical cells).
Finding identical cells in module `\axi_read_state_bank'.
Computing hashes of 138 cells of `\axi_read_state_bank'.
Finding duplicate cells in `\axi_read_state_bank'.
Removed a total of 0 cells.

3.30.3. Executing OPT_DFF pass (perform DFF optimizations).

3.30.4. Executing OPT_CLEAN pass (remove unused cells and wires).
Finding unused cells or wires in module \axi_read_state_bank..

3.30.5. Finished fast OPT passes.

3.31. Executing MEMORY_MAP pass (converting memories to logic and flip-flops).

3.32. Executing OPT pass (performing simple optimizations).

3.32.1. Executing OPT_EXPR pass (perform const folding).
Optimizing module axi_read_state_bank.

3.32.2. Executing OPT_MERGE pass (detect identical cells).
Finding identical cells in module `\axi_read_state_bank'.
Computing hashes of 138 cells of `\axi_read_state_bank'.
Finding duplicate cells in `\axi_read_state_bank'.
Removed a total of 0 cells.

3.32.3. Executing OPT_MUXTREE pass (detect dead branches in mux trees).
Running muxtree optimizer on module \axi_read_state_bank..
  Creating internal representation of mux trees.
  Evaluating internal representation of mux trees.
  Analyzing evaluation results.
Removed 0 multiplexer ports.
<suppressed ~42 debug messages>

3.32.4. Executing OPT_REDUCE pass (consolidate $*mux and $reduce_* inputs).
  Optimizing cells in module \axi_read_state_bank.
Performed a total of 0 changes.

3.32.5. Executing OPT_MERGE pass (detect identical cells).
Finding identical cells in module `\axi_read_state_bank'.
Computing hashes of 138 cells of `\axi_read_state_bank'.
Finding duplicate cells in `\axi_read_state_bank'.
Removed a total of 0 cells.

3.32.6. Executing OPT_DFF pass (perform DFF optimizations).

3.32.7. Executing OPT_CLEAN pass (remove unused cells and wires).
Finding unused cells or wires in module \axi_read_state_bank..

3.32.8. Executing OPT_EXPR pass (perform const folding).
Optimizing module axi_read_state_bank.

3.32.9. Finished fast OPT passes. (There is nothing left to do.)

3.33. Executing TECHMAP pass (map to technology primitives).

3.33.1. Executing Verilog-2005 frontend: /Users/Dilan/eda/fabric-under-pressure/oss-cad-suite/libexec/../share/yosys/techmap.v
Parsing Verilog input from `/Users/Dilan/eda/fabric-under-pressure/oss-cad-suite/libexec/../share/yosys/techmap.v' to AST representation.
Generating RTLIL representation for module `\_90_simplemap_bool_ops'.
Generating RTLIL representation for module `\_90_simplemap_reduce_ops'.
Generating RTLIL representation for module `\_90_simplemap_logic_ops'.
Generating RTLIL representation for module `\_90_simplemap_compare_ops'.
Generating RTLIL representation for module `\_90_simplemap_various'.
Generating RTLIL representation for module `\_90_simplemap_registers'.
Generating RTLIL representation for module `\_90_shift_ops_shr_shl_sshl_sshr'.
Generating RTLIL representation for module `\_90_shift_shiftx'.
Generating RTLIL representation for module `\_90_fa'.
Generating RTLIL representation for module `\_90_lcu_brent_kung'.
Generating RTLIL representation for module `\_90_alu'.
Generating RTLIL representation for module `\_90_macc'.
Generating RTLIL representation for module `\_90_alumacc'.
Generating RTLIL representation for module `$__div_mod_u'.
Generating RTLIL representation for module `$__div_mod_trunc'.
Generating RTLIL representation for module `\_90_div'.
Generating RTLIL representation for module `\_90_mod'.
Generating RTLIL representation for module `$__div_mod_floor'.
Generating RTLIL representation for module `\_90_divfloor'.
Generating RTLIL representation for module `\_90_modfloor'.
Generating RTLIL representation for module `\_90_pow'.
Generating RTLIL representation for module `\_90_demux'.
Generating RTLIL representation for module `\_90_lut'.
Generating RTLIL representation for module `$connect'.
Generating RTLIL representation for module `$input_port'.
Successfully finished Verilog frontend.

3.33.2. Executing Verilog-2005 frontend: /Users/Dilan/eda/fabric-under-pressure/oss-cad-suite/libexec/../share/yosys/lattice/arith_map_ccu2c.v
Parsing Verilog input from `/Users/Dilan/eda/fabric-under-pressure/oss-cad-suite/libexec/../share/yosys/lattice/arith_map_ccu2c.v' to AST representation.
Generating RTLIL representation for module `\_80_ccu2c_alu'.
Successfully finished Verilog frontend.

3.33.3. Continuing TECHMAP pass.
Using template $paramod$3ace65afedd5f6a6849996376b6c02262a5f23eb\_80_ccu2c_alu for cells of type $alu.
Using template $paramod$3ef7d3dd227da7627a99c5e5a6a4deb817573e39\_90_alu for cells of type $alu.
Using template $paramod$b8c0a997bce700f23568a5ada79cc6781d1f5ca0\_90_alu for cells of type $alu.
Using extmapper simplemap for cells of type $reduce_bool.
Using extmapper simplemap for cells of type $adffe.
Using extmapper simplemap for cells of type $eq.
Using extmapper simplemap for cells of type $logic_and.
Using extmapper simplemap for cells of type $logic_not.
Using extmapper simplemap for cells of type $logic_or.
Using extmapper simplemap for cells of type $adff.
Using extmapper simplemap for cells of type $mux.
Using extmapper simplemap for cells of type $or.
Using extmapper simplemap for cells of type $and.
Using extmapper simplemap for cells of type $not.
Using template $paramod$constmap:755132e1e0176e7e858cd1a27f41b0eb234485b9$paramod$21c03ec725157176e885a706babcf9521550823c\_90_shift_shiftx for cells of type $shift.
Analyzing pattern of constant bits for this cell:
  Constant input on bit 0 of port A: 1'0
Creating constmapped module `$paramod$constmap:7ff1a1e511fff8ea430d09e1657602cb29bd12dc$paramod$21c03ec725157176e885a706babcf9521550823c\_90_shift_shiftx'.

3.33.17. Executing OPT_MUXTREE pass (detect dead branches in mux trees).
Running muxtree optimizer on module $paramod$constmap:7ff1a1e511fff8ea430d09e1657602cb29bd12dc$paramod$21c03ec725157176e885a706babcf9521550823c\_90_shift_shiftx..
  Creating internal representation of mux trees.
  Evaluating internal representation of mux trees.
  Analyzing evaluation results.
    dead port 2/2 on $mux $procmux$2011.
    dead port 2/2 on $mux $procmux$2017.
    dead port 2/2 on $mux $procmux$2023.
    dead port 2/2 on $mux $procmux$2029.
Removed 4 multiplexer ports.
<suppressed ~450 debug messages>

3.33.18. Executing OPT_EXPR pass (perform const folding).
Optimizing module $paramod$constmap:7ff1a1e511fff8ea430d09e1657602cb29bd12dc$paramod$21c03ec725157176e885a706babcf9521550823c\_90_shift_shiftx.
<suppressed ~7 debug messages>
Removed 0 unused cells and 15 unused wires.
Using template $paramod$constmap:7ff1a1e511fff8ea430d09e1657602cb29bd12dc$paramod$21c03ec725157176e885a706babcf9521550823c\_90_shift_shiftx for cells of type $shift.
Using template $paramod$constmap:53dd6ada2d45a8116ef2136a4476a16275b4fd66$paramod$962bb79c2a50a422516483c1c9c06046761917ac\_90_shift_shiftx for cells of type $shiftx.
Using extmapper simplemap for cells of type $lut.
Using extmapper simplemap for cells of type $xor.
Using extmapper simplemap for cells of type $pos.
Using template $paramod\_90_fa\WIDTH=32'00000000000000000000000000000011 for cells of type $fa.
Using template $paramod\_90_lcu_brent_kung\WIDTH=32'00000000000000000000000000000011 for cells of type $lcu.
No more expansions possible.
<suppressed ~622 debug messages>

3.34. Executing OPT pass (performing simple optimizations).

3.34.1. Executing OPT_EXPR pass (perform const folding).
Optimizing module axi_read_state_bank.
<suppressed ~1134 debug messages>

3.34.2. Executing OPT_MERGE pass (detect identical cells).
Finding identical cells in module `\axi_read_state_bank'.
Computing hashes of 1206 cells of `\axi_read_state_bank'.
Finding duplicate cells in `\axi_read_state_bank'.
Computing hashes of 1191 cells of `\axi_read_state_bank'.
Finding duplicate cells in `\axi_read_state_bank'.
<suppressed ~45 debug messages>
Removed a total of 15 cells.

3.34.3. Executing OPT_DFF pass (perform DFF optimizations).

3.34.4. Executing OPT_CLEAN pass (remove unused cells and wires).
Finding unused cells or wires in module \axi_read_state_bank..
Removed 339 unused cells and 575 unused wires.
<suppressed ~340 debug messages>

3.34.5. Finished fast OPT passes.

3.35. Executing OPT_CLEAN pass (remove unused cells and wires).
Finding unused cells or wires in module \axi_read_state_bank..

3.36. Executing DFFLEGALIZE pass (convert FFs and LATCHes to types supported by the target).

3.37. Executing OPT_MERGE pass (detect identical cells).
Finding identical cells in module `\axi_read_state_bank'.
Computing hashes of 909 cells of `\axi_read_state_bank'.
Finding duplicate cells in `\axi_read_state_bank'.
Computing hashes of 853 cells of `\axi_read_state_bank'.
Finding duplicate cells in `\axi_read_state_bank'.
<suppressed ~168 debug messages>
Removed a total of 56 cells.

3.38. Executing TECHMAP pass (map to technology primitives).

3.38.1. Executing Verilog-2005 frontend: /Users/Dilan/eda/fabric-under-pressure/oss-cad-suite/libexec/../share/yosys/lattice/cells_map_trellis.v
Parsing Verilog input from `/Users/Dilan/eda/fabric-under-pressure/oss-cad-suite/libexec/../share/yosys/lattice/cells_map_trellis.v' to AST representation.
Generating RTLIL representation for module `$_DFF_N_'.
Generating RTLIL representation for module `$_DFF_P_'.
Generating RTLIL representation for module `$_DFFE_NN_'.
Generating RTLIL representation for module `$_DFFE_PN_'.
Generating RTLIL representation for module `$_DFFE_NP_'.
Generating RTLIL representation for module `$_DFFE_PP_'.
Generating RTLIL representation for module `$_DFF_NP0_'.
Generating RTLIL representation for module `$_DFF_NP1_'.
Generating RTLIL representation for module `$_DFF_PP0_'.
Generating RTLIL representation for module `$_DFF_PP1_'.
Generating RTLIL representation for module `$_SDFF_NP0_'.
Generating RTLIL representation for module `$_SDFF_NP1_'.
Generating RTLIL representation for module `$_SDFF_PP0_'.
Generating RTLIL representation for module `$_SDFF_PP1_'.
Generating RTLIL representation for module `$_DFFE_NP0P_'.
Generating RTLIL representation for module `$_DFFE_NP1P_'.
Generating RTLIL representation for module `$_DFFE_PP0P_'.
Generating RTLIL representation for module `$_DFFE_PP1P_'.
Generating RTLIL representation for module `$_DFFE_NP0N_'.
Generating RTLIL representation for module `$_DFFE_NP1N_'.
Generating RTLIL representation for module `$_DFFE_PP0N_'.
Generating RTLIL representation for module `$_DFFE_PP1N_'.
Generating RTLIL representation for module `$_SDFFE_NP0P_'.
Generating RTLIL representation for module `$_SDFFE_NP1P_'.
Generating RTLIL representation for module `$_SDFFE_PP0P_'.
Generating RTLIL representation for module `$_SDFFE_PP1P_'.
Generating RTLIL representation for module `$_SDFFE_NP0N_'.
Generating RTLIL representation for module `$_SDFFE_NP1N_'.
Generating RTLIL representation for module `$_SDFFE_PP0N_'.
Generating RTLIL representation for module `$_SDFFE_PP1N_'.
Generating RTLIL representation for module `$_ALDFF_NP_'.
Generating RTLIL representation for module `$_ALDFF_PP_'.
Generating RTLIL representation for module `$_ALDFFE_NPN_'.
Generating RTLIL representation for module `$_ALDFFE_NPP_'.
Generating RTLIL representation for module `$_ALDFFE_PPN_'.
Generating RTLIL representation for module `$_ALDFFE_PPP_'.
Generating RTLIL representation for module `\FD1P3AX'.
Generating RTLIL representation for module `\FD1P3AY'.
Generating RTLIL representation for module `\FD1P3BX'.
Generating RTLIL representation for module `\FD1P3DX'.
Generating RTLIL representation for module `\FD1P3IX'.
Generating RTLIL representation for module `\FD1P3JX'.
Generating RTLIL representation for module `\FD1S3AX'.
Generating RTLIL representation for module `\FD1S3AY'.
Generating RTLIL representation for module `\FD1S3BX'.
Generating RTLIL representation for module `\FD1S3DX'.
Generating RTLIL representation for module `\FD1S3IX'.
Generating RTLIL representation for module `\FD1S3JX'.
Generating RTLIL representation for module `\IFS1P3BX'.
Generating RTLIL representation for module `\IFS1P3DX'.
Generating RTLIL representation for module `\IFS1P3IX'.
Generating RTLIL representation for module `\IFS1P3JX'.
Generating RTLIL representation for module `\OFS1P3BX'.
Generating RTLIL representation for module `\OFS1P3DX'.
Generating RTLIL representation for module `\OFS1P3IX'.
Generating RTLIL representation for module `\OFS1P3JX'.
Generating RTLIL representation for module `\IB'.
Generating RTLIL representation for module `\IBPU'.
Generating RTLIL representation for module `\IBPD'.
Generating RTLIL representation for module `\OB'.
Generating RTLIL representation for module `\OBZ'.
Generating RTLIL representation for module `\OBZPU'.
Generating RTLIL representation for module `\OBZPD'.
Generating RTLIL representation for module `\OBCO'.
Generating RTLIL representation for module `\BB'.
Generating RTLIL representation for module `\BBPU'.
Generating RTLIL representation for module `\BBPD'.
Generating RTLIL representation for module `\ILVDS'.
Generating RTLIL representation for module `\OLVDS'.
Successfully finished Verilog frontend.

3.38.2. Continuing TECHMAP pass.
Using template $_DFF_PP0_ for cells of type $_DFF_PP0_.
Using template $_DFFE_PP0P_ for cells of type $_DFFE_PP0P_.
No more expansions possible.
<suppressed ~128 debug messages>

3.39. Executing OPT_EXPR pass (perform const folding).
Optimizing module axi_read_state_bank.
<suppressed ~3 debug messages>

3.40. Executing SIMPLEMAP pass (map simple cells to gate primitives).

3.41. Executing LATTICE_GSR pass (implement FF init values).
Handling GSR in axi_read_state_bank.

3.42. Executing ATTRMVCP pass (move or copy attributes).

3.43. Executing OPT_CLEAN pass (remove unused cells and wires).
Finding unused cells or wires in module \axi_read_state_bank..
Removed 0 unused cells and 350 unused wires.
<suppressed ~1 debug messages>

3.44. Executing CHECK pass (checking for obvious problems).
Checking module axi_read_state_bank...
Found and reported 0 problems.

3.45. Executing TECHMAP pass (map to technology primitives).

3.45.1. Executing Verilog-2005 frontend: /Users/Dilan/eda/fabric-under-pressure/oss-cad-suite/libexec/../share/yosys/lattice/latches_map.v
Parsing Verilog input from `/Users/Dilan/eda/fabric-under-pressure/oss-cad-suite/libexec/../share/yosys/lattice/latches_map.v' to AST representation.
Generating RTLIL representation for module `$_DLATCH_N_'.
Generating RTLIL representation for module `$_DLATCH_P_'.
Successfully finished Verilog frontend.

3.45.2. Continuing TECHMAP pass.
No more expansions possible.
<suppressed ~4 debug messages>

3.46. Executing ABC9 pass.

3.46.1. Executing ABC9_OPS pass (helper functions for ABC9).

3.46.2. Executing ABC9_OPS pass (helper functions for ABC9).

3.46.3. Executing PROC pass (convert processes to netlists).

3.46.3.1. Executing PROC_CLEAN pass (remove empty switches from decision trees).
Cleaned up 0 empty switches.

3.46.3.2. Executing PROC_RMDEAD pass (remove dead branches from decision trees).
Marked 1 switch rules as full_case in process $proc$/Users/Dilan/eda/fabric-under-pressure/oss-cad-suite/libexec/../share/yosys/lattice/common_sim.vh:282$4457 in module $paramod$37e41664cab9052a9b41c89036e0524f666a0fee\TRELLIS_FF.
Removed a total of 0 dead cases.

3.46.3.3. Executing PROC_PRUNE pass (remove redundant assignments in processes).
Removed 0 redundant assignments.
Promoted 1 assignment to connection.

3.46.3.4. Executing PROC_INIT pass (extract init attributes).
Found init rule in `$paramod$37e41664cab9052a9b41c89036e0524f666a0fee\TRELLIS_FF.$proc$/Users/Dilan/eda/fabric-under-pressure/oss-cad-suite/libexec/../share/yosys/lattice/common_sim.vh:278$4458'.
  Set init value: \Q = 1'0

3.46.3.5. Executing PROC_ARST pass (detect async resets in processes).
Found async reset \muxlsr in `$paramod$37e41664cab9052a9b41c89036e0524f666a0fee\TRELLIS_FF.$proc$/Users/Dilan/eda/fabric-under-pressure/oss-cad-suite/libexec/../share/yosys/lattice/common_sim.vh:282$4457'.

3.46.3.6. Executing PROC_ROM pass (convert switches to ROMs).
Converted 0 switches.
<suppressed ~1 debug messages>

3.46.3.7. Executing PROC_MUX pass (convert decision trees to multiplexers).
Creating decoders for process `$paramod$37e41664cab9052a9b41c89036e0524f666a0fee\TRELLIS_FF.$proc$/Users/Dilan/eda/fabric-under-pressure/oss-cad-suite/libexec/../share/yosys/lattice/common_sim.vh:278$4458'.
Creating decoders for process `$paramod$37e41664cab9052a9b41c89036e0524f666a0fee\TRELLIS_FF.$proc$/Users/Dilan/eda/fabric-under-pressure/oss-cad-suite/libexec/../share/yosys/lattice/common_sim.vh:282$4457'.
     1/1: $0\Q[0:0]

3.46.3.8. Executing PROC_DLATCH pass (convert process syncs to latches).

3.46.3.9. Executing PROC_DFF pass (convert process syncs to FFs).
Creating register for signal `$paramod$37e41664cab9052a9b41c89036e0524f666a0fee\TRELLIS_FF.\Q' using process `$paramod$37e41664cab9052a9b41c89036e0524f666a0fee\TRELLIS_FF.$proc$/Users/Dilan/eda/fabric-under-pressure/oss-cad-suite/libexec/../share/yosys/lattice/common_sim.vh:282$4457'.
  created $adff cell `$procdff$4463' with positive edge clock and positive level reset.

3.46.3.10. Executing PROC_MEMWR pass (convert process memory writes to cells).

3.46.3.11. Executing PROC_CLEAN pass (remove empty switches from decision trees).
Removing empty process `$paramod$37e41664cab9052a9b41c89036e0524f666a0fee\TRELLIS_FF.$proc$/Users/Dilan/eda/fabric-under-pressure/oss-cad-suite/libexec/../share/yosys/lattice/common_sim.vh:278$4458'.
Found and cleaned up 1 empty switch in `$paramod$37e41664cab9052a9b41c89036e0524f666a0fee\TRELLIS_FF.$proc$/Users/Dilan/eda/fabric-under-pressure/oss-cad-suite/libexec/../share/yosys/lattice/common_sim.vh:282$4457'.
Removing empty process `$paramod$37e41664cab9052a9b41c89036e0524f666a0fee\TRELLIS_FF.$proc$/Users/Dilan/eda/fabric-under-pressure/oss-cad-suite/libexec/../share/yosys/lattice/common_sim.vh:282$4457'.
Cleaned up 1 empty switch.

3.46.4. Executing PROC pass (convert processes to netlists).

3.46.4.1. Executing PROC_CLEAN pass (remove empty switches from decision trees).
Cleaned up 0 empty switches.

3.46.4.2. Executing PROC_RMDEAD pass (remove dead branches from decision trees).
Marked 1 switch rules as full_case in process $proc$/Users/Dilan/eda/fabric-under-pressure/oss-cad-suite/libexec/../share/yosys/lattice/common_sim.vh:282$4471 in module $paramod$68581f66a8fa831820fa7633bd24ba569ae9d7e3\TRELLIS_FF.
Removed a total of 0 dead cases.

3.46.4.3. Executing PROC_PRUNE pass (remove redundant assignments in processes).
Removed 0 redundant assignments.
Promoted 1 assignment to connection.

3.46.4.4. Executing PROC_INIT pass (extract init attributes).
Found init rule in `$paramod$68581f66a8fa831820fa7633bd24ba569ae9d7e3\TRELLIS_FF.$proc$/Users/Dilan/eda/fabric-under-pressure/oss-cad-suite/libexec/../share/yosys/lattice/common_sim.vh:278$4472'.
  Set init value: \Q = 1'0

3.46.4.5. Executing PROC_ARST pass (detect async resets in processes).
Found async reset \muxlsr in `$paramod$68581f66a8fa831820fa7633bd24ba569ae9d7e3\TRELLIS_FF.$proc$/Users/Dilan/eda/fabric-under-pressure/oss-cad-suite/libexec/../share/yosys/lattice/common_sim.vh:282$4471'.

3.46.4.6. Executing PROC_ROM pass (convert switches to ROMs).
Converted 0 switches.
<suppressed ~1 debug messages>

3.46.4.7. Executing PROC_MUX pass (convert decision trees to multiplexers).
Creating decoders for process `$paramod$68581f66a8fa831820fa7633bd24ba569ae9d7e3\TRELLIS_FF.$proc$/Users/Dilan/eda/fabric-under-pressure/oss-cad-suite/libexec/../share/yosys/lattice/common_sim.vh:278$4472'.
Creating decoders for process `$paramod$68581f66a8fa831820fa7633bd24ba569ae9d7e3\TRELLIS_FF.$proc$/Users/Dilan/eda/fabric-under-pressure/oss-cad-suite/libexec/../share/yosys/lattice/common_sim.vh:282$4471'.
     1/1: $0\Q[0:0]

3.46.4.8. Executing PROC_DLATCH pass (convert process syncs to latches).

3.46.4.9. Executing PROC_DFF pass (convert process syncs to FFs).
Creating register for signal `$paramod$68581f66a8fa831820fa7633bd24ba569ae9d7e3\TRELLIS_FF.\Q' using process `$paramod$68581f66a8fa831820fa7633bd24ba569ae9d7e3\TRELLIS_FF.$proc$/Users/Dilan/eda/fabric-under-pressure/oss-cad-suite/libexec/../share/yosys/lattice/common_sim.vh:282$4471'.
  created $adff cell `$procdff$4477' with positive edge clock and positive level reset.

3.46.4.10. Executing PROC_MEMWR pass (convert process memory writes to cells).

3.46.4.11. Executing PROC_CLEAN pass (remove empty switches from decision trees).
Removing empty process `$paramod$68581f66a8fa831820fa7633bd24ba569ae9d7e3\TRELLIS_FF.$proc$/Users/Dilan/eda/fabric-under-pressure/oss-cad-suite/libexec/../share/yosys/lattice/common_sim.vh:278$4472'.
Found and cleaned up 1 empty switch in `$paramod$68581f66a8fa831820fa7633bd24ba569ae9d7e3\TRELLIS_FF.$proc$/Users/Dilan/eda/fabric-under-pressure/oss-cad-suite/libexec/../share/yosys/lattice/common_sim.vh:282$4471'.
Removing empty process `$paramod$68581f66a8fa831820fa7633bd24ba569ae9d7e3\TRELLIS_FF.$proc$/Users/Dilan/eda/fabric-under-pressure/oss-cad-suite/libexec/../share/yosys/lattice/common_sim.vh:282$4471'.
Cleaned up 1 empty switch.

3.46.5. Executing SCC pass (detecting logic loops).
Found 0 SCCs in module axi_read_state_bank.
Found 0 SCCs.

3.46.6. Executing ABC9_OPS pass (helper functions for ABC9).

3.46.7. Executing TECHMAP pass (map to technology primitives).

3.46.7.1. Executing Verilog-2005 frontend: /Users/Dilan/eda/fabric-under-pressure/oss-cad-suite/libexec/../share/yosys/techmap.v
Parsing Verilog input from `/Users/Dilan/eda/fabric-under-pressure/oss-cad-suite/libexec/../share/yosys/techmap.v' to AST representation.
Generating RTLIL representation for module `\_90_simplemap_bool_ops'.
Generating RTLIL representation for module `\_90_simplemap_reduce_ops'.
Generating RTLIL representation for module `\_90_simplemap_logic_ops'.
Generating RTLIL representation for module `\_90_simplemap_compare_ops'.
Generating RTLIL representation for module `\_90_simplemap_various'.
Generating RTLIL representation for module `\_90_simplemap_registers'.
Generating RTLIL representation for module `\_90_shift_ops_shr_shl_sshl_sshr'.
Generating RTLIL representation for module `\_90_shift_shiftx'.
Generating RTLIL representation for module `\_90_fa'.
Generating RTLIL representation for module `\_90_lcu_brent_kung'.
Generating RTLIL representation for module `\_90_alu'.
Generating RTLIL representation for module `\_90_macc'.
Generating RTLIL representation for module `\_90_alumacc'.
Generating RTLIL representation for module `$__div_mod_u'.
Generating RTLIL representation for module `$__div_mod_trunc'.
Generating RTLIL representation for module `\_90_div'.
Generating RTLIL representation for module `\_90_mod'.
Generating RTLIL representation for module `$__div_mod_floor'.
Generating RTLIL representation for module `\_90_divfloor'.
Generating RTLIL representation for module `\_90_modfloor'.
Generating RTLIL representation for module `\_90_pow'.
Generating RTLIL representation for module `\_90_demux'.
Generating RTLIL representation for module `\_90_lut'.
Generating RTLIL representation for module `$connect'.
Generating RTLIL representation for module `$input_port'.
Successfully finished Verilog frontend.

3.46.7.2. Continuing TECHMAP pass.
No more expansions possible.
<suppressed ~170 debug messages>

3.46.8. Executing OPT pass (performing simple optimizations).

3.46.8.1. Executing OPT_EXPR pass (perform const folding).
Optimizing module $paramod$37e41664cab9052a9b41c89036e0524f666a0fee\TRELLIS_FF.
Optimizing module $paramod$68581f66a8fa831820fa7633bd24ba569ae9d7e3\TRELLIS_FF.

3.46.8.2. Executing OPT_MERGE pass (detect identical cells).
Finding identical cells in module `$paramod$37e41664cab9052a9b41c89036e0524f666a0fee\TRELLIS_FF'.
Computing hashes of 2 cells of `$paramod$37e41664cab9052a9b41c89036e0524f666a0fee\TRELLIS_FF'.
Finding duplicate cells in `$paramod$37e41664cab9052a9b41c89036e0524f666a0fee\TRELLIS_FF'.
Finding identical cells in module `$paramod$68581f66a8fa831820fa7633bd24ba569ae9d7e3\TRELLIS_FF'.
Computing hashes of 2 cells of `$paramod$68581f66a8fa831820fa7633bd24ba569ae9d7e3\TRELLIS_FF'.
Finding duplicate cells in `$paramod$68581f66a8fa831820fa7633bd24ba569ae9d7e3\TRELLIS_FF'.
Removed a total of 0 cells.

3.46.8.3. Executing OPT_MUXTREE pass (detect dead branches in mux trees).
Running muxtree optimizer on module $paramod$37e41664cab9052a9b41c89036e0524f666a0fee\TRELLIS_FF..
  Creating internal representation of mux trees.
  No muxes found in this module.
Running muxtree optimizer on module $paramod$68581f66a8fa831820fa7633bd24ba569ae9d7e3\TRELLIS_FF..
  Creating internal representation of mux trees.
  No muxes found in this module.
Removed 0 multiplexer ports.

3.46.8.4. Executing OPT_REDUCE pass (consolidate $*mux and $reduce_* inputs).
  Optimizing cells in module $paramod$37e41664cab9052a9b41c89036e0524f666a0fee\TRELLIS_FF.
  Optimizing cells in module $paramod$68581f66a8fa831820fa7633bd24ba569ae9d7e3\TRELLIS_FF.
Performed a total of 0 changes.

3.46.8.5. Executing OPT_MERGE pass (detect identical cells).
Finding identical cells in module `$paramod$37e41664cab9052a9b41c89036e0524f666a0fee\TRELLIS_FF'.
Computing hashes of 2 cells of `$paramod$37e41664cab9052a9b41c89036e0524f666a0fee\TRELLIS_FF'.
Finding duplicate cells in `$paramod$37e41664cab9052a9b41c89036e0524f666a0fee\TRELLIS_FF'.
Finding identical cells in module `$paramod$68581f66a8fa831820fa7633bd24ba569ae9d7e3\TRELLIS_FF'.
Computing hashes of 2 cells of `$paramod$68581f66a8fa831820fa7633bd24ba569ae9d7e3\TRELLIS_FF'.
Finding duplicate cells in `$paramod$68581f66a8fa831820fa7633bd24ba569ae9d7e3\TRELLIS_FF'.
Removed a total of 0 cells.

3.46.8.6. Executing OPT_DFF pass (perform DFF optimizations).

3.46.8.7. Executing OPT_CLEAN pass (remove unused cells and wires).
Finding unused cells or wires in module $paramod$37e41664cab9052a9b41c89036e0524f666a0fee\TRELLIS_FF..
Finding unused cells or wires in module $paramod$68581f66a8fa831820fa7633bd24ba569ae9d7e3\TRELLIS_FF..

3.46.8.8. Executing OPT_EXPR pass (perform const folding).
Optimizing module $paramod$37e41664cab9052a9b41c89036e0524f666a0fee\TRELLIS_FF.
Optimizing module $paramod$68581f66a8fa831820fa7633bd24ba569ae9d7e3\TRELLIS_FF.

3.46.8.9. Finished fast OPT passes. (There is nothing left to do.)

3.46.9. Executing TECHMAP pass (map to technology primitives).

3.46.9.1. Executing Verilog-2005 frontend: /Users/Dilan/eda/fabric-under-pressure/oss-cad-suite/libexec/../share/yosys/abc9_map.v
Parsing Verilog input from `/Users/Dilan/eda/fabric-under-pressure/oss-cad-suite/libexec/../share/yosys/abc9_map.v' to AST representation.
Successfully finished Verilog frontend.

3.46.9.2. Continuing TECHMAP pass.
Using template $paramod$68581f66a8fa831820fa7633bd24ba569ae9d7e3\TRELLIS_FF for cells of type $paramod$68581f66a8fa831820fa7633bd24ba569ae9d7e3\TRELLIS_FF.
Using template $paramod$37e41664cab9052a9b41c89036e0524f666a0fee\TRELLIS_FF for cells of type $paramod$37e41664cab9052a9b41c89036e0524f666a0fee\TRELLIS_FF.
No more expansions possible.
<suppressed ~61 debug messages>

3.46.10. Executing Verilog-2005 frontend: /Users/Dilan/eda/fabric-under-pressure/oss-cad-suite/libexec/../share/yosys/abc9_model.v
Parsing Verilog input from `/Users/Dilan/eda/fabric-under-pressure/oss-cad-suite/libexec/../share/yosys/abc9_model.v' to AST representation.
Generating RTLIL representation for module `$__ABC9_DELAY'.
Generating RTLIL representation for module `$__ABC9_SCC_BREAKER'.
Generating RTLIL representation for module `$__DFF_N__$abc9_flop'.
Generating RTLIL representation for module `$__DFF_P__$abc9_flop'.
Successfully finished Verilog frontend.

3.46.11. Executing ABC9_OPS pass (helper functions for ABC9).
<suppressed ~2 debug messages>

3.46.12. Executing ABC9_OPS pass (helper functions for ABC9).

3.46.13. Executing ABC9_OPS pass (helper functions for ABC9).
<suppressed ~2 debug messages>

3.46.14. Executing TECHMAP pass (map to technology primitives).

3.46.14.1. Executing Verilog-2005 frontend: /Users/Dilan/eda/fabric-under-pressure/oss-cad-suite/libexec/../share/yosys/techmap.v
Parsing Verilog input from `/Users/Dilan/eda/fabric-under-pressure/oss-cad-suite/libexec/../share/yosys/techmap.v' to AST representation.
Generating RTLIL representation for module `\_90_simplemap_bool_ops'.
Generating RTLIL representation for module `\_90_simplemap_reduce_ops'.
Generating RTLIL representation for module `\_90_simplemap_logic_ops'.
Generating RTLIL representation for module `\_90_simplemap_compare_ops'.
Generating RTLIL representation for module `\_90_simplemap_various'.
Generating RTLIL representation for module `\_90_simplemap_registers'.
Generating RTLIL representation for module `\_90_shift_ops_shr_shl_sshl_sshr'.
Generating RTLIL representation for module `\_90_shift_shiftx'.
Generating RTLIL representation for module `\_90_fa'.
Generating RTLIL representation for module `\_90_lcu_brent_kung'.
Generating RTLIL representation for module `\_90_alu'.
Generating RTLIL representation for module `\_90_macc'.
Generating RTLIL representation for module `\_90_alumacc'.
Generating RTLIL representation for module `$__div_mod_u'.
Generating RTLIL representation for module `$__div_mod_trunc'.
Generating RTLIL representation for module `\_90_div'.
Generating RTLIL representation for module `\_90_mod'.
Generating RTLIL representation for module `$__div_mod_floor'.
Generating RTLIL representation for module `\_90_divfloor'.
Generating RTLIL representation for module `\_90_modfloor'.
Generating RTLIL representation for module `\_90_pow'.
Generating RTLIL representation for module `\_90_demux'.
Generating RTLIL representation for module `\_90_lut'.
Generating RTLIL representation for module `$connect'.
Generating RTLIL representation for module `$input_port'.
Successfully finished Verilog frontend.

3.46.14.2. Continuing TECHMAP pass.
Using template $paramod$838872d5a4bab89607f53482b205c0fd50d8b82e\CCU2C for cells of type $paramod$838872d5a4bab89607f53482b205c0fd50d8b82e\CCU2C.
Using extmapper simplemap for cells of type $or.
Using extmapper simplemap for cells of type $and.
Using extmapper simplemap for cells of type $not.
Using extmapper simplemap for cells of type $xor.
Using template $paramod\LUT2\INIT=4'1010 for cells of type LUT2.
Using template $paramod\LUT4\INIT=16'1001011010101010 for cells of type LUT4.
Using extmapper simplemap for cells of type $mux.
No more expansions possible.
<suppressed ~207 debug messages>

3.46.15. Executing OPT pass (performing simple optimizations).

3.46.15.1. Executing OPT_EXPR pass (perform const folding).
Optimizing module axi_read_state_bank.
<suppressed ~18 debug messages>

3.46.15.2. Executing OPT_MERGE pass (detect identical cells).
Finding identical cells in module `\axi_read_state_bank'.
Computing hashes of 59 cells of `\axi_read_state_bank'.
Finding duplicate cells in `\axi_read_state_bank'.
Computing hashes of 57 cells of `\axi_read_state_bank'.
Finding duplicate cells in `\axi_read_state_bank'.
<suppressed ~6 debug messages>
Removed a total of 2 cells.

3.46.15.3. Executing OPT_MUXTREE pass (detect dead branches in mux trees).
Running muxtree optimizer on module \axi_read_state_bank..
  Creating internal representation of mux trees.
  No muxes found in this module.
Removed 0 multiplexer ports.

3.46.15.4. Executing OPT_REDUCE pass (consolidate $*mux and $reduce_* inputs).
  Optimizing cells in module \axi_read_state_bank.
Performed a total of 0 changes.

3.46.15.5. Executing OPT_MERGE pass (detect identical cells).
Finding identical cells in module `\axi_read_state_bank'.
Computing hashes of 57 cells of `\axi_read_state_bank'.
Finding duplicate cells in `\axi_read_state_bank'.
Removed a total of 0 cells.

3.46.15.6. Executing OPT_DFF pass (perform DFF optimizations).

3.46.15.7. Executing OPT_CLEAN pass (remove unused cells and wires).
Finding unused cells or wires in module \axi_read_state_bank..
Removed 0 unused cells and 55 unused wires.
<suppressed ~1 debug messages>

3.46.15.8. Executing OPT_EXPR pass (perform const folding).
Optimizing module axi_read_state_bank.

3.46.15.9. Rerunning OPT passes. (Maybe there is more to do..)

3.46.15.10. Executing OPT_MUXTREE pass (detect dead branches in mux trees).
Running muxtree optimizer on module \axi_read_state_bank..
  Creating internal representation of mux trees.
  No muxes found in this module.
Removed 0 multiplexer ports.

3.46.15.11. Executing OPT_REDUCE pass (consolidate $*mux and $reduce_* inputs).
  Optimizing cells in module \axi_read_state_bank.
Performed a total of 0 changes.

3.46.15.12. Executing OPT_MERGE pass (detect identical cells).
Finding identical cells in module `\axi_read_state_bank'.
Computing hashes of 57 cells of `\axi_read_state_bank'.
Finding duplicate cells in `\axi_read_state_bank'.
Removed a total of 0 cells.

3.46.15.13. Executing OPT_DFF pass (perform DFF optimizations).

3.46.15.14. Executing OPT_CLEAN pass (remove unused cells and wires).
Finding unused cells or wires in module \axi_read_state_bank..

3.46.15.15. Executing OPT_EXPR pass (perform const folding).
Optimizing module axi_read_state_bank.

3.46.15.16. Finished fast OPT passes. (There is nothing left to do.)

3.46.16. Executing AIGMAP pass (map logic to AIG).
Module axi_read_state_bank: replaced 498 cells with 3270 new cells, skipped 409 cells.
  replaced 3 cell types:
     402 $_MUX_
      72 $_OR_
      24 $_XOR_
  not replaced 8 cell types:
     135 $_AND_
     139 $_NOT_
       3 $scopeinfo
       9 $paramod$37e41664cab9052a9b41c89036e0524f666a0fee\TRELLIS_FF
      48 $paramod$68581f66a8fa831820fa7633bd24ba569ae9d7e3\TRELLIS_FF
      18 $paramod$838872d5a4bab89607f53482b205c0fd50d8b82e\CCU2C
       9 $paramod$37e41664cab9052a9b41c89036e0524f666a0fee\TRELLIS_FF_$abc9_byp
      48 $paramod$68581f66a8fa831820fa7633bd24ba569ae9d7e3\TRELLIS_FF_$abc9_byp

3.46.16.1. Executing ABC9_OPS pass (helper functions for ABC9).

3.46.16.2. Executing ABC9_OPS pass (helper functions for ABC9).
Warning: Feature 'write_xaiger2' is experimental.

3.46.16.3. Executing XAIGER2 backend.
<suppressed ~274 debug messages>
Extracted 1314 AND gates and 0 wires from module `axi_read_state_bank' to a netlist network with 248 inputs and 525 outputs.

3.46.16.4. Executing ABC9_EXE pass (technology mapping using ABC9).

3.46.16.5. Executing ABC9.
Running ABC command: "<yosys-exe-dir>/yosys-abc" -s -f <abc-temp-dir>/abc.script 2>&1
ABC: ======== ABC command line "source <abc-temp-dir>/abc.script"
ABC: + read_lut <abc-temp-dir>/input.lut
ABC: + read_box <abc-temp-dir>/input.box
ABC: + &read <abc-temp-dir>/input.xaig
ABC: + &ps
ABC: <abc-temp-dir>/input : i/o =    137/    249  and =    1059  lev =   16 (2.19)  mem = 0.03 MB  box = 75  bb = 57
ABC: + &scorr
ABC: Warning: The network is combinational.
ABC: + &sweep
ABC: + &dc2
ABC: + &dch -f -r
ABC: + &ps
ABC: <abc-temp-dir>/input : i/o =    137/    249  and =    1198  lev =   16 (2.02)  mem = 0.03 MB  ch =  111  box = 75  bb = 57
ABC: cst =       0  cls =    108  lit =     111  unused =    1227  proof =     0
ABC: + &if -W 300 -v
ABC: K = 7. Memory (bytes): Truth =    0. Cut =   76. Obj =  156. Set =  780. CutMin = no
ABC: Node =    1198.  Ch =   108.  Total mem =    0.32 MB. Peak cut mem =    0.03 MB.
ABC: P:  Del = 2769.00.  Ar =     891.0.  Edge =     1045.  Cut =    11030.  T =     0.00 sec
ABC: P:  Del = 2769.00.  Ar =     842.0.  Edge =      895.  Cut =    10991.  T =     0.00 sec
ABC: P:  Del = 2769.00.  Ar =     740.0.  Edge =     1015.  Cut =    15205.  T =     0.00 sec
ABC: F:  Del = 2769.00.  Ar =     628.0.  Edge =      946.  Cut =    10545.  T =     0.00 sec
ABC: A:  Del = 2769.00.  Ar =     586.0.  Edge =      870.  Cut =    11268.  T =     0.00 sec
ABC: A:  Del = 2769.00.  Ar =     586.0.  Edge =      870.  Cut =    11350.  T =     0.00 sec
ABC: Total time =     0.01 sec
ABC: + &write -n <abc-temp-dir>/output.aig
ABC: + &mfs
ABC: + &ps -l
ABC: <abc-temp-dir>/input : i/o =    137/    249  and =     796  lev =   14 (1.80)  mem = 0.02 MB  box = 75  bb = 57
ABC: Mapping (K=7)  :  lut =    190  edge =     830  lev =    5 (0.69)  levB =    6  mem = 0.01 MB
ABC: LUT = 190 : 2=27 14.2 %  3=46 24.2 %  4=47 24.7 %  5=13 6.8 %  6=14 7.4 %  7=43 22.6 %  Ave = 4.37
ABC: + &write -n <abc-temp-dir>/output.aig
ABC: + &verify
ABC: Networks are equivalent.  Time =     0.02 sec
ABC: + time
ABC: elapse: 0.11 seconds, total: 0.11 seconds

3.46.16.6. Executing AIGER frontend.
<suppressed ~10 debug messages>
Removed 1177 unused cells and 1832 unused wires.

3.46.16.7. Executing ABC_OPS_REINTEGRATE pass (reintegrate ABC mapped design into module).
ABC RESULTS:              $lut cells:      194
ABC RESULTS:   $paramod$838872d5a4bab89607f53482b205c0fd50d8b82e\CCU2C cells:       18
ABC RESULTS:   $paramod$37e41664cab9052a9b41c89036e0524f666a0fee\TRELLIS_FF_$abc9_byp cells:        9
ABC RESULTS:   $paramod$68581f66a8fa831820fa7633bd24ba569ae9d7e3\TRELLIS_FF_$abc9_byp cells:       48
ABC RESULTS:           input signals:       76
ABC RESULTS:          output signals:        6
<suppressed ~772 debug messages>
Removing temp directory.

3.46.17. Executing TECHMAP pass (map to technology primitives).

3.46.17.1. Executing Verilog-2005 frontend: /Users/Dilan/eda/fabric-under-pressure/oss-cad-suite/libexec/../share/yosys/abc9_unmap.v
Parsing Verilog input from `/Users/Dilan/eda/fabric-under-pressure/oss-cad-suite/libexec/../share/yosys/abc9_unmap.v' to AST representation.
Generating RTLIL representation for module `$__DFF_x__$abc9_flop'.
Generating RTLIL representation for module `$__ABC9_SCC_BREAKER'.
Successfully finished Verilog frontend.

3.46.17.2. Continuing TECHMAP pass.
Using template $paramod$68581f66a8fa831820fa7633bd24ba569ae9d7e3\TRELLIS_FF for cells of type $paramod$68581f66a8fa831820fa7633bd24ba569ae9d7e3\TRELLIS_FF.
Using template $paramod$37e41664cab9052a9b41c89036e0524f666a0fee\TRELLIS_FF for cells of type $paramod$37e41664cab9052a9b41c89036e0524f666a0fee\TRELLIS_FF.
Using template $paramod$838872d5a4bab89607f53482b205c0fd50d8b82e\CCU2C for cells of type $paramod$838872d5a4bab89607f53482b205c0fd50d8b82e\CCU2C.
Using template $paramod$68581f66a8fa831820fa7633bd24ba569ae9d7e3\TRELLIS_FF_$abc9_byp for cells of type $paramod$68581f66a8fa831820fa7633bd24ba569ae9d7e3\TRELLIS_FF_$abc9_byp.
Using template $paramod$37e41664cab9052a9b41c89036e0524f666a0fee\TRELLIS_FF_$abc9_byp for cells of type $paramod$37e41664cab9052a9b41c89036e0524f666a0fee\TRELLIS_FF_$abc9_byp.
No more expansions possible.
<suppressed ~142 debug messages>
Removed 48 unused cells and 1520 unused wires.

3.47. Executing TECHMAP pass (map to technology primitives).

3.47.1. Executing Verilog-2005 frontend: /Users/Dilan/eda/fabric-under-pressure/oss-cad-suite/libexec/../share/yosys/lattice/cells_map_trellis.v
Parsing Verilog input from `/Users/Dilan/eda/fabric-under-pressure/oss-cad-suite/libexec/../share/yosys/lattice/cells_map_trellis.v' to AST representation.
Generating RTLIL representation for module `$_DFF_N_'.
Generating RTLIL representation for module `$_DFF_P_'.
Generating RTLIL representation for module `$_DFFE_NN_'.
Generating RTLIL representation for module `$_DFFE_PN_'.
Generating RTLIL representation for module `$_DFFE_NP_'.
Generating RTLIL representation for module `$_DFFE_PP_'.
Generating RTLIL representation for module `$_DFF_NP0_'.
Generating RTLIL representation for module `$_DFF_NP1_'.
Generating RTLIL representation for module `$_DFF_PP0_'.
Generating RTLIL representation for module `$_DFF_PP1_'.
Generating RTLIL representation for module `$_SDFF_NP0_'.
Generating RTLIL representation for module `$_SDFF_NP1_'.
Generating RTLIL representation for module `$_SDFF_PP0_'.
Generating RTLIL representation for module `$_SDFF_PP1_'.
Generating RTLIL representation for module `$_DFFE_NP0P_'.
Generating RTLIL representation for module `$_DFFE_NP1P_'.
Generating RTLIL representation for module `$_DFFE_PP0P_'.
Generating RTLIL representation for module `$_DFFE_PP1P_'.
Generating RTLIL representation for module `$_DFFE_NP0N_'.
Generating RTLIL representation for module `$_DFFE_NP1N_'.
Generating RTLIL representation for module `$_DFFE_PP0N_'.
Generating RTLIL representation for module `$_DFFE_PP1N_'.
Generating RTLIL representation for module `$_SDFFE_NP0P_'.
Generating RTLIL representation for module `$_SDFFE_NP1P_'.
Generating RTLIL representation for module `$_SDFFE_PP0P_'.
Generating RTLIL representation for module `$_SDFFE_PP1P_'.
Generating RTLIL representation for module `$_SDFFE_NP0N_'.
Generating RTLIL representation for module `$_SDFFE_NP1N_'.
Generating RTLIL representation for module `$_SDFFE_PP0N_'.
Generating RTLIL representation for module `$_SDFFE_PP1N_'.
Generating RTLIL representation for module `$_ALDFF_NP_'.
Generating RTLIL representation for module `$_ALDFF_PP_'.
Generating RTLIL representation for module `$_ALDFFE_NPN_'.
Generating RTLIL representation for module `$_ALDFFE_NPP_'.
Generating RTLIL representation for module `$_ALDFFE_PPN_'.
Generating RTLIL representation for module `$_ALDFFE_PPP_'.
Generating RTLIL representation for module `\FD1P3AX'.
Generating RTLIL representation for module `\FD1P3AY'.
Generating RTLIL representation for module `\FD1P3BX'.
Generating RTLIL representation for module `\FD1P3DX'.
Generating RTLIL representation for module `\FD1P3IX'.
Generating RTLIL representation for module `\FD1P3JX'.
Generating RTLIL representation for module `\FD1S3AX'.
Generating RTLIL representation for module `\FD1S3AY'.
Generating RTLIL representation for module `\FD1S3BX'.
Generating RTLIL representation for module `\FD1S3DX'.
Generating RTLIL representation for module `\FD1S3IX'.
Generating RTLIL representation for module `\FD1S3JX'.
Generating RTLIL representation for module `\IFS1P3BX'.
Generating RTLIL representation for module `\IFS1P3DX'.
Generating RTLIL representation for module `\IFS1P3IX'.
Generating RTLIL representation for module `\IFS1P3JX'.
Generating RTLIL representation for module `\OFS1P3BX'.
Generating RTLIL representation for module `\OFS1P3DX'.
Generating RTLIL representation for module `\OFS1P3IX'.
Generating RTLIL representation for module `\OFS1P3JX'.
Generating RTLIL representation for module `\IB'.
Generating RTLIL representation for module `\IBPU'.
Generating RTLIL representation for module `\IBPD'.
Generating RTLIL representation for module `\OB'.
Generating RTLIL representation for module `\OBZ'.
Generating RTLIL representation for module `\OBZPU'.
Generating RTLIL representation for module `\OBZPD'.
Generating RTLIL representation for module `\OBCO'.
Generating RTLIL representation for module `\BB'.
Generating RTLIL representation for module `\BBPU'.
Generating RTLIL representation for module `\BBPD'.
Generating RTLIL representation for module `\ILVDS'.
Generating RTLIL representation for module `\OLVDS'.
Generating RTLIL representation for module `$lut'.
Successfully finished Verilog frontend.

3.47.2. Continuing TECHMAP pass.
Using template $paramod$lut\WIDTH=32'00000000000000000000000000000010\LUT=4'1000 for cells of type $lut.
Using template $paramod$lut\WIDTH=32'00000000000000000000000000000010\LUT=4'0100 for cells of type $lut.
Using template $paramod$8d7a8d6e3356de09670738ba85f2c6b874f6b06d$lut for cells of type $lut.
Using template $paramod$a6597eda4608f36e684c1dd07ed552fcbec112b2$lut for cells of type $lut.
Using template $paramod$628772ae2d3d5311934170a4f95e642358d18889$lut for cells of type $lut.
Using template $paramod$lut\WIDTH=32'00000000000000000000000000000011\LUT=8'01010011 for cells of type $lut.
Using template $paramod$58df2c605746858c7e53492c8f57d6f1fafa12d2$lut for cells of type $lut.
Using template $paramod$3702268f692b8bf258e428f65d3bca4e1f76d98b$lut for cells of type $lut.
Using template $paramod$e5e9da8fed769f971686eed8c5eea50e61f73aaa$lut for cells of type $lut.
Using template $paramod$8b12ac3f1b5909b2c78c9ca588956c4529fbbff6$lut for cells of type $lut.
Using template $paramod$4fc6efaec5bd8994232500ce8f8be9cb357522d5$lut for cells of type $lut.
Using template $paramod$571404c0889eaf57f492cb5e37f8acb5df5852f9$lut for cells of type $lut.
Using template $paramod$lut\WIDTH=32'00000000000000000000000000000011\LUT=8'10000000 for cells of type $lut.
Using template $paramod$41b5ad6c884f4976740dbeee6f3a28e7f2ae7611$lut for cells of type $lut.
Using template $paramod$lut\WIDTH=32'00000000000000000000000000000010\LUT=4'0010 for cells of type $lut.
Using template $paramod$47a8214374025465e226fa66bee690ff33268a25$lut for cells of type $lut.
Using template $paramod$c8f16510db975553c8b0be1064e8f5234175f8a8$lut for cells of type $lut.
Using template $paramod$a88fa814c3a2e38eca29246c30e80a386fed09ae$lut for cells of type $lut.
Using template $paramod$lut\WIDTH=32'00000000000000000000000000000011\LUT=8'00000100 for cells of type $lut.
Using template $paramod$01da7935c5e49a2722a1dd4acf86b7be01a3ce9f$lut for cells of type $lut.
Using template $paramod$lut\WIDTH=32'00000000000000000000000000000011\LUT=8'00001000 for cells of type $lut.
Using template $paramod$924053ff3b1c6097208b6e2bed2aa2e9fda06b16$lut for cells of type $lut.
Using template $paramod$lut\WIDTH=32'00000000000000000000000000000011\LUT=8'00010000 for cells of type $lut.
Using template $paramod$9b027334dfe25558c6004d34fd0adfc855d8bb75$lut for cells of type $lut.
Using template $paramod$fe963e4aea77fd4198bb2f819a03ed3df4c0c835$lut for cells of type $lut.
Using template $paramod$lut\WIDTH=32'00000000000000000000000000000011\LUT=8'01000000 for cells of type $lut.
Using template $paramod$197e1a3d848fa9ecc1208d68c7e91731e9895180$lut for cells of type $lut.
Using template $paramod$c7cc9ba7c24c9ef88378288bdffc82b71fdf5bb2$lut for cells of type $lut.
Using template $paramod$b2192df6f90569fea4015d0a6658bdc192199f95$lut for cells of type $lut.
Using template $paramod$703a13a751e631ef123f38f7d2125aeabec0f94c$lut for cells of type $lut.
Using template $paramod$edfe6773e2ae95f1f17ad5bea62c0e1b079fa667$lut for cells of type $lut.
Using template $paramod$fdcae86fcfd036c1880a04306ae771a9d7579c31$lut for cells of type $lut.
Using template $paramod$2ea69c779d6c1b79ac5a87b0d1523c67d5628dba$lut for cells of type $lut.
Using template $paramod$lut\WIDTH=32'00000000000000000000000000000011\LUT=8'00000010 for cells of type $lut.
Using template $paramod$32bf5cf7d2005e341bef7b640f701e2031dc4e51$lut for cells of type $lut.
Using template $paramod$lut\WIDTH=32'00000000000000000000000000000011\LUT=8'00000001 for cells of type $lut.
Using template $paramod$9dd298ae76fb41ac94779a83c068607fbc09ce4f$lut for cells of type $lut.
Using template $paramod$40b83574f8c8cb89941b748ccc8810c5e9cc5332$lut for cells of type $lut.
Using template $paramod$364c9ffbffac467d60dfec81bba4e18476c15602$lut for cells of type $lut.
Using template $paramod$cb6dba1d52ee3d81d7e75bd0ef2e9357ae0b00df$lut for cells of type $lut.
Using template $paramod$9e0708567b7ac787211a2403d29308442b812092$lut for cells of type $lut.
Using template $paramod$73c909fef3efe86adb57b7b8d32e6fa59d05f544$lut for cells of type $lut.
Using template $paramod$4385b611926e5c0509dba4de58311d325da0ff0d$lut for cells of type $lut.
Using template $paramod$ab8bb87959c5d7cfa27886cee1355b38e054a61a$lut for cells of type $lut.
Using template $paramod$570f0e412a5ae9d7a83d429a3a294d9722fb5860$lut for cells of type $lut.
Using template $paramod$fe8eccdd19a404d0a46e5935fa86cd8a304f0fbe$lut for cells of type $lut.
Using template $paramod$2867cf600f87920adb4d426c16ecd89bf1668f0f$lut for cells of type $lut.
Using template $paramod$45a4c7ed1fab212e4c12194fa9b3585aef3dcade$lut for cells of type $lut.
Using template $paramod$lut\WIDTH=32'00000000000000000000000000000010\LUT=4'0110 for cells of type $lut.
Using template $paramod$8f742a9eea2cf0342fc62ff98712f8478217833d$lut for cells of type $lut.
Using template $paramod$61c387311e0b7b1481f282cf3d339bc22e86cf60$lut for cells of type $lut.
Using template $paramod$cc680ff53b1f353d6fb4a452cf455777cc96519b$lut for cells of type $lut.
Using template $paramod$7c085cdbf0919cd3ad402d9495d97f0d71e4db93$lut for cells of type $lut.
Using template $paramod$c07d61aaf1d93e15249de987e8fd0ca391dbd52a$lut for cells of type $lut.
Using template $paramod$lut\WIDTH=32'00000000000000000000000000000001\LUT=2'01 for cells of type $lut.
No more expansions possible.
<suppressed ~871 debug messages>

3.48. Executing OPT_LUT_INS pass (discard unused LUT inputs).
Optimizing LUTs in axi_read_state_bank.
  Optimizing lut $abc$14232$lut$aiger$o459.genblk1.genblk1.genblk1.genblk1.genblk1.lut1 (4 -> 0)
  Optimizing lut $auto$abc_ops_reintegrate.cc:655:reintegrate$14234.genblk1.genblk1.genblk1.genblk1.genblk1.genblk1.genblk1.lut2 (4 -> 1)
  Optimizing lut $auto$abc_ops_reintegrate.cc:655:reintegrate$14234.genblk1.genblk1.genblk1.genblk1.genblk1.genblk1.genblk1.lut3 (4 -> 0)
  Optimizing lut $auto$abc_ops_reintegrate.cc:655:reintegrate$14234.genblk1.genblk1.genblk1.genblk1.genblk1.genblk1.genblk1.lut7 (4 -> 3)
  Optimizing lut $auto$abc_ops_reintegrate.cc:655:reintegrate$14235.genblk1.genblk1.genblk1.genblk1.genblk1.genblk1.genblk1.lut1 (4 -> 1)
  Optimizing lut $auto$abc_ops_reintegrate.cc:655:reintegrate$14235.genblk1.genblk1.genblk1.genblk1.genblk1.genblk1.genblk1.lut2 (4 -> 1)
  Optimizing lut $auto$abc_ops_reintegrate.cc:655:reintegrate$14235.genblk1.genblk1.genblk1.genblk1.genblk1.genblk1.genblk1.lut3 (4 -> 0)
  Optimizing lut $auto$abc_ops_reintegrate.cc:655:reintegrate$14235.genblk1.genblk1.genblk1.genblk1.genblk1.genblk1.genblk1.lut7 (4 -> 3)
  Optimizing lut $auto$abc_ops_reintegrate.cc:655:reintegrate$14237.genblk1.genblk1.genblk1.genblk1.genblk1.genblk1.genblk1.lut1 (4 -> 1)
  Optimizing lut $auto$abc_ops_reintegrate.cc:655:reintegrate$14237.genblk1.genblk1.genblk1.genblk1.genblk1.genblk1.genblk1.lut2 (4 -> 1)
  Optimizing lut $auto$abc_ops_reintegrate.cc:655:reintegrate$14237.genblk1.genblk1.genblk1.genblk1.genblk1.genblk1.genblk1.lut3 (4 -> 0)
  Optimizing lut $auto$abc_ops_reintegrate.cc:655:reintegrate$14237.genblk1.genblk1.genblk1.genblk1.genblk1.genblk1.genblk1.lut7 (4 -> 3)
  Optimizing lut $auto$abc_ops_reintegrate.cc:655:reintegrate$14238.genblk1.genblk1.genblk1.genblk1.genblk1.genblk1.genblk1.lut1 (4 -> 1)
  Optimizing lut $auto$abc_ops_reintegrate.cc:655:reintegrate$14238.genblk1.genblk1.genblk1.genblk1.genblk1.genblk1.genblk1.lut2 (4 -> 1)
  Optimizing lut $auto$abc_ops_reintegrate.cc:655:reintegrate$14238.genblk1.genblk1.genblk1.genblk1.genblk1.genblk1.genblk1.lut3 (4 -> 0)
  Optimizing lut $auto$abc_ops_reintegrate.cc:655:reintegrate$14238.genblk1.genblk1.genblk1.genblk1.genblk1.genblk1.genblk1.lut7 (4 -> 3)
  Optimizing lut $auto$abc_ops_reintegrate.cc:655:reintegrate$14239.genblk1.genblk1.genblk1.genblk1.genblk1.genblk1.genblk1.lut1 (4 -> 1)
  Optimizing lut $auto$abc_ops_reintegrate.cc:655:reintegrate$14239.genblk1.genblk1.genblk1.genblk1.genblk1.genblk1.genblk1.lut2 (4 -> 1)
  Optimizing lut $auto$abc_ops_reintegrate.cc:655:reintegrate$14239.genblk1.genblk1.genblk1.genblk1.genblk1.genblk1.genblk1.lut3 (4 -> 0)
  Optimizing lut $auto$abc_ops_reintegrate.cc:655:reintegrate$14239.genblk1.genblk1.genblk1.genblk1.genblk1.genblk1.genblk1.lut7 (4 -> 3)
  Optimizing lut $auto$abc_ops_reintegrate.cc:655:reintegrate$14240.genblk1.genblk1.genblk1.genblk1.genblk1.genblk1.genblk1.lut1 (4 -> 1)
  Optimizing lut $auto$abc_ops_reintegrate.cc:655:reintegrate$14240.genblk1.genblk1.genblk1.genblk1.genblk1.genblk1.genblk1.lut2 (4 -> 1)
  Optimizing lut $auto$abc_ops_reintegrate.cc:655:reintegrate$14240.genblk1.genblk1.genblk1.genblk1.genblk1.genblk1.genblk1.lut3 (4 -> 0)
  Optimizing lut $auto$abc_ops_reintegrate.cc:655:reintegrate$14240.genblk1.genblk1.genblk1.genblk1.genblk1.genblk1.genblk1.lut7 (4 -> 3)
  Optimizing lut $auto$abc_ops_reintegrate.cc:655:reintegrate$14241.genblk1.genblk1.genblk1.genblk1.genblk1.genblk1.genblk1.lut1 (4 -> 1)
  Optimizing lut $auto$abc_ops_reintegrate.cc:655:reintegrate$14241.genblk1.genblk1.genblk1.genblk1.genblk1.genblk1.genblk1.lut2 (4 -> 1)
  Optimizing lut $auto$abc_ops_reintegrate.cc:655:reintegrate$14241.genblk1.genblk1.genblk1.genblk1.genblk1.genblk1.genblk1.lut3 (4 -> 0)
  Optimizing lut $auto$abc_ops_reintegrate.cc:655:reintegrate$14241.genblk1.genblk1.genblk1.genblk1.genblk1.genblk1.genblk1.lut7 (4 -> 3)
  Optimizing lut $auto$abc_ops_reintegrate.cc:655:reintegrate$14242.genblk1.genblk1.genblk1.genblk1.genblk1.genblk1.genblk1.lut1 (4 -> 1)
  Optimizing lut $auto$abc_ops_reintegrate.cc:655:reintegrate$14242.genblk1.genblk1.genblk1.genblk1.genblk1.genblk1.genblk1.lut2 (4 -> 1)
  Optimizing lut $auto$abc_ops_reintegrate.cc:655:reintegrate$14242.genblk1.genblk1.genblk1.genblk1.genblk1.genblk1.genblk1.lut3 (4 -> 3)
  Optimizing lut $auto$abc_ops_reintegrate.cc:655:reintegrate$14242.genblk1.genblk1.genblk1.genblk1.genblk1.genblk1.genblk1.lut4 (4 -> 2)
  Optimizing lut $auto$abc_ops_reintegrate.cc:655:reintegrate$14242.genblk1.genblk1.genblk1.genblk1.genblk1.genblk1.genblk1.lut5 (4 -> 2)
  Optimizing lut $auto$abc_ops_reintegrate.cc:655:reintegrate$14242.genblk1.genblk1.genblk1.genblk1.genblk1.genblk1.genblk1.lut6 (4 -> 2)
  Optimizing lut $auto$abc_ops_reintegrate.cc:655:reintegrate$14243.genblk1.genblk1.genblk1.genblk1.genblk1.genblk1.genblk1.lut1 (4 -> 1)
  Optimizing lut $auto$abc_ops_reintegrate.cc:655:reintegrate$14243.genblk1.genblk1.genblk1.genblk1.genblk1.genblk1.genblk1.lut2 (4 -> 1)
  Optimizing lut $auto$abc_ops_reintegrate.cc:655:reintegrate$14243.genblk1.genblk1.genblk1.genblk1.genblk1.genblk1.genblk1.lut3 (4 -> 2)
  Optimizing lut $auto$abc_ops_reintegrate.cc:655:reintegrate$14243.genblk1.genblk1.genblk1.genblk1.genblk1.genblk1.genblk1.lut4 (4 -> 3)
  Optimizing lut $auto$abc_ops_reintegrate.cc:655:reintegrate$14243.genblk1.genblk1.genblk1.genblk1.genblk1.genblk1.genblk1.lut5 (4 -> 3)
  Optimizing lut $auto$abc_ops_reintegrate.cc:655:reintegrate$14243.genblk1.genblk1.genblk1.genblk1.genblk1.genblk1.genblk1.lut6 (4 -> 3)
  Optimizing lut $auto$abc_ops_reintegrate.cc:655:reintegrate$14244.genblk1.genblk1.genblk1.genblk1.genblk1.genblk1.genblk1.lut1 (4 -> 1)
  Optimizing lut $auto$abc_ops_reintegrate.cc:655:reintegrate$14244.genblk1.genblk1.genblk1.genblk1.genblk1.genblk1.genblk1.lut2 (4 -> 1)
  Optimizing lut $auto$abc_ops_reintegrate.cc:655:reintegrate$14244.genblk1.genblk1.genblk1.genblk1.genblk1.genblk1.genblk1.lut3 (4 -> 0)
  Optimizing lut $auto$abc_ops_reintegrate.cc:655:reintegrate$14244.genblk1.genblk1.genblk1.genblk1.genblk1.genblk1.genblk1.lut7 (4 -> 3)
  Optimizing lut $auto$abc_ops_reintegrate.cc:655:reintegrate$14245.genblk1.genblk1.genblk1.genblk1.genblk1.genblk1.genblk1.lut1 (4 -> 1)
  Optimizing lut $auto$abc_ops_reintegrate.cc:655:reintegrate$14245.genblk1.genblk1.genblk1.genblk1.genblk1.genblk1.genblk1.lut2 (4 -> 1)
  Optimizing lut $auto$abc_ops_reintegrate.cc:655:reintegrate$14245.genblk1.genblk1.genblk1.genblk1.genblk1.genblk1.genblk1.lut3 (4 -> 0)
  Optimizing lut $auto$abc_ops_reintegrate.cc:655:reintegrate$14245.genblk1.genblk1.genblk1.genblk1.genblk1.genblk1.genblk1.lut7 (4 -> 3)
  Optimizing lut $auto$abc_ops_reintegrate.cc:655:reintegrate$14246.genblk1.genblk1.genblk1.genblk1.genblk1.genblk1.genblk1.lut2 (4 -> 1)
  Optimizing lut $auto$abc_ops_reintegrate.cc:655:reintegrate$14246.genblk1.genblk1.genblk1.genblk1.genblk1.genblk1.genblk1.lut3 (4 -> 0)
  Optimizing lut $auto$abc_ops_reintegrate.cc:655:reintegrate$14246.genblk1.genblk1.genblk1.genblk1.genblk1.genblk1.genblk1.lut7 (4 -> 3)
  Optimizing lut $auto$abc_ops_reintegrate.cc:655:reintegrate$14247.genblk1.genblk1.genblk1.genblk1.genblk1.genblk1.lut2 (4 -> 3)
  Optimizing lut $auto$abc_ops_reintegrate.cc:655:reintegrate$14248.genblk1.genblk1.genblk1.genblk1.genblk1.genblk1.genblk1.lut2 (4 -> 1)
  Optimizing lut $auto$abc_ops_reintegrate.cc:655:reintegrate$14248.genblk1.genblk1.genblk1.genblk1.genblk1.genblk1.genblk1.lut3 (4 -> 0)
  Optimizing lut $auto$abc_ops_reintegrate.cc:655:reintegrate$14248.genblk1.genblk1.genblk1.genblk1.genblk1.genblk1.genblk1.lut7 (4 -> 3)
  Optimizing lut $auto$abc_ops_reintegrate.cc:655:reintegrate$14249.genblk1.genblk1.genblk1.genblk1.genblk1.genblk1.genblk1.lut2 (4 -> 1)
  Optimizing lut $auto$abc_ops_reintegrate.cc:655:reintegrate$14249.genblk1.genblk1.genblk1.genblk1.genblk1.genblk1.genblk1.lut3 (4 -> 0)
  Optimizing lut $auto$abc_ops_reintegrate.cc:655:reintegrate$14249.genblk1.genblk1.genblk1.genblk1.genblk1.genblk1.genblk1.lut7 (4 -> 3)
  Optimizing lut $auto$abc_ops_reintegrate.cc:655:reintegrate$14250.genblk1.genblk1.genblk1.genblk1.genblk1.genblk1.genblk1.lut2 (4 -> 1)
  Optimizing lut $auto$abc_ops_reintegrate.cc:655:reintegrate$14250.genblk1.genblk1.genblk1.genblk1.genblk1.genblk1.genblk1.lut3 (4 -> 3)
  Optimizing lut $auto$abc_ops_reintegrate.cc:655:reintegrate$14250.genblk1.genblk1.genblk1.genblk1.genblk1.genblk1.genblk1.lut4 (4 -> 2)
  Optimizing lut $auto$abc_ops_reintegrate.cc:655:reintegrate$14250.genblk1.genblk1.genblk1.genblk1.genblk1.genblk1.genblk1.lut5 (4 -> 2)
  Optimizing lut $auto$abc_ops_reintegrate.cc:655:reintegrate$14250.genblk1.genblk1.genblk1.genblk1.genblk1.genblk1.genblk1.lut6 (4 -> 2)
  Optimizing lut $abc$14232$lut$aiger14231$762.genblk1.genblk1.genblk1.genblk1.genblk1.genblk1.lut2 (4 -> 0)
  Optimizing lut $auto$abc_ops_reintegrate.cc:655:reintegrate$14252.genblk1.genblk1.genblk1.genblk1.genblk1.genblk1.genblk1.lut1 (4 -> 1)
  Optimizing lut $auto$abc_ops_reintegrate.cc:655:reintegrate$14252.genblk1.genblk1.genblk1.genblk1.genblk1.genblk1.genblk1.lut2 (4 -> 1)
  Optimizing lut $auto$abc_ops_reintegrate.cc:655:reintegrate$14252.genblk1.genblk1.genblk1.genblk1.genblk1.genblk1.genblk1.lut3 (4 -> 0)
  Optimizing lut $auto$abc_ops_reintegrate.cc:655:reintegrate$14252.genblk1.genblk1.genblk1.genblk1.genblk1.genblk1.genblk1.lut7 (4 -> 3)
  Optimizing lut $auto$abc_ops_reintegrate.cc:655:reintegrate$14253.genblk1.genblk1.genblk1.genblk1.genblk1.genblk1.genblk1.lut1 (4 -> 1)
  Optimizing lut $auto$abc_ops_reintegrate.cc:655:reintegrate$14253.genblk1.genblk1.genblk1.genblk1.genblk1.genblk1.genblk1.lut2 (4 -> 1)
  Optimizing lut $auto$abc_ops_reintegrate.cc:655:reintegrate$14253.genblk1.genblk1.genblk1.genblk1.genblk1.genblk1.genblk1.lut3 (4 -> 0)
  Optimizing lut $auto$abc_ops_reintegrate.cc:655:reintegrate$14253.genblk1.genblk1.genblk1.genblk1.genblk1.genblk1.genblk1.lut7 (4 -> 3)
  Optimizing lut $auto$abc_ops_reintegrate.cc:655:reintegrate$14254.genblk1.genblk1.genblk1.genblk1.genblk1.genblk1.genblk1.lut1 (4 -> 1)
  Optimizing lut $auto$abc_ops_reintegrate.cc:655:reintegrate$14254.genblk1.genblk1.genblk1.genblk1.genblk1.genblk1.genblk1.lut2 (4 -> 1)
  Optimizing lut $auto$abc_ops_reintegrate.cc:655:reintegrate$14254.genblk1.genblk1.genblk1.genblk1.genblk1.genblk1.genblk1.lut3 (4 -> 0)
  Optimizing lut $auto$abc_ops_reintegrate.cc:655:reintegrate$14254.genblk1.genblk1.genblk1.genblk1.genblk1.genblk1.genblk1.lut7 (4 -> 3)
  Optimizing lut $auto$abc_ops_reintegrate.cc:655:reintegrate$14255.genblk1.genblk1.genblk1.genblk1.genblk1.genblk1.genblk1.lut1 (4 -> 1)
  Optimizing lut $auto$abc_ops_reintegrate.cc:655:reintegrate$14255.genblk1.genblk1.genblk1.genblk1.genblk1.genblk1.genblk1.lut2 (4 -> 1)
  Optimizing lut $auto$abc_ops_reintegrate.cc:655:reintegrate$14255.genblk1.genblk1.genblk1.genblk1.genblk1.genblk1.genblk1.lut3 (4 -> 0)
  Optimizing lut $auto$abc_ops_reintegrate.cc:655:reintegrate$14255.genblk1.genblk1.genblk1.genblk1.genblk1.genblk1.genblk1.lut7 (4 -> 3)
  Optimizing lut $auto$abc_ops_reintegrate.cc:655:reintegrate$14256.genblk1.genblk1.genblk1.genblk1.genblk1.genblk1.genblk1.lut1 (4 -> 1)
  Optimizing lut $auto$abc_ops_reintegrate.cc:655:reintegrate$14256.genblk1.genblk1.genblk1.genblk1.genblk1.genblk1.genblk1.lut2 (4 -> 1)
  Optimizing lut $auto$abc_ops_reintegrate.cc:655:reintegrate$14256.genblk1.genblk1.genblk1.genblk1.genblk1.genblk1.genblk1.lut3 (4 -> 0)
  Optimizing lut $auto$abc_ops_reintegrate.cc:655:reintegrate$14256.genblk1.genblk1.genblk1.genblk1.genblk1.genblk1.genblk1.lut7 (4 -> 3)
  Optimizing lut $auto$abc_ops_reintegrate.cc:655:reintegrate$14257.genblk1.genblk1.genblk1.genblk1.genblk1.genblk1.genblk1.lut2 (4 -> 1)
  Optimizing lut $auto$abc_ops_reintegrate.cc:655:reintegrate$14257.genblk1.genblk1.genblk1.genblk1.genblk1.genblk1.genblk1.lut3 (4 -> 3)
  Optimizing lut $auto$abc_ops_reintegrate.cc:655:reintegrate$14257.genblk1.genblk1.genblk1.genblk1.genblk1.genblk1.genblk1.lut4 (4 -> 2)
  Optimizing lut $auto$abc_ops_reintegrate.cc:655:reintegrate$14257.genblk1.genblk1.genblk1.genblk1.genblk1.genblk1.genblk1.lut5 (4 -> 2)
  Optimizing lut $auto$abc_ops_reintegrate.cc:655:reintegrate$14257.genblk1.genblk1.genblk1.genblk1.genblk1.genblk1.genblk1.lut6 (4 -> 2)
  Optimizing lut $auto$abc_ops_reintegrate.cc:655:reintegrate$14258.genblk1.genblk1.genblk1.genblk1.genblk1.genblk1.genblk1.lut1 (4 -> 1)
  Optimizing lut $auto$abc_ops_reintegrate.cc:655:reintegrate$14258.genblk1.genblk1.genblk1.genblk1.genblk1.genblk1.genblk1.lut2 (4 -> 1)
  Optimizing lut $auto$abc_ops_reintegrate.cc:655:reintegrate$14258.genblk1.genblk1.genblk1.genblk1.genblk1.genblk1.genblk1.lut3 (4 -> 2)
  Optimizing lut $auto$abc_ops_reintegrate.cc:655:reintegrate$14258.genblk1.genblk1.genblk1.genblk1.genblk1.genblk1.genblk1.lut4 (4 -> 3)
  Optimizing lut $auto$abc_ops_reintegrate.cc:655:reintegrate$14258.genblk1.genblk1.genblk1.genblk1.genblk1.genblk1.genblk1.lut5 (4 -> 3)
  Optimizing lut $auto$abc_ops_reintegrate.cc:655:reintegrate$14258.genblk1.genblk1.genblk1.genblk1.genblk1.genblk1.genblk1.lut6 (4 -> 3)
  Optimizing lut $auto$abc_ops_reintegrate.cc:655:reintegrate$14259.genblk1.genblk1.genblk1.genblk1.genblk1.genblk1.genblk1.lut1 (4 -> 1)
  Optimizing lut $auto$abc_ops_reintegrate.cc:655:reintegrate$14259.genblk1.genblk1.genblk1.genblk1.genblk1.genblk1.genblk1.lut2 (4 -> 1)
  Optimizing lut $auto$abc_ops_reintegrate.cc:655:reintegrate$14259.genblk1.genblk1.genblk1.genblk1.genblk1.genblk1.genblk1.lut3 (4 -> 0)
  Optimizing lut $auto$abc_ops_reintegrate.cc:655:reintegrate$14259.genblk1.genblk1.genblk1.genblk1.genblk1.genblk1.genblk1.lut7 (4 -> 3)
  Optimizing lut $auto$abc_ops_reintegrate.cc:655:reintegrate$14260.genblk1.genblk1.genblk1.genblk1.genblk1.genblk1.genblk1.lut2 (4 -> 1)
  Optimizing lut $auto$abc_ops_reintegrate.cc:655:reintegrate$14260.genblk1.genblk1.genblk1.genblk1.genblk1.genblk1.genblk1.lut3 (4 -> 0)
  Optimizing lut $auto$abc_ops_reintegrate.cc:655:reintegrate$14260.genblk1.genblk1.genblk1.genblk1.genblk1.genblk1.genblk1.lut7 (4 -> 3)
  Optimizing lut $auto$abc_ops_reintegrate.cc:655:reintegrate$14261.genblk1.genblk1.genblk1.genblk1.genblk1.genblk1.genblk1.lut2 (4 -> 1)
  Optimizing lut $auto$abc_ops_reintegrate.cc:655:reintegrate$14261.genblk1.genblk1.genblk1.genblk1.genblk1.genblk1.genblk1.lut3 (4 -> 0)
  Optimizing lut $auto$abc_ops_reintegrate.cc:655:reintegrate$14261.genblk1.genblk1.genblk1.genblk1.genblk1.genblk1.genblk1.lut7 (4 -> 3)
  Optimizing lut $auto$abc_ops_reintegrate.cc:655:reintegrate$14262.genblk1.genblk1.genblk1.genblk1.genblk1.genblk1.lut2 (4 -> 3)
  Optimizing lut $auto$abc_ops_reintegrate.cc:655:reintegrate$14263.genblk1.genblk1.genblk1.genblk1.genblk1.genblk1.genblk1.lut2 (4 -> 1)
  Optimizing lut $auto$abc_ops_reintegrate.cc:655:reintegrate$14263.genblk1.genblk1.genblk1.genblk1.genblk1.genblk1.genblk1.lut3 (4 -> 0)
  Optimizing lut $auto$abc_ops_reintegrate.cc:655:reintegrate$14263.genblk1.genblk1.genblk1.genblk1.genblk1.genblk1.genblk1.lut7 (4 -> 3)
  Optimizing lut $auto$abc_ops_reintegrate.cc:655:reintegrate$14264.genblk1.genblk1.genblk1.genblk1.genblk1.genblk1.genblk1.lut2 (4 -> 1)
  Optimizing lut $auto$abc_ops_reintegrate.cc:655:reintegrate$14264.genblk1.genblk1.genblk1.genblk1.genblk1.genblk1.genblk1.lut3 (4 -> 0)
  Optimizing lut $auto$abc_ops_reintegrate.cc:655:reintegrate$14264.genblk1.genblk1.genblk1.genblk1.genblk1.genblk1.genblk1.lut7 (4 -> 3)
  Optimizing lut $auto$abc_ops_reintegrate.cc:655:reintegrate$14265.genblk1.genblk1.genblk1.genblk1.genblk1.genblk1.genblk1.lut2 (4 -> 1)
  Optimizing lut $auto$abc_ops_reintegrate.cc:655:reintegrate$14265.genblk1.genblk1.genblk1.genblk1.genblk1.genblk1.genblk1.lut3 (4 -> 3)
  Optimizing lut $auto$abc_ops_reintegrate.cc:655:reintegrate$14265.genblk1.genblk1.genblk1.genblk1.genblk1.genblk1.genblk1.lut4 (4 -> 2)
  Optimizing lut $auto$abc_ops_reintegrate.cc:655:reintegrate$14265.genblk1.genblk1.genblk1.genblk1.genblk1.genblk1.genblk1.lut5 (4 -> 2)
  Optimizing lut $auto$abc_ops_reintegrate.cc:655:reintegrate$14265.genblk1.genblk1.genblk1.genblk1.genblk1.genblk1.genblk1.lut6 (4 -> 2)
  Optimizing lut $abc$14232$lut$aiger14231$538.genblk1.genblk1.genblk1.genblk1.genblk1.genblk1.lut1 (4 -> 0)
  Optimizing lut $abc$14232$lut$aiger14231$538.genblk1.genblk1.genblk1.genblk1.genblk1.genblk1.lut2 (4 -> 0)
  Optimizing lut $abc$14232$lut$aiger14231$501.genblk1.genblk1.genblk1.genblk1.genblk1.genblk1.lut2 (4 -> 1)
  Optimizing lut $abc$14232$lut$aiger14231$501.genblk1.genblk1.genblk1.genblk1.genblk1.genblk1.lut3 (4 -> 1)
  Optimizing lut $abc$14232$lut$aiger14231$511.genblk1.genblk1.genblk1.genblk1.genblk1.genblk1.genblk1.lut2 (4 -> 0)
  Optimizing lut $abc$14232$lut$aiger14231$511.genblk1.genblk1.genblk1.genblk1.genblk1.genblk1.genblk1.lut3 (4 -> 0)
  Optimizing lut $abc$14232$lut$aiger14231$511.genblk1.genblk1.genblk1.genblk1.genblk1.genblk1.genblk1.lut4 (4 -> 1)
  Optimizing lut $abc$14232$lut$aiger14231$511.genblk1.genblk1.genblk1.genblk1.genblk1.genblk1.genblk1.lut5 (4 -> 1)
  Optimizing lut $abc$14232$lut$aiger14231$511.genblk1.genblk1.genblk1.genblk1.genblk1.genblk1.genblk1.lut6 (4 -> 0)
  Optimizing lut $abc$14232$lut$aiger14231$511.genblk1.genblk1.genblk1.genblk1.genblk1.genblk1.genblk1.lut7 (4 -> 0)
  Optimizing lut $auto$abc_ops_reintegrate.cc:655:reintegrate$14267.genblk1.genblk1.genblk1.genblk1.genblk1.genblk1.genblk1.lut1 (4 -> 1)
  Optimizing lut $auto$abc_ops_reintegrate.cc:655:reintegrate$14267.genblk1.genblk1.genblk1.genblk1.genblk1.genblk1.genblk1.lut2 (4 -> 1)
  Optimizing lut $auto$abc_ops_reintegrate.cc:655:reintegrate$14267.genblk1.genblk1.genblk1.genblk1.genblk1.genblk1.genblk1.lut3 (4 -> 0)
  Optimizing lut $auto$abc_ops_reintegrate.cc:655:reintegrate$14267.genblk1.genblk1.genblk1.genblk1.genblk1.genblk1.genblk1.lut7 (4 -> 3)
  Optimizing lut $auto$abc_ops_reintegrate.cc:655:reintegrate$14268.genblk1.genblk1.genblk1.genblk1.genblk1.genblk1.genblk1.lut1 (4 -> 1)
  Optimizing lut $auto$abc_ops_reintegrate.cc:655:reintegrate$14268.genblk1.genblk1.genblk1.genblk1.genblk1.genblk1.genblk1.lut2 (4 -> 1)
  Optimizing lut $auto$abc_ops_reintegrate.cc:655:reintegrate$14268.genblk1.genblk1.genblk1.genblk1.genblk1.genblk1.genblk1.lut3 (4 -> 0)
  Optimizing lut $auto$abc_ops_reintegrate.cc:655:reintegrate$14268.genblk1.genblk1.genblk1.genblk1.genblk1.genblk1.genblk1.lut7 (4 -> 3)
  Optimizing lut $auto$abc_ops_reintegrate.cc:655:reintegrate$14269.genblk1.genblk1.genblk1.genblk1.genblk1.genblk1.genblk1.lut1 (4 -> 1)
  Optimizing lut $auto$abc_ops_reintegrate.cc:655:reintegrate$14269.genblk1.genblk1.genblk1.genblk1.genblk1.genblk1.genblk1.lut2 (4 -> 1)
  Optimizing lut $auto$abc_ops_reintegrate.cc:655:reintegrate$14269.genblk1.genblk1.genblk1.genblk1.genblk1.genblk1.genblk1.lut3 (4 -> 0)
  Optimizing lut $auto$abc_ops_reintegrate.cc:655:reintegrate$14269.genblk1.genblk1.genblk1.genblk1.genblk1.genblk1.genblk1.lut7 (4 -> 3)
  Optimizing lut $auto$abc_ops_reintegrate.cc:655:reintegrate$14270.genblk1.genblk1.genblk1.genblk1.genblk1.genblk1.genblk1.lut1 (4 -> 1)
  Optimizing lut $auto$abc_ops_reintegrate.cc:655:reintegrate$14270.genblk1.genblk1.genblk1.genblk1.genblk1.genblk1.genblk1.lut2 (4 -> 1)
  Optimizing lut $auto$abc_ops_reintegrate.cc:655:reintegrate$14270.genblk1.genblk1.genblk1.genblk1.genblk1.genblk1.genblk1.lut3 (4 -> 0)
  Optimizing lut $auto$abc_ops_reintegrate.cc:655:reintegrate$14270.genblk1.genblk1.genblk1.genblk1.genblk1.genblk1.genblk1.lut7 (4 -> 3)
  Optimizing lut $auto$abc_ops_reintegrate.cc:655:reintegrate$14271.genblk1.genblk1.genblk1.genblk1.genblk1.genblk1.genblk1.lut1 (4 -> 1)
  Optimizing lut $auto$abc_ops_reintegrate.cc:655:reintegrate$14271.genblk1.genblk1.genblk1.genblk1.genblk1.genblk1.genblk1.lut2 (4 -> 1)
  Optimizing lut $auto$abc_ops_reintegrate.cc:655:reintegrate$14271.genblk1.genblk1.genblk1.genblk1.genblk1.genblk1.genblk1.lut3 (4 -> 0)
  Optimizing lut $auto$abc_ops_reintegrate.cc:655:reintegrate$14271.genblk1.genblk1.genblk1.genblk1.genblk1.genblk1.genblk1.lut7 (4 -> 3)
  Optimizing lut $auto$abc_ops_reintegrate.cc:655:reintegrate$14272.genblk1.genblk1.genblk1.genblk1.genblk1.genblk1.lut3 (4 -> 3)
  Optimizing lut $auto$abc_ops_reintegrate.cc:655:reintegrate$14273.genblk1.genblk1.genblk1.genblk1.genblk1.genblk1.genblk1.lut2 (4 -> 1)
  Optimizing lut $auto$abc_ops_reintegrate.cc:655:reintegrate$14273.genblk1.genblk1.genblk1.genblk1.genblk1.genblk1.genblk1.lut3 (4 -> 2)
  Optimizing lut $auto$abc_ops_reintegrate.cc:655:reintegrate$14273.genblk1.genblk1.genblk1.genblk1.genblk1.genblk1.genblk1.lut4 (4 -> 3)
  Optimizing lut $auto$abc_ops_reintegrate.cc:655:reintegrate$14273.genblk1.genblk1.genblk1.genblk1.genblk1.genblk1.genblk1.lut5 (4 -> 3)
  Optimizing lut $auto$abc_ops_reintegrate.cc:655:reintegrate$14273.genblk1.genblk1.genblk1.genblk1.genblk1.genblk1.genblk1.lut6 (4 -> 3)
  Optimizing lut $abc$14232$lut$aiger14231$396.genblk1.genblk1.genblk1.genblk1.genblk1.genblk1.lut2 (4 -> 1)
  Optimizing lut $auto$abc_ops_reintegrate.cc:655:reintegrate$14274.genblk1.genblk1.genblk1.genblk1.genblk1.genblk1.genblk1.lut2 (4 -> 1)
  Optimizing lut $auto$abc_ops_reintegrate.cc:655:reintegrate$14274.genblk1.genblk1.genblk1.genblk1.genblk1.genblk1.genblk1.lut3 (4 -> 0)
  Optimizing lut $auto$abc_ops_reintegrate.cc:655:reintegrate$14274.genblk1.genblk1.genblk1.genblk1.genblk1.genblk1.genblk1.lut7 (4 -> 3)
  Optimizing lut $auto$abc_ops_reintegrate.cc:655:reintegrate$14275.genblk1.genblk1.genblk1.genblk1.genblk1.genblk1.genblk1.lut2 (4 -> 1)
  Optimizing lut $auto$abc_ops_reintegrate.cc:655:reintegrate$14275.genblk1.genblk1.genblk1.genblk1.genblk1.genblk1.genblk1.lut3 (4 -> 0)
  Optimizing lut $auto$abc_ops_reintegrate.cc:655:reintegrate$14275.genblk1.genblk1.genblk1.genblk1.genblk1.genblk1.genblk1.lut7 (4 -> 3)
  Optimizing lut $auto$abc_ops_reintegrate.cc:655:reintegrate$14276.genblk1.genblk1.genblk1.genblk1.genblk1.genblk1.genblk1.lut2 (4 -> 1)
  Optimizing lut $auto$abc_ops_reintegrate.cc:655:reintegrate$14276.genblk1.genblk1.genblk1.genblk1.genblk1.genblk1.genblk1.lut3 (4 -> 0)
  Optimizing lut $auto$abc_ops_reintegrate.cc:655:reintegrate$14276.genblk1.genblk1.genblk1.genblk1.genblk1.genblk1.genblk1.lut7 (4 -> 3)
  Optimizing lut $auto$abc_ops_reintegrate.cc:655:reintegrate$14277.genblk1.genblk1.genblk1.genblk1.genblk1.genblk1.lut2 (4 -> 3)
  Optimizing lut $auto$abc_ops_reintegrate.cc:655:reintegrate$14278.genblk1.genblk1.genblk1.genblk1.genblk1.genblk1.genblk1.lut2 (4 -> 1)
  Optimizing lut $auto$abc_ops_reintegrate.cc:655:reintegrate$14278.genblk1.genblk1.genblk1.genblk1.genblk1.genblk1.genblk1.lut3 (4 -> 0)
  Optimizing lut $auto$abc_ops_reintegrate.cc:655:reintegrate$14278.genblk1.genblk1.genblk1.genblk1.genblk1.genblk1.genblk1.lut7 (4 -> 3)
  Optimizing lut $auto$abc_ops_reintegrate.cc:655:reintegrate$14279.genblk1.genblk1.genblk1.genblk1.genblk1.genblk1.genblk1.lut2 (4 -> 1)
  Optimizing lut $auto$abc_ops_reintegrate.cc:655:reintegrate$14279.genblk1.genblk1.genblk1.genblk1.genblk1.genblk1.genblk1.lut3 (4 -> 0)
  Optimizing lut $auto$abc_ops_reintegrate.cc:655:reintegrate$14279.genblk1.genblk1.genblk1.genblk1.genblk1.genblk1.genblk1.lut7 (4 -> 3)
  Optimizing lut $auto$abc_ops_reintegrate.cc:655:reintegrate$14280.genblk1.genblk1.genblk1.genblk1.genblk1.genblk1.lut3 (4 -> 3)
  Optimizing lut $abc$14232$lut$aiger14231$278.genblk1.genblk1.genblk1.genblk1.genblk1.genblk1.lut2 (4 -> 1)
  Optimizing lut $abc$14232$lut$aiger14231$278.genblk1.genblk1.genblk1.genblk1.genblk1.genblk1.lut3 (4 -> 1)
  Optimizing lut $abc$14232$lut$aiger14231$288.genblk1.genblk1.genblk1.genblk1.genblk1.genblk1.genblk1.lut2 (4 -> 0)
  Optimizing lut $abc$14232$lut$aiger14231$288.genblk1.genblk1.genblk1.genblk1.genblk1.genblk1.genblk1.lut3 (4 -> 0)
  Optimizing lut $abc$14232$lut$aiger14231$288.genblk1.genblk1.genblk1.genblk1.genblk1.genblk1.genblk1.lut4 (4 -> 1)
  Optimizing lut $abc$14232$lut$aiger14231$288.genblk1.genblk1.genblk1.genblk1.genblk1.genblk1.genblk1.lut5 (4 -> 1)
  Optimizing lut $abc$14232$lut$aiger14231$288.genblk1.genblk1.genblk1.genblk1.genblk1.genblk1.genblk1.lut6 (4 -> 0)
  Optimizing lut $abc$14232$lut$aiger14231$288.genblk1.genblk1.genblk1.genblk1.genblk1.genblk1.genblk1.lut7 (4 -> 0)
  Optimizing lut $auto$abc_ops_reintegrate.cc:655:reintegrate$14281.genblk1.genblk1.genblk1.genblk1.genblk1.genblk1.genblk1.lut2 (4 -> 1)
  Optimizing lut $auto$abc_ops_reintegrate.cc:655:reintegrate$14281.genblk1.genblk1.genblk1.genblk1.genblk1.genblk1.genblk1.lut3 (4 -> 0)
  Optimizing lut $auto$abc_ops_reintegrate.cc:655:reintegrate$14281.genblk1.genblk1.genblk1.genblk1.genblk1.genblk1.genblk1.lut7 (4 -> 3)
  Optimizing lut $abc$14232$lut$aiger14231$725.genblk1.genblk1.genblk1.genblk1.genblk1.genblk1.lut1 (4 -> 0)
  Optimizing lut $abc$14232$lut$aiger14231$725.genblk1.genblk1.genblk1.genblk1.genblk1.genblk1.lut2 (4 -> 1)
  Optimizing lut $abc$14232$lut$aiger14231$725.genblk1.genblk1.genblk1.genblk1.genblk1.genblk1.lut3 (4 -> 1)
  Optimizing lut $abc$14232$lut$aiger14231$735.genblk1.genblk1.genblk1.genblk1.genblk1.genblk1.genblk1.lut2 (4 -> 0)
  Optimizing lut $abc$14232$lut$aiger14231$735.genblk1.genblk1.genblk1.genblk1.genblk1.genblk1.genblk1.lut3 (4 -> 0)
  Optimizing lut $abc$14232$lut$aiger14231$735.genblk1.genblk1.genblk1.genblk1.genblk1.genblk1.genblk1.lut4 (4 -> 1)
  Optimizing lut $abc$14232$lut$aiger14231$735.genblk1.genblk1.genblk1.genblk1.genblk1.genblk1.genblk1.lut5 (4 -> 1)
  Optimizing lut $abc$14232$lut$aiger14231$735.genblk1.genblk1.genblk1.genblk1.genblk1.genblk1.genblk1.lut6 (4 -> 0)
  Optimizing lut $abc$14232$lut$aiger14231$735.genblk1.genblk1.genblk1.genblk1.genblk1.genblk1.genblk1.lut7 (4 -> 0)
  Optimizing lut $abc$14232$lut$aiger$o430.genblk1.genblk1.genblk1.genblk1.genblk1.lut1 (4 -> 3)
  Optimizing lut $auto$abc_ops_reintegrate.cc:655:reintegrate$14246.genblk1.genblk1.genblk1.genblk1.genblk1.genblk1.genblk1.lut1 (4 -> 1)
  Optimizing lut $auto$abc_ops_reintegrate.cc:655:reintegrate$14264.genblk1.genblk1.genblk1.genblk1.genblk1.genblk1.genblk1.lut1 (4 -> 1)
  Optimizing lut $abc$14232$lut$aiger14231$511.genblk1.genblk1.genblk1.genblk1.genblk1.genblk1.genblk1.lut1 (4 -> 1)
  Optimizing lut $abc$14232$lut$aiger14231$310.genblk1.genblk1.genblk1.genblk1.genblk1.lut0 (4 -> 0)
  Optimizing lut $auto$abc_ops_reintegrate.cc:655:reintegrate$14280.genblk1.genblk1.genblk1.genblk1.genblk1.genblk1.lut1 (4 -> 0)
  Optimizing lut $auto$abc_ops_reintegrate.cc:655:reintegrate$14274.genblk1.genblk1.genblk1.genblk1.genblk1.genblk1.genblk1.lut1 (4 -> 1)
  Optimizing lut $auto$abc_ops_reintegrate.cc:655:reintegrate$14281.genblk1.genblk1.genblk1.genblk1.genblk1.genblk1.genblk1.lut1 (4 -> 1)
  Optimizing lut $auto$abc_ops_reintegrate.cc:655:reintegrate$14247.genblk1.genblk1.genblk1.genblk1.genblk1.genblk1.lut1 (4 -> 2)
  Optimizing lut $auto$abc_ops_reintegrate.cc:655:reintegrate$14273.genblk1.genblk1.genblk1.genblk1.genblk1.genblk1.genblk1.lut1 (4 -> 1)
  Optimizing lut $auto$abc_ops_reintegrate.cc:655:reintegrate$14279.genblk1.genblk1.genblk1.genblk1.genblk1.genblk1.genblk1.lut1 (4 -> 1)
  Optimizing lut $auto$abc_ops_reintegrate.cc:655:reintegrate$14261.genblk1.genblk1.genblk1.genblk1.genblk1.genblk1.genblk1.lut1 (4 -> 1)
  Optimizing lut $auto$abc_ops_reintegrate.cc:655:reintegrate$14278.genblk1.genblk1.genblk1.genblk1.genblk1.genblk1.genblk1.lut1 (4 -> 1)
  Optimizing lut $abc$14232$lut$aiger14231$501.genblk1.genblk1.genblk1.genblk1.genblk1.genblk1.lut1 (4 -> 0)
  Optimizing lut $auto$abc_ops_reintegrate.cc:655:reintegrate$14272.genblk1.genblk1.genblk1.genblk1.genblk1.genblk1.lut1 (4 -> 0)
  Optimizing lut $auto$abc_ops_reintegrate.cc:655:reintegrate$14257.genblk1.genblk1.genblk1.genblk1.genblk1.genblk1.genblk1.lut1 (4 -> 1)
  Optimizing lut $auto$abc_ops_reintegrate.cc:655:reintegrate$14277.genblk1.genblk1.genblk1.genblk1.genblk1.genblk1.lut1 (4 -> 2)
  Optimizing lut $abc$14232$lut$aiger14231$533.genblk1.genblk1.genblk1.genblk1.genblk1.lut0 (4 -> 0)
  Optimizing lut $abc$14232$lut$aiger14231$762.genblk1.genblk1.genblk1.genblk1.genblk1.genblk1.lut0 (4 -> 0)
  Optimizing lut $abc$14232$lut$aiger14231$511.genblk1.genblk1.genblk1.genblk1.genblk1.genblk1.genblk1.lut0 (4 -> 1)
  Optimizing lut $auto$abc_ops_reintegrate.cc:655:reintegrate$14276.genblk1.genblk1.genblk1.genblk1.genblk1.genblk1.genblk1.lut1 (4 -> 1)
  Optimizing lut $auto$abc_ops_reintegrate.cc:655:reintegrate$14248.genblk1.genblk1.genblk1.genblk1.genblk1.genblk1.genblk1.lut1 (4 -> 1)
  Optimizing lut $abc$14232$lut$aiger14231$735.genblk1.genblk1.genblk1.genblk1.genblk1.genblk1.genblk1.lut1 (4 -> 1)
  Optimizing lut $auto$abc_ops_reintegrate.cc:655:reintegrate$14249.genblk1.genblk1.genblk1.genblk1.genblk1.genblk1.genblk1.lut1 (4 -> 1)
  Optimizing lut $auto$abc_ops_reintegrate.cc:655:reintegrate$14275.genblk1.genblk1.genblk1.genblk1.genblk1.genblk1.genblk1.lut1 (4 -> 1)
  Optimizing lut $auto$abc_ops_reintegrate.cc:655:reintegrate$14263.genblk1.genblk1.genblk1.genblk1.genblk1.genblk1.genblk1.lut1 (4 -> 1)
  Optimizing lut $abc$14232$lut$aiger$o422.genblk1.genblk1.genblk1.genblk1.genblk1.lut1 (4 -> 3)
  Optimizing lut $abc$14232$lut$aiger$o414.genblk1.genblk1.genblk1.genblk1.genblk1.lut1 (4 -> 3)
  Optimizing lut $abc$14232$lut$aiger14231$585.genblk1.genblk1.genblk1.genblk1.genblk1.lut1 (4 -> 1)
  Optimizing lut $auto$abc_ops_reintegrate.cc:655:reintegrate$14262.genblk1.genblk1.genblk1.genblk1.genblk1.genblk1.lut1 (4 -> 2)
  Optimizing lut $auto$abc_ops_reintegrate.cc:655:reintegrate$14265.genblk1.genblk1.genblk1.genblk1.genblk1.genblk1.genblk1.lut1 (4 -> 1)
  Optimizing lut $abc$14232$lut$aiger14231$762.genblk1.genblk1.genblk1.genblk1.genblk1.genblk1.lut1 (4 -> 0)
  Optimizing lut $abc$14232$lut$aiger14231$757.genblk1.genblk1.genblk1.genblk1.genblk1.lut0 (4 -> 0)
  Optimizing lut $abc$14232$lut$aiger14231$735.genblk1.genblk1.genblk1.genblk1.genblk1.genblk1.genblk1.lut0 (4 -> 1)
  Optimizing lut $auto$abc_ops_reintegrate.cc:655:reintegrate$14234.genblk1.genblk1.genblk1.genblk1.genblk1.genblk1.genblk1.lut1 (4 -> 1)
  Optimizing lut $auto$abc_ops_reintegrate.cc:655:reintegrate$14250.genblk1.genblk1.genblk1.genblk1.genblk1.genblk1.genblk1.lut1 (4 -> 1)
  Optimizing lut $abc$14232$lut$aiger14231$396.genblk1.genblk1.genblk1.genblk1.genblk1.genblk1.lut0 (4 -> 0)
  Optimizing lut $auto$abc_ops_reintegrate.cc:655:reintegrate$14269.genblk1.genblk1.genblk1.genblk1.genblk1.genblk1.genblk1.lut0 (4 -> 1)
  Optimizing lut $auto$abc_ops_reintegrate.cc:655:reintegrate$14235.genblk1.genblk1.genblk1.genblk1.genblk1.genblk1.genblk1.lut0 (4 -> 1)
  Optimizing lut $auto$abc_ops_reintegrate.cc:655:reintegrate$14234.genblk1.genblk1.genblk1.genblk1.genblk1.genblk1.genblk1.lut0 (4 -> 1)
  Optimizing lut $auto$abc_ops_reintegrate.cc:655:reintegrate$14238.genblk1.genblk1.genblk1.genblk1.genblk1.genblk1.genblk1.lut0 (4 -> 1)
  Optimizing lut $auto$abc_ops_reintegrate.cc:655:reintegrate$14245.genblk1.genblk1.genblk1.genblk1.genblk1.genblk1.genblk1.lut0 (4 -> 1)
  Optimizing lut $auto$abc_ops_reintegrate.cc:655:reintegrate$14246.genblk1.genblk1.genblk1.genblk1.genblk1.genblk1.genblk1.lut0 (4 -> 1)
  Optimizing lut $auto$abc_ops_reintegrate.cc:655:reintegrate$14260.genblk1.genblk1.genblk1.genblk1.genblk1.genblk1.genblk1.lut1 (4 -> 1)
  Optimizing lut $abc$14232$lut$aiger14231$809.genblk1.genblk1.genblk1.genblk1.genblk1.lut1 (4 -> 1)
  Optimizing lut $abc$14232$lut$aiger$o460.genblk1.genblk1.genblk1.genblk1.genblk1.lut1 (4 -> 0)
  Optimizing lut $auto$abc_ops_reintegrate.cc:655:reintegrate$14249.genblk1.genblk1.genblk1.genblk1.genblk1.genblk1.genblk1.lut0 (4 -> 1)
  Optimizing lut $abc$14232$lut$aiger14231$538.genblk1.genblk1.genblk1.genblk1.genblk1.genblk1.lut0 (4 -> 0)
  Optimizing lut $auto$abc_ops_reintegrate.cc:655:reintegrate$14268.genblk1.genblk1.genblk1.genblk1.genblk1.genblk1.genblk1.lut0 (4 -> 1)
  Optimizing lut $auto$abc_ops_reintegrate.cc:655:reintegrate$14252.genblk1.genblk1.genblk1.genblk1.genblk1.genblk1.genblk1.lut0 (4 -> 1)
  Optimizing lut $abc$14232$lut$aiger14231$288.genblk1.genblk1.genblk1.genblk1.genblk1.genblk1.genblk1.lut0 (4 -> 1)
  Optimizing lut $auto$abc_ops_reintegrate.cc:655:reintegrate$14253.genblk1.genblk1.genblk1.genblk1.genblk1.genblk1.genblk1.lut0 (4 -> 1)
  Optimizing lut $auto$abc_ops_reintegrate.cc:655:reintegrate$14251.genblk1.genblk1.genblk1.genblk1.genblk1.lut0 (4 -> 3)
  Optimizing lut $auto$abc_ops_reintegrate.cc:655:reintegrate$14277.genblk1.genblk1.genblk1.genblk1.genblk1.genblk1.lut0 (4 -> 1)
  Optimizing lut $auto$abc_ops_reintegrate.cc:655:reintegrate$14256.genblk1.genblk1.genblk1.genblk1.genblk1.genblk1.genblk1.lut0 (4 -> 1)
  Optimizing lut $auto$abc_ops_reintegrate.cc:655:reintegrate$14258.genblk1.genblk1.genblk1.genblk1.genblk1.genblk1.genblk1.lut0 (4 -> 1)
  Optimizing lut $auto$abc_ops_reintegrate.cc:655:reintegrate$14255.genblk1.genblk1.genblk1.genblk1.genblk1.genblk1.genblk1.lut0 (4 -> 1)
  Optimizing lut $auto$abc_ops_reintegrate.cc:655:reintegrate$14281.genblk1.genblk1.genblk1.genblk1.genblk1.genblk1.genblk1.lut0 (4 -> 1)
  Optimizing lut $auto$abc_ops_reintegrate.cc:655:reintegrate$14262.genblk1.genblk1.genblk1.genblk1.genblk1.genblk1.lut0 (4 -> 1)
  Optimizing lut $auto$abc_ops_reintegrate.cc:655:reintegrate$14263.genblk1.genblk1.genblk1.genblk1.genblk1.genblk1.genblk1.lut0 (4 -> 1)
  Optimizing lut $auto$abc_ops_reintegrate.cc:655:reintegrate$14264.genblk1.genblk1.genblk1.genblk1.genblk1.genblk1.genblk1.lut0 (4 -> 1)
  Optimizing lut $auto$abc_ops_reintegrate.cc:655:reintegrate$14265.genblk1.genblk1.genblk1.genblk1.genblk1.genblk1.genblk1.lut0 (4 -> 1)
  Optimizing lut $auto$abc_ops_reintegrate.cc:655:reintegrate$14244.genblk1.genblk1.genblk1.genblk1.genblk1.genblk1.genblk1.lut0 (4 -> 1)
  Optimizing lut $auto$abc_ops_reintegrate.cc:655:reintegrate$14261.genblk1.genblk1.genblk1.genblk1.genblk1.genblk1.genblk1.lut0 (4 -> 1)
  Optimizing lut $auto$abc_ops_reintegrate.cc:655:reintegrate$14260.genblk1.genblk1.genblk1.genblk1.genblk1.genblk1.genblk1.lut0 (4 -> 1)
  Optimizing lut $auto$abc_ops_reintegrate.cc:655:reintegrate$14248.genblk1.genblk1.genblk1.genblk1.genblk1.genblk1.genblk1.lut0 (4 -> 1)
  Optimizing lut $auto$abc_ops_reintegrate.cc:655:reintegrate$14266.genblk1.genblk1.genblk1.genblk1.genblk1.lut0 (4 -> 3)
  Optimizing lut $auto$abc_ops_reintegrate.cc:655:reintegrate$14270.genblk1.genblk1.genblk1.genblk1.genblk1.genblk1.genblk1.lut0 (4 -> 1)
  Optimizing lut $auto$abc_ops_reintegrate.cc:655:reintegrate$14271.genblk1.genblk1.genblk1.genblk1.genblk1.genblk1.genblk1.lut0 (4 -> 1)
  Optimizing lut $auto$abc_ops_reintegrate.cc:655:reintegrate$14272.genblk1.genblk1.genblk1.genblk1.genblk1.genblk1.lut0 (4 -> 1)
  Optimizing lut $auto$abc_ops_reintegrate.cc:655:reintegrate$14273.genblk1.genblk1.genblk1.genblk1.genblk1.genblk1.genblk1.lut0 (4 -> 1)
  Optimizing lut $auto$abc_ops_reintegrate.cc:655:reintegrate$14274.genblk1.genblk1.genblk1.genblk1.genblk1.genblk1.genblk1.lut0 (4 -> 1)
  Optimizing lut $auto$abc_ops_reintegrate.cc:655:reintegrate$14275.genblk1.genblk1.genblk1.genblk1.genblk1.genblk1.genblk1.lut0 (4 -> 1)
  Optimizing lut $auto$abc_ops_reintegrate.cc:655:reintegrate$14276.genblk1.genblk1.genblk1.genblk1.genblk1.genblk1.genblk1.lut0 (4 -> 1)
  Optimizing lut $auto$abc_ops_reintegrate.cc:655:reintegrate$14257.genblk1.genblk1.genblk1.genblk1.genblk1.genblk1.genblk1.lut0 (4 -> 1)
  Optimizing lut $auto$abc_ops_reintegrate.cc:655:reintegrate$14278.genblk1.genblk1.genblk1.genblk1.genblk1.genblk1.genblk1.lut0 (4 -> 1)
  Optimizing lut $auto$abc_ops_reintegrate.cc:655:reintegrate$14279.genblk1.genblk1.genblk1.genblk1.genblk1.genblk1.genblk1.lut0 (4 -> 1)
  Optimizing lut $auto$abc_ops_reintegrate.cc:655:reintegrate$14280.genblk1.genblk1.genblk1.genblk1.genblk1.genblk1.lut0 (4 -> 1)
  Optimizing lut $auto$abc_ops_reintegrate.cc:655:reintegrate$14236.genblk1.genblk1.genblk1.genblk1.genblk1.lut0 (4 -> 3)
  Optimizing lut $auto$abc_ops_reintegrate.cc:655:reintegrate$14237.genblk1.genblk1.genblk1.genblk1.genblk1.genblk1.genblk1.lut0 (4 -> 1)
  Optimizing lut $auto$abc_ops_reintegrate.cc:655:reintegrate$14239.genblk1.genblk1.genblk1.genblk1.genblk1.genblk1.genblk1.lut0 (4 -> 1)
  Optimizing lut $auto$abc_ops_reintegrate.cc:655:reintegrate$14254.genblk1.genblk1.genblk1.genblk1.genblk1.genblk1.genblk1.lut0 (4 -> 1)
  Optimizing lut $auto$abc_ops_reintegrate.cc:655:reintegrate$14240.genblk1.genblk1.genblk1.genblk1.genblk1.genblk1.genblk1.lut0 (4 -> 1)
  Optimizing lut $auto$abc_ops_reintegrate.cc:655:reintegrate$14242.genblk1.genblk1.genblk1.genblk1.genblk1.genblk1.genblk1.lut0 (4 -> 1)
  Optimizing lut $auto$abc_ops_reintegrate.cc:655:reintegrate$14243.genblk1.genblk1.genblk1.genblk1.genblk1.genblk1.genblk1.lut0 (4 -> 1)
  Optimizing lut $auto$abc_ops_reintegrate.cc:655:reintegrate$14247.genblk1.genblk1.genblk1.genblk1.genblk1.genblk1.lut0 (4 -> 1)
  Optimizing lut $abc$14232$lut$aiger14231$288.genblk1.genblk1.genblk1.genblk1.genblk1.genblk1.genblk1.lut1 (4 -> 1)
  Optimizing lut $auto$abc_ops_reintegrate.cc:655:reintegrate$14241.genblk1.genblk1.genblk1.genblk1.genblk1.genblk1.genblk1.lut0 (4 -> 1)
  Optimizing lut $auto$abc_ops_reintegrate.cc:655:reintegrate$14267.genblk1.genblk1.genblk1.genblk1.genblk1.genblk1.genblk1.lut0 (4 -> 1)
  Optimizing lut $auto$abc_ops_reintegrate.cc:655:reintegrate$14250.genblk1.genblk1.genblk1.genblk1.genblk1.genblk1.genblk1.lut0 (4 -> 1)
  Optimizing lut $auto$abc_ops_reintegrate.cc:655:reintegrate$14259.genblk1.genblk1.genblk1.genblk1.genblk1.genblk1.genblk1.lut0 (4 -> 1)
  Optimizing lut $abc$14232$lut$aiger14231$278.genblk1.genblk1.genblk1.genblk1.genblk1.genblk1.lut1 (4 -> 0)
Removed 0 unused cells and 462 unused wires.

3.49. Executing AUTONAME pass.
Renamed 1855 objects in module axi_read_state_bank.
<suppressed ~1855 debug messages>

3.50. Executing HIERARCHY pass (managing design hierarchy).
Attribute `top' found on module `axi_read_state_bank'. Setting top module to axi_read_state_bank.

3.50.1. Analyzing design hierarchy..
Top module:  \axi_read_state_bank

3.50.2. Analyzing design hierarchy..
Top module:  \axi_read_state_bank
Removed 0 unused modules.

3.51. Printing statistics.

=== axi_read_state_bank ===

        +----------Local Count, excluding submodules.
        |
      906 wires
     1402 wire bits
      906 public wires
     1402 public wire bits
       15 ports
      149 port bits
      981 submodules
       18   CCU2C
      143   L6MUX21
      550   LUT4
      213   PFUMX
       57   TRELLIS_FF

=== design hierarchy ===

        +----------Count including submodules.
        |
        - axi_read_state_bank

        +----------Count including submodules.
        |
      906 wires
     1402 wire bits
      906 public wires
     1402 public wire bits
       15 ports
      149 port bits
        - memories
        - memory bits
        - processes
        - cells
      981 submodules
       18   CCU2C
      143   L6MUX21
      550   LUT4
      213   PFUMX
       57   TRELLIS_FF

3.52. Executing CHECK pass (checking for obvious problems).
Checking module axi_read_state_bank...
Found and reported 0 problems.

3.53. Executing JSON backend.

4. Printing statistics.

=== axi_read_state_bank ===

        +----------Local Count, excluding submodules.
        |
      906 wires
     1402 wire bits
      906 public wires
     1402 public wire bits
       15 ports
      149 port bits
      981 cells
       18   CCU2C
      143   L6MUX21
      550   LUT4
      213   PFUMX
       57   TRELLIS_FF

Warnings: 3 unique messages, 3 total
Warnings: 1 experimental features used (not excluded with -x).
End of script. Logfile hash: 19d52cf2aa, time: 0.60s, user: 0.45s, system: 0.02s, MEM: 54.84 MB peak
Yosys 0.69+75 (git sha1 f0b945f63-dirty, Release, Clang /usr/local/osxcross/target/bin/aarch64-apple-darwin25.5-clang++ 21.1.8)
Time spent: 38% 22x read_verilog (0 sec), 22% 1x abc9_exe (0 sec), ...
