
-- Running command `read_verilog -sv /Users/Dilan/Projects/fabric-under-pressure/rtl/axi_rr_arbiter_3.sv /Users/Dilan/Projects/fabric-under-pressure/rtl/axi_ar_target_scheduler_a.sv /Users/Dilan/Projects/fabric-under-pressure/rtl/axi_ar_target_path_a.sv; synth_ecp5 -top axi_ar_target_path_a -json /Users/Dilan/Projects/fabric-under-pressure/results/raw/ar_target_path/axi_ar_target_path_a_ecp5.json; stat' --

1. Executing Verilog-2005 frontend: /Users/Dilan/Projects/fabric-under-pressure/rtl/axi_rr_arbiter_3.sv
Parsing SystemVerilog input from `/Users/Dilan/Projects/fabric-under-pressure/rtl/axi_rr_arbiter_3.sv' to AST representation.
Generating RTLIL representation for module `\axi_rr_arbiter_3'.
Successfully finished Verilog frontend.

2. Executing Verilog-2005 frontend: /Users/Dilan/Projects/fabric-under-pressure/rtl/axi_ar_target_scheduler_a.sv
Parsing SystemVerilog input from `/Users/Dilan/Projects/fabric-under-pressure/rtl/axi_ar_target_scheduler_a.sv' to AST representation.
Generating RTLIL representation for module `\axi_ar_target_scheduler_a'.
Successfully finished Verilog frontend.

3. Executing Verilog-2005 frontend: /Users/Dilan/Projects/fabric-under-pressure/rtl/axi_ar_target_path_a.sv
Parsing SystemVerilog input from `/Users/Dilan/Projects/fabric-under-pressure/rtl/axi_ar_target_path_a.sv' to AST representation.
Generating RTLIL representation for module `\axi_ar_target_path_a'.
Successfully finished Verilog frontend.

4. Executing SYNTH_LATTICE pass.

4.1. Executing Verilog-2005 frontend: /Users/Dilan/eda/fabric-under-pressure/oss-cad-suite/libexec/../share/yosys/lattice/cells_sim_ecp5.v
Parsing Verilog input from `/Users/Dilan/eda/fabric-under-pressure/oss-cad-suite/libexec/../share/yosys/lattice/cells_sim_ecp5.v' to AST representation.
Generating RTLIL representation for module `\LUT4'.
Generating RTLIL representation for module `\$__ABC9_LUT5'.
Generating RTLIL representation for module `\$__ABC9_LUT6'.
Generating RTLIL representation for module `\$__ABC9_LUT7'.
Generating RTLIL representation for module `\L6MUX21'.
Generating RTLIL representation for module `\TRELLIS_RAM16X2'.
Generating RTLIL representation for module `\PFUMX'.
Generating RTLIL representation for module `\TRELLIS_DPR16X4'.
Generating RTLIL representation for module `\DPR16X4C'.
Generating RTLIL representation for module `\LUT2'.
Generating RTLIL representation for module `\TRELLIS_FF'.
Generating RTLIL representation for module `\TRELLIS_IO'.
Generating RTLIL representation for module `\INV'.
Generating RTLIL representation for module `\TRELLIS_COMB'.
Generating RTLIL representation for module `\VLO'.
Generating RTLIL representation for module `\VHI'.
Generating RTLIL representation for module `\FD1P3AX'.
Generating RTLIL representation for module `\FD1P3AY'.
Generating RTLIL representation for module `\FD1P3BX'.
Generating RTLIL representation for module `\FD1P3DX'.
Generating RTLIL representation for module `\FD1P3IX'.
Generating RTLIL representation for module `\FD1P3JX'.
Generating RTLIL representation for module `\FD1S3AX'.
Generating RTLIL representation for module `\FD1S3AY'.
Generating RTLIL representation for module `\FD1S3BX'.
Generating RTLIL representation for module `\FD1S3DX'.
Generating RTLIL representation for module `\FD1S3IX'.
Generating RTLIL representation for module `\FD1S3JX'.
Generating RTLIL representation for module `\IFS1P3BX'.
Generating RTLIL representation for module `\IFS1P3DX'.
Generating RTLIL representation for module `\IFS1P3IX'.
Generating RTLIL representation for module `\IFS1P3JX'.
Generating RTLIL representation for module `\OFS1P3BX'.
Generating RTLIL representation for module `\OFS1P3DX'.
Generating RTLIL representation for module `\OFS1P3IX'.
Generating RTLIL representation for module `\OFS1P3JX'.
Generating RTLIL representation for module `\IB'.
Generating RTLIL representation for module `\IBPU'.
Generating RTLIL representation for module `\IBPD'.
Generating RTLIL representation for module `\OB'.
Generating RTLIL representation for module `\OBZ'.
Generating RTLIL representation for module `\OBZPU'.
Generating RTLIL representation for module `\OBZPD'.
Generating RTLIL representation for module `\OBCO'.
Generating RTLIL representation for module `\BB'.
Generating RTLIL representation for module `\BBPU'.
Generating RTLIL representation for module `\BBPD'.
Generating RTLIL representation for module `\ILVDS'.
Generating RTLIL representation for module `\OLVDS'.
Generating RTLIL representation for module `\CCU2C'.
Generating RTLIL representation for module `\DP16KD'.
Replacing existing blackbox module `\FD1P3AX' at /Users/Dilan/eda/fabric-under-pressure/oss-cad-suite/libexec/../share/yosys/lattice/cells_ff.vh:2.1-2.261.
Generating RTLIL representation for module `\FD1P3AX'.
Replacing existing blackbox module `\FD1P3AY' at /Users/Dilan/eda/fabric-under-pressure/oss-cad-suite/libexec/../share/yosys/lattice/cells_ff.vh:3.1-3.261.
Generating RTLIL representation for module `\FD1P3AY'.
Replacing existing blackbox module `\FD1P3BX' at /Users/Dilan/eda/fabric-under-pressure/oss-cad-suite/libexec/../share/yosys/lattice/cells_ff.vh:4.1-4.261.
Generating RTLIL representation for module `\FD1P3BX'.
Replacing existing blackbox module `\FD1P3DX' at /Users/Dilan/eda/fabric-under-pressure/oss-cad-suite/libexec/../share/yosys/lattice/cells_ff.vh:5.1-5.261.
Generating RTLIL representation for module `\FD1P3DX'.
Replacing existing blackbox module `\FD1P3IX' at /Users/Dilan/eda/fabric-under-pressure/oss-cad-suite/libexec/../share/yosys/lattice/cells_ff.vh:6.1-6.261.
Generating RTLIL representation for module `\FD1P3IX'.
Replacing existing blackbox module `\FD1P3JX' at /Users/Dilan/eda/fabric-under-pressure/oss-cad-suite/libexec/../share/yosys/lattice/cells_ff.vh:7.1-7.261.
Generating RTLIL representation for module `\FD1P3JX'.
Replacing existing blackbox module `\FD1S3AX' at /Users/Dilan/eda/fabric-under-pressure/oss-cad-suite/libexec/../share/yosys/lattice/cells_ff.vh:8.1-8.261.
Generating RTLIL representation for module `\FD1S3AX'.
Replacing existing blackbox module `\FD1S3AY' at /Users/Dilan/eda/fabric-under-pressure/oss-cad-suite/libexec/../share/yosys/lattice/cells_ff.vh:9.1-9.261.
Generating RTLIL representation for module `\FD1S3AY'.
Replacing existing blackbox module `\FD1S3BX' at /Users/Dilan/eda/fabric-under-pressure/oss-cad-suite/libexec/../share/yosys/lattice/cells_ff.vh:10.1-10.261.
Generating RTLIL representation for module `\FD1S3BX'.
Replacing existing blackbox module `\FD1S3DX' at /Users/Dilan/eda/fabric-under-pressure/oss-cad-suite/libexec/../share/yosys/lattice/cells_ff.vh:11.1-11.261.
Generating RTLIL representation for module `\FD1S3DX'.
Replacing existing blackbox module `\FD1S3IX' at /Users/Dilan/eda/fabric-under-pressure/oss-cad-suite/libexec/../share/yosys/lattice/cells_ff.vh:12.1-12.261.
Generating RTLIL representation for module `\FD1S3IX'.
Replacing existing blackbox module `\FD1S3JX' at /Users/Dilan/eda/fabric-under-pressure/oss-cad-suite/libexec/../share/yosys/lattice/cells_ff.vh:13.1-13.261.
Generating RTLIL representation for module `\FD1S3JX'.
Replacing existing blackbox module `\IFS1P3BX' at /Users/Dilan/eda/fabric-under-pressure/oss-cad-suite/libexec/../share/yosys/lattice/cells_ff.vh:26.1-26.301.
Generating RTLIL representation for module `\IFS1P3BX'.
Replacing existing blackbox module `\IFS1P3DX' at /Users/Dilan/eda/fabric-under-pressure/oss-cad-suite/libexec/../share/yosys/lattice/cells_ff.vh:27.1-27.301.
Generating RTLIL representation for module `\IFS1P3DX'.
Replacing existing blackbox module `\IFS1P3IX' at /Users/Dilan/eda/fabric-under-pressure/oss-cad-suite/libexec/../share/yosys/lattice/cells_ff.vh:28.1-28.301.
Generating RTLIL representation for module `\IFS1P3IX'.
Replacing existing blackbox module `\IFS1P3JX' at /Users/Dilan/eda/fabric-under-pressure/oss-cad-suite/libexec/../share/yosys/lattice/cells_ff.vh:29.1-29.301.
Generating RTLIL representation for module `\IFS1P3JX'.
Replacing existing blackbox module `\OFS1P3BX' at /Users/Dilan/eda/fabric-under-pressure/oss-cad-suite/libexec/../share/yosys/lattice/cells_ff.vh:31.1-31.302.
Generating RTLIL representation for module `\OFS1P3BX'.
Replacing existing blackbox module `\OFS1P3DX' at /Users/Dilan/eda/fabric-under-pressure/oss-cad-suite/libexec/../share/yosys/lattice/cells_ff.vh:32.1-32.302.
Generating RTLIL representation for module `\OFS1P3DX'.
Replacing existing blackbox module `\OFS1P3IX' at /Users/Dilan/eda/fabric-under-pressure/oss-cad-suite/libexec/../share/yosys/lattice/cells_ff.vh:33.1-33.302.
Generating RTLIL representation for module `\OFS1P3IX'.
Replacing existing blackbox module `\OFS1P3JX' at /Users/Dilan/eda/fabric-under-pressure/oss-cad-suite/libexec/../share/yosys/lattice/cells_ff.vh:34.1-34.302.
Generating RTLIL representation for module `\OFS1P3JX'.
Replacing existing blackbox module `\IB' at /Users/Dilan/eda/fabric-under-pressure/oss-cad-suite/libexec/../share/yosys/lattice/cells_io.vh:2.1-2.157.
Generating RTLIL representation for module `\IB'.
Replacing existing blackbox module `\IBPU' at /Users/Dilan/eda/fabric-under-pressure/oss-cad-suite/libexec/../share/yosys/lattice/cells_io.vh:3.1-3.157.
Generating RTLIL representation for module `\IBPU'.
Replacing existing blackbox module `\IBPD' at /Users/Dilan/eda/fabric-under-pressure/oss-cad-suite/libexec/../share/yosys/lattice/cells_io.vh:4.1-4.157.
Generating RTLIL representation for module `\IBPD'.
Replacing existing blackbox module `\OB' at /Users/Dilan/eda/fabric-under-pressure/oss-cad-suite/libexec/../share/yosys/lattice/cells_io.vh:5.1-5.157.
Generating RTLIL representation for module `\OB'.
Replacing existing blackbox module `\OBZ' at /Users/Dilan/eda/fabric-under-pressure/oss-cad-suite/libexec/../share/yosys/lattice/cells_io.vh:6.1-6.164.
Generating RTLIL representation for module `\OBZ'.
Replacing existing blackbox module `\OBZPU' at /Users/Dilan/eda/fabric-under-pressure/oss-cad-suite/libexec/../share/yosys/lattice/cells_io.vh:7.1-7.164.
Generating RTLIL representation for module `\OBZPU'.
Replacing existing blackbox module `\OBZPD' at /Users/Dilan/eda/fabric-under-pressure/oss-cad-suite/libexec/../share/yosys/lattice/cells_io.vh:8.1-8.164.
Generating RTLIL representation for module `\OBZPD'.
Replacing existing blackbox module `\OBCO' at /Users/Dilan/eda/fabric-under-pressure/oss-cad-suite/libexec/../share/yosys/lattice/cells_io.vh:9.1-9.90.
Generating RTLIL representation for module `\OBCO'.
Replacing existing blackbox module `\BB' at /Users/Dilan/eda/fabric-under-pressure/oss-cad-suite/libexec/../share/yosys/lattice/cells_io.vh:10.1-10.179.
Generating RTLIL representation for module `\BB'.
Replacing existing blackbox module `\BBPU' at /Users/Dilan/eda/fabric-under-pressure/oss-cad-suite/libexec/../share/yosys/lattice/cells_io.vh:11.1-11.179.
Generating RTLIL representation for module `\BBPU'.
Replacing existing blackbox module `\BBPD' at /Users/Dilan/eda/fabric-under-pressure/oss-cad-suite/libexec/../share/yosys/lattice/cells_io.vh:12.1-12.179.
Generating RTLIL representation for module `\BBPD'.
Replacing existing blackbox module `\ILVDS' at /Users/Dilan/eda/fabric-under-pressure/oss-cad-suite/libexec/../share/yosys/lattice/cells_io.vh:13.1-13.139.
Generating RTLIL representation for module `\ILVDS'.
Replacing existing blackbox module `\OLVDS' at /Users/Dilan/eda/fabric-under-pressure/oss-cad-suite/libexec/../share/yosys/lattice/cells_io.vh:14.1-14.146.
Generating RTLIL representation for module `\OLVDS'.
Successfully finished Verilog frontend.

4.2. Executing Verilog-2005 frontend: /Users/Dilan/eda/fabric-under-pressure/oss-cad-suite/libexec/../share/yosys/lattice/cells_bb_ecp5.v
Parsing Verilog input from `/Users/Dilan/eda/fabric-under-pressure/oss-cad-suite/libexec/../share/yosys/lattice/cells_bb_ecp5.v' to AST representation.
Generating RTLIL representation for module `\GSR'.
Generating RTLIL representation for module `\PUR'.
Generating RTLIL representation for module `\SGSR'.
Generating RTLIL representation for module `\PDPW16KD'.
Generating RTLIL representation for module `\MULT18X18D'.
Generating RTLIL representation for module `\ALU54B'.
Generating RTLIL representation for module `\CLKDIVF'.
Generating RTLIL representation for module `\PCSCLKDIV'.
Generating RTLIL representation for module `\DCSC'.
Generating RTLIL representation for module `\DCCA'.
Generating RTLIL representation for module `\ECLKSYNCB'.
Generating RTLIL representation for module `\ECLKBRIDGECS'.
Generating RTLIL representation for module `\DELAYF'.
Generating RTLIL representation for module `\DELAYG'.
Generating RTLIL representation for module `\USRMCLK'.
Generating RTLIL representation for module `\DQSBUFM'.
Generating RTLIL representation for module `\DDRDLLA'.
Generating RTLIL representation for module `\DLLDELD'.
Generating RTLIL representation for module `\IDDRX1F'.
Generating RTLIL representation for module `\IDDRX2F'.
Generating RTLIL representation for module `\IDDR71B'.
Generating RTLIL representation for module `\IDDRX2DQA'.
Generating RTLIL representation for module `\ODDRX1F'.
Generating RTLIL representation for module `\ODDRX2F'.
Generating RTLIL representation for module `\ODDR71B'.
Generating RTLIL representation for module `\OSHX2A'.
Generating RTLIL representation for module `\TSHX2DQA'.
Generating RTLIL representation for module `\TSHX2DQSA'.
Generating RTLIL representation for module `\ODDRX2DQA'.
Generating RTLIL representation for module `\ODDRX2DQSB'.
Generating RTLIL representation for module `\EHXPLLL'.
Generating RTLIL representation for module `\DTR'.
Generating RTLIL representation for module `\OSCG'.
Generating RTLIL representation for module `\EXTREFB'.
Generating RTLIL representation for module `\JTAGG'.
Generating RTLIL representation for module `\DCUA'.
Successfully finished Verilog frontend.

4.3. Executing HIERARCHY pass (managing design hierarchy).

4.3.1. Analyzing design hierarchy..
Top module:  \axi_ar_target_path_a
Used module:     \axi_ar_target_scheduler_a
Used module:         \axi_rr_arbiter_3

4.3.2. Analyzing design hierarchy..
Top module:  \axi_ar_target_path_a
Used module:     \axi_ar_target_scheduler_a
Used module:         \axi_rr_arbiter_3
Removed 0 unused modules.

4.4. Executing PROC pass (convert processes to netlists).

4.4.1. Executing PROC_CLEAN pass (remove empty switches from decision trees).
Cleaned up 0 empty switches.

4.4.2. Executing PROC_RMDEAD pass (remove dead branches from decision trees).
Marked 2 switch rules as full_case in process $proc$/Users/Dilan/Projects/fabric-under-pressure/rtl/axi_ar_target_path_a.sv:175$44 in module axi_ar_target_path_a.
Marked 1 switch rules as full_case in process $proc$/Users/Dilan/Projects/fabric-under-pressure/rtl/axi_ar_target_path_a.sv:100$30 in module axi_ar_target_path_a.
Marked 1 switch rules as full_case in process $proc$/Users/Dilan/Projects/fabric-under-pressure/rtl/axi_rr_arbiter_3.sv:130$19 in module axi_rr_arbiter_3.
Marked 4 switch rules as full_case in process $proc$/Users/Dilan/Projects/fabric-under-pressure/rtl/axi_rr_arbiter_3.sv:108$4 in module axi_rr_arbiter_3.
Marked 10 switch rules as full_case in process $proc$/Users/Dilan/Projects/fabric-under-pressure/rtl/axi_rr_arbiter_3.sv:49$3 in module axi_rr_arbiter_3.
Removed a total of 0 dead cases.

4.4.3. Executing PROC_PRUNE pass (remove redundant assignments in processes).
Removed 4 redundant assignments.
Promoted 49 assignments to connections.

4.4.4. Executing PROC_INIT pass (extract init attributes).

4.4.5. Executing PROC_ARST pass (detect async resets in processes).
Found async reset \ARESETn in `\axi_ar_target_path_a.$proc$/Users/Dilan/Projects/fabric-under-pressure/rtl/axi_ar_target_path_a.sv:175$44'.
Found async reset \ARESETn in `\axi_rr_arbiter_3.$proc$/Users/Dilan/Projects/fabric-under-pressure/rtl/axi_rr_arbiter_3.sv:130$19'.

4.4.6. Executing PROC_ROM pass (convert switches to ROMs).
Converted 0 switches.
<suppressed ~17 debug messages>

4.4.7. Executing PROC_MUX pass (convert decision trees to multiplexers).
Creating decoders for process `\axi_ar_target_path_a.$proc$/Users/Dilan/Projects/fabric-under-pressure/rtl/axi_ar_target_path_a.sv:175$44'.
     1/11: $0\slot_arregion_q[3:0]
     2/11: $0\slot_arqos_q[3:0]
     3/11: $0\slot_arprot_q[2:0]
     4/11: $0\slot_arcache_q[3:0]
     5/11: $0\slot_arlock_q[0:0]
     6/11: $0\slot_arburst_q[1:0]
     7/11: $0\slot_arsize_q[2:0]
     8/11: $0\slot_arlen_q[7:0]
     9/11: $0\slot_araddr_q[31:0]
    10/11: $0\slot_arid_q[5:0]
    11/11: $0\slot_valid_q[0:0]
Creating decoders for process `\axi_ar_target_path_a.$proc$/Users/Dilan/Projects/fabric-under-pressure/rtl/axi_ar_target_path_a.sv:145$32'.
Creating decoders for process `\axi_ar_target_path_a.$proc$/Users/Dilan/Projects/fabric-under-pressure/rtl/axi_ar_target_path_a.sv:100$30'.
     1/10: $1\selected_arregion[3:0]
     2/10: $1\selected_arqos[3:0]
     3/10: $1\selected_arprot[2:0]
     4/10: $1\selected_arcache[3:0]
     5/10: $1\selected_arlock[0:0]
     6/10: $1\selected_arburst[1:0]
     7/10: $1\selected_arsize[2:0]
     8/10: $1\selected_arlen[7:0]
     9/10: $1\selected_araddr[31:0]
    10/10: $1\selected_arid[3:0]
Creating decoders for process `\axi_ar_target_scheduler_a.$proc$/Users/Dilan/Projects/fabric-under-pressure/rtl/axi_ar_target_scheduler_a.sv:23$22'.
Creating decoders for process `\axi_rr_arbiter_3.$proc$/Users/Dilan/Projects/fabric-under-pressure/rtl/axi_rr_arbiter_3.sv:144$21'.
Creating decoders for process `\axi_rr_arbiter_3.$proc$/Users/Dilan/Projects/fabric-under-pressure/rtl/axi_rr_arbiter_3.sv:130$19'.
     1/4: $0\selected_manager_q[1:0]
     2/4: $0\grant_valid_q[0:0]
     3/4: $0\grant_q[2:0]
     4/4: $0\pointer_q[1:0]
Creating decoders for process `\axi_rr_arbiter_3.$proc$/Users/Dilan/Projects/fabric-under-pressure/rtl/axi_rr_arbiter_3.sv:108$4'.
     1/20: $3\next_pointer$func$/Users/Dilan/Projects/fabric-under-pressure/rtl/axi_rr_arbiter_3.sv:118$2.$result[1:0]$18
     2/20: $3\next_pointer$func$/Users/Dilan/Projects/fabric-under-pressure/rtl/axi_rr_arbiter_3.sv:117$1.$result[1:0]$17
     3/20: $2\selected_manager_d[1:0]
     4/20: $2\grant_valid_d[0:0]
     5/20: $2\grant_d[2:0]
     6/20: $2\selection_pointer[1:0]
     7/20: $2\next_pointer$func$/Users/Dilan/Projects/fabric-under-pressure/rtl/axi_rr_arbiter_3.sv:118$2.$result[1:0]$15
     8/20: $2\next_pointer$func$/Users/Dilan/Projects/fabric-under-pressure/rtl/axi_rr_arbiter_3.sv:118$2.winner[1:0]$16
     9/20: $2\pointer_d[1:0]
    10/20: $2\next_pointer$func$/Users/Dilan/Projects/fabric-under-pressure/rtl/axi_rr_arbiter_3.sv:117$1.$result[1:0]$13
    11/20: $2\next_pointer$func$/Users/Dilan/Projects/fabric-under-pressure/rtl/axi_rr_arbiter_3.sv:117$1.winner[1:0]$14
    12/20: $1\next_pointer$func$/Users/Dilan/Projects/fabric-under-pressure/rtl/axi_rr_arbiter_3.sv:118$2.winner[1:0]$12
    13/20: $1\next_pointer$func$/Users/Dilan/Projects/fabric-under-pressure/rtl/axi_rr_arbiter_3.sv:118$2.$result[1:0]$11
    14/20: $1\next_pointer$func$/Users/Dilan/Projects/fabric-under-pressure/rtl/axi_rr_arbiter_3.sv:117$1.winner[1:0]$10
    15/20: $1\next_pointer$func$/Users/Dilan/Projects/fabric-under-pressure/rtl/axi_rr_arbiter_3.sv:117$1.$result[1:0]$9
    16/20: $1\selection_pointer[1:0]
    17/20: $1\selected_manager_d[1:0]
    18/20: $1\grant_valid_d[0:0]
    19/20: $1\grant_d[2:0]
    20/20: $1\pointer_d[1:0]
Creating decoders for process `\axi_rr_arbiter_3.$proc$/Users/Dilan/Projects/fabric-under-pressure/rtl/axi_rr_arbiter_3.sv:49$3'.
     1/30: $10\candidate_valid[0:0]
     2/30: $10\candidate_manager[1:0]
     3/30: $10\candidate_grant[2:0]
     4/30: $9\candidate_valid[0:0]
     5/30: $9\candidate_manager[1:0]
     6/30: $9\candidate_grant[2:0]
     7/30: $8\candidate_valid[0:0]
     8/30: $8\candidate_manager[1:0]
     9/30: $8\candidate_grant[2:0]
    10/30: $7\candidate_valid[0:0]
    11/30: $7\candidate_manager[1:0]
    12/30: $7\candidate_grant[2:0]
    13/30: $6\candidate_valid[0:0]
    14/30: $6\candidate_manager[1:0]
    15/30: $6\candidate_grant[2:0]
    16/30: $5\candidate_valid[0:0]
    17/30: $5\candidate_manager[1:0]
    18/30: $5\candidate_grant[2:0]
    19/30: $4\candidate_valid[0:0]
    20/30: $4\candidate_manager[1:0]
    21/30: $4\candidate_grant[2:0]
    22/30: $3\candidate_valid[0:0]
    23/30: $3\candidate_manager[1:0]
    24/30: $3\candidate_grant[2:0]
    25/30: $2\candidate_valid[0:0]
    26/30: $2\candidate_manager[1:0]
    27/30: $2\candidate_grant[2:0]
    28/30: $1\candidate_manager[1:0]
    29/30: $1\candidate_valid[0:0]
    30/30: $1\candidate_grant[2:0]

4.4.8. Executing PROC_DLATCH pass (convert process syncs to latches).
No latch inferred for signal `\axi_ar_target_path_a.\manager_arready' from process `\axi_ar_target_path_a.$proc$/Users/Dilan/Projects/fabric-under-pressure/rtl/axi_ar_target_path_a.sv:145$32'.
No latch inferred for signal `\axi_ar_target_path_a.\manager_ar_fire' from process `\axi_ar_target_path_a.$proc$/Users/Dilan/Projects/fabric-under-pressure/rtl/axi_ar_target_path_a.sv:145$32'.
No latch inferred for signal `\axi_ar_target_path_a.\ar_admit_fire' from process `\axi_ar_target_path_a.$proc$/Users/Dilan/Projects/fabric-under-pressure/rtl/axi_ar_target_path_a.sv:145$32'.
No latch inferred for signal `\axi_ar_target_path_a.\admitted_manager' from process `\axi_ar_target_path_a.$proc$/Users/Dilan/Projects/fabric-under-pressure/rtl/axi_ar_target_path_a.sv:145$32'.
No latch inferred for signal `\axi_ar_target_path_a.\admitted_arid' from process `\axi_ar_target_path_a.$proc$/Users/Dilan/Projects/fabric-under-pressure/rtl/axi_ar_target_path_a.sv:145$32'.
No latch inferred for signal `\axi_ar_target_path_a.\admitted_internal_id' from process `\axi_ar_target_path_a.$proc$/Users/Dilan/Projects/fabric-under-pressure/rtl/axi_ar_target_path_a.sv:145$32'.
No latch inferred for signal `\axi_ar_target_path_a.\admitted_target' from process `\axi_ar_target_path_a.$proc$/Users/Dilan/Projects/fabric-under-pressure/rtl/axi_ar_target_path_a.sv:145$32'.
No latch inferred for signal `\axi_ar_target_path_a.\admitted_arlen' from process `\axi_ar_target_path_a.$proc$/Users/Dilan/Projects/fabric-under-pressure/rtl/axi_ar_target_path_a.sv:145$32'.
No latch inferred for signal `\axi_ar_target_path_a.\target_arvalid' from process `\axi_ar_target_path_a.$proc$/Users/Dilan/Projects/fabric-under-pressure/rtl/axi_ar_target_path_a.sv:145$32'.
No latch inferred for signal `\axi_ar_target_path_a.\target_arid' from process `\axi_ar_target_path_a.$proc$/Users/Dilan/Projects/fabric-under-pressure/rtl/axi_ar_target_path_a.sv:145$32'.
No latch inferred for signal `\axi_ar_target_path_a.\target_araddr' from process `\axi_ar_target_path_a.$proc$/Users/Dilan/Projects/fabric-under-pressure/rtl/axi_ar_target_path_a.sv:145$32'.
No latch inferred for signal `\axi_ar_target_path_a.\target_arlen' from process `\axi_ar_target_path_a.$proc$/Users/Dilan/Projects/fabric-under-pressure/rtl/axi_ar_target_path_a.sv:145$32'.
No latch inferred for signal `\axi_ar_target_path_a.\target_arsize' from process `\axi_ar_target_path_a.$proc$/Users/Dilan/Projects/fabric-under-pressure/rtl/axi_ar_target_path_a.sv:145$32'.
No latch inferred for signal `\axi_ar_target_path_a.\target_arburst' from process `\axi_ar_target_path_a.$proc$/Users/Dilan/Projects/fabric-under-pressure/rtl/axi_ar_target_path_a.sv:145$32'.
No latch inferred for signal `\axi_ar_target_path_a.\target_arlock' from process `\axi_ar_target_path_a.$proc$/Users/Dilan/Projects/fabric-under-pressure/rtl/axi_ar_target_path_a.sv:145$32'.
No latch inferred for signal `\axi_ar_target_path_a.\target_arcache' from process `\axi_ar_target_path_a.$proc$/Users/Dilan/Projects/fabric-under-pressure/rtl/axi_ar_target_path_a.sv:145$32'.
No latch inferred for signal `\axi_ar_target_path_a.\target_arprot' from process `\axi_ar_target_path_a.$proc$/Users/Dilan/Projects/fabric-under-pressure/rtl/axi_ar_target_path_a.sv:145$32'.
No latch inferred for signal `\axi_ar_target_path_a.\target_arqos' from process `\axi_ar_target_path_a.$proc$/Users/Dilan/Projects/fabric-under-pressure/rtl/axi_ar_target_path_a.sv:145$32'.
No latch inferred for signal `\axi_ar_target_path_a.\target_arregion' from process `\axi_ar_target_path_a.$proc$/Users/Dilan/Projects/fabric-under-pressure/rtl/axi_ar_target_path_a.sv:145$32'.
No latch inferred for signal `\axi_ar_target_path_a.\target_ar_fire' from process `\axi_ar_target_path_a.$proc$/Users/Dilan/Projects/fabric-under-pressure/rtl/axi_ar_target_path_a.sv:145$32'.
No latch inferred for signal `\axi_ar_target_path_a.\selected_arid' from process `\axi_ar_target_path_a.$proc$/Users/Dilan/Projects/fabric-under-pressure/rtl/axi_ar_target_path_a.sv:100$30'.
No latch inferred for signal `\axi_ar_target_path_a.\selected_araddr' from process `\axi_ar_target_path_a.$proc$/Users/Dilan/Projects/fabric-under-pressure/rtl/axi_ar_target_path_a.sv:100$30'.
No latch inferred for signal `\axi_ar_target_path_a.\selected_arlen' from process `\axi_ar_target_path_a.$proc$/Users/Dilan/Projects/fabric-under-pressure/rtl/axi_ar_target_path_a.sv:100$30'.
No latch inferred for signal `\axi_ar_target_path_a.\selected_arsize' from process `\axi_ar_target_path_a.$proc$/Users/Dilan/Projects/fabric-under-pressure/rtl/axi_ar_target_path_a.sv:100$30'.
No latch inferred for signal `\axi_ar_target_path_a.\selected_arburst' from process `\axi_ar_target_path_a.$proc$/Users/Dilan/Projects/fabric-under-pressure/rtl/axi_ar_target_path_a.sv:100$30'.
No latch inferred for signal `\axi_ar_target_path_a.\selected_arlock' from process `\axi_ar_target_path_a.$proc$/Users/Dilan/Projects/fabric-under-pressure/rtl/axi_ar_target_path_a.sv:100$30'.
No latch inferred for signal `\axi_ar_target_path_a.\selected_arcache' from process `\axi_ar_target_path_a.$proc$/Users/Dilan/Projects/fabric-under-pressure/rtl/axi_ar_target_path_a.sv:100$30'.
No latch inferred for signal `\axi_ar_target_path_a.\selected_arprot' from process `\axi_ar_target_path_a.$proc$/Users/Dilan/Projects/fabric-under-pressure/rtl/axi_ar_target_path_a.sv:100$30'.
No latch inferred for signal `\axi_ar_target_path_a.\selected_arqos' from process `\axi_ar_target_path_a.$proc$/Users/Dilan/Projects/fabric-under-pressure/rtl/axi_ar_target_path_a.sv:100$30'.
No latch inferred for signal `\axi_ar_target_path_a.\selected_arregion' from process `\axi_ar_target_path_a.$proc$/Users/Dilan/Projects/fabric-under-pressure/rtl/axi_ar_target_path_a.sv:100$30'.
No latch inferred for signal `\axi_ar_target_scheduler_a.\raw_eligible' from process `\axi_ar_target_scheduler_a.$proc$/Users/Dilan/Projects/fabric-under-pressure/rtl/axi_ar_target_scheduler_a.sv:23$22'.
No latch inferred for signal `\axi_ar_target_scheduler_a.\ar_accept_fire' from process `\axi_ar_target_scheduler_a.$proc$/Users/Dilan/Projects/fabric-under-pressure/rtl/axi_ar_target_scheduler_a.sv:23$22'.
No latch inferred for signal `\axi_ar_target_scheduler_a.\arbiter_request' from process `\axi_ar_target_scheduler_a.$proc$/Users/Dilan/Projects/fabric-under-pressure/rtl/axi_ar_target_scheduler_a.sv:23$22'.
No latch inferred for signal `\axi_ar_target_scheduler_a.\effective_target_ready' from process `\axi_ar_target_scheduler_a.$proc$/Users/Dilan/Projects/fabric-under-pressure/rtl/axi_ar_target_scheduler_a.sv:23$22'.
No latch inferred for signal `\axi_rr_arbiter_3.\grant' from process `\axi_rr_arbiter_3.$proc$/Users/Dilan/Projects/fabric-under-pressure/rtl/axi_rr_arbiter_3.sv:144$21'.
No latch inferred for signal `\axi_rr_arbiter_3.\grant_valid' from process `\axi_rr_arbiter_3.$proc$/Users/Dilan/Projects/fabric-under-pressure/rtl/axi_rr_arbiter_3.sv:144$21'.
No latch inferred for signal `\axi_rr_arbiter_3.\selected_manager' from process `\axi_rr_arbiter_3.$proc$/Users/Dilan/Projects/fabric-under-pressure/rtl/axi_rr_arbiter_3.sv:144$21'.
No latch inferred for signal `\axi_rr_arbiter_3.\pointer_d' from process `\axi_rr_arbiter_3.$proc$/Users/Dilan/Projects/fabric-under-pressure/rtl/axi_rr_arbiter_3.sv:108$4'.
No latch inferred for signal `\axi_rr_arbiter_3.\grant_d' from process `\axi_rr_arbiter_3.$proc$/Users/Dilan/Projects/fabric-under-pressure/rtl/axi_rr_arbiter_3.sv:108$4'.
No latch inferred for signal `\axi_rr_arbiter_3.\grant_valid_d' from process `\axi_rr_arbiter_3.$proc$/Users/Dilan/Projects/fabric-under-pressure/rtl/axi_rr_arbiter_3.sv:108$4'.
No latch inferred for signal `\axi_rr_arbiter_3.\selected_manager_d' from process `\axi_rr_arbiter_3.$proc$/Users/Dilan/Projects/fabric-under-pressure/rtl/axi_rr_arbiter_3.sv:108$4'.
No latch inferred for signal `\axi_rr_arbiter_3.\selection_pointer' from process `\axi_rr_arbiter_3.$proc$/Users/Dilan/Projects/fabric-under-pressure/rtl/axi_rr_arbiter_3.sv:108$4'.
No latch inferred for signal `\axi_rr_arbiter_3.\candidate_grant' from process `\axi_rr_arbiter_3.$proc$/Users/Dilan/Projects/fabric-under-pressure/rtl/axi_rr_arbiter_3.sv:49$3'.
No latch inferred for signal `\axi_rr_arbiter_3.\candidate_valid' from process `\axi_rr_arbiter_3.$proc$/Users/Dilan/Projects/fabric-under-pressure/rtl/axi_rr_arbiter_3.sv:49$3'.
No latch inferred for signal `\axi_rr_arbiter_3.\candidate_manager' from process `\axi_rr_arbiter_3.$proc$/Users/Dilan/Projects/fabric-under-pressure/rtl/axi_rr_arbiter_3.sv:49$3'.

4.4.9. Executing PROC_DFF pass (convert process syncs to FFs).
Creating register for signal `\axi_ar_target_path_a.\slot_valid_q' using process `\axi_ar_target_path_a.$proc$/Users/Dilan/Projects/fabric-under-pressure/rtl/axi_ar_target_path_a.sv:175$44'.
  created $adff cell `$procdff$767' with positive edge clock and positive level reset.
Creating register for signal `\axi_ar_target_path_a.\slot_arid_q' using process `\axi_ar_target_path_a.$proc$/Users/Dilan/Projects/fabric-under-pressure/rtl/axi_ar_target_path_a.sv:175$44'.
  created $adff cell `$procdff$772' with positive edge clock and positive level reset.
Creating register for signal `\axi_ar_target_path_a.\slot_araddr_q' using process `\axi_ar_target_path_a.$proc$/Users/Dilan/Projects/fabric-under-pressure/rtl/axi_ar_target_path_a.sv:175$44'.
  created $adff cell `$procdff$777' with positive edge clock and positive level reset.
Creating register for signal `\axi_ar_target_path_a.\slot_arlen_q' using process `\axi_ar_target_path_a.$proc$/Users/Dilan/Projects/fabric-under-pressure/rtl/axi_ar_target_path_a.sv:175$44'.
  created $adff cell `$procdff$782' with positive edge clock and positive level reset.
Creating register for signal `\axi_ar_target_path_a.\slot_arsize_q' using process `\axi_ar_target_path_a.$proc$/Users/Dilan/Projects/fabric-under-pressure/rtl/axi_ar_target_path_a.sv:175$44'.
  created $adff cell `$procdff$787' with positive edge clock and positive level reset.
Creating register for signal `\axi_ar_target_path_a.\slot_arburst_q' using process `\axi_ar_target_path_a.$proc$/Users/Dilan/Projects/fabric-under-pressure/rtl/axi_ar_target_path_a.sv:175$44'.
  created $adff cell `$procdff$792' with positive edge clock and positive level reset.
Creating register for signal `\axi_ar_target_path_a.\slot_arlock_q' using process `\axi_ar_target_path_a.$proc$/Users/Dilan/Projects/fabric-under-pressure/rtl/axi_ar_target_path_a.sv:175$44'.
  created $adff cell `$procdff$797' with positive edge clock and positive level reset.
Creating register for signal `\axi_ar_target_path_a.\slot_arcache_q' using process `\axi_ar_target_path_a.$proc$/Users/Dilan/Projects/fabric-under-pressure/rtl/axi_ar_target_path_a.sv:175$44'.
  created $adff cell `$procdff$802' with positive edge clock and positive level reset.
Creating register for signal `\axi_ar_target_path_a.\slot_arprot_q' using process `\axi_ar_target_path_a.$proc$/Users/Dilan/Projects/fabric-under-pressure/rtl/axi_ar_target_path_a.sv:175$44'.
  created $adff cell `$procdff$807' with positive edge clock and positive level reset.
Creating register for signal `\axi_ar_target_path_a.\slot_arqos_q' using process `\axi_ar_target_path_a.$proc$/Users/Dilan/Projects/fabric-under-pressure/rtl/axi_ar_target_path_a.sv:175$44'.
  created $adff cell `$procdff$812' with positive edge clock and positive level reset.
Creating register for signal `\axi_ar_target_path_a.\slot_arregion_q' using process `\axi_ar_target_path_a.$proc$/Users/Dilan/Projects/fabric-under-pressure/rtl/axi_ar_target_path_a.sv:175$44'.
  created $adff cell `$procdff$817' with positive edge clock and positive level reset.
Creating register for signal `\axi_rr_arbiter_3.\pointer_q' using process `\axi_rr_arbiter_3.$proc$/Users/Dilan/Projects/fabric-under-pressure/rtl/axi_rr_arbiter_3.sv:130$19'.
  created $adff cell `$procdff$822' with positive edge clock and positive level reset.
Creating register for signal `\axi_rr_arbiter_3.\grant_q' using process `\axi_rr_arbiter_3.$proc$/Users/Dilan/Projects/fabric-under-pressure/rtl/axi_rr_arbiter_3.sv:130$19'.
  created $adff cell `$procdff$827' with positive edge clock and positive level reset.
Creating register for signal `\axi_rr_arbiter_3.\grant_valid_q' using process `\axi_rr_arbiter_3.$proc$/Users/Dilan/Projects/fabric-under-pressure/rtl/axi_rr_arbiter_3.sv:130$19'.
  created $adff cell `$procdff$832' with positive edge clock and positive level reset.
Creating register for signal `\axi_rr_arbiter_3.\selected_manager_q' using process `\axi_rr_arbiter_3.$proc$/Users/Dilan/Projects/fabric-under-pressure/rtl/axi_rr_arbiter_3.sv:130$19'.
  created $adff cell `$procdff$837' with positive edge clock and positive level reset.

4.4.10. Executing PROC_MEMWR pass (convert process memory writes to cells).

4.4.11. Executing PROC_CLEAN pass (remove empty switches from decision trees).
Found and cleaned up 2 empty switches in `\axi_ar_target_path_a.$proc$/Users/Dilan/Projects/fabric-under-pressure/rtl/axi_ar_target_path_a.sv:175$44'.
Removing empty process `axi_ar_target_path_a.$proc$/Users/Dilan/Projects/fabric-under-pressure/rtl/axi_ar_target_path_a.sv:175$44'.
Removing empty process `axi_ar_target_path_a.$proc$/Users/Dilan/Projects/fabric-under-pressure/rtl/axi_ar_target_path_a.sv:145$32'.
Found and cleaned up 1 empty switch in `\axi_ar_target_path_a.$proc$/Users/Dilan/Projects/fabric-under-pressure/rtl/axi_ar_target_path_a.sv:100$30'.
Removing empty process `axi_ar_target_path_a.$proc$/Users/Dilan/Projects/fabric-under-pressure/rtl/axi_ar_target_path_a.sv:100$30'.
Removing empty process `axi_ar_target_scheduler_a.$proc$/Users/Dilan/Projects/fabric-under-pressure/rtl/axi_ar_target_scheduler_a.sv:23$22'.
Removing empty process `axi_rr_arbiter_3.$proc$/Users/Dilan/Projects/fabric-under-pressure/rtl/axi_rr_arbiter_3.sv:144$21'.
Removing empty process `axi_rr_arbiter_3.$proc$/Users/Dilan/Projects/fabric-under-pressure/rtl/axi_rr_arbiter_3.sv:130$19'.
Found and cleaned up 4 empty switches in `\axi_rr_arbiter_3.$proc$/Users/Dilan/Projects/fabric-under-pressure/rtl/axi_rr_arbiter_3.sv:108$4'.
Removing empty process `axi_rr_arbiter_3.$proc$/Users/Dilan/Projects/fabric-under-pressure/rtl/axi_rr_arbiter_3.sv:108$4'.
Found and cleaned up 10 empty switches in `\axi_rr_arbiter_3.$proc$/Users/Dilan/Projects/fabric-under-pressure/rtl/axi_rr_arbiter_3.sv:49$3'.
Removing empty process `axi_rr_arbiter_3.$proc$/Users/Dilan/Projects/fabric-under-pressure/rtl/axi_rr_arbiter_3.sv:49$3'.
Cleaned up 17 empty switches.

4.4.12. Executing OPT_EXPR pass (perform const folding).
Optimizing module axi_ar_target_path_a.
<suppressed ~33 debug messages>
Optimizing module axi_ar_target_scheduler_a.
Optimizing module axi_rr_arbiter_3.
<suppressed ~22 debug messages>

4.5. Executing CHECK pass (checking for obvious problems).
Checking module axi_ar_target_path_a...
Checking module axi_ar_target_scheduler_a...
Checking module axi_rr_arbiter_3...
Found and reported 0 problems.

4.6. Executing FLATTEN pass (flatten design).
Deleting now unused module axi_ar_target_scheduler_a.
Deleting now unused module axi_rr_arbiter_3.
<suppressed ~2 debug messages>

4.7. Executing TRIBUF pass.

4.8. Executing DEMINOUT pass (demote inout ports to input or output).

4.9. Executing OPT_EXPR pass (perform const folding).
Optimizing module axi_ar_target_path_a.
<suppressed ~11 debug messages>

4.10. Executing CHECK pass (checking for obvious problems).
Checking module axi_ar_target_path_a...
Found and reported 0 problems.

4.11. Executing OPT_CLEAN pass (remove unused cells and wires).
Finding unused cells or wires in module \axi_ar_target_path_a..
Removed 29 unused cells and 303 unused wires.
<suppressed ~30 debug messages>

4.12. Executing OPT pass (performing simple optimizations).

4.12.1. Executing OPT_EXPR pass (perform const folding).
Optimizing module axi_ar_target_path_a.

4.12.2. Executing OPT_MERGE pass (detect identical cells).
Finding identical cells in module `\axi_ar_target_path_a'.
Computing hashes of 241 cells of `\axi_ar_target_path_a'.
Finding duplicate cells in `\axi_ar_target_path_a'.
Computing hashes of 177 cells of `\axi_ar_target_path_a'.
Finding duplicate cells in `\axi_ar_target_path_a'.
<suppressed ~192 debug messages>
Removed a total of 64 cells.

4.12.3. Executing OPT_MUXTREE pass (detect dead branches in mux trees).
Running muxtree optimizer on module \axi_ar_target_path_a..
  Creating internal representation of mux trees.
  Evaluating internal representation of mux trees.
      Replacing known input bits on port B of cell $flatten\u_scheduler.\u_rr.$procmux$406: \u_scheduler.u_rr.grant_valid_q -> 1'1
  Analyzing evaluation results.
    dead port 2/2 on $mux $flatten\u_scheduler.\u_rr.$procmux$571.
    dead port 1/2 on $mux $flatten\u_scheduler.\u_rr.$procmux$569.
    dead port 1/2 on $mux $flatten\u_scheduler.\u_rr.$procmux$566.
    dead port 2/2 on $mux $flatten\u_scheduler.\u_rr.$procmux$558.
    dead port 2/2 on $mux $flatten\u_scheduler.\u_rr.$procmux$552.
    dead port 2/2 on $mux $flatten\u_scheduler.\u_rr.$procmux$700.
    dead port 2/2 on $mux $flatten\u_scheduler.\u_rr.$procmux$546.
    dead port 2/2 on $mux $flatten\u_scheduler.\u_rr.$procmux$540.
    dead port 1/2 on $mux $flatten\u_scheduler.\u_rr.$procmux$698.
    dead port 1/2 on $mux $flatten\u_scheduler.\u_rr.$procmux$538.
    dead port 2/2 on $mux $flatten\u_scheduler.\u_rr.$procmux$531.
    dead port 1/2 on $mux $flatten\u_scheduler.\u_rr.$procmux$529.
    dead port 2/2 on $mux $flatten\u_scheduler.\u_rr.$procmux$522.
    dead port 2/2 on $mux $flatten\u_scheduler.\u_rr.$procmux$689.
    dead port 1/2 on $mux $flatten\u_scheduler.\u_rr.$procmux$520.
    dead port 2/2 on $mux $flatten\u_scheduler.\u_rr.$procmux$513.
    dead port 2/2 on $mux $flatten\u_scheduler.\u_rr.$procmux$730.
    dead port 1/2 on $mux $flatten\u_scheduler.\u_rr.$procmux$511.
    dead port 1/2 on $mux $flatten\u_scheduler.\u_rr.$procmux$508.
    dead port 2/2 on $mux $flatten\u_scheduler.\u_rr.$procmux$501.
    dead port 1/2 on $mux $flatten\u_scheduler.\u_rr.$procmux$687.
    dead port 1/2 on $mux $flatten\u_scheduler.\u_rr.$procmux$499.
    dead port 1/2 on $mux $flatten\u_scheduler.\u_rr.$procmux$496.
    dead port 2/2 on $mux $flatten\u_scheduler.\u_rr.$procmux$489.
    dead port 1/2 on $mux $flatten\u_scheduler.\u_rr.$procmux$684.
    dead port 1/2 on $mux $flatten\u_scheduler.\u_rr.$procmux$487.
    dead port 1/2 on $mux $flatten\u_scheduler.\u_rr.$procmux$484.
    dead port 2/2 on $mux $flatten\u_scheduler.\u_rr.$procmux$675.
    dead port 1/2 on $mux $flatten\u_scheduler.\u_rr.$procmux$673.
    dead port 1/2 on $mux $flatten\u_scheduler.\u_rr.$procmux$670.
    dead port 2/2 on $mux $flatten\u_scheduler.\u_rr.$procmux$438.
    dead port 2/2 on $mux $flatten\u_scheduler.\u_rr.$procmux$661.
    dead port 2/2 on $mux $flatten\u_scheduler.\u_rr.$procmux$420.
    dead port 2/2 on $mux $flatten\u_scheduler.\u_rr.$procmux$414.
    dead port 2/2 on $mux $flatten\u_scheduler.\u_rr.$procmux$408.
    dead port 2/2 on $mux $flatten\u_scheduler.\u_rr.$procmux$402.
    dead port 2/2 on $mux $flatten\u_scheduler.\u_rr.$procmux$396.
    dead port 1/2 on $mux $flatten\u_scheduler.\u_rr.$procmux$394.
    dead port 2/2 on $mux $flatten\u_scheduler.\u_rr.$procmux$385.
    dead port 1/2 on $mux $flatten\u_scheduler.\u_rr.$procmux$383.
    dead port 1/2 on $mux $flatten\u_scheduler.\u_rr.$procmux$659.
    dead port 1/2 on $mux $flatten\u_scheduler.\u_rr.$procmux$656.
    dead port 2/2 on $mux $flatten\u_scheduler.\u_rr.$procmux$746.
    dead port 2/2 on $mux $flatten\u_scheduler.\u_rr.$procmux$647.
    dead port 2/2 on $mux $flatten\u_scheduler.\u_rr.$procmux$640.
    dead port 2/2 on $mux $flatten\u_scheduler.\u_rr.$procmux$722.
    dead port 2/2 on $mux $flatten\u_scheduler.\u_rr.$procmux$633.
    dead port 2/2 on $mux $flatten\u_scheduler.\u_rr.$procmux$738.
    dead port 2/2 on $mux $flatten\u_scheduler.\u_rr.$procmux$626.
    dead port 1/2 on $mux $flatten\u_scheduler.\u_rr.$procmux$720.
    dead port 1/2 on $mux $flatten\u_scheduler.\u_rr.$procmux$624.
    dead port 2/2 on $mux $flatten\u_scheduler.\u_rr.$procmux$616.
    dead port 1/2 on $mux $flatten\u_scheduler.\u_rr.$procmux$614.
    dead port 2/2 on $mux $flatten\u_scheduler.\u_rr.$procmux$606.
    dead port 2/2 on $mux $flatten\u_scheduler.\u_rr.$procmux$711.
    dead port 1/2 on $mux $flatten\u_scheduler.\u_rr.$procmux$604.
    dead port 2/2 on $mux $flatten\u_scheduler.\u_rr.$procmux$596.
    dead port 1/2 on $mux $flatten\u_scheduler.\u_rr.$procmux$594.
    dead port 1/2 on $mux $flatten\u_scheduler.\u_rr.$procmux$591.
    dead port 2/2 on $mux $flatten\u_scheduler.\u_rr.$procmux$583.
    dead port 1/2 on $mux $flatten\u_scheduler.\u_rr.$procmux$709.
    dead port 1/2 on $mux $flatten\u_scheduler.\u_rr.$procmux$581.
    dead port 1/2 on $mux $flatten\u_scheduler.\u_rr.$procmux$578.
Removed 63 multiplexer ports.
<suppressed ~323 debug messages>

4.12.4. Executing OPT_REDUCE pass (consolidate $*mux and $reduce_* inputs).
  Optimizing cells in module \axi_ar_target_path_a.
Performed a total of 0 changes.

4.12.5. Executing OPT_MERGE pass (detect identical cells).
Finding identical cells in module `\axi_ar_target_path_a'.
Computing hashes of 114 cells of `\axi_ar_target_path_a'.
Finding duplicate cells in `\axi_ar_target_path_a'.
Computing hashes of 112 cells of `\axi_ar_target_path_a'.
Finding duplicate cells in `\axi_ar_target_path_a'.
Computing hashes of 110 cells of `\axi_ar_target_path_a'.
Finding duplicate cells in `\axi_ar_target_path_a'.
Computing hashes of 109 cells of `\axi_ar_target_path_a'.
Finding duplicate cells in `\axi_ar_target_path_a'.
<suppressed ~15 debug messages>
Removed a total of 5 cells.

4.12.6. Executing OPT_DFF pass (perform DFF optimizations).

4.12.7. Executing OPT_CLEAN pass (remove unused cells and wires).
Finding unused cells or wires in module \axi_ar_target_path_a..
Removed 0 unused cells and 131 unused wires.
<suppressed ~1 debug messages>

4.12.8. Executing OPT_EXPR pass (perform const folding).
Optimizing module axi_ar_target_path_a.

4.12.9. Rerunning OPT passes. (Maybe there is more to do..)

4.12.10. Executing OPT_MUXTREE pass (detect dead branches in mux trees).
Running muxtree optimizer on module \axi_ar_target_path_a..
  Creating internal representation of mux trees.
  Evaluating internal representation of mux trees.
  Analyzing evaluation results.
Removed 0 multiplexer ports.
<suppressed ~151 debug messages>

4.12.11. Executing OPT_REDUCE pass (consolidate $*mux and $reduce_* inputs).
  Optimizing cells in module \axi_ar_target_path_a.
Performed a total of 0 changes.

4.12.12. Executing OPT_MERGE pass (detect identical cells).
Finding identical cells in module `\axi_ar_target_path_a'.
Computing hashes of 109 cells of `\axi_ar_target_path_a'.
Finding duplicate cells in `\axi_ar_target_path_a'.
Removed a total of 0 cells.

4.12.13. Executing OPT_DFF pass (perform DFF optimizations).

4.12.14. Executing OPT_CLEAN pass (remove unused cells and wires).
Finding unused cells or wires in module \axi_ar_target_path_a..

4.12.15. Executing OPT_EXPR pass (perform const folding).
Optimizing module axi_ar_target_path_a.

4.12.16. Finished fast OPT passes. (There is nothing left to do.)

4.13. Executing FSM pass (extract and optimize FSM).

4.13.1. Executing FSM_DETECT pass (finding FSMs in design).
Not marking axi_ar_target_path_a.u_scheduler.u_rr.selected_manager_q as FSM state register:
    Register is connected to module port.
    Users of register don't seem to benefit from recoding.
Found FSM state register axi_ar_target_path_a.u_scheduler.u_rr.pointer_q.
Not marking axi_ar_target_path_a.u_scheduler.u_rr.grant_q as FSM state register:
    Users of register don't seem to benefit from recoding.

4.13.2. Executing FSM_EXTRACT pass (extracting FSM from design).
Extracting FSM `\u_scheduler.u_rr.pointer_q' from module `\axi_ar_target_path_a'.
  found $adff cell for state register: $flatten\u_scheduler.\u_rr.$procdff$822
  root of input selection tree: \u_scheduler.u_rr.pointer_d
  found reset state: 2'00 (from async reset)
  found ctrl input: \u_scheduler.u_rr.grant_valid_q
  found ctrl input: \slot_valid_q
  found ctrl input: $flatten\u_scheduler.\u_rr.$procmux$381_CMP
  found ctrl input: $flatten\u_scheduler.\u_rr.$procmux$382_CMP
  found state code: 2'10
  found state code: 2'01
  ctrl inputs: { $flatten\u_scheduler.\u_rr.$procmux$382_CMP $flatten\u_scheduler.\u_rr.$procmux$381_CMP \u_scheduler.u_rr.grant_valid_q \slot_valid_q }
  ctrl outputs: \u_scheduler.u_rr.pointer_d
  transition:       2'00 4'--0- ->       2'00 2'00
  transition:       2'00 4'0010 ->       2'00 2'00
  transition:       2'00 4'1-10 ->       2'01 2'01
  transition:       2'00 4'-110 ->       2'10 2'10
  transition:       2'00 4'--11 ->       2'00 2'00
  transition:       2'10 4'--0- ->       2'10 2'10
  transition:       2'10 4'0010 ->       2'00 2'00
  transition:       2'10 4'1-10 ->       2'01 2'01
  transition:       2'10 4'-110 ->       2'10 2'10
  transition:       2'10 4'--11 ->       2'10 2'10
  transition:       2'01 4'--0- ->       2'01 2'01
  transition:       2'01 4'0010 ->       2'00 2'00
  transition:       2'01 4'1-10 ->       2'01 2'01
  transition:       2'01 4'-110 ->       2'10 2'10
  transition:       2'01 4'--11 ->       2'01 2'01

4.13.3. Executing FSM_OPT pass (simple optimizations of FSMs).
Optimizing FSM `$fsm$\u_scheduler.u_rr.pointer_q$840' from module `\axi_ar_target_path_a'.

4.13.4. Executing OPT_CLEAN pass (remove unused cells and wires).
Finding unused cells or wires in module \axi_ar_target_path_a..
Removed 4 unused cells and 4 unused wires.
<suppressed ~5 debug messages>

4.13.5. Executing FSM_OPT pass (simple optimizations of FSMs).
Optimizing FSM `$fsm$\u_scheduler.u_rr.pointer_q$840' from module `\axi_ar_target_path_a'.

4.13.6. Executing FSM_RECODE pass (re-assigning FSM state encoding).
Recoding FSM `$fsm$\u_scheduler.u_rr.pointer_q$840' from module `\axi_ar_target_path_a' using `auto' encoding:
  mapping auto encoding to `one-hot` for this FSM.
  00 -> --1
  10 -> -1-
  01 -> 1--

4.13.7. Executing FSM_INFO pass (dumping all available information on FSM cells).

FSM `$fsm$\u_scheduler.u_rr.pointer_q$840' from module `axi_ar_target_path_a':
-------------------------------------

  Information on FSM $fsm$\u_scheduler.u_rr.pointer_q$840 (\u_scheduler.u_rr.pointer_q):

  Number of input signals:    4
  Number of output signals:   2
  Number of state bits:       3

  Input signals:
    0: \slot_valid_q
    1: \u_scheduler.u_rr.grant_valid_q
    2: $flatten\u_scheduler.\u_rr.$procmux$381_CMP
    3: $flatten\u_scheduler.\u_rr.$procmux$382_CMP

  Output signals:
    0: \u_scheduler.u_rr.pointer_d [0]
    1: \u_scheduler.u_rr.pointer_d [1]

  State encoding:
    0:      3'--1  <RESET STATE>
    1:      3'-1-
    2:      3'1--

  Transition Table (state_in, ctrl_in, state_out, ctrl_out):
      0:     0 4'0010   ->     0 2'00
      1:     0 4'--11   ->     0 2'00
      2:     0 4'--0-   ->     0 2'00
      3:     0 4'-110   ->     1 2'10
      4:     0 4'1-10   ->     2 2'01
      5:     1 4'0010   ->     0 2'00
      6:     1 4'-110   ->     1 2'10
      7:     1 4'--11   ->     1 2'10
      8:     1 4'--0-   ->     1 2'10
      9:     1 4'1-10   ->     2 2'01
     10:     2 4'0010   ->     0 2'00
     11:     2 4'-110   ->     1 2'10
     12:     2 4'1-10   ->     2 2'01
     13:     2 4'--11   ->     2 2'01
     14:     2 4'--0-   ->     2 2'01

-------------------------------------

4.13.8. Executing FSM_MAP pass (mapping FSMs to basic logic).
Mapping FSM `$fsm$\u_scheduler.u_rr.pointer_q$840' from module `\axi_ar_target_path_a'.

4.14. Executing OPT pass (performing simple optimizations).

4.14.1. Executing OPT_EXPR pass (perform const folding).
Optimizing module axi_ar_target_path_a.
<suppressed ~5 debug messages>

4.14.2. Executing OPT_MERGE pass (detect identical cells).
Finding identical cells in module `\axi_ar_target_path_a'.
Computing hashes of 136 cells of `\axi_ar_target_path_a'.
Finding duplicate cells in `\axi_ar_target_path_a'.
Computing hashes of 126 cells of `\axi_ar_target_path_a'.
Finding duplicate cells in `\axi_ar_target_path_a'.
Computing hashes of 122 cells of `\axi_ar_target_path_a'.
Finding duplicate cells in `\axi_ar_target_path_a'.
Computing hashes of 120 cells of `\axi_ar_target_path_a'.
Finding duplicate cells in `\axi_ar_target_path_a'.
<suppressed ~48 debug messages>
Removed a total of 16 cells.

4.14.3. Executing OPT_MUXTREE pass (detect dead branches in mux trees).
Running muxtree optimizer on module \axi_ar_target_path_a..
  Creating internal representation of mux trees.
  Evaluating internal representation of mux trees.
  Analyzing evaluation results.
Removed 0 multiplexer ports.
<suppressed ~147 debug messages>

4.14.4. Executing OPT_REDUCE pass (consolidate $*mux and $reduce_* inputs).
  Optimizing cells in module \axi_ar_target_path_a.
Performed a total of 0 changes.

4.14.5. Executing OPT_MERGE pass (detect identical cells).
Finding identical cells in module `\axi_ar_target_path_a'.
Computing hashes of 120 cells of `\axi_ar_target_path_a'.
Finding duplicate cells in `\axi_ar_target_path_a'.
Removed a total of 0 cells.

4.14.6. Executing OPT_DFF pass (perform DFF optimizations).
Adding EN signal on $procdff$812 ($adff) from module axi_ar_target_path_a (D = $0\slot_arqos_q[3:0], Q = \slot_arqos_q).
Adding EN signal on $procdff$767 ($adff) from module axi_ar_target_path_a (D = $0\slot_valid_q[0:0], Q = \slot_valid_q).
Adding EN signal on $flatten\u_scheduler.\u_rr.$procdff$827 ($adff) from module axi_ar_target_path_a (D = \u_scheduler.u_rr.grant_d, Q = \u_scheduler.u_rr.grant_q).
Adding EN signal on $procdff$802 ($adff) from module axi_ar_target_path_a (D = $0\slot_arcache_q[3:0], Q = \slot_arcache_q).
Adding EN signal on $procdff$772 ($adff) from module axi_ar_target_path_a (D = $0\slot_arid_q[5:0], Q = \slot_arid_q).
Adding EN signal on $procdff$777 ($adff) from module axi_ar_target_path_a (D = $0\slot_araddr_q[31:0], Q = \slot_araddr_q).
Adding EN signal on $flatten\u_scheduler.\u_rr.$procdff$837 ($adff) from module axi_ar_target_path_a (D = \u_scheduler.u_rr.selected_manager_d, Q = \u_scheduler.u_rr.selected_manager_q).
Adding EN signal on $procdff$782 ($adff) from module axi_ar_target_path_a (D = $0\slot_arlen_q[7:0], Q = \slot_arlen_q).
Adding EN signal on $procdff$807 ($adff) from module axi_ar_target_path_a (D = $0\slot_arprot_q[2:0], Q = \slot_arprot_q).
Adding EN signal on $procdff$787 ($adff) from module axi_ar_target_path_a (D = $0\slot_arsize_q[2:0], Q = \slot_arsize_q).
Adding EN signal on $procdff$792 ($adff) from module axi_ar_target_path_a (D = $0\slot_arburst_q[1:0], Q = \slot_arburst_q).
Adding EN signal on $procdff$817 ($adff) from module axi_ar_target_path_a (D = $0\slot_arregion_q[3:0], Q = \slot_arregion_q).
Adding EN signal on $procdff$797 ($adff) from module axi_ar_target_path_a (D = $0\slot_arlock_q[0:0], Q = \slot_arlock_q).

4.14.7. Executing OPT_CLEAN pass (remove unused cells and wires).
Finding unused cells or wires in module \axi_ar_target_path_a..
Removed 0 unused cells and 16 unused wires.
<suppressed ~1 debug messages>

4.14.8. Executing OPT_EXPR pass (perform const folding).
Optimizing module axi_ar_target_path_a.
<suppressed ~11 debug messages>

4.14.9. Rerunning OPT passes. (Maybe there is more to do..)

4.14.10. Executing OPT_MUXTREE pass (detect dead branches in mux trees).
Running muxtree optimizer on module \axi_ar_target_path_a..
  Creating internal representation of mux trees.
  Evaluating internal representation of mux trees.
  Analyzing evaluation results.
Removed 0 multiplexer ports.
<suppressed ~147 debug messages>

4.14.11. Executing OPT_REDUCE pass (consolidate $*mux and $reduce_* inputs).
  Optimizing cells in module \axi_ar_target_path_a.
Performed a total of 0 changes.

4.14.12. Executing OPT_MERGE pass (detect identical cells).
Finding identical cells in module `\axi_ar_target_path_a'.
Computing hashes of 133 cells of `\axi_ar_target_path_a'.
Finding duplicate cells in `\axi_ar_target_path_a'.
Computing hashes of 122 cells of `\axi_ar_target_path_a'.
Finding duplicate cells in `\axi_ar_target_path_a'.
<suppressed ~33 debug messages>
Removed a total of 11 cells.

4.14.13. Executing OPT_DFF pass (perform DFF optimizations).

4.14.14. Executing OPT_CLEAN pass (remove unused cells and wires).
Finding unused cells or wires in module \axi_ar_target_path_a..
Removed 0 unused cells and 11 unused wires.
<suppressed ~1 debug messages>

4.14.15. Executing OPT_EXPR pass (perform const folding).
Optimizing module axi_ar_target_path_a.

4.14.16. Rerunning OPT passes. (Maybe there is more to do..)

4.14.17. Executing OPT_MUXTREE pass (detect dead branches in mux trees).
Running muxtree optimizer on module \axi_ar_target_path_a..
  Creating internal representation of mux trees.
  Evaluating internal representation of mux trees.
  Analyzing evaluation results.
Removed 0 multiplexer ports.
<suppressed ~147 debug messages>

4.14.18. Executing OPT_REDUCE pass (consolidate $*mux and $reduce_* inputs).
  Optimizing cells in module \axi_ar_target_path_a.
Performed a total of 0 changes.

4.14.19. Executing OPT_MERGE pass (detect identical cells).
Finding identical cells in module `\axi_ar_target_path_a'.
Computing hashes of 122 cells of `\axi_ar_target_path_a'.
Finding duplicate cells in `\axi_ar_target_path_a'.
Removed a total of 0 cells.

4.14.20. Executing OPT_DFF pass (perform DFF optimizations).

4.14.21. Executing OPT_CLEAN pass (remove unused cells and wires).
Finding unused cells or wires in module \axi_ar_target_path_a..

4.14.22. Executing OPT_EXPR pass (perform const folding).
Optimizing module axi_ar_target_path_a.

4.14.23. Finished fast OPT passes. (There is nothing left to do.)

4.15. Executing WREDUCE pass (reducing word size of cells).
Removed top 2 bits (of 4) from port B of cell axi_ar_target_path_a.$auto$fsm_map.cc:77:implement_pattern_cache$847 ($eq).
Removed top 1 bits (of 2) from port B of cell axi_ar_target_path_a.$flatten\u_scheduler.\u_rr.$procmux$392_CMP0 ($eq).
Removed top 1 bits (of 2) from mux cell axi_ar_target_path_a.$flatten\u_scheduler.\u_rr.$procmux$493 ($mux).
Removed top 1 bits (of 3) from mux cell axi_ar_target_path_a.$flatten\u_scheduler.\u_rr.$procmux$505 ($mux).
Removed top 1 bits (of 2) from mux cell axi_ar_target_path_a.$flatten\u_scheduler.\u_rr.$procmux$526 ($mux).
Removed top 1 bits (of 3) from mux cell axi_ar_target_path_a.$flatten\u_scheduler.\u_rr.$procmux$535 ($mux).
Removed top 2 bits (of 3) from mux cell axi_ar_target_path_a.$flatten\u_scheduler.\u_rr.$procmux$588 ($mux).
Removed top 1 bits (of 2) from port B of cell axi_ar_target_path_a.$flatten\u_scheduler.\u_rr.$procmux$648_CMP0 ($eq).
Removed top 2 bits (of 3) from wire axi_ar_target_path_a.$flatten\u_scheduler.\u_rr.$7\candidate_grant[2:0].
Removed top 1 bits (of 3) from wire axi_ar_target_path_a.$flatten\u_scheduler.\u_rr.$9\candidate_grant[2:0].
Removed top 1 bits (of 2) from wire axi_ar_target_path_a.$flatten\u_scheduler.\u_rr.$9\candidate_manager[1:0].
Removed top 1 bits (of 3) from wire axi_ar_target_path_a.$flatten\u_scheduler.\u_rr.$10\candidate_grant[2:0].
Removed top 1 bits (of 2) from wire axi_ar_target_path_a.$flatten\u_scheduler.\u_rr.$10\candidate_manager[1:0].

4.16. Executing PEEPOPT pass (run peephole optimizers).

4.17. Executing OPT_CLEAN pass (remove unused cells and wires).
Finding unused cells or wires in module \axi_ar_target_path_a..
Removed 0 unused cells and 5 unused wires.
<suppressed ~1 debug messages>

4.18. Executing SHARE pass (SAT-based resource sharing).

4.19. Executing TECHMAP pass (map to technology primitives).

4.19.1. Executing Verilog-2005 frontend: /Users/Dilan/eda/fabric-under-pressure/oss-cad-suite/libexec/../share/yosys/cmp2lut.v
Parsing Verilog input from `/Users/Dilan/eda/fabric-under-pressure/oss-cad-suite/libexec/../share/yosys/cmp2lut.v' to AST representation.
Generating RTLIL representation for module `\_90_lut_cmp_'.
Successfully finished Verilog frontend.

4.19.2. Continuing TECHMAP pass.
No more expansions possible.
<suppressed ~6 debug messages>

4.20. Executing OPT_EXPR pass (perform const folding).
Optimizing module axi_ar_target_path_a.

4.21. Executing OPT_CLEAN pass (remove unused cells and wires).
Finding unused cells or wires in module \axi_ar_target_path_a..

4.22. Executing TECHMAP pass (map to technology primitives).

4.22.1. Executing Verilog-2005 frontend: /Users/Dilan/eda/fabric-under-pressure/oss-cad-suite/libexec/../share/yosys/mul2dsp.v
Parsing Verilog input from `/Users/Dilan/eda/fabric-under-pressure/oss-cad-suite/libexec/../share/yosys/mul2dsp.v' to AST representation.
Generating RTLIL representation for module `\_80_mul'.
Generating RTLIL representation for module `\_90_soft_mul'.
Successfully finished Verilog frontend.

4.22.2. Continuing TECHMAP pass.
No more expansions possible.
<suppressed ~4 debug messages>

4.23. Executing TECHMAP pass (map to technology primitives).

4.23.1. Executing Verilog-2005 frontend: /Users/Dilan/eda/fabric-under-pressure/oss-cad-suite/libexec/../share/yosys/lattice/dsp_map_18x18.v
Parsing Verilog input from `/Users/Dilan/eda/fabric-under-pressure/oss-cad-suite/libexec/../share/yosys/lattice/dsp_map_18x18.v' to AST representation.
Generating RTLIL representation for module `$__MUL18X18'.
Successfully finished Verilog frontend.

4.23.2. Continuing TECHMAP pass.
No more expansions possible.
<suppressed ~3 debug messages>

4.24. Executing ALUMACC pass (create $alu and $macc cells).
Extracting $alu and $macc cells in module axi_ar_target_path_a:
  created 0 $alu and 0 $macc cells.

4.25. Executing OPT pass (performing simple optimizations).

4.25.1. Executing OPT_EXPR pass (perform const folding).
Optimizing module axi_ar_target_path_a.

4.25.2. Executing OPT_MERGE pass (detect identical cells).
Finding identical cells in module `\axi_ar_target_path_a'.
Computing hashes of 122 cells of `\axi_ar_target_path_a'.
Finding duplicate cells in `\axi_ar_target_path_a'.
Removed a total of 0 cells.

4.25.3. Executing OPT_MUXTREE pass (detect dead branches in mux trees).
Running muxtree optimizer on module \axi_ar_target_path_a..
  Creating internal representation of mux trees.
  Evaluating internal representation of mux trees.
  Analyzing evaluation results.
Removed 0 multiplexer ports.
<suppressed ~147 debug messages>

4.25.4. Executing OPT_REDUCE pass (consolidate $*mux and $reduce_* inputs).
  Optimizing cells in module \axi_ar_target_path_a.
Performed a total of 0 changes.

4.25.5. Executing OPT_MERGE pass (detect identical cells).
Finding identical cells in module `\axi_ar_target_path_a'.
Computing hashes of 122 cells of `\axi_ar_target_path_a'.
Finding duplicate cells in `\axi_ar_target_path_a'.
Computing hashes of 120 cells of `\axi_ar_target_path_a'.
Finding duplicate cells in `\axi_ar_target_path_a'.
<suppressed ~6 debug messages>
Removed a total of 2 cells.

4.25.6. Executing OPT_DFF pass (perform DFF optimizations).

4.25.7. Executing OPT_CLEAN pass (remove unused cells and wires).
Finding unused cells or wires in module \axi_ar_target_path_a..
Removed 0 unused cells and 2 unused wires.
<suppressed ~1 debug messages>

4.25.8. Executing OPT_EXPR pass (perform const folding).
Optimizing module axi_ar_target_path_a.

4.25.9. Rerunning OPT passes. (Maybe there is more to do..)

4.25.10. Executing OPT_MUXTREE pass (detect dead branches in mux trees).
Running muxtree optimizer on module \axi_ar_target_path_a..
  Creating internal representation of mux trees.
  Evaluating internal representation of mux trees.
  Analyzing evaluation results.
Removed 0 multiplexer ports.
<suppressed ~151 debug messages>

4.25.11. Executing OPT_REDUCE pass (consolidate $*mux and $reduce_* inputs).
  Optimizing cells in module \axi_ar_target_path_a.
Performed a total of 0 changes.

4.25.12. Executing OPT_MERGE pass (detect identical cells).
Finding identical cells in module `\axi_ar_target_path_a'.
Computing hashes of 120 cells of `\axi_ar_target_path_a'.
Finding duplicate cells in `\axi_ar_target_path_a'.
Removed a total of 0 cells.

4.25.13. Executing OPT_DFF pass (perform DFF optimizations).

4.25.14. Executing OPT_CLEAN pass (remove unused cells and wires).
Finding unused cells or wires in module \axi_ar_target_path_a..

4.25.15. Executing OPT_EXPR pass (perform const folding).
Optimizing module axi_ar_target_path_a.

4.25.16. Finished fast OPT passes. (There is nothing left to do.)

4.26. Executing MEMORY pass.

4.26.1. Executing OPT_MEM pass (optimize memories).
Performed a total of 0 transformations.

4.26.2. Executing OPT_MEM_PRIORITY pass (removing unnecessary memory write priority relations).
Performed a total of 0 transformations.

4.26.3. Executing OPT_MEM_FEEDBACK pass (finding memory read-to-write feedback paths).

4.26.4. Executing MEMORY_BMUX2ROM pass (converting muxes to ROMs).

4.26.5. Executing MEMORY_DFF pass (merging $dff cells to $memrd).

4.26.6. Executing OPT_CLEAN pass (remove unused cells and wires).
Finding unused cells or wires in module \axi_ar_target_path_a..

4.26.7. Executing MEMORY_SHARE pass (consolidating $memrd/$memwr cells).

4.26.8. Executing OPT_MEM_WIDEN pass (optimize memories where all ports are wide).
Performed a total of 0 transformations.

4.26.9. Executing OPT_CLEAN pass (remove unused cells and wires).
Finding unused cells or wires in module \axi_ar_target_path_a..

4.26.10. Executing MEMORY_COLLECT pass (generating $mem cells).

4.27. Executing OPT_CLEAN pass (remove unused cells and wires).
Finding unused cells or wires in module \axi_ar_target_path_a..

4.28. Executing MEMORY_LIBMAP pass (mapping memories to cells).

4.29. Executing TECHMAP pass (map to technology primitives).

4.29.1. Executing Verilog-2005 frontend: /Users/Dilan/eda/fabric-under-pressure/oss-cad-suite/libexec/../share/yosys/lattice/lutrams_map_trellis.v
Parsing Verilog input from `/Users/Dilan/eda/fabric-under-pressure/oss-cad-suite/libexec/../share/yosys/lattice/lutrams_map_trellis.v' to AST representation.
Generating RTLIL representation for module `$__TRELLIS_DPR16X4_'.
Successfully finished Verilog frontend.

4.29.2. Executing Verilog-2005 frontend: /Users/Dilan/eda/fabric-under-pressure/oss-cad-suite/libexec/../share/yosys/lattice/brams_map_16kd.v
Parsing Verilog input from `/Users/Dilan/eda/fabric-under-pressure/oss-cad-suite/libexec/../share/yosys/lattice/brams_map_16kd.v' to AST representation.
Generating RTLIL representation for module `$__DP16KD_'.
Generating RTLIL representation for module `$__PDPW16KD_'.
Successfully finished Verilog frontend.

4.29.3. Continuing TECHMAP pass.
No more expansions possible.
<suppressed ~5 debug messages>

4.30. Executing OPT pass (performing simple optimizations).

4.30.1. Executing OPT_EXPR pass (perform const folding).
Optimizing module axi_ar_target_path_a.
<suppressed ~18 debug messages>

4.30.2. Executing OPT_MERGE pass (detect identical cells).
Finding identical cells in module `\axi_ar_target_path_a'.
Computing hashes of 102 cells of `\axi_ar_target_path_a'.
Finding duplicate cells in `\axi_ar_target_path_a'.
Removed a total of 0 cells.

4.30.3. Executing OPT_DFF pass (perform DFF optimizations).

4.30.4. Executing OPT_CLEAN pass (remove unused cells and wires).
Finding unused cells or wires in module \axi_ar_target_path_a..
Removed 0 unused cells and 16 unused wires.
<suppressed ~1 debug messages>

4.30.5. Finished fast OPT passes.

4.31. Executing MEMORY_MAP pass (converting memories to logic and flip-flops).

4.32. Executing OPT pass (performing simple optimizations).

4.32.1. Executing OPT_EXPR pass (perform const folding).
Optimizing module axi_ar_target_path_a.

4.32.2. Executing OPT_MERGE pass (detect identical cells).
Finding identical cells in module `\axi_ar_target_path_a'.
Computing hashes of 102 cells of `\axi_ar_target_path_a'.
Finding duplicate cells in `\axi_ar_target_path_a'.
Removed a total of 0 cells.

4.32.3. Executing OPT_MUXTREE pass (detect dead branches in mux trees).
Running muxtree optimizer on module \axi_ar_target_path_a..
  Creating internal representation of mux trees.
  Evaluating internal representation of mux trees.
  Analyzing evaluation results.
Removed 0 multiplexer ports.
<suppressed ~81 debug messages>

4.32.4. Executing OPT_REDUCE pass (consolidate $*mux and $reduce_* inputs).
  Optimizing cells in module \axi_ar_target_path_a.
    Consolidated identical input bits for $mux cell $flatten\u_scheduler.\u_rr.$procmux$681:
      Old ports: A=3'000, B=3'100, Y=$flatten\u_scheduler.\u_rr.$4\candidate_grant[2:0]
      New ports: A=1'0, B=1'1, Y=$flatten\u_scheduler.\u_rr.$4\candidate_grant[2:0] [2]
      New connections: $flatten\u_scheduler.\u_rr.$4\candidate_grant[2:0] [1:0] = 2'00
    Consolidated identical input bits for $mux cell $flatten\u_scheduler.\u_rr.$procmux$621:
      Old ports: A={ 2'00 \u_scheduler.arbiter_request [0] }, B=3'100, Y=$flatten\u_scheduler.\u_rr.$6\candidate_grant[2:0]
      New ports: A={ 1'0 \u_scheduler.arbiter_request [0] }, B=2'10, Y={ $flatten\u_scheduler.\u_rr.$6\candidate_grant[2:0] [2] $flatten\u_scheduler.\u_rr.$6\candidate_grant[2:0] [0] }
      New connections: $flatten\u_scheduler.\u_rr.$6\candidate_grant[2:0] [1] = 1'0
    Consolidated identical input bits for $mux cell $flatten\u_scheduler.\u_rr.$procmux$611:
      Old ports: A=2'00, B=2'10, Y=$flatten\u_scheduler.\u_rr.$4\candidate_manager[1:0]
      New ports: A=1'0, B=1'1, Y=$flatten\u_scheduler.\u_rr.$4\candidate_manager[1:0] [1]
      New connections: $flatten\u_scheduler.\u_rr.$4\candidate_manager[1:0] [0] = 1'0
    Consolidated identical input bits for $mux cell $flatten\u_scheduler.\u_rr.$procmux$505:
      Old ports: A=2'00, B=2'10, Y=$auto$wreduce.cc:513:run$943 [1:0]
      New ports: A=1'0, B=1'1, Y=$auto$wreduce.cc:513:run$943 [1]
      New connections: $auto$wreduce.cc:513:run$943 [0] = 1'0
  Optimizing cells in module \axi_ar_target_path_a.
    Consolidated identical input bits for $mux cell $flatten\u_scheduler.\u_rr.$procmux$717:
      Old ports: A=$flatten\u_scheduler.\u_rr.$4\candidate_grant[2:0], B=3'010, Y=$flatten\u_scheduler.\u_rr.$3\candidate_grant[2:0]
      New ports: A={ $flatten\u_scheduler.\u_rr.$4\candidate_grant[2:0] [2] 1'0 }, B=2'01, Y=$flatten\u_scheduler.\u_rr.$3\candidate_grant[2:0] [2:1]
      New connections: $flatten\u_scheduler.\u_rr.$3\candidate_grant[2:0] [0] = 1'0
  Optimizing cells in module \axi_ar_target_path_a.
Performed a total of 5 changes.

4.32.5. Executing OPT_MERGE pass (detect identical cells).
Finding identical cells in module `\axi_ar_target_path_a'.
Computing hashes of 102 cells of `\axi_ar_target_path_a'.
Finding duplicate cells in `\axi_ar_target_path_a'.
Computing hashes of 101 cells of `\axi_ar_target_path_a'.
Finding duplicate cells in `\axi_ar_target_path_a'.
Computing hashes of 100 cells of `\axi_ar_target_path_a'.
Finding duplicate cells in `\axi_ar_target_path_a'.
<suppressed ~6 debug messages>
Removed a total of 2 cells.

4.32.6. Executing OPT_DFF pass (perform DFF optimizations).

4.32.7. Executing OPT_CLEAN pass (remove unused cells and wires).
Finding unused cells or wires in module \axi_ar_target_path_a..
Removed 0 unused cells and 2 unused wires.
<suppressed ~1 debug messages>

4.32.8. Executing OPT_EXPR pass (perform const folding).
Optimizing module axi_ar_target_path_a.
<suppressed ~2 debug messages>

4.32.9. Rerunning OPT passes. (Maybe there is more to do..)

4.32.10. Executing OPT_MUXTREE pass (detect dead branches in mux trees).
Running muxtree optimizer on module \axi_ar_target_path_a..
  Creating internal representation of mux trees.
  Evaluating internal representation of mux trees.
  Analyzing evaluation results.
Removed 0 multiplexer ports.
<suppressed ~76 debug messages>

4.32.11. Executing OPT_REDUCE pass (consolidate $*mux and $reduce_* inputs).
  Optimizing cells in module \axi_ar_target_path_a.
Performed a total of 0 changes.

4.32.12. Executing OPT_MERGE pass (detect identical cells).
Finding identical cells in module `\axi_ar_target_path_a'.
Computing hashes of 98 cells of `\axi_ar_target_path_a'.
Finding duplicate cells in `\axi_ar_target_path_a'.
Removed a total of 0 cells.

4.32.13. Executing OPT_DFF pass (perform DFF optimizations).

4.32.14. Executing OPT_CLEAN pass (remove unused cells and wires).
Finding unused cells or wires in module \axi_ar_target_path_a..
Removed 0 unused cells and 2 unused wires.
<suppressed ~1 debug messages>

4.32.15. Executing OPT_EXPR pass (perform const folding).
Optimizing module axi_ar_target_path_a.

4.32.16. Rerunning OPT passes. (Maybe there is more to do..)

4.32.17. Executing OPT_MUXTREE pass (detect dead branches in mux trees).
Running muxtree optimizer on module \axi_ar_target_path_a..
  Creating internal representation of mux trees.
  Evaluating internal representation of mux trees.
  Analyzing evaluation results.
Removed 0 multiplexer ports.
<suppressed ~76 debug messages>

4.32.18. Executing OPT_REDUCE pass (consolidate $*mux and $reduce_* inputs).
  Optimizing cells in module \axi_ar_target_path_a.
Performed a total of 0 changes.

4.32.19. Executing OPT_MERGE pass (detect identical cells).
Finding identical cells in module `\axi_ar_target_path_a'.
Computing hashes of 98 cells of `\axi_ar_target_path_a'.
Finding duplicate cells in `\axi_ar_target_path_a'.
Removed a total of 0 cells.

4.32.20. Executing OPT_DFF pass (perform DFF optimizations).

4.32.21. Executing OPT_CLEAN pass (remove unused cells and wires).
Finding unused cells or wires in module \axi_ar_target_path_a..

4.32.22. Executing OPT_EXPR pass (perform const folding).
Optimizing module axi_ar_target_path_a.

4.32.23. Finished fast OPT passes. (There is nothing left to do.)

4.33. Executing TECHMAP pass (map to technology primitives).

4.33.1. Executing Verilog-2005 frontend: /Users/Dilan/eda/fabric-under-pressure/oss-cad-suite/libexec/../share/yosys/techmap.v
Parsing Verilog input from `/Users/Dilan/eda/fabric-under-pressure/oss-cad-suite/libexec/../share/yosys/techmap.v' to AST representation.
Generating RTLIL representation for module `\_90_simplemap_bool_ops'.
Generating RTLIL representation for module `\_90_simplemap_reduce_ops'.
Generating RTLIL representation for module `\_90_simplemap_logic_ops'.
Generating RTLIL representation for module `\_90_simplemap_compare_ops'.
Generating RTLIL representation for module `\_90_simplemap_various'.
Generating RTLIL representation for module `\_90_simplemap_registers'.
Generating RTLIL representation for module `\_90_shift_ops_shr_shl_sshl_sshr'.
Generating RTLIL representation for module `\_90_shift_shiftx'.
Generating RTLIL representation for module `\_90_fa'.
Generating RTLIL representation for module `\_90_lcu_brent_kung'.
Generating RTLIL representation for module `\_90_alu'.
Generating RTLIL representation for module `\_90_macc'.
Generating RTLIL representation for module `\_90_alumacc'.
Generating RTLIL representation for module `$__div_mod_u'.
Generating RTLIL representation for module `$__div_mod_trunc'.
Generating RTLIL representation for module `\_90_div'.
Generating RTLIL representation for module `\_90_mod'.
Generating RTLIL representation for module `$__div_mod_floor'.
Generating RTLIL representation for module `\_90_divfloor'.
Generating RTLIL representation for module `\_90_modfloor'.
Generating RTLIL representation for module `\_90_pow'.
Generating RTLIL representation for module `\_90_demux'.
Generating RTLIL representation for module `\_90_lut'.
Generating RTLIL representation for module `$connect'.
Generating RTLIL representation for module `$input_port'.
Successfully finished Verilog frontend.

4.33.2. Executing Verilog-2005 frontend: /Users/Dilan/eda/fabric-under-pressure/oss-cad-suite/libexec/../share/yosys/lattice/arith_map_ccu2c.v
Parsing Verilog input from `/Users/Dilan/eda/fabric-under-pressure/oss-cad-suite/libexec/../share/yosys/lattice/arith_map_ccu2c.v' to AST representation.
Generating RTLIL representation for module `\_80_ccu2c_alu'.
Successfully finished Verilog frontend.

4.33.3. Continuing TECHMAP pass.
Using extmapper simplemap for cells of type $reduce_bool.
Using extmapper simplemap for cells of type $adffe.
Using extmapper simplemap for cells of type $ne.
Using extmapper simplemap for cells of type $not.
Using extmapper simplemap for cells of type $and.
Using extmapper simplemap for cells of type $eq.
Using extmapper simplemap for cells of type $reduce_or.
Using extmapper simplemap for cells of type $adff.
Using extmapper simplemap for cells of type $logic_not.
Using extmapper simplemap for cells of type $logic_and.
Using extmapper simplemap for cells of type $mux.
Using extmapper simplemap for cells of type $pmux.
No more expansions possible.
<suppressed ~173 debug messages>

4.34. Executing OPT pass (performing simple optimizations).

4.34.1. Executing OPT_EXPR pass (perform const folding).
Optimizing module axi_ar_target_path_a.
<suppressed ~31 debug messages>

4.34.2. Executing OPT_MERGE pass (detect identical cells).
Finding identical cells in module `\axi_ar_target_path_a'.
Computing hashes of 702 cells of `\axi_ar_target_path_a'.
Finding duplicate cells in `\axi_ar_target_path_a'.
Computing hashes of 676 cells of `\axi_ar_target_path_a'.
Finding duplicate cells in `\axi_ar_target_path_a'.
Computing hashes of 658 cells of `\axi_ar_target_path_a'.
Finding duplicate cells in `\axi_ar_target_path_a'.
Computing hashes of 656 cells of `\axi_ar_target_path_a'.
Finding duplicate cells in `\axi_ar_target_path_a'.
Computing hashes of 654 cells of `\axi_ar_target_path_a'.
Finding duplicate cells in `\axi_ar_target_path_a'.
Computing hashes of 652 cells of `\axi_ar_target_path_a'.
Finding duplicate cells in `\axi_ar_target_path_a'.
Computing hashes of 650 cells of `\axi_ar_target_path_a'.
Finding duplicate cells in `\axi_ar_target_path_a'.
Computing hashes of 649 cells of `\axi_ar_target_path_a'.
Finding duplicate cells in `\axi_ar_target_path_a'.
<suppressed ~159 debug messages>
Removed a total of 53 cells.

4.34.3. Executing OPT_DFF pass (perform DFF optimizations).

4.34.4. Executing OPT_CLEAN pass (remove unused cells and wires).
Finding unused cells or wires in module \axi_ar_target_path_a..
Removed 8 unused cells and 78 unused wires.
<suppressed ~9 debug messages>

4.34.5. Finished fast OPT passes.

4.35. Executing OPT_CLEAN pass (remove unused cells and wires).
Finding unused cells or wires in module \axi_ar_target_path_a..

4.36. Executing DFFLEGALIZE pass (convert FFs and LATCHes to types supported by the target).

4.37. Executing OPT_MERGE pass (detect identical cells).
Finding identical cells in module `\axi_ar_target_path_a'.
Computing hashes of 715 cells of `\axi_ar_target_path_a'.
Finding duplicate cells in `\axi_ar_target_path_a'.
Computing hashes of 642 cells of `\axi_ar_target_path_a'.
Finding duplicate cells in `\axi_ar_target_path_a'.
<suppressed ~219 debug messages>
Removed a total of 73 cells.

4.38. Executing TECHMAP pass (map to technology primitives).

4.38.1. Executing Verilog-2005 frontend: /Users/Dilan/eda/fabric-under-pressure/oss-cad-suite/libexec/../share/yosys/lattice/cells_map_trellis.v
Parsing Verilog input from `/Users/Dilan/eda/fabric-under-pressure/oss-cad-suite/libexec/../share/yosys/lattice/cells_map_trellis.v' to AST representation.
Generating RTLIL representation for module `$_DFF_N_'.
Generating RTLIL representation for module `$_DFF_P_'.
Generating RTLIL representation for module `$_DFFE_NN_'.
Generating RTLIL representation for module `$_DFFE_PN_'.
Generating RTLIL representation for module `$_DFFE_NP_'.
Generating RTLIL representation for module `$_DFFE_PP_'.
Generating RTLIL representation for module `$_DFF_NP0_'.
Generating RTLIL representation for module `$_DFF_NP1_'.
Generating RTLIL representation for module `$_DFF_PP0_'.
Generating RTLIL representation for module `$_DFF_PP1_'.
Generating RTLIL representation for module `$_SDFF_NP0_'.
Generating RTLIL representation for module `$_SDFF_NP1_'.
Generating RTLIL representation for module `$_SDFF_PP0_'.
Generating RTLIL representation for module `$_SDFF_PP1_'.
Generating RTLIL representation for module `$_DFFE_NP0P_'.
Generating RTLIL representation for module `$_DFFE_NP1P_'.
Generating RTLIL representation for module `$_DFFE_PP0P_'.
Generating RTLIL representation for module `$_DFFE_PP1P_'.
Generating RTLIL representation for module `$_DFFE_NP0N_'.
Generating RTLIL representation for module `$_DFFE_NP1N_'.
Generating RTLIL representation for module `$_DFFE_PP0N_'.
Generating RTLIL representation for module `$_DFFE_PP1N_'.
Generating RTLIL representation for module `$_SDFFE_NP0P_'.
Generating RTLIL representation for module `$_SDFFE_NP1P_'.
Generating RTLIL representation for module `$_SDFFE_PP0P_'.
Generating RTLIL representation for module `$_SDFFE_PP1P_'.
Generating RTLIL representation for module `$_SDFFE_NP0N_'.
Generating RTLIL representation for module `$_SDFFE_NP1N_'.
Generating RTLIL representation for module `$_SDFFE_PP0N_'.
Generating RTLIL representation for module `$_SDFFE_PP1N_'.
Generating RTLIL representation for module `$_ALDFF_NP_'.
Generating RTLIL representation for module `$_ALDFF_PP_'.
Generating RTLIL representation for module `$_ALDFFE_NPN_'.
Generating RTLIL representation for module `$_ALDFFE_NPP_'.
Generating RTLIL representation for module `$_ALDFFE_PPN_'.
Generating RTLIL representation for module `$_ALDFFE_PPP_'.
Generating RTLIL representation for module `\FD1P3AX'.
Generating RTLIL representation for module `\FD1P3AY'.
Generating RTLIL representation for module `\FD1P3BX'.
Generating RTLIL representation for module `\FD1P3DX'.
Generating RTLIL representation for module `\FD1P3IX'.
Generating RTLIL representation for module `\FD1P3JX'.
Generating RTLIL representation for module `\FD1S3AX'.
Generating RTLIL representation for module `\FD1S3AY'.
Generating RTLIL representation for module `\FD1S3BX'.
Generating RTLIL representation for module `\FD1S3DX'.
Generating RTLIL representation for module `\FD1S3IX'.
Generating RTLIL representation for module `\FD1S3JX'.
Generating RTLIL representation for module `\IFS1P3BX'.
Generating RTLIL representation for module `\IFS1P3DX'.
Generating RTLIL representation for module `\IFS1P3IX'.
Generating RTLIL representation for module `\IFS1P3JX'.
Generating RTLIL representation for module `\OFS1P3BX'.
Generating RTLIL representation for module `\OFS1P3DX'.
Generating RTLIL representation for module `\OFS1P3IX'.
Generating RTLIL representation for module `\OFS1P3JX'.
Generating RTLIL representation for module `\IB'.
Generating RTLIL representation for module `\IBPU'.
Generating RTLIL representation for module `\IBPD'.
Generating RTLIL representation for module `\OB'.
Generating RTLIL representation for module `\OBZ'.
Generating RTLIL representation for module `\OBZPU'.
Generating RTLIL representation for module `\OBZPD'.
Generating RTLIL representation for module `\OBCO'.
Generating RTLIL representation for module `\BB'.
Generating RTLIL representation for module `\BBPU'.
Generating RTLIL representation for module `\BBPD'.
Generating RTLIL representation for module `\ILVDS'.
Generating RTLIL representation for module `\OLVDS'.
Successfully finished Verilog frontend.

4.38.2. Continuing TECHMAP pass.
Using template $_DFF_PP0_ for cells of type $_DFF_PP0_.
Using template $_DFFE_PP0P_ for cells of type $_DFFE_PP0P_.
No more expansions possible.
<suppressed ~145 debug messages>

4.39. Executing OPT_EXPR pass (perform const folding).
Optimizing module axi_ar_target_path_a.
<suppressed ~1 debug messages>

4.40. Executing SIMPLEMAP pass (map simple cells to gate primitives).

4.41. Executing LATTICE_GSR pass (implement FF init values).
Handling GSR in axi_ar_target_path_a.

4.42. Executing ATTRMVCP pass (move or copy attributes).

4.43. Executing OPT_CLEAN pass (remove unused cells and wires).
Finding unused cells or wires in module \axi_ar_target_path_a..
Removed 0 unused cells and 514 unused wires.
<suppressed ~1 debug messages>

4.44. Executing CHECK pass (checking for obvious problems).
Checking module axi_ar_target_path_a...
Found and reported 0 problems.

4.45. Executing TECHMAP pass (map to technology primitives).

4.45.1. Executing Verilog-2005 frontend: /Users/Dilan/eda/fabric-under-pressure/oss-cad-suite/libexec/../share/yosys/lattice/latches_map.v
Parsing Verilog input from `/Users/Dilan/eda/fabric-under-pressure/oss-cad-suite/libexec/../share/yosys/lattice/latches_map.v' to AST representation.
Generating RTLIL representation for module `$_DLATCH_N_'.
Generating RTLIL representation for module `$_DLATCH_P_'.
Successfully finished Verilog frontend.

4.45.2. Continuing TECHMAP pass.
No more expansions possible.
<suppressed ~4 debug messages>

4.46. Executing ABC9 pass.

4.46.1. Executing ABC9_OPS pass (helper functions for ABC9).

4.46.2. Executing ABC9_OPS pass (helper functions for ABC9).

4.46.3. Executing PROC pass (convert processes to netlists).

4.46.3.1. Executing PROC_CLEAN pass (remove empty switches from decision trees).
Cleaned up 0 empty switches.

4.46.3.2. Executing PROC_RMDEAD pass (remove dead branches from decision trees).
Marked 1 switch rules as full_case in process $proc$/Users/Dilan/eda/fabric-under-pressure/oss-cad-suite/libexec/../share/yosys/lattice/common_sim.vh:282$2582 in module $paramod$37e41664cab9052a9b41c89036e0524f666a0fee\TRELLIS_FF.
Removed a total of 0 dead cases.

4.46.3.3. Executing PROC_PRUNE pass (remove redundant assignments in processes).
Removed 0 redundant assignments.
Promoted 1 assignment to connection.

4.46.3.4. Executing PROC_INIT pass (extract init attributes).
Found init rule in `$paramod$37e41664cab9052a9b41c89036e0524f666a0fee\TRELLIS_FF.$proc$/Users/Dilan/eda/fabric-under-pressure/oss-cad-suite/libexec/../share/yosys/lattice/common_sim.vh:278$2583'.
  Set init value: \Q = 1'0

4.46.3.5. Executing PROC_ARST pass (detect async resets in processes).
Found async reset \muxlsr in `$paramod$37e41664cab9052a9b41c89036e0524f666a0fee\TRELLIS_FF.$proc$/Users/Dilan/eda/fabric-under-pressure/oss-cad-suite/libexec/../share/yosys/lattice/common_sim.vh:282$2582'.

4.46.3.6. Executing PROC_ROM pass (convert switches to ROMs).
Converted 0 switches.
<suppressed ~1 debug messages>

4.46.3.7. Executing PROC_MUX pass (convert decision trees to multiplexers).
Creating decoders for process `$paramod$37e41664cab9052a9b41c89036e0524f666a0fee\TRELLIS_FF.$proc$/Users/Dilan/eda/fabric-under-pressure/oss-cad-suite/libexec/../share/yosys/lattice/common_sim.vh:278$2583'.
Creating decoders for process `$paramod$37e41664cab9052a9b41c89036e0524f666a0fee\TRELLIS_FF.$proc$/Users/Dilan/eda/fabric-under-pressure/oss-cad-suite/libexec/../share/yosys/lattice/common_sim.vh:282$2582'.
     1/1: $0\Q[0:0]

4.46.3.8. Executing PROC_DLATCH pass (convert process syncs to latches).

4.46.3.9. Executing PROC_DFF pass (convert process syncs to FFs).
Creating register for signal `$paramod$37e41664cab9052a9b41c89036e0524f666a0fee\TRELLIS_FF.\Q' using process `$paramod$37e41664cab9052a9b41c89036e0524f666a0fee\TRELLIS_FF.$proc$/Users/Dilan/eda/fabric-under-pressure/oss-cad-suite/libexec/../share/yosys/lattice/common_sim.vh:282$2582'.
  created $adff cell `$procdff$2588' with positive edge clock and positive level reset.

4.46.3.10. Executing PROC_MEMWR pass (convert process memory writes to cells).

4.46.3.11. Executing PROC_CLEAN pass (remove empty switches from decision trees).
Removing empty process `$paramod$37e41664cab9052a9b41c89036e0524f666a0fee\TRELLIS_FF.$proc$/Users/Dilan/eda/fabric-under-pressure/oss-cad-suite/libexec/../share/yosys/lattice/common_sim.vh:278$2583'.
Found and cleaned up 1 empty switch in `$paramod$37e41664cab9052a9b41c89036e0524f666a0fee\TRELLIS_FF.$proc$/Users/Dilan/eda/fabric-under-pressure/oss-cad-suite/libexec/../share/yosys/lattice/common_sim.vh:282$2582'.
Removing empty process `$paramod$37e41664cab9052a9b41c89036e0524f666a0fee\TRELLIS_FF.$proc$/Users/Dilan/eda/fabric-under-pressure/oss-cad-suite/libexec/../share/yosys/lattice/common_sim.vh:282$2582'.
Cleaned up 1 empty switch.

4.46.4. Executing PROC pass (convert processes to netlists).

4.46.4.1. Executing PROC_CLEAN pass (remove empty switches from decision trees).
Cleaned up 0 empty switches.

4.46.4.2. Executing PROC_RMDEAD pass (remove dead branches from decision trees).
Marked 1 switch rules as full_case in process $proc$/Users/Dilan/eda/fabric-under-pressure/oss-cad-suite/libexec/../share/yosys/lattice/common_sim.vh:282$2596 in module $paramod$68581f66a8fa831820fa7633bd24ba569ae9d7e3\TRELLIS_FF.
Removed a total of 0 dead cases.

4.46.4.3. Executing PROC_PRUNE pass (remove redundant assignments in processes).
Removed 0 redundant assignments.
Promoted 1 assignment to connection.

4.46.4.4. Executing PROC_INIT pass (extract init attributes).
Found init rule in `$paramod$68581f66a8fa831820fa7633bd24ba569ae9d7e3\TRELLIS_FF.$proc$/Users/Dilan/eda/fabric-under-pressure/oss-cad-suite/libexec/../share/yosys/lattice/common_sim.vh:278$2597'.
  Set init value: \Q = 1'0

4.46.4.5. Executing PROC_ARST pass (detect async resets in processes).
Found async reset \muxlsr in `$paramod$68581f66a8fa831820fa7633bd24ba569ae9d7e3\TRELLIS_FF.$proc$/Users/Dilan/eda/fabric-under-pressure/oss-cad-suite/libexec/../share/yosys/lattice/common_sim.vh:282$2596'.

4.46.4.6. Executing PROC_ROM pass (convert switches to ROMs).
Converted 0 switches.
<suppressed ~1 debug messages>

4.46.4.7. Executing PROC_MUX pass (convert decision trees to multiplexers).
Creating decoders for process `$paramod$68581f66a8fa831820fa7633bd24ba569ae9d7e3\TRELLIS_FF.$proc$/Users/Dilan/eda/fabric-under-pressure/oss-cad-suite/libexec/../share/yosys/lattice/common_sim.vh:278$2597'.
Creating decoders for process `$paramod$68581f66a8fa831820fa7633bd24ba569ae9d7e3\TRELLIS_FF.$proc$/Users/Dilan/eda/fabric-under-pressure/oss-cad-suite/libexec/../share/yosys/lattice/common_sim.vh:282$2596'.
     1/1: $0\Q[0:0]

4.46.4.8. Executing PROC_DLATCH pass (convert process syncs to latches).

4.46.4.9. Executing PROC_DFF pass (convert process syncs to FFs).
Creating register for signal `$paramod$68581f66a8fa831820fa7633bd24ba569ae9d7e3\TRELLIS_FF.\Q' using process `$paramod$68581f66a8fa831820fa7633bd24ba569ae9d7e3\TRELLIS_FF.$proc$/Users/Dilan/eda/fabric-under-pressure/oss-cad-suite/libexec/../share/yosys/lattice/common_sim.vh:282$2596'.
  created $adff cell `$procdff$2602' with positive edge clock and positive level reset.

4.46.4.10. Executing PROC_MEMWR pass (convert process memory writes to cells).

4.46.4.11. Executing PROC_CLEAN pass (remove empty switches from decision trees).
Removing empty process `$paramod$68581f66a8fa831820fa7633bd24ba569ae9d7e3\TRELLIS_FF.$proc$/Users/Dilan/eda/fabric-under-pressure/oss-cad-suite/libexec/../share/yosys/lattice/common_sim.vh:278$2597'.
Found and cleaned up 1 empty switch in `$paramod$68581f66a8fa831820fa7633bd24ba569ae9d7e3\TRELLIS_FF.$proc$/Users/Dilan/eda/fabric-under-pressure/oss-cad-suite/libexec/../share/yosys/lattice/common_sim.vh:282$2596'.
Removing empty process `$paramod$68581f66a8fa831820fa7633bd24ba569ae9d7e3\TRELLIS_FF.$proc$/Users/Dilan/eda/fabric-under-pressure/oss-cad-suite/libexec/../share/yosys/lattice/common_sim.vh:282$2596'.
Cleaned up 1 empty switch.

4.46.5. Executing SCC pass (detecting logic loops).
Found 0 SCCs in module axi_ar_target_path_a.
Found 0 SCCs.

4.46.6. Executing ABC9_OPS pass (helper functions for ABC9).

4.46.7. Executing TECHMAP pass (map to technology primitives).

4.46.7.1. Executing Verilog-2005 frontend: /Users/Dilan/eda/fabric-under-pressure/oss-cad-suite/libexec/../share/yosys/techmap.v
Parsing Verilog input from `/Users/Dilan/eda/fabric-under-pressure/oss-cad-suite/libexec/../share/yosys/techmap.v' to AST representation.
Generating RTLIL representation for module `\_90_simplemap_bool_ops'.
Generating RTLIL representation for module `\_90_simplemap_reduce_ops'.
Generating RTLIL representation for module `\_90_simplemap_logic_ops'.
Generating RTLIL representation for module `\_90_simplemap_compare_ops'.
Generating RTLIL representation for module `\_90_simplemap_various'.
Generating RTLIL representation for module `\_90_simplemap_registers'.
Generating RTLIL representation for module `\_90_shift_ops_shr_shl_sshl_sshr'.
Generating RTLIL representation for module `\_90_shift_shiftx'.
Generating RTLIL representation for module `\_90_fa'.
Generating RTLIL representation for module `\_90_lcu_brent_kung'.
Generating RTLIL representation for module `\_90_alu'.
Generating RTLIL representation for module `\_90_macc'.
Generating RTLIL representation for module `\_90_alumacc'.
Generating RTLIL representation for module `$__div_mod_u'.
Generating RTLIL representation for module `$__div_mod_trunc'.
Generating RTLIL representation for module `\_90_div'.
Generating RTLIL representation for module `\_90_mod'.
Generating RTLIL representation for module `$__div_mod_floor'.
Generating RTLIL representation for module `\_90_divfloor'.
Generating RTLIL representation for module `\_90_modfloor'.
Generating RTLIL representation for module `\_90_pow'.
Generating RTLIL representation for module `\_90_demux'.
Generating RTLIL representation for module `\_90_lut'.
Generating RTLIL representation for module `$connect'.
Generating RTLIL representation for module `$input_port'.
Successfully finished Verilog frontend.

4.46.7.2. Continuing TECHMAP pass.
No more expansions possible.
<suppressed ~169 debug messages>

4.46.8. Executing OPT pass (performing simple optimizations).

4.46.8.1. Executing OPT_EXPR pass (perform const folding).
Optimizing module $paramod$37e41664cab9052a9b41c89036e0524f666a0fee\TRELLIS_FF.
Optimizing module $paramod$68581f66a8fa831820fa7633bd24ba569ae9d7e3\TRELLIS_FF.

4.46.8.2. Executing OPT_MERGE pass (detect identical cells).
Finding identical cells in module `$paramod$37e41664cab9052a9b41c89036e0524f666a0fee\TRELLIS_FF'.
Computing hashes of 2 cells of `$paramod$37e41664cab9052a9b41c89036e0524f666a0fee\TRELLIS_FF'.
Finding duplicate cells in `$paramod$37e41664cab9052a9b41c89036e0524f666a0fee\TRELLIS_FF'.
Finding identical cells in module `$paramod$68581f66a8fa831820fa7633bd24ba569ae9d7e3\TRELLIS_FF'.
Computing hashes of 2 cells of `$paramod$68581f66a8fa831820fa7633bd24ba569ae9d7e3\TRELLIS_FF'.
Finding duplicate cells in `$paramod$68581f66a8fa831820fa7633bd24ba569ae9d7e3\TRELLIS_FF'.
Removed a total of 0 cells.

4.46.8.3. Executing OPT_MUXTREE pass (detect dead branches in mux trees).
Running muxtree optimizer on module $paramod$37e41664cab9052a9b41c89036e0524f666a0fee\TRELLIS_FF..
  Creating internal representation of mux trees.
  No muxes found in this module.
Running muxtree optimizer on module $paramod$68581f66a8fa831820fa7633bd24ba569ae9d7e3\TRELLIS_FF..
  Creating internal representation of mux trees.
  No muxes found in this module.
Removed 0 multiplexer ports.

4.46.8.4. Executing OPT_REDUCE pass (consolidate $*mux and $reduce_* inputs).
  Optimizing cells in module $paramod$37e41664cab9052a9b41c89036e0524f666a0fee\TRELLIS_FF.
  Optimizing cells in module $paramod$68581f66a8fa831820fa7633bd24ba569ae9d7e3\TRELLIS_FF.
Performed a total of 0 changes.

4.46.8.5. Executing OPT_MERGE pass (detect identical cells).
Finding identical cells in module `$paramod$37e41664cab9052a9b41c89036e0524f666a0fee\TRELLIS_FF'.
Computing hashes of 2 cells of `$paramod$37e41664cab9052a9b41c89036e0524f666a0fee\TRELLIS_FF'.
Finding duplicate cells in `$paramod$37e41664cab9052a9b41c89036e0524f666a0fee\TRELLIS_FF'.
Finding identical cells in module `$paramod$68581f66a8fa831820fa7633bd24ba569ae9d7e3\TRELLIS_FF'.
Computing hashes of 2 cells of `$paramod$68581f66a8fa831820fa7633bd24ba569ae9d7e3\TRELLIS_FF'.
Finding duplicate cells in `$paramod$68581f66a8fa831820fa7633bd24ba569ae9d7e3\TRELLIS_FF'.
Removed a total of 0 cells.

4.46.8.6. Executing OPT_DFF pass (perform DFF optimizations).

4.46.8.7. Executing OPT_CLEAN pass (remove unused cells and wires).
Finding unused cells or wires in module $paramod$37e41664cab9052a9b41c89036e0524f666a0fee\TRELLIS_FF..
Finding unused cells or wires in module $paramod$68581f66a8fa831820fa7633bd24ba569ae9d7e3\TRELLIS_FF..

4.46.8.8. Executing OPT_EXPR pass (perform const folding).
Optimizing module $paramod$37e41664cab9052a9b41c89036e0524f666a0fee\TRELLIS_FF.
Optimizing module $paramod$68581f66a8fa831820fa7633bd24ba569ae9d7e3\TRELLIS_FF.

4.46.8.9. Finished fast OPT passes. (There is nothing left to do.)

4.46.9. Executing TECHMAP pass (map to technology primitives).

4.46.9.1. Executing Verilog-2005 frontend: /Users/Dilan/eda/fabric-under-pressure/oss-cad-suite/libexec/../share/yosys/abc9_map.v
Parsing Verilog input from `/Users/Dilan/eda/fabric-under-pressure/oss-cad-suite/libexec/../share/yosys/abc9_map.v' to AST representation.
Successfully finished Verilog frontend.

4.46.9.2. Continuing TECHMAP pass.
Using template $paramod$68581f66a8fa831820fa7633bd24ba569ae9d7e3\TRELLIS_FF for cells of type $paramod$68581f66a8fa831820fa7633bd24ba569ae9d7e3\TRELLIS_FF.
Using template $paramod$37e41664cab9052a9b41c89036e0524f666a0fee\TRELLIS_FF for cells of type $paramod$37e41664cab9052a9b41c89036e0524f666a0fee\TRELLIS_FF.
No more expansions possible.
<suppressed ~78 debug messages>

4.46.10. Executing Verilog-2005 frontend: /Users/Dilan/eda/fabric-under-pressure/oss-cad-suite/libexec/../share/yosys/abc9_model.v
Parsing Verilog input from `/Users/Dilan/eda/fabric-under-pressure/oss-cad-suite/libexec/../share/yosys/abc9_model.v' to AST representation.
Generating RTLIL representation for module `$__ABC9_DELAY'.
Generating RTLIL representation for module `$__ABC9_SCC_BREAKER'.
Generating RTLIL representation for module `$__DFF_N__$abc9_flop'.
Generating RTLIL representation for module `$__DFF_P__$abc9_flop'.
Successfully finished Verilog frontend.

4.46.11. Executing ABC9_OPS pass (helper functions for ABC9).
<suppressed ~2 debug messages>

4.46.12. Executing ABC9_OPS pass (helper functions for ABC9).

4.46.13. Executing ABC9_OPS pass (helper functions for ABC9).
<suppressed ~2 debug messages>

4.46.14. Executing TECHMAP pass (map to technology primitives).

4.46.14.1. Executing Verilog-2005 frontend: /Users/Dilan/eda/fabric-under-pressure/oss-cad-suite/libexec/../share/yosys/techmap.v
Parsing Verilog input from `/Users/Dilan/eda/fabric-under-pressure/oss-cad-suite/libexec/../share/yosys/techmap.v' to AST representation.
Generating RTLIL representation for module `\_90_simplemap_bool_ops'.
Generating RTLIL representation for module `\_90_simplemap_reduce_ops'.
Generating RTLIL representation for module `\_90_simplemap_logic_ops'.
Generating RTLIL representation for module `\_90_simplemap_compare_ops'.
Generating RTLIL representation for module `\_90_simplemap_various'.
Generating RTLIL representation for module `\_90_simplemap_registers'.
Generating RTLIL representation for module `\_90_shift_ops_shr_shl_sshl_sshr'.
Generating RTLIL representation for module `\_90_shift_shiftx'.
Generating RTLIL representation for module `\_90_fa'.
Generating RTLIL representation for module `\_90_lcu_brent_kung'.
Generating RTLIL representation for module `\_90_alu'.
Generating RTLIL representation for module `\_90_macc'.
Generating RTLIL representation for module `\_90_alumacc'.
Generating RTLIL representation for module `$__div_mod_u'.
Generating RTLIL representation for module `$__div_mod_trunc'.
Generating RTLIL representation for module `\_90_div'.
Generating RTLIL representation for module `\_90_mod'.
Generating RTLIL representation for module `$__div_mod_floor'.
Generating RTLIL representation for module `\_90_divfloor'.
Generating RTLIL representation for module `\_90_modfloor'.
Generating RTLIL representation for module `\_90_pow'.
Generating RTLIL representation for module `\_90_demux'.
Generating RTLIL representation for module `\_90_lut'.
Generating RTLIL representation for module `$connect'.
Generating RTLIL representation for module `$input_port'.
Successfully finished Verilog frontend.

4.46.14.2. Continuing TECHMAP pass.
No more expansions possible.
<suppressed ~173 debug messages>

4.46.15. Executing OPT pass (performing simple optimizations).

4.46.15.1. Executing OPT_EXPR pass (perform const folding).
Optimizing module axi_ar_target_path_a.

4.46.15.2. Executing OPT_MERGE pass (detect identical cells).
Finding identical cells in module `\axi_ar_target_path_a'.
Computing hashes of 0 cells of `\axi_ar_target_path_a'.
Finding duplicate cells in `\axi_ar_target_path_a'.
Removed a total of 0 cells.

4.46.15.3. Executing OPT_MUXTREE pass (detect dead branches in mux trees).
Running muxtree optimizer on module \axi_ar_target_path_a..
  Creating internal representation of mux trees.
  No muxes found in this module.
Removed 0 multiplexer ports.

4.46.15.4. Executing OPT_REDUCE pass (consolidate $*mux and $reduce_* inputs).
  Optimizing cells in module \axi_ar_target_path_a.
Performed a total of 0 changes.

4.46.15.5. Executing OPT_MERGE pass (detect identical cells).
Finding identical cells in module `\axi_ar_target_path_a'.
Computing hashes of 0 cells of `\axi_ar_target_path_a'.
Finding duplicate cells in `\axi_ar_target_path_a'.
Removed a total of 0 cells.

4.46.15.6. Executing OPT_DFF pass (perform DFF optimizations).

4.46.15.7. Executing OPT_CLEAN pass (remove unused cells and wires).
Finding unused cells or wires in module \axi_ar_target_path_a..

4.46.15.8. Executing OPT_EXPR pass (perform const folding).
Optimizing module axi_ar_target_path_a.

4.46.15.9. Finished fast OPT passes. (There is nothing left to do.)

4.46.16. Executing AIGMAP pass (map logic to AIG).
Module axi_ar_target_path_a: replaced 311 cells with 1694 new cells, skipped 405 cells.
  replaced 2 cell types:
     150 $_MUX_
     161 $_OR_
  not replaced 7 cell types:
     237 $_AND_
      18 $_NOT_
       2 $scopeinfo
      71 $paramod$37e41664cab9052a9b41c89036e0524f666a0fee\TRELLIS_FF
       3 $paramod$68581f66a8fa831820fa7633bd24ba569ae9d7e3\TRELLIS_FF
      71 $paramod$37e41664cab9052a9b41c89036e0524f666a0fee\TRELLIS_FF_$abc9_byp
       3 $paramod$68581f66a8fa831820fa7633bd24ba569ae9d7e3\TRELLIS_FF_$abc9_byp

4.46.16.1. Executing ABC9_OPS pass (helper functions for ABC9).

4.46.16.2. Executing ABC9_OPS pass (helper functions for ABC9).
Warning: Feature 'write_xaiger2' is experimental.

4.46.16.3. Executing XAIGER2 backend.
<suppressed ~306 debug messages>
Extracted 916 AND gates and 0 wires from module `axi_ar_target_path_a' to a netlist network with 358 inputs and 541 outputs.

4.46.16.4. Executing ABC9_EXE pass (technology mapping using ABC9).

4.46.16.5. Executing ABC9.
Running ABC command: "<yosys-exe-dir>/yosys-abc" -s -f <abc-temp-dir>/abc.script 2>&1
ABC: ======== ABC command line "source <abc-temp-dir>/abc.script"
ABC: + read_lut <abc-temp-dir>/input.lut
ABC: + read_box <abc-temp-dir>/input.box
ABC: + &read <abc-temp-dir>/input.xaig
ABC: + &ps
ABC: <abc-temp-dir>/input : i/o =    284/    393  and =     553  lev =   16 (2.60)  mem = 0.02 MB  box = 74  bb = 74
ABC: + &scorr
ABC: Warning: The network is combinational.
ABC: + &sweep
ABC: + &dc2
ABC: + &dch -f -r
ABC: + &ps
ABC: <abc-temp-dir>/input : i/o =    284/    393  and =     696  lev =   10 (2.15)  mem = 0.02 MB  ch =  117  box = 74  bb = 74
ABC: cst =       0  cls =     76  lit =     117  unused =     861  proof =     0
ABC: + &if -W 300 -v
ABC: K = 7. Memory (bytes): Truth =    0. Cut =   76. Obj =  156. Set =  780. CutMin = no
ABC: Node =     696.  Ch =    76.  Total mem =    0.26 MB. Peak cut mem =    0.02 MB.
ABC: P:  Del = 1955.00.  Ar =     666.0.  Edge =      685.  Cut =     8780.  T =     0.00 sec
ABC: P:  Del = 1955.00.  Ar =     666.0.  Edge =      685.  Cut =     8780.  T =     0.00 sec
ABC: P:  Del = 1955.00.  Ar =     302.0.  Edge =      872.  Cut =    10061.  T =     0.00 sec
ABC: F:  Del = 1955.00.  Ar =     207.0.  Edge =      665.  Cut =     8358.  T =     0.00 sec
ABC: A:  Del = 1955.00.  Ar =     204.0.  Edge =      624.  Cut =     7564.  T =     0.00 sec
ABC: A:  Del = 1955.00.  Ar =     203.0.  Edge =      624.  Cut =     7981.  T =     0.00 sec
ABC: Total time =     0.01 sec
ABC: + &write -n <abc-temp-dir>/output.aig
ABC: + &mfs
ABC: + &ps -l
ABC: <abc-temp-dir>/input : i/o =    284/    393  and =     595  lev =    8 (1.89)  mem = 0.02 MB  box = 74  bb = 74
ABC: Mapping (K=7)  :  lut =    162  edge =     620  lev =    4 (0.87)  levB =    4  mem = 0.01 MB
ABC: LUT = 162 : 2=23 14.2 %  3=7 4.3 %  4=112 69.1 %  5=17 10.5 %  6=1 0.6 %  7=2 1.2 %  Ave = 3.83
ABC: + &write -n <abc-temp-dir>/output.aig
ABC: + &verify
ABC: Networks are equivalent.  Time =     0.01 sec
ABC: + time
ABC: elapse: 0.05 seconds, total: 0.05 seconds

4.46.16.6. Executing AIGER frontend.
<suppressed ~10 debug messages>
Removed 781 unused cells and 1456 unused wires.

4.46.16.7. Executing ABC_OPS_REINTEGRATE pass (reintegrate ABC mapped design into module).
ABC RESULTS:              $lut cells:      164
ABC RESULTS:   $paramod$37e41664cab9052a9b41c89036e0524f666a0fee\TRELLIS_FF_$abc9_byp cells:       71
ABC RESULTS:   $paramod$68581f66a8fa831820fa7633bd24ba569ae9d7e3\TRELLIS_FF_$abc9_byp cells:        3
ABC RESULTS:           input signals:       91
ABC RESULTS:          output signals:       20
<suppressed ~1354 debug messages>
Removing temp directory.

4.46.17. Executing TECHMAP pass (map to technology primitives).

4.46.17.1. Executing Verilog-2005 frontend: /Users/Dilan/eda/fabric-under-pressure/oss-cad-suite/libexec/../share/yosys/abc9_unmap.v
Parsing Verilog input from `/Users/Dilan/eda/fabric-under-pressure/oss-cad-suite/libexec/../share/yosys/abc9_unmap.v' to AST representation.
Generating RTLIL representation for module `$__DFF_x__$abc9_flop'.
Generating RTLIL representation for module `$__ABC9_SCC_BREAKER'.
Successfully finished Verilog frontend.

4.46.17.2. Continuing TECHMAP pass.
Using template $paramod$68581f66a8fa831820fa7633bd24ba569ae9d7e3\TRELLIS_FF for cells of type $paramod$68581f66a8fa831820fa7633bd24ba569ae9d7e3\TRELLIS_FF.
Using template $paramod$37e41664cab9052a9b41c89036e0524f666a0fee\TRELLIS_FF for cells of type $paramod$37e41664cab9052a9b41c89036e0524f666a0fee\TRELLIS_FF.
Using template $paramod$68581f66a8fa831820fa7633bd24ba569ae9d7e3\TRELLIS_FF_$abc9_byp for cells of type $paramod$68581f66a8fa831820fa7633bd24ba569ae9d7e3\TRELLIS_FF_$abc9_byp.
Using template $paramod$37e41664cab9052a9b41c89036e0524f666a0fee\TRELLIS_FF_$abc9_byp for cells of type $paramod$37e41664cab9052a9b41c89036e0524f666a0fee\TRELLIS_FF_$abc9_byp.
No more expansions possible.
<suppressed ~157 debug messages>
Removed 15 unused cells and 1756 unused wires.

4.47. Executing TECHMAP pass (map to technology primitives).

4.47.1. Executing Verilog-2005 frontend: /Users/Dilan/eda/fabric-under-pressure/oss-cad-suite/libexec/../share/yosys/lattice/cells_map_trellis.v
Parsing Verilog input from `/Users/Dilan/eda/fabric-under-pressure/oss-cad-suite/libexec/../share/yosys/lattice/cells_map_trellis.v' to AST representation.
Generating RTLIL representation for module `$_DFF_N_'.
Generating RTLIL representation for module `$_DFF_P_'.
Generating RTLIL representation for module `$_DFFE_NN_'.
Generating RTLIL representation for module `$_DFFE_PN_'.
Generating RTLIL representation for module `$_DFFE_NP_'.
Generating RTLIL representation for module `$_DFFE_PP_'.
Generating RTLIL representation for module `$_DFF_NP0_'.
Generating RTLIL representation for module `$_DFF_NP1_'.
Generating RTLIL representation for module `$_DFF_PP0_'.
Generating RTLIL representation for module `$_DFF_PP1_'.
Generating RTLIL representation for module `$_SDFF_NP0_'.
Generating RTLIL representation for module `$_SDFF_NP1_'.
Generating RTLIL representation for module `$_SDFF_PP0_'.
Generating RTLIL representation for module `$_SDFF_PP1_'.
Generating RTLIL representation for module `$_DFFE_NP0P_'.
Generating RTLIL representation for module `$_DFFE_NP1P_'.
Generating RTLIL representation for module `$_DFFE_PP0P_'.
Generating RTLIL representation for module `$_DFFE_PP1P_'.
Generating RTLIL representation for module `$_DFFE_NP0N_'.
Generating RTLIL representation for module `$_DFFE_NP1N_'.
Generating RTLIL representation for module `$_DFFE_PP0N_'.
Generating RTLIL representation for module `$_DFFE_PP1N_'.
Generating RTLIL representation for module `$_SDFFE_NP0P_'.
Generating RTLIL representation for module `$_SDFFE_NP1P_'.
Generating RTLIL representation for module `$_SDFFE_PP0P_'.
Generating RTLIL representation for module `$_SDFFE_PP1P_'.
Generating RTLIL representation for module `$_SDFFE_NP0N_'.
Generating RTLIL representation for module `$_SDFFE_NP1N_'.
Generating RTLIL representation for module `$_SDFFE_PP0N_'.
Generating RTLIL representation for module `$_SDFFE_PP1N_'.
Generating RTLIL representation for module `$_ALDFF_NP_'.
Generating RTLIL representation for module `$_ALDFF_PP_'.
Generating RTLIL representation for module `$_ALDFFE_NPN_'.
Generating RTLIL representation for module `$_ALDFFE_NPP_'.
Generating RTLIL representation for module `$_ALDFFE_PPN_'.
Generating RTLIL representation for module `$_ALDFFE_PPP_'.
Generating RTLIL representation for module `\FD1P3AX'.
Generating RTLIL representation for module `\FD1P3AY'.
Generating RTLIL representation for module `\FD1P3BX'.
Generating RTLIL representation for module `\FD1P3DX'.
Generating RTLIL representation for module `\FD1P3IX'.
Generating RTLIL representation for module `\FD1P3JX'.
Generating RTLIL representation for module `\FD1S3AX'.
Generating RTLIL representation for module `\FD1S3AY'.
Generating RTLIL representation for module `\FD1S3BX'.
Generating RTLIL representation for module `\FD1S3DX'.
Generating RTLIL representation for module `\FD1S3IX'.
Generating RTLIL representation for module `\FD1S3JX'.
Generating RTLIL representation for module `\IFS1P3BX'.
Generating RTLIL representation for module `\IFS1P3DX'.
Generating RTLIL representation for module `\IFS1P3IX'.
Generating RTLIL representation for module `\IFS1P3JX'.
Generating RTLIL representation for module `\OFS1P3BX'.
Generating RTLIL representation for module `\OFS1P3DX'.
Generating RTLIL representation for module `\OFS1P3IX'.
Generating RTLIL representation for module `\OFS1P3JX'.
Generating RTLIL representation for module `\IB'.
Generating RTLIL representation for module `\IBPU'.
Generating RTLIL representation for module `\IBPD'.
Generating RTLIL representation for module `\OB'.
Generating RTLIL representation for module `\OBZ'.
Generating RTLIL representation for module `\OBZPU'.
Generating RTLIL representation for module `\OBZPD'.
Generating RTLIL representation for module `\OBCO'.
Generating RTLIL representation for module `\BB'.
Generating RTLIL representation for module `\BBPU'.
Generating RTLIL representation for module `\BBPD'.
Generating RTLIL representation for module `\ILVDS'.
Generating RTLIL representation for module `\OLVDS'.
Generating RTLIL representation for module `$lut'.
Successfully finished Verilog frontend.

4.47.2. Continuing TECHMAP pass.
Using template $paramod$lut\WIDTH=32'00000000000000000000000000000011\LUT=8'10000000 for cells of type $lut.
Using template $paramod$lut\WIDTH=32'00000000000000000000000000000011\LUT=8'00100000 for cells of type $lut.
Using template $paramod$571404c0889eaf57f492cb5e37f8acb5df5852f9$lut for cells of type $lut.
Using template $paramod$784f4711405f84982df518be1f8d295ab4d5b427$lut for cells of type $lut.
Using template $paramod$7d6b765650d12ae3acea4976c830876d514a488a$lut for cells of type $lut.
Using template $paramod$83f6b250d1d7934e1f79270dc01ab9aae8ad0d04$lut for cells of type $lut.
Using template $paramod$lut\WIDTH=32'00000000000000000000000000000010\LUT=4'0111 for cells of type $lut.
Using template $paramod$0859b4dde508336bdde19ef64cc1f8fa330f09c6$lut for cells of type $lut.
Using template $paramod$e43a04abc3f1db354fd8ae0188122845a5d7ffd5$lut for cells of type $lut.
Using template $paramod$c958b3a888f937f082b94811ff62d71e32a2b4eb$lut for cells of type $lut.
Using template $paramod$lut\WIDTH=32'00000000000000000000000000000010\LUT=4'0001 for cells of type $lut.
Using template $paramod$6e46ec5a196ba1a24b8e69ab094cadc07c13ac1f$lut for cells of type $lut.
Using template $paramod$5502a85110dbca29ac631107f0b0635e7fade476$lut for cells of type $lut.
Using template $paramod$lut\WIDTH=32'00000000000000000000000000000010\LUT=4'0100 for cells of type $lut.
Using template $paramod$c24ed72ebb67e9ead6029e42e909ef7fc0abbb11$lut for cells of type $lut.
Using template $paramod$lut\WIDTH=32'00000000000000000000000000000010\LUT=4'0010 for cells of type $lut.
Using template $paramod$lut\WIDTH=32'00000000000000000000000000000011\LUT=8'11001010 for cells of type $lut.
Using template $paramod$77e4c6e896d59e6328946b48cb6dfd9e7d523477$lut for cells of type $lut.
Using template $paramod$64559aa8c1d548278d30df2f9c871beb134695d4$lut for cells of type $lut.
Using template $paramod$b56e4fab6d70410b0eb009a5d576acc1559f0b61$lut for cells of type $lut.
Using template $paramod$46739877023dfc40093f1cb1993fb35984487f3d$lut for cells of type $lut.
Using template $paramod$lut\WIDTH=32'00000000000000000000000000000010\LUT=4'1000 for cells of type $lut.
Using template $paramod$d6ca727e39f31d51d29072e0f33aa09c65e37336$lut for cells of type $lut.
Using template $paramod$lut\WIDTH=32'00000000000000000000000000000011\LUT=8'00001000 for cells of type $lut.
Using template $paramod$lut\WIDTH=32'00000000000000000000000000000001\LUT=2'01 for cells of type $lut.
No more expansions possible.
<suppressed ~511 debug messages>

4.48. Executing OPT_LUT_INS pass (discard unused LUT inputs).
Optimizing LUTs in axi_ar_target_path_a.
  Optimizing lut $auto$abc_ops_reintegrate.cc:655:reintegrate$9022.genblk1.genblk1.genblk1.genblk1.genblk1.genblk1.lut2 (4 -> 0)
  Optimizing lut $auto$abc_ops_reintegrate.cc:655:reintegrate$9022.genblk1.genblk1.genblk1.genblk1.genblk1.genblk1.lut3 (4 -> 0)
  Optimizing lut $auto$abc_ops_reintegrate.cc:655:reintegrate$9036.genblk1.genblk1.genblk1.genblk1.genblk1.genblk1.genblk1.lut2 (4 -> 1)
  Optimizing lut $auto$abc_ops_reintegrate.cc:655:reintegrate$9036.genblk1.genblk1.genblk1.genblk1.genblk1.genblk1.genblk1.lut4 (4 -> 0)
  Optimizing lut $auto$abc_ops_reintegrate.cc:655:reintegrate$9036.genblk1.genblk1.genblk1.genblk1.genblk1.genblk1.genblk1.lut5 (4 -> 0)
  Optimizing lut $auto$abc_ops_reintegrate.cc:655:reintegrate$9036.genblk1.genblk1.genblk1.genblk1.genblk1.genblk1.genblk1.lut6 (4 -> 0)
  Optimizing lut $auto$abc_ops_reintegrate.cc:655:reintegrate$9036.genblk1.genblk1.genblk1.genblk1.genblk1.genblk1.genblk1.lut7 (4 -> 0)
  Optimizing lut $abc$9020$lut$aiger9019$381.genblk1.genblk1.genblk1.genblk1.genblk1.genblk1.genblk1.lut2 (4 -> 0)
  Optimizing lut $abc$9020$lut$aiger9019$381.genblk1.genblk1.genblk1.genblk1.genblk1.genblk1.genblk1.lut4 (4 -> 0)
  Optimizing lut $abc$9020$lut$aiger9019$381.genblk1.genblk1.genblk1.genblk1.genblk1.genblk1.genblk1.lut5 (4 -> 0)
  Optimizing lut $abc$9020$lut$aiger9019$381.genblk1.genblk1.genblk1.genblk1.genblk1.genblk1.genblk1.lut6 (4 -> 0)
  Optimizing lut $abc$9020$lut$aiger$o426.genblk1.genblk1.genblk1.genblk1.genblk1.lut0 (4 -> 3)
  Optimizing lut $abc$9020$lut$aiger$o326.genblk1.genblk1.genblk1.genblk1.genblk1.lut1 (4 -> 2)
  Optimizing lut $abc$9020$lut$aiger$o436.genblk1.genblk1.genblk1.genblk1.genblk1.lut1 (4 -> 2)
  Optimizing lut $abc$9020$lut$aiger9019$381.genblk1.genblk1.genblk1.genblk1.genblk1.genblk1.genblk1.lut0 (4 -> 0)
  Optimizing lut $abc$9020$lut$aiger9019$370.genblk1.genblk1.genblk1.genblk1.genblk1.lut0 (4 -> 1)
  Optimizing lut $abc$9020$lut$aiger$o170.genblk1.genblk1.genblk1.genblk1.genblk1.lut1 (4 -> 3)
  Optimizing lut $auto$abc_ops_reintegrate.cc:655:reintegrate$9022.genblk1.genblk1.genblk1.genblk1.genblk1.genblk1.lut0 (4 -> 3)
Removed 0 unused cells and 338 unused wires.

4.49. Executing AUTONAME pass.
Renamed 512 objects in module axi_ar_target_path_a.
<suppressed ~512 debug messages>

4.50. Executing HIERARCHY pass (managing design hierarchy).
Attribute `top' found on module `axi_ar_target_path_a'. Setting top module to axi_ar_target_path_a.

4.50.1. Analyzing design hierarchy..
Top module:  \axi_ar_target_path_a

4.50.2. Analyzing design hierarchy..
Top module:  \axi_ar_target_path_a
Removed 0 unused modules.

4.51. Printing statistics.

=== axi_ar_target_path_a ===

        +----------Local Count, excluding submodules.
        |
      249 wires
      725 wire bits
      249 public wires
      725 public wire bits
       37 ports
      310 port bits
      306 submodules
        7   L6MUX21
      198   LUT4
       27   PFUMX
       74   TRELLIS_FF

=== design hierarchy ===

        +----------Count including submodules.
        |
        - axi_ar_target_path_a

        +----------Count including submodules.
        |
      249 wires
      725 wire bits
      249 public wires
      725 public wire bits
       37 ports
      310 port bits
        - memories
        - memory bits
        - processes
        - cells
      306 submodules
        7   L6MUX21
      198   LUT4
       27   PFUMX
       74   TRELLIS_FF

4.52. Executing CHECK pass (checking for obvious problems).
Checking module axi_ar_target_path_a...
Found and reported 0 problems.

4.53. Executing JSON backend.

5. Printing statistics.

=== axi_ar_target_path_a ===

        +----------Local Count, excluding submodules.
        |
      249 wires
      725 wire bits
      249 public wires
      725 public wire bits
       37 ports
      310 port bits
      306 cells
        7   L6MUX21
      198   LUT4
       27   PFUMX
       74   TRELLIS_FF

Warnings: 1 unique messages, 1 total
Warnings: 1 experimental features used (not excluded with -x).
End of script. Logfile hash: faac832622, time: 0.48s, user: 0.37s, system: 0.04s, MEM: 38.64 MB peak
Yosys 0.69+75 (git sha1 f0b945f63-dirty, Release, Clang /usr/local/osxcross/target/bin/aarch64-apple-darwin25.5-clang++ 21.1.8)
Time spent: 52% 23x read_verilog (0 sec), 13% 1x abc9_exe (0 sec), ...
