
-- Running command `read_verilog -sv /Users/Dilan/Projects/fabric-under-pressure/rtl/axi_outstanding_tracker.sv; synth_ecp5 -top axi_outstanding_tracker -json /Users/Dilan/Projects/fabric-under-pressure/results/raw/outstanding_tracker/axi_outstanding_tracker_ecp5.json; stat' --

1. Executing Verilog-2005 frontend: /Users/Dilan/Projects/fabric-under-pressure/rtl/axi_outstanding_tracker.sv
Parsing SystemVerilog input from `/Users/Dilan/Projects/fabric-under-pressure/rtl/axi_outstanding_tracker.sv' to AST representation.
Generating RTLIL representation for module `\axi_outstanding_tracker'.
Warning: Replacing memory \len_table with list of registers. See /Users/Dilan/Projects/fabric-under-pressure/rtl/axi_outstanding_tracker.sv:66
Warning: Replacing memory \target_table with list of registers. See /Users/Dilan/Projects/fabric-under-pressure/rtl/axi_outstanding_tracker.sv:65
Successfully finished Verilog frontend.

2. Executing SYNTH_LATTICE pass.

2.1. Executing Verilog-2005 frontend: /Users/Dilan/eda/fabric-under-pressure/oss-cad-suite/libexec/../share/yosys/lattice/cells_sim_ecp5.v
Parsing Verilog input from `/Users/Dilan/eda/fabric-under-pressure/oss-cad-suite/libexec/../share/yosys/lattice/cells_sim_ecp5.v' to AST representation.
Generating RTLIL representation for module `\LUT4'.
Generating RTLIL representation for module `\$__ABC9_LUT5'.
Generating RTLIL representation for module `\$__ABC9_LUT6'.
Generating RTLIL representation for module `\$__ABC9_LUT7'.
Generating RTLIL representation for module `\L6MUX21'.
Generating RTLIL representation for module `\TRELLIS_RAM16X2'.
Generating RTLIL representation for module `\PFUMX'.
Generating RTLIL representation for module `\TRELLIS_DPR16X4'.
Generating RTLIL representation for module `\DPR16X4C'.
Generating RTLIL representation for module `\LUT2'.
Generating RTLIL representation for module `\TRELLIS_FF'.
Generating RTLIL representation for module `\TRELLIS_IO'.
Generating RTLIL representation for module `\INV'.
Generating RTLIL representation for module `\TRELLIS_COMB'.
Generating RTLIL representation for module `\VLO'.
Generating RTLIL representation for module `\VHI'.
Generating RTLIL representation for module `\FD1P3AX'.
Generating RTLIL representation for module `\FD1P3AY'.
Generating RTLIL representation for module `\FD1P3BX'.
Generating RTLIL representation for module `\FD1P3DX'.
Generating RTLIL representation for module `\FD1P3IX'.
Generating RTLIL representation for module `\FD1P3JX'.
Generating RTLIL representation for module `\FD1S3AX'.
Generating RTLIL representation for module `\FD1S3AY'.
Generating RTLIL representation for module `\FD1S3BX'.
Generating RTLIL representation for module `\FD1S3DX'.
Generating RTLIL representation for module `\FD1S3IX'.
Generating RTLIL representation for module `\FD1S3JX'.
Generating RTLIL representation for module `\IFS1P3BX'.
Generating RTLIL representation for module `\IFS1P3DX'.
Generating RTLIL representation for module `\IFS1P3IX'.
Generating RTLIL representation for module `\IFS1P3JX'.
Generating RTLIL representation for module `\OFS1P3BX'.
Generating RTLIL representation for module `\OFS1P3DX'.
Generating RTLIL representation for module `\OFS1P3IX'.
Generating RTLIL representation for module `\OFS1P3JX'.
Generating RTLIL representation for module `\IB'.
Generating RTLIL representation for module `\IBPU'.
Generating RTLIL representation for module `\IBPD'.
Generating RTLIL representation for module `\OB'.
Generating RTLIL representation for module `\OBZ'.
Generating RTLIL representation for module `\OBZPU'.
Generating RTLIL representation for module `\OBZPD'.
Generating RTLIL representation for module `\OBCO'.
Generating RTLIL representation for module `\BB'.
Generating RTLIL representation for module `\BBPU'.
Generating RTLIL representation for module `\BBPD'.
Generating RTLIL representation for module `\ILVDS'.
Generating RTLIL representation for module `\OLVDS'.
Generating RTLIL representation for module `\CCU2C'.
Generating RTLIL representation for module `\DP16KD'.
Replacing existing blackbox module `\FD1P3AX' at /Users/Dilan/eda/fabric-under-pressure/oss-cad-suite/libexec/../share/yosys/lattice/cells_ff.vh:2.1-2.261.
Generating RTLIL representation for module `\FD1P3AX'.
Replacing existing blackbox module `\FD1P3AY' at /Users/Dilan/eda/fabric-under-pressure/oss-cad-suite/libexec/../share/yosys/lattice/cells_ff.vh:3.1-3.261.
Generating RTLIL representation for module `\FD1P3AY'.
Replacing existing blackbox module `\FD1P3BX' at /Users/Dilan/eda/fabric-under-pressure/oss-cad-suite/libexec/../share/yosys/lattice/cells_ff.vh:4.1-4.261.
Generating RTLIL representation for module `\FD1P3BX'.
Replacing existing blackbox module `\FD1P3DX' at /Users/Dilan/eda/fabric-under-pressure/oss-cad-suite/libexec/../share/yosys/lattice/cells_ff.vh:5.1-5.261.
Generating RTLIL representation for module `\FD1P3DX'.
Replacing existing blackbox module `\FD1P3IX' at /Users/Dilan/eda/fabric-under-pressure/oss-cad-suite/libexec/../share/yosys/lattice/cells_ff.vh:6.1-6.261.
Generating RTLIL representation for module `\FD1P3IX'.
Replacing existing blackbox module `\FD1P3JX' at /Users/Dilan/eda/fabric-under-pressure/oss-cad-suite/libexec/../share/yosys/lattice/cells_ff.vh:7.1-7.261.
Generating RTLIL representation for module `\FD1P3JX'.
Replacing existing blackbox module `\FD1S3AX' at /Users/Dilan/eda/fabric-under-pressure/oss-cad-suite/libexec/../share/yosys/lattice/cells_ff.vh:8.1-8.261.
Generating RTLIL representation for module `\FD1S3AX'.
Replacing existing blackbox module `\FD1S3AY' at /Users/Dilan/eda/fabric-under-pressure/oss-cad-suite/libexec/../share/yosys/lattice/cells_ff.vh:9.1-9.261.
Generating RTLIL representation for module `\FD1S3AY'.
Replacing existing blackbox module `\FD1S3BX' at /Users/Dilan/eda/fabric-under-pressure/oss-cad-suite/libexec/../share/yosys/lattice/cells_ff.vh:10.1-10.261.
Generating RTLIL representation for module `\FD1S3BX'.
Replacing existing blackbox module `\FD1S3DX' at /Users/Dilan/eda/fabric-under-pressure/oss-cad-suite/libexec/../share/yosys/lattice/cells_ff.vh:11.1-11.261.
Generating RTLIL representation for module `\FD1S3DX'.
Replacing existing blackbox module `\FD1S3IX' at /Users/Dilan/eda/fabric-under-pressure/oss-cad-suite/libexec/../share/yosys/lattice/cells_ff.vh:12.1-12.261.
Generating RTLIL representation for module `\FD1S3IX'.
Replacing existing blackbox module `\FD1S3JX' at /Users/Dilan/eda/fabric-under-pressure/oss-cad-suite/libexec/../share/yosys/lattice/cells_ff.vh:13.1-13.261.
Generating RTLIL representation for module `\FD1S3JX'.
Replacing existing blackbox module `\IFS1P3BX' at /Users/Dilan/eda/fabric-under-pressure/oss-cad-suite/libexec/../share/yosys/lattice/cells_ff.vh:26.1-26.301.
Generating RTLIL representation for module `\IFS1P3BX'.
Replacing existing blackbox module `\IFS1P3DX' at /Users/Dilan/eda/fabric-under-pressure/oss-cad-suite/libexec/../share/yosys/lattice/cells_ff.vh:27.1-27.301.
Generating RTLIL representation for module `\IFS1P3DX'.
Replacing existing blackbox module `\IFS1P3IX' at /Users/Dilan/eda/fabric-under-pressure/oss-cad-suite/libexec/../share/yosys/lattice/cells_ff.vh:28.1-28.301.
Generating RTLIL representation for module `\IFS1P3IX'.
Replacing existing blackbox module `\IFS1P3JX' at /Users/Dilan/eda/fabric-under-pressure/oss-cad-suite/libexec/../share/yosys/lattice/cells_ff.vh:29.1-29.301.
Generating RTLIL representation for module `\IFS1P3JX'.
Replacing existing blackbox module `\OFS1P3BX' at /Users/Dilan/eda/fabric-under-pressure/oss-cad-suite/libexec/../share/yosys/lattice/cells_ff.vh:31.1-31.302.
Generating RTLIL representation for module `\OFS1P3BX'.
Replacing existing blackbox module `\OFS1P3DX' at /Users/Dilan/eda/fabric-under-pressure/oss-cad-suite/libexec/../share/yosys/lattice/cells_ff.vh:32.1-32.302.
Generating RTLIL representation for module `\OFS1P3DX'.
Replacing existing blackbox module `\OFS1P3IX' at /Users/Dilan/eda/fabric-under-pressure/oss-cad-suite/libexec/../share/yosys/lattice/cells_ff.vh:33.1-33.302.
Generating RTLIL representation for module `\OFS1P3IX'.
Replacing existing blackbox module `\OFS1P3JX' at /Users/Dilan/eda/fabric-under-pressure/oss-cad-suite/libexec/../share/yosys/lattice/cells_ff.vh:34.1-34.302.
Generating RTLIL representation for module `\OFS1P3JX'.
Replacing existing blackbox module `\IB' at /Users/Dilan/eda/fabric-under-pressure/oss-cad-suite/libexec/../share/yosys/lattice/cells_io.vh:2.1-2.157.
Generating RTLIL representation for module `\IB'.
Replacing existing blackbox module `\IBPU' at /Users/Dilan/eda/fabric-under-pressure/oss-cad-suite/libexec/../share/yosys/lattice/cells_io.vh:3.1-3.157.
Generating RTLIL representation for module `\IBPU'.
Replacing existing blackbox module `\IBPD' at /Users/Dilan/eda/fabric-under-pressure/oss-cad-suite/libexec/../share/yosys/lattice/cells_io.vh:4.1-4.157.
Generating RTLIL representation for module `\IBPD'.
Replacing existing blackbox module `\OB' at /Users/Dilan/eda/fabric-under-pressure/oss-cad-suite/libexec/../share/yosys/lattice/cells_io.vh:5.1-5.157.
Generating RTLIL representation for module `\OB'.
Replacing existing blackbox module `\OBZ' at /Users/Dilan/eda/fabric-under-pressure/oss-cad-suite/libexec/../share/yosys/lattice/cells_io.vh:6.1-6.164.
Generating RTLIL representation for module `\OBZ'.
Replacing existing blackbox module `\OBZPU' at /Users/Dilan/eda/fabric-under-pressure/oss-cad-suite/libexec/../share/yosys/lattice/cells_io.vh:7.1-7.164.
Generating RTLIL representation for module `\OBZPU'.
Replacing existing blackbox module `\OBZPD' at /Users/Dilan/eda/fabric-under-pressure/oss-cad-suite/libexec/../share/yosys/lattice/cells_io.vh:8.1-8.164.
Generating RTLIL representation for module `\OBZPD'.
Replacing existing blackbox module `\OBCO' at /Users/Dilan/eda/fabric-under-pressure/oss-cad-suite/libexec/../share/yosys/lattice/cells_io.vh:9.1-9.90.
Generating RTLIL representation for module `\OBCO'.
Replacing existing blackbox module `\BB' at /Users/Dilan/eda/fabric-under-pressure/oss-cad-suite/libexec/../share/yosys/lattice/cells_io.vh:10.1-10.179.
Generating RTLIL representation for module `\BB'.
Replacing existing blackbox module `\BBPU' at /Users/Dilan/eda/fabric-under-pressure/oss-cad-suite/libexec/../share/yosys/lattice/cells_io.vh:11.1-11.179.
Generating RTLIL representation for module `\BBPU'.
Replacing existing blackbox module `\BBPD' at /Users/Dilan/eda/fabric-under-pressure/oss-cad-suite/libexec/../share/yosys/lattice/cells_io.vh:12.1-12.179.
Generating RTLIL representation for module `\BBPD'.
Replacing existing blackbox module `\ILVDS' at /Users/Dilan/eda/fabric-under-pressure/oss-cad-suite/libexec/../share/yosys/lattice/cells_io.vh:13.1-13.139.
Generating RTLIL representation for module `\ILVDS'.
Replacing existing blackbox module `\OLVDS' at /Users/Dilan/eda/fabric-under-pressure/oss-cad-suite/libexec/../share/yosys/lattice/cells_io.vh:14.1-14.146.
Generating RTLIL representation for module `\OLVDS'.
Successfully finished Verilog frontend.

2.2. Executing Verilog-2005 frontend: /Users/Dilan/eda/fabric-under-pressure/oss-cad-suite/libexec/../share/yosys/lattice/cells_bb_ecp5.v
Parsing Verilog input from `/Users/Dilan/eda/fabric-under-pressure/oss-cad-suite/libexec/../share/yosys/lattice/cells_bb_ecp5.v' to AST representation.
Generating RTLIL representation for module `\GSR'.
Generating RTLIL representation for module `\PUR'.
Generating RTLIL representation for module `\SGSR'.
Generating RTLIL representation for module `\PDPW16KD'.
Generating RTLIL representation for module `\MULT18X18D'.
Generating RTLIL representation for module `\ALU54B'.
Generating RTLIL representation for module `\CLKDIVF'.
Generating RTLIL representation for module `\PCSCLKDIV'.
Generating RTLIL representation for module `\DCSC'.
Generating RTLIL representation for module `\DCCA'.
Generating RTLIL representation for module `\ECLKSYNCB'.
Generating RTLIL representation for module `\ECLKBRIDGECS'.
Generating RTLIL representation for module `\DELAYF'.
Generating RTLIL representation for module `\DELAYG'.
Generating RTLIL representation for module `\USRMCLK'.
Generating RTLIL representation for module `\DQSBUFM'.
Generating RTLIL representation for module `\DDRDLLA'.
Generating RTLIL representation for module `\DLLDELD'.
Generating RTLIL representation for module `\IDDRX1F'.
Generating RTLIL representation for module `\IDDRX2F'.
Generating RTLIL representation for module `\IDDR71B'.
Generating RTLIL representation for module `\IDDRX2DQA'.
Generating RTLIL representation for module `\ODDRX1F'.
Generating RTLIL representation for module `\ODDRX2F'.
Generating RTLIL representation for module `\ODDR71B'.
Generating RTLIL representation for module `\OSHX2A'.
Generating RTLIL representation for module `\TSHX2DQA'.
Generating RTLIL representation for module `\TSHX2DQSA'.
Generating RTLIL representation for module `\ODDRX2DQA'.
Generating RTLIL representation for module `\ODDRX2DQSB'.
Generating RTLIL representation for module `\EHXPLLL'.
Generating RTLIL representation for module `\DTR'.
Generating RTLIL representation for module `\OSCG'.
Generating RTLIL representation for module `\EXTREFB'.
Generating RTLIL representation for module `\JTAGG'.
Generating RTLIL representation for module `\DCUA'.
Successfully finished Verilog frontend.

2.3. Executing HIERARCHY pass (managing design hierarchy).

2.3.1. Analyzing design hierarchy..
Top module:  \axi_outstanding_tracker

2.3.2. Analyzing design hierarchy..
Top module:  \axi_outstanding_tracker
Removed 0 unused modules.

2.4. Executing PROC pass (convert processes to netlists).

2.4.1. Executing PROC_CLEAN pass (remove empty switches from decision trees).
Cleaned up 0 empty switches.

2.4.2. Executing PROC_RMDEAD pass (remove dead branches from decision trees).
Marked 8 switch rules as full_case in process $proc$/Users/Dilan/Projects/fabric-under-pressure/rtl/axi_outstanding_tracker.sv:60$35 in module axi_outstanding_tracker.
Removed 2 dead cases from process $proc$/Users/Dilan/Projects/fabric-under-pressure/rtl/axi_outstanding_tracker.sv:34$10 in module axi_outstanding_tracker.
Marked 3 switch rules as full_case in process $proc$/Users/Dilan/Projects/fabric-under-pressure/rtl/axi_outstanding_tracker.sv:34$10 in module axi_outstanding_tracker.
Removed a total of 2 dead cases.

2.4.3. Executing PROC_PRUNE pass (remove redundant assignments in processes).
Removed 1 redundant assignment.
Promoted 26 assignments to connections.

2.4.4. Executing PROC_INIT pass (extract init attributes).

2.4.5. Executing PROC_ARST pass (detect async resets in processes).
Found async reset \ARESETn in `\axi_outstanding_tracker.$proc$/Users/Dilan/Projects/fabric-under-pressure/rtl/axi_outstanding_tracker.sv:60$35'.

2.4.6. Executing PROC_ROM pass (convert switches to ROMs).
Converted 0 switches.
<suppressed ~10 debug messages>

2.4.7. Executing PROC_MUX pass (convert decision trees to multiplexers).
Creating decoders for process `\axi_outstanding_tracker.$proc$/Users/Dilan/Projects/fabric-under-pressure/rtl/axi_outstanding_tracker.sv:60$35'.
     1/57: $0\outstanding_count[2:0]
     2/57: $2$mem2reg_wr$\len_table$/Users/Dilan/Projects/fabric-under-pressure/rtl/axi_outstanding_tracker.sv:78$9_ADDR[3:0]$75
     3/57: $2$mem2reg_wr$\len_table$/Users/Dilan/Projects/fabric-under-pressure/rtl/axi_outstanding_tracker.sv:78$9_DATA[7:0]$76
     4/57: $2$mem2reg_wr$\target_table$/Users/Dilan/Projects/fabric-under-pressure/rtl/axi_outstanding_tracker.sv:77$8_ADDR[3:0]$73
     5/57: $2$mem2reg_wr$\target_table$/Users/Dilan/Projects/fabric-under-pressure/rtl/axi_outstanding_tracker.sv:77$8_DATA[3:0]$74
     6/57: $3$lookahead\busy_bitmap$34[15:0]$77
     7/57: $2$bitselwrite$pos$/Users/Dilan/Projects/fabric-under-pressure/rtl/axi_outstanding_tracker.sv:76$3[3:0]$72
     8/57: $2$mem2reg_wr$\len_table$/Users/Dilan/Projects/fabric-under-pressure/rtl/axi_outstanding_tracker.sv:72$7_ADDR[3:0]$62
     9/57: $2$mem2reg_wr$\len_table$/Users/Dilan/Projects/fabric-under-pressure/rtl/axi_outstanding_tracker.sv:72$7_DATA[7:0]$63
    10/57: $2$mem2reg_wr$\target_table$/Users/Dilan/Projects/fabric-under-pressure/rtl/axi_outstanding_tracker.sv:71$6_ADDR[3:0]$60
    11/57: $2$mem2reg_wr$\target_table$/Users/Dilan/Projects/fabric-under-pressure/rtl/axi_outstanding_tracker.sv:71$6_DATA[3:0]$61
    12/57: $2$lookahead\busy_bitmap$34[15:0]$64
    13/57: $2$bitselwrite$pos$/Users/Dilan/Projects/fabric-under-pressure/rtl/axi_outstanding_tracker.sv:70$2[3:0]$59
    14/57: $1$lookahead\busy_bitmap$34[15:0]$58
    15/57: $1$mem2reg_wr$\len_table$/Users/Dilan/Projects/fabric-under-pressure/rtl/axi_outstanding_tracker.sv:78$9_DATA[7:0]$57
    16/57: $1$mem2reg_wr$\len_table$/Users/Dilan/Projects/fabric-under-pressure/rtl/axi_outstanding_tracker.sv:78$9_ADDR[3:0]$56
    17/57: $1$mem2reg_wr$\target_table$/Users/Dilan/Projects/fabric-under-pressure/rtl/axi_outstanding_tracker.sv:77$8_DATA[3:0]$55
    18/57: $1$mem2reg_wr$\target_table$/Users/Dilan/Projects/fabric-under-pressure/rtl/axi_outstanding_tracker.sv:77$8_ADDR[3:0]$54
    19/57: $1$bitselwrite$pos$/Users/Dilan/Projects/fabric-under-pressure/rtl/axi_outstanding_tracker.sv:76$3[3:0]$49
    20/57: $1$mem2reg_wr$\len_table$/Users/Dilan/Projects/fabric-under-pressure/rtl/axi_outstanding_tracker.sv:72$7_DATA[7:0]$53
    21/57: $1$mem2reg_wr$\len_table$/Users/Dilan/Projects/fabric-under-pressure/rtl/axi_outstanding_tracker.sv:72$7_ADDR[3:0]$52
    22/57: $1$mem2reg_wr$\target_table$/Users/Dilan/Projects/fabric-under-pressure/rtl/axi_outstanding_tracker.sv:71$6_DATA[3:0]$51
    23/57: $1$mem2reg_wr$\target_table$/Users/Dilan/Projects/fabric-under-pressure/rtl/axi_outstanding_tracker.sv:71$6_ADDR[3:0]$50
    24/57: $1$bitselwrite$pos$/Users/Dilan/Projects/fabric-under-pressure/rtl/axi_outstanding_tracker.sv:70$2[3:0]$48
    25/57: $1\i[31:0]
    26/57: $0\len_table[15][7:0]
    27/57: $0\len_table[14][7:0]
    28/57: $0\len_table[13][7:0]
    29/57: $0\len_table[12][7:0]
    30/57: $0\len_table[11][7:0]
    31/57: $0\len_table[10][7:0]
    32/57: $0\len_table[9][7:0]
    33/57: $0\len_table[8][7:0]
    34/57: $0\len_table[7][7:0]
    35/57: $0\len_table[6][7:0]
    36/57: $0\len_table[5][7:0]
    37/57: $0\len_table[4][7:0]
    38/57: $0\len_table[3][7:0]
    39/57: $0\len_table[2][7:0]
    40/57: $0\len_table[1][7:0]
    41/57: $0\len_table[0][7:0]
    42/57: $0\target_table[15][3:0]
    43/57: $0\target_table[14][3:0]
    44/57: $0\target_table[13][3:0]
    45/57: $0\target_table[12][3:0]
    46/57: $0\target_table[11][3:0]
    47/57: $0\target_table[10][3:0]
    48/57: $0\target_table[9][3:0]
    49/57: $0\target_table[8][3:0]
    50/57: $0\target_table[7][3:0]
    51/57: $0\target_table[6][3:0]
    52/57: $0\target_table[5][3:0]
    53/57: $0\target_table[4][3:0]
    54/57: $0\target_table[3][3:0]
    55/57: $0\target_table[2][3:0]
    56/57: $0\target_table[1][3:0]
    57/57: $0\target_table[0][3:0]
Creating decoders for process `\axi_outstanding_tracker.$proc$/Users/Dilan/Projects/fabric-under-pressure/rtl/axi_outstanding_tracker.sv:55$31'.
Creating decoders for process `\axi_outstanding_tracker.$proc$/Users/Dilan/Projects/fabric-under-pressure/rtl/axi_outstanding_tracker.sv:34$10'.
     1/13: $2$mem2reg_rd$\len_table$/Users/Dilan/Projects/fabric-under-pressure/rtl/axi_outstanding_tracker.sv:51$5_DATA[7:0]$30
     2/13: $2$mem2reg_rd$\target_table$/Users/Dilan/Projects/fabric-under-pressure/rtl/axi_outstanding_tracker.sv:50$4_DATA[3:0]$29
     3/13: $1\lookup_len[7:0]
     4/13: $1$mem2reg_rd$\len_table$/Users/Dilan/Projects/fabric-under-pressure/rtl/axi_outstanding_tracker.sv:51$5_DATA[7:0]$18
     5/13: $1$mem2reg_rd$\len_table$/Users/Dilan/Projects/fabric-under-pressure/rtl/axi_outstanding_tracker.sv:51$5_ADDR[3:0]$17
     6/13: $1\lookup_target[3:0]
     7/13: $1$mem2reg_rd$\target_table$/Users/Dilan/Projects/fabric-under-pressure/rtl/axi_outstanding_tracker.sv:50$4_DATA[3:0]$16
     8/13: $1$mem2reg_rd$\target_table$/Users/Dilan/Projects/fabric-under-pressure/rtl/axi_outstanding_tracker.sv:50$4_ADDR[3:0]$15
     9/13: $1\lookup_busy[0:0]
    10/13: $1\complete_violation[0:0]
    11/13: $1\allocate_violation[0:0]
    12/13: $1\complete_known[0:0]
    13/13: $1\allocate_allowed[0:0]

2.4.8. Executing PROC_DLATCH pass (convert process syncs to latches).
No latch inferred for signal `\axi_outstanding_tracker.\allocate_do' from process `\axi_outstanding_tracker.$proc$/Users/Dilan/Projects/fabric-under-pressure/rtl/axi_outstanding_tracker.sv:55$31'.
No latch inferred for signal `\axi_outstanding_tracker.\complete_do' from process `\axi_outstanding_tracker.$proc$/Users/Dilan/Projects/fabric-under-pressure/rtl/axi_outstanding_tracker.sv:55$31'.
No latch inferred for signal `\axi_outstanding_tracker.\allocate_allowed' from process `\axi_outstanding_tracker.$proc$/Users/Dilan/Projects/fabric-under-pressure/rtl/axi_outstanding_tracker.sv:34$10'.
No latch inferred for signal `\axi_outstanding_tracker.\complete_known' from process `\axi_outstanding_tracker.$proc$/Users/Dilan/Projects/fabric-under-pressure/rtl/axi_outstanding_tracker.sv:34$10'.
No latch inferred for signal `\axi_outstanding_tracker.\allocate_violation' from process `\axi_outstanding_tracker.$proc$/Users/Dilan/Projects/fabric-under-pressure/rtl/axi_outstanding_tracker.sv:34$10'.
No latch inferred for signal `\axi_outstanding_tracker.\complete_violation' from process `\axi_outstanding_tracker.$proc$/Users/Dilan/Projects/fabric-under-pressure/rtl/axi_outstanding_tracker.sv:34$10'.
No latch inferred for signal `\axi_outstanding_tracker.\lookup_busy' from process `\axi_outstanding_tracker.$proc$/Users/Dilan/Projects/fabric-under-pressure/rtl/axi_outstanding_tracker.sv:34$10'.
No latch inferred for signal `\axi_outstanding_tracker.\lookup_target' from process `\axi_outstanding_tracker.$proc$/Users/Dilan/Projects/fabric-under-pressure/rtl/axi_outstanding_tracker.sv:34$10'.
No latch inferred for signal `\axi_outstanding_tracker.\lookup_len' from process `\axi_outstanding_tracker.$proc$/Users/Dilan/Projects/fabric-under-pressure/rtl/axi_outstanding_tracker.sv:34$10'.

2.4.9. Executing PROC_DFF pass (convert process syncs to FFs).
Creating register for signal `\axi_outstanding_tracker.\i' using process `\axi_outstanding_tracker.$proc$/Users/Dilan/Projects/fabric-under-pressure/rtl/axi_outstanding_tracker.sv:60$35'.
  created $adff cell `$procdff$1229' with positive edge clock and positive level reset.
Creating register for signal `\axi_outstanding_tracker.\busy_bitmap' using process `\axi_outstanding_tracker.$proc$/Users/Dilan/Projects/fabric-under-pressure/rtl/axi_outstanding_tracker.sv:60$35'.
  created $adff cell `$procdff$1234' with positive edge clock and positive level reset.
Creating register for signal `\axi_outstanding_tracker.\outstanding_count' using process `\axi_outstanding_tracker.$proc$/Users/Dilan/Projects/fabric-under-pressure/rtl/axi_outstanding_tracker.sv:60$35'.
  created $adff cell `$procdff$1239' with positive edge clock and positive level reset.
Creating register for signal `\axi_outstanding_tracker.$bitselwrite$pos$/Users/Dilan/Projects/fabric-under-pressure/rtl/axi_outstanding_tracker.sv:70$2' using process `\axi_outstanding_tracker.$proc$/Users/Dilan/Projects/fabric-under-pressure/rtl/axi_outstanding_tracker.sv:60$35'.
  created $adff cell `$procdff$1244' with positive edge clock and positive level reset.
Creating register for signal `\axi_outstanding_tracker.$bitselwrite$pos$/Users/Dilan/Projects/fabric-under-pressure/rtl/axi_outstanding_tracker.sv:76$3' using process `\axi_outstanding_tracker.$proc$/Users/Dilan/Projects/fabric-under-pressure/rtl/axi_outstanding_tracker.sv:60$35'.
  created $adff cell `$procdff$1249' with positive edge clock and positive level reset.
Creating register for signal `\axi_outstanding_tracker.\target_table[0]' using process `\axi_outstanding_tracker.$proc$/Users/Dilan/Projects/fabric-under-pressure/rtl/axi_outstanding_tracker.sv:60$35'.
  created $adff cell `$procdff$1254' with positive edge clock and positive level reset.
Creating register for signal `\axi_outstanding_tracker.\target_table[1]' using process `\axi_outstanding_tracker.$proc$/Users/Dilan/Projects/fabric-under-pressure/rtl/axi_outstanding_tracker.sv:60$35'.
  created $adff cell `$procdff$1259' with positive edge clock and positive level reset.
Creating register for signal `\axi_outstanding_tracker.\target_table[2]' using process `\axi_outstanding_tracker.$proc$/Users/Dilan/Projects/fabric-under-pressure/rtl/axi_outstanding_tracker.sv:60$35'.
  created $adff cell `$procdff$1264' with positive edge clock and positive level reset.
Creating register for signal `\axi_outstanding_tracker.\target_table[3]' using process `\axi_outstanding_tracker.$proc$/Users/Dilan/Projects/fabric-under-pressure/rtl/axi_outstanding_tracker.sv:60$35'.
  created $adff cell `$procdff$1269' with positive edge clock and positive level reset.
Creating register for signal `\axi_outstanding_tracker.\target_table[4]' using process `\axi_outstanding_tracker.$proc$/Users/Dilan/Projects/fabric-under-pressure/rtl/axi_outstanding_tracker.sv:60$35'.
  created $adff cell `$procdff$1274' with positive edge clock and positive level reset.
Creating register for signal `\axi_outstanding_tracker.\target_table[5]' using process `\axi_outstanding_tracker.$proc$/Users/Dilan/Projects/fabric-under-pressure/rtl/axi_outstanding_tracker.sv:60$35'.
  created $adff cell `$procdff$1279' with positive edge clock and positive level reset.
Creating register for signal `\axi_outstanding_tracker.\target_table[6]' using process `\axi_outstanding_tracker.$proc$/Users/Dilan/Projects/fabric-under-pressure/rtl/axi_outstanding_tracker.sv:60$35'.
  created $adff cell `$procdff$1284' with positive edge clock and positive level reset.
Creating register for signal `\axi_outstanding_tracker.\target_table[7]' using process `\axi_outstanding_tracker.$proc$/Users/Dilan/Projects/fabric-under-pressure/rtl/axi_outstanding_tracker.sv:60$35'.
  created $adff cell `$procdff$1289' with positive edge clock and positive level reset.
Creating register for signal `\axi_outstanding_tracker.\target_table[8]' using process `\axi_outstanding_tracker.$proc$/Users/Dilan/Projects/fabric-under-pressure/rtl/axi_outstanding_tracker.sv:60$35'.
  created $adff cell `$procdff$1294' with positive edge clock and positive level reset.
Creating register for signal `\axi_outstanding_tracker.\target_table[9]' using process `\axi_outstanding_tracker.$proc$/Users/Dilan/Projects/fabric-under-pressure/rtl/axi_outstanding_tracker.sv:60$35'.
  created $adff cell `$procdff$1299' with positive edge clock and positive level reset.
Creating register for signal `\axi_outstanding_tracker.\target_table[10]' using process `\axi_outstanding_tracker.$proc$/Users/Dilan/Projects/fabric-under-pressure/rtl/axi_outstanding_tracker.sv:60$35'.
  created $adff cell `$procdff$1304' with positive edge clock and positive level reset.
Creating register for signal `\axi_outstanding_tracker.\target_table[11]' using process `\axi_outstanding_tracker.$proc$/Users/Dilan/Projects/fabric-under-pressure/rtl/axi_outstanding_tracker.sv:60$35'.
  created $adff cell `$procdff$1309' with positive edge clock and positive level reset.
Creating register for signal `\axi_outstanding_tracker.\target_table[12]' using process `\axi_outstanding_tracker.$proc$/Users/Dilan/Projects/fabric-under-pressure/rtl/axi_outstanding_tracker.sv:60$35'.
  created $adff cell `$procdff$1314' with positive edge clock and positive level reset.
Creating register for signal `\axi_outstanding_tracker.\target_table[13]' using process `\axi_outstanding_tracker.$proc$/Users/Dilan/Projects/fabric-under-pressure/rtl/axi_outstanding_tracker.sv:60$35'.
  created $adff cell `$procdff$1319' with positive edge clock and positive level reset.
Creating register for signal `\axi_outstanding_tracker.\target_table[14]' using process `\axi_outstanding_tracker.$proc$/Users/Dilan/Projects/fabric-under-pressure/rtl/axi_outstanding_tracker.sv:60$35'.
  created $adff cell `$procdff$1324' with positive edge clock and positive level reset.
Creating register for signal `\axi_outstanding_tracker.\target_table[15]' using process `\axi_outstanding_tracker.$proc$/Users/Dilan/Projects/fabric-under-pressure/rtl/axi_outstanding_tracker.sv:60$35'.
  created $adff cell `$procdff$1329' with positive edge clock and positive level reset.
Creating register for signal `\axi_outstanding_tracker.\len_table[0]' using process `\axi_outstanding_tracker.$proc$/Users/Dilan/Projects/fabric-under-pressure/rtl/axi_outstanding_tracker.sv:60$35'.
  created $adff cell `$procdff$1334' with positive edge clock and positive level reset.
Creating register for signal `\axi_outstanding_tracker.\len_table[1]' using process `\axi_outstanding_tracker.$proc$/Users/Dilan/Projects/fabric-under-pressure/rtl/axi_outstanding_tracker.sv:60$35'.
  created $adff cell `$procdff$1339' with positive edge clock and positive level reset.
Creating register for signal `\axi_outstanding_tracker.\len_table[2]' using process `\axi_outstanding_tracker.$proc$/Users/Dilan/Projects/fabric-under-pressure/rtl/axi_outstanding_tracker.sv:60$35'.
  created $adff cell `$procdff$1344' with positive edge clock and positive level reset.
Creating register for signal `\axi_outstanding_tracker.\len_table[3]' using process `\axi_outstanding_tracker.$proc$/Users/Dilan/Projects/fabric-under-pressure/rtl/axi_outstanding_tracker.sv:60$35'.
  created $adff cell `$procdff$1349' with positive edge clock and positive level reset.
Creating register for signal `\axi_outstanding_tracker.\len_table[4]' using process `\axi_outstanding_tracker.$proc$/Users/Dilan/Projects/fabric-under-pressure/rtl/axi_outstanding_tracker.sv:60$35'.
  created $adff cell `$procdff$1354' with positive edge clock and positive level reset.
Creating register for signal `\axi_outstanding_tracker.\len_table[5]' using process `\axi_outstanding_tracker.$proc$/Users/Dilan/Projects/fabric-under-pressure/rtl/axi_outstanding_tracker.sv:60$35'.
  created $adff cell `$procdff$1359' with positive edge clock and positive level reset.
Creating register for signal `\axi_outstanding_tracker.\len_table[6]' using process `\axi_outstanding_tracker.$proc$/Users/Dilan/Projects/fabric-under-pressure/rtl/axi_outstanding_tracker.sv:60$35'.
  created $adff cell `$procdff$1364' with positive edge clock and positive level reset.
Creating register for signal `\axi_outstanding_tracker.\len_table[7]' using process `\axi_outstanding_tracker.$proc$/Users/Dilan/Projects/fabric-under-pressure/rtl/axi_outstanding_tracker.sv:60$35'.
  created $adff cell `$procdff$1369' with positive edge clock and positive level reset.
Creating register for signal `\axi_outstanding_tracker.\len_table[8]' using process `\axi_outstanding_tracker.$proc$/Users/Dilan/Projects/fabric-under-pressure/rtl/axi_outstanding_tracker.sv:60$35'.
  created $adff cell `$procdff$1374' with positive edge clock and positive level reset.
Creating register for signal `\axi_outstanding_tracker.\len_table[9]' using process `\axi_outstanding_tracker.$proc$/Users/Dilan/Projects/fabric-under-pressure/rtl/axi_outstanding_tracker.sv:60$35'.
  created $adff cell `$procdff$1379' with positive edge clock and positive level reset.
Creating register for signal `\axi_outstanding_tracker.\len_table[10]' using process `\axi_outstanding_tracker.$proc$/Users/Dilan/Projects/fabric-under-pressure/rtl/axi_outstanding_tracker.sv:60$35'.
  created $adff cell `$procdff$1384' with positive edge clock and positive level reset.
Creating register for signal `\axi_outstanding_tracker.\len_table[11]' using process `\axi_outstanding_tracker.$proc$/Users/Dilan/Projects/fabric-under-pressure/rtl/axi_outstanding_tracker.sv:60$35'.
  created $adff cell `$procdff$1389' with positive edge clock and positive level reset.
Creating register for signal `\axi_outstanding_tracker.\len_table[12]' using process `\axi_outstanding_tracker.$proc$/Users/Dilan/Projects/fabric-under-pressure/rtl/axi_outstanding_tracker.sv:60$35'.
  created $adff cell `$procdff$1394' with positive edge clock and positive level reset.
Creating register for signal `\axi_outstanding_tracker.\len_table[13]' using process `\axi_outstanding_tracker.$proc$/Users/Dilan/Projects/fabric-under-pressure/rtl/axi_outstanding_tracker.sv:60$35'.
  created $adff cell `$procdff$1399' with positive edge clock and positive level reset.
Creating register for signal `\axi_outstanding_tracker.\len_table[14]' using process `\axi_outstanding_tracker.$proc$/Users/Dilan/Projects/fabric-under-pressure/rtl/axi_outstanding_tracker.sv:60$35'.
  created $adff cell `$procdff$1404' with positive edge clock and positive level reset.
Creating register for signal `\axi_outstanding_tracker.\len_table[15]' using process `\axi_outstanding_tracker.$proc$/Users/Dilan/Projects/fabric-under-pressure/rtl/axi_outstanding_tracker.sv:60$35'.
  created $adff cell `$procdff$1409' with positive edge clock and positive level reset.
Creating register for signal `\axi_outstanding_tracker.$mem2reg_wr$\target_table$/Users/Dilan/Projects/fabric-under-pressure/rtl/axi_outstanding_tracker.sv:71$6_ADDR' using process `\axi_outstanding_tracker.$proc$/Users/Dilan/Projects/fabric-under-pressure/rtl/axi_outstanding_tracker.sv:60$35'.
  created $adff cell `$procdff$1414' with positive edge clock and positive level reset.
Creating register for signal `\axi_outstanding_tracker.$mem2reg_wr$\target_table$/Users/Dilan/Projects/fabric-under-pressure/rtl/axi_outstanding_tracker.sv:71$6_DATA' using process `\axi_outstanding_tracker.$proc$/Users/Dilan/Projects/fabric-under-pressure/rtl/axi_outstanding_tracker.sv:60$35'.
  created $adff cell `$procdff$1419' with positive edge clock and positive level reset.
Creating register for signal `\axi_outstanding_tracker.$mem2reg_wr$\len_table$/Users/Dilan/Projects/fabric-under-pressure/rtl/axi_outstanding_tracker.sv:72$7_ADDR' using process `\axi_outstanding_tracker.$proc$/Users/Dilan/Projects/fabric-under-pressure/rtl/axi_outstanding_tracker.sv:60$35'.
  created $adff cell `$procdff$1424' with positive edge clock and positive level reset.
Creating register for signal `\axi_outstanding_tracker.$mem2reg_wr$\len_table$/Users/Dilan/Projects/fabric-under-pressure/rtl/axi_outstanding_tracker.sv:72$7_DATA' using process `\axi_outstanding_tracker.$proc$/Users/Dilan/Projects/fabric-under-pressure/rtl/axi_outstanding_tracker.sv:60$35'.
  created $adff cell `$procdff$1429' with positive edge clock and positive level reset.
Creating register for signal `\axi_outstanding_tracker.$mem2reg_wr$\target_table$/Users/Dilan/Projects/fabric-under-pressure/rtl/axi_outstanding_tracker.sv:77$8_ADDR' using process `\axi_outstanding_tracker.$proc$/Users/Dilan/Projects/fabric-under-pressure/rtl/axi_outstanding_tracker.sv:60$35'.
  created $adff cell `$procdff$1434' with positive edge clock and positive level reset.
Creating register for signal `\axi_outstanding_tracker.$mem2reg_wr$\target_table$/Users/Dilan/Projects/fabric-under-pressure/rtl/axi_outstanding_tracker.sv:77$8_DATA' using process `\axi_outstanding_tracker.$proc$/Users/Dilan/Projects/fabric-under-pressure/rtl/axi_outstanding_tracker.sv:60$35'.
  created $adff cell `$procdff$1439' with positive edge clock and positive level reset.
Creating register for signal `\axi_outstanding_tracker.$mem2reg_wr$\len_table$/Users/Dilan/Projects/fabric-under-pressure/rtl/axi_outstanding_tracker.sv:78$9_ADDR' using process `\axi_outstanding_tracker.$proc$/Users/Dilan/Projects/fabric-under-pressure/rtl/axi_outstanding_tracker.sv:60$35'.
  created $adff cell `$procdff$1444' with positive edge clock and positive level reset.
Creating register for signal `\axi_outstanding_tracker.$mem2reg_wr$\len_table$/Users/Dilan/Projects/fabric-under-pressure/rtl/axi_outstanding_tracker.sv:78$9_DATA' using process `\axi_outstanding_tracker.$proc$/Users/Dilan/Projects/fabric-under-pressure/rtl/axi_outstanding_tracker.sv:60$35'.
  created $adff cell `$procdff$1449' with positive edge clock and positive level reset.
Creating register for signal `\axi_outstanding_tracker.$lookahead\busy_bitmap$34' using process `\axi_outstanding_tracker.$proc$/Users/Dilan/Projects/fabric-under-pressure/rtl/axi_outstanding_tracker.sv:60$35'.
  created $adff cell `$procdff$1454' with positive edge clock and positive level reset.

2.4.10. Executing PROC_MEMWR pass (convert process memory writes to cells).

2.4.11. Executing PROC_CLEAN pass (remove empty switches from decision trees).
Found and cleaned up 7 empty switches in `\axi_outstanding_tracker.$proc$/Users/Dilan/Projects/fabric-under-pressure/rtl/axi_outstanding_tracker.sv:60$35'.
Removing empty process `axi_outstanding_tracker.$proc$/Users/Dilan/Projects/fabric-under-pressure/rtl/axi_outstanding_tracker.sv:60$35'.
Removing empty process `axi_outstanding_tracker.$proc$/Users/Dilan/Projects/fabric-under-pressure/rtl/axi_outstanding_tracker.sv:55$31'.
Found and cleaned up 3 empty switches in `\axi_outstanding_tracker.$proc$/Users/Dilan/Projects/fabric-under-pressure/rtl/axi_outstanding_tracker.sv:34$10'.
Removing empty process `axi_outstanding_tracker.$proc$/Users/Dilan/Projects/fabric-under-pressure/rtl/axi_outstanding_tracker.sv:34$10'.
Cleaned up 10 empty switches.

2.4.12. Executing OPT_EXPR pass (perform const folding).
Optimizing module axi_outstanding_tracker.
<suppressed ~98 debug messages>

2.5. Executing CHECK pass (checking for obvious problems).
Checking module axi_outstanding_tracker...
Found and reported 0 problems.

2.6. Executing FLATTEN pass (flatten design).

2.7. Executing TRIBUF pass.

2.8. Executing DEMINOUT pass (demote inout ports to input or output).

2.9. Executing OPT_EXPR pass (perform const folding).
Optimizing module axi_outstanding_tracker.

2.10. Executing CHECK pass (checking for obvious problems).
Checking module axi_outstanding_tracker...
Found and reported 0 problems.

2.11. Executing OPT_CLEAN pass (remove unused cells and wires).
Finding unused cells or wires in module \axi_outstanding_tracker..
Removed 73 unused cells and 317 unused wires.
<suppressed ~75 debug messages>

2.12. Executing OPT pass (performing simple optimizations).

2.12.1. Executing OPT_EXPR pass (perform const folding).
Optimizing module axi_outstanding_tracker.

2.12.2. Executing OPT_MERGE pass (detect identical cells).
Finding identical cells in module `\axi_outstanding_tracker'.
Computing hashes of 302 cells of `\axi_outstanding_tracker'.
Finding duplicate cells in `\axi_outstanding_tracker'.
Computing hashes of 252 cells of `\axi_outstanding_tracker'.
Finding duplicate cells in `\axi_outstanding_tracker'.
Computing hashes of 251 cells of `\axi_outstanding_tracker'.
Finding duplicate cells in `\axi_outstanding_tracker'.
<suppressed ~153 debug messages>
Removed a total of 51 cells.

2.12.3. Executing OPT_MUXTREE pass (detect dead branches in mux trees).
Running muxtree optimizer on module \axi_outstanding_tracker..
  Creating internal representation of mux trees.
  Evaluating internal representation of mux trees.
  Analyzing evaluation results.
    dead port 2/2 on $mux $procmux$1190.
    dead port 2/2 on $mux $procmux$1170.
Removed 2 multiplexer ports.
<suppressed ~344 debug messages>

2.12.4. Executing OPT_REDUCE pass (consolidate $*mux and $reduce_* inputs).
  Optimizing cells in module \axi_outstanding_tracker.
Performed a total of 0 changes.

2.12.5. Executing OPT_MERGE pass (detect identical cells).
Finding identical cells in module `\axi_outstanding_tracker'.
Computing hashes of 249 cells of `\axi_outstanding_tracker'.
Finding duplicate cells in `\axi_outstanding_tracker'.
Removed a total of 0 cells.

2.12.6. Executing OPT_DFF pass (perform DFF optimizations).

2.12.7. Executing OPT_CLEAN pass (remove unused cells and wires).
Finding unused cells or wires in module \axi_outstanding_tracker..
Removed 0 unused cells and 53 unused wires.
<suppressed ~1 debug messages>

2.12.8. Executing OPT_EXPR pass (perform const folding).
Optimizing module axi_outstanding_tracker.

2.12.9. Rerunning OPT passes. (Maybe there is more to do..)

2.12.10. Executing OPT_MUXTREE pass (detect dead branches in mux trees).
Running muxtree optimizer on module \axi_outstanding_tracker..
  Creating internal representation of mux trees.
  Evaluating internal representation of mux trees.
  Analyzing evaluation results.
Removed 0 multiplexer ports.
<suppressed ~342 debug messages>

2.12.11. Executing OPT_REDUCE pass (consolidate $*mux and $reduce_* inputs).
  Optimizing cells in module \axi_outstanding_tracker.
Performed a total of 0 changes.

2.12.12. Executing OPT_MERGE pass (detect identical cells).
Finding identical cells in module `\axi_outstanding_tracker'.
Computing hashes of 249 cells of `\axi_outstanding_tracker'.
Finding duplicate cells in `\axi_outstanding_tracker'.
Removed a total of 0 cells.

2.12.13. Executing OPT_DFF pass (perform DFF optimizations).

2.12.14. Executing OPT_CLEAN pass (remove unused cells and wires).
Finding unused cells or wires in module \axi_outstanding_tracker..

2.12.15. Executing OPT_EXPR pass (perform const folding).
Optimizing module axi_outstanding_tracker.

2.12.16. Finished fast OPT passes. (There is nothing left to do.)

2.13. Executing FSM pass (extract and optimize FSM).

2.13.1. Executing FSM_DETECT pass (finding FSMs in design).

2.13.2. Executing FSM_EXTRACT pass (extracting FSM from design).

2.13.3. Executing FSM_OPT pass (simple optimizations of FSMs).

2.13.4. Executing OPT_CLEAN pass (remove unused cells and wires).
Finding unused cells or wires in module \axi_outstanding_tracker..

2.13.5. Executing FSM_OPT pass (simple optimizations of FSMs).

2.13.6. Executing FSM_RECODE pass (re-assigning FSM state encoding).

2.13.7. Executing FSM_INFO pass (dumping all available information on FSM cells).

2.13.8. Executing FSM_MAP pass (mapping FSMs to basic logic).

2.14. Executing OPT pass (performing simple optimizations).

2.14.1. Executing OPT_EXPR pass (perform const folding).
Optimizing module axi_outstanding_tracker.

2.14.2. Executing OPT_MERGE pass (detect identical cells).
Finding identical cells in module `\axi_outstanding_tracker'.
Computing hashes of 249 cells of `\axi_outstanding_tracker'.
Finding duplicate cells in `\axi_outstanding_tracker'.
Removed a total of 0 cells.

2.14.3. Executing OPT_MUXTREE pass (detect dead branches in mux trees).
Running muxtree optimizer on module \axi_outstanding_tracker..
  Creating internal representation of mux trees.
  Evaluating internal representation of mux trees.
  Analyzing evaluation results.
Removed 0 multiplexer ports.
<suppressed ~342 debug messages>

2.14.4. Executing OPT_REDUCE pass (consolidate $*mux and $reduce_* inputs).
  Optimizing cells in module \axi_outstanding_tracker.
Performed a total of 0 changes.

2.14.5. Executing OPT_MERGE pass (detect identical cells).
Finding identical cells in module `\axi_outstanding_tracker'.
Computing hashes of 249 cells of `\axi_outstanding_tracker'.
Finding duplicate cells in `\axi_outstanding_tracker'.
Removed a total of 0 cells.

2.14.6. Executing OPT_DFF pass (perform DFF optimizations).
Adding EN signal on $procdff$1239 ($adff) from module axi_outstanding_tracker (D = $0\outstanding_count[2:0], Q = \outstanding_count).

2.14.7. Executing OPT_CLEAN pass (remove unused cells and wires).
Finding unused cells or wires in module \axi_outstanding_tracker..

2.14.8. Executing OPT_EXPR pass (perform const folding).
Optimizing module axi_outstanding_tracker.
<suppressed ~1 debug messages>

2.14.9. Rerunning OPT passes. (Maybe there is more to do..)

2.14.10. Executing OPT_MUXTREE pass (detect dead branches in mux trees).
Running muxtree optimizer on module \axi_outstanding_tracker..
  Creating internal representation of mux trees.
  Evaluating internal representation of mux trees.
  Analyzing evaluation results.
Removed 0 multiplexer ports.
<suppressed ~342 debug messages>

2.14.11. Executing OPT_REDUCE pass (consolidate $*mux and $reduce_* inputs).
  Optimizing cells in module \axi_outstanding_tracker.
Performed a total of 0 changes.

2.14.12. Executing OPT_MERGE pass (detect identical cells).
Finding identical cells in module `\axi_outstanding_tracker'.
Computing hashes of 250 cells of `\axi_outstanding_tracker'.
Finding duplicate cells in `\axi_outstanding_tracker'.
Removed a total of 0 cells.

2.14.13. Executing OPT_DFF pass (perform DFF optimizations).

2.14.14. Executing OPT_CLEAN pass (remove unused cells and wires).
Finding unused cells or wires in module \axi_outstanding_tracker..

2.14.15. Executing OPT_EXPR pass (perform const folding).
Optimizing module axi_outstanding_tracker.

2.14.16. Finished fast OPT passes. (There is nothing left to do.)

2.15. Executing WREDUCE pass (reducing word size of cells).
Converting cell axi_outstanding_tracker.$neg$/Users/Dilan/Projects/fabric-under-pressure/rtl/axi_outstanding_tracker.sv:70$69 ($neg) from signed to unsigned.
Removed top 1 bits (of 5) from port A of cell axi_outstanding_tracker.$neg$/Users/Dilan/Projects/fabric-under-pressure/rtl/axi_outstanding_tracker.sv:70$69 ($neg).
Converting cell axi_outstanding_tracker.$neg$/Users/Dilan/Projects/fabric-under-pressure/rtl/axi_outstanding_tracker.sv:76$82 ($neg) from signed to unsigned.
Removed top 1 bits (of 5) from port A of cell axi_outstanding_tracker.$neg$/Users/Dilan/Projects/fabric-under-pressure/rtl/axi_outstanding_tracker.sv:76$82 ($neg).
Removed top 2 bits (of 3) from port B of cell axi_outstanding_tracker.$add$/Users/Dilan/Projects/fabric-under-pressure/rtl/axi_outstanding_tracker.sv:82$85 ($add).
Removed top 2 bits (of 3) from port B of cell axi_outstanding_tracker.$sub$/Users/Dilan/Projects/fabric-under-pressure/rtl/axi_outstanding_tracker.sv:83$86 ($sub).
Removed top 1 bits (of 2) from port B of cell axi_outstanding_tracker.$procmux$314_CMP0 ($eq).
Removed top 1 bits (of 4) from port B of cell axi_outstanding_tracker.$procmux$898_CMP0 ($eq).
Removed top 1 bits (of 4) from port B of cell axi_outstanding_tracker.$procmux$911_CMP0 ($eq).
Removed top 1 bits (of 4) from port B of cell axi_outstanding_tracker.$procmux$925_CMP0 ($eq).
Removed top 1 bits (of 4) from port B of cell axi_outstanding_tracker.$procmux$939_CMP0 ($eq).
Removed top 1 bits (of 4) from port B of cell axi_outstanding_tracker.$procmux$954_CMP0 ($eq).
Removed top 1 bits (of 4) from port B of cell axi_outstanding_tracker.$procmux$969_CMP0 ($eq).
Removed top 1 bits (of 4) from port B of cell axi_outstanding_tracker.$procmux$985_CMP0 ($eq).
Removed top 1 bits (of 4) from port B of cell axi_outstanding_tracker.$procmux$1001_CMP0 ($eq).
Removed top 2 bits (of 4) from port B of cell axi_outstanding_tracker.$procmux$1018_CMP0 ($eq).
Removed top 2 bits (of 4) from port B of cell axi_outstanding_tracker.$procmux$1035_CMP0 ($eq).
Removed top 2 bits (of 4) from port B of cell axi_outstanding_tracker.$procmux$1053_CMP0 ($eq).
Removed top 2 bits (of 4) from port B of cell axi_outstanding_tracker.$procmux$1071_CMP0 ($eq).
Removed top 3 bits (of 4) from port B of cell axi_outstanding_tracker.$procmux$1090_CMP0 ($eq).
Removed top 3 bits (of 4) from port B of cell axi_outstanding_tracker.$procmux$1109_CMP0 ($eq).
Removed top 1 bits (of 4) from port B of cell axi_outstanding_tracker.$procmux$1182_CMP0 ($eq).
Removed top 1 bits (of 4) from port B of cell axi_outstanding_tracker.$procmux$1183_CMP0 ($eq).
Removed top 1 bits (of 4) from port B of cell axi_outstanding_tracker.$procmux$1184_CMP0 ($eq).
Removed top 1 bits (of 4) from port B of cell axi_outstanding_tracker.$procmux$1185_CMP0 ($eq).
Removed top 2 bits (of 4) from port B of cell axi_outstanding_tracker.$procmux$1186_CMP0 ($eq).
Removed top 2 bits (of 4) from port B of cell axi_outstanding_tracker.$procmux$1187_CMP0 ($eq).
Removed top 3 bits (of 4) from port B of cell axi_outstanding_tracker.$procmux$1188_CMP0 ($eq).

2.16. Executing PEEPOPT pass (run peephole optimizers).

2.17. Executing OPT_CLEAN pass (remove unused cells and wires).
Finding unused cells or wires in module \axi_outstanding_tracker..

2.18. Executing SHARE pass (SAT-based resource sharing).

2.19. Executing TECHMAP pass (map to technology primitives).

2.19.1. Executing Verilog-2005 frontend: /Users/Dilan/eda/fabric-under-pressure/oss-cad-suite/libexec/../share/yosys/cmp2lut.v
Parsing Verilog input from `/Users/Dilan/eda/fabric-under-pressure/oss-cad-suite/libexec/../share/yosys/cmp2lut.v' to AST representation.
Generating RTLIL representation for module `\_90_lut_cmp_'.
Successfully finished Verilog frontend.

2.19.2. Continuing TECHMAP pass.
Using template $paramod$141b0f41d8ab4b936f42c52ead39f1f9a7c93200\_90_lut_cmp_ for cells of type $lt.
No more expansions possible.
<suppressed ~34 debug messages>

2.20. Executing OPT_EXPR pass (perform const folding).
Optimizing module axi_outstanding_tracker.

2.21. Executing OPT_CLEAN pass (remove unused cells and wires).
Finding unused cells or wires in module \axi_outstanding_tracker..
Removed 0 unused cells and 3 unused wires.
<suppressed ~1 debug messages>

2.22. Executing TECHMAP pass (map to technology primitives).

2.22.1. Executing Verilog-2005 frontend: /Users/Dilan/eda/fabric-under-pressure/oss-cad-suite/libexec/../share/yosys/mul2dsp.v
Parsing Verilog input from `/Users/Dilan/eda/fabric-under-pressure/oss-cad-suite/libexec/../share/yosys/mul2dsp.v' to AST representation.
Generating RTLIL representation for module `\_80_mul'.
Generating RTLIL representation for module `\_90_soft_mul'.
Successfully finished Verilog frontend.

2.22.2. Continuing TECHMAP pass.
No more expansions possible.
<suppressed ~4 debug messages>

2.23. Executing TECHMAP pass (map to technology primitives).

2.23.1. Executing Verilog-2005 frontend: /Users/Dilan/eda/fabric-under-pressure/oss-cad-suite/libexec/../share/yosys/lattice/dsp_map_18x18.v
Parsing Verilog input from `/Users/Dilan/eda/fabric-under-pressure/oss-cad-suite/libexec/../share/yosys/lattice/dsp_map_18x18.v' to AST representation.
Generating RTLIL representation for module `$__MUL18X18'.
Successfully finished Verilog frontend.

2.23.2. Continuing TECHMAP pass.
No more expansions possible.
<suppressed ~3 debug messages>

2.24. Executing ALUMACC pass (create $alu and $macc cells).
Extracting $alu and $macc cells in module axi_outstanding_tracker:
  creating $macc model for $sub$/Users/Dilan/Projects/fabric-under-pressure/rtl/axi_outstanding_tracker.sv:83$86 ($sub).
  creating $macc model for $add$/Users/Dilan/Projects/fabric-under-pressure/rtl/axi_outstanding_tracker.sv:82$85 ($add).
  creating $macc model for $neg$/Users/Dilan/Projects/fabric-under-pressure/rtl/axi_outstanding_tracker.sv:76$82 ($neg).
  creating $macc model for $neg$/Users/Dilan/Projects/fabric-under-pressure/rtl/axi_outstanding_tracker.sv:70$69 ($neg).
  creating $alu model for $macc $neg$/Users/Dilan/Projects/fabric-under-pressure/rtl/axi_outstanding_tracker.sv:70$69.
  creating $alu model for $macc $neg$/Users/Dilan/Projects/fabric-under-pressure/rtl/axi_outstanding_tracker.sv:76$82.
  creating $alu model for $macc $add$/Users/Dilan/Projects/fabric-under-pressure/rtl/axi_outstanding_tracker.sv:82$85.
  creating $alu model for $macc $sub$/Users/Dilan/Projects/fabric-under-pressure/rtl/axi_outstanding_tracker.sv:83$86.
  creating $alu cell for $sub$/Users/Dilan/Projects/fabric-under-pressure/rtl/axi_outstanding_tracker.sv:83$86: $auto$alumacc.cc:548:replace_alu$1461
  creating $alu cell for $add$/Users/Dilan/Projects/fabric-under-pressure/rtl/axi_outstanding_tracker.sv:82$85: $auto$alumacc.cc:548:replace_alu$1464
  creating $alu cell for $neg$/Users/Dilan/Projects/fabric-under-pressure/rtl/axi_outstanding_tracker.sv:76$82: $auto$alumacc.cc:548:replace_alu$1467
  creating $alu cell for $neg$/Users/Dilan/Projects/fabric-under-pressure/rtl/axi_outstanding_tracker.sv:70$69: $auto$alumacc.cc:548:replace_alu$1470
  created 4 $alu and 0 $macc cells.

2.25. Executing OPT pass (performing simple optimizations).

2.25.1. Executing OPT_EXPR pass (perform const folding).
Optimizing module axi_outstanding_tracker.

2.25.2. Executing OPT_MERGE pass (detect identical cells).
Finding identical cells in module `\axi_outstanding_tracker'.
Computing hashes of 250 cells of `\axi_outstanding_tracker'.
Finding duplicate cells in `\axi_outstanding_tracker'.
Removed a total of 0 cells.

2.25.3. Executing OPT_MUXTREE pass (detect dead branches in mux trees).
Running muxtree optimizer on module \axi_outstanding_tracker..
  Creating internal representation of mux trees.
  Evaluating internal representation of mux trees.
  Analyzing evaluation results.
Removed 0 multiplexer ports.
<suppressed ~342 debug messages>

2.25.4. Executing OPT_REDUCE pass (consolidate $*mux and $reduce_* inputs).
  Optimizing cells in module \axi_outstanding_tracker.
Performed a total of 0 changes.

2.25.5. Executing OPT_MERGE pass (detect identical cells).
Finding identical cells in module `\axi_outstanding_tracker'.
Computing hashes of 250 cells of `\axi_outstanding_tracker'.
Finding duplicate cells in `\axi_outstanding_tracker'.
Removed a total of 0 cells.

2.25.6. Executing OPT_DFF pass (perform DFF optimizations).

2.25.7. Executing OPT_CLEAN pass (remove unused cells and wires).
Finding unused cells or wires in module \axi_outstanding_tracker..

2.25.8. Executing OPT_EXPR pass (perform const folding).
Optimizing module axi_outstanding_tracker.

2.25.9. Finished fast OPT passes. (There is nothing left to do.)

2.26. Executing MEMORY pass.

2.26.1. Executing OPT_MEM pass (optimize memories).
Performed a total of 0 transformations.

2.26.2. Executing OPT_MEM_PRIORITY pass (removing unnecessary memory write priority relations).
Performed a total of 0 transformations.

2.26.3. Executing OPT_MEM_FEEDBACK pass (finding memory read-to-write feedback paths).

2.26.4. Executing MEMORY_BMUX2ROM pass (converting muxes to ROMs).

2.26.5. Executing MEMORY_DFF pass (merging $dff cells to $memrd).

2.26.6. Executing OPT_CLEAN pass (remove unused cells and wires).
Finding unused cells or wires in module \axi_outstanding_tracker..

2.26.7. Executing MEMORY_SHARE pass (consolidating $memrd/$memwr cells).

2.26.8. Executing OPT_MEM_WIDEN pass (optimize memories where all ports are wide).
Performed a total of 0 transformations.

2.26.9. Executing OPT_CLEAN pass (remove unused cells and wires).
Finding unused cells or wires in module \axi_outstanding_tracker..

2.26.10. Executing MEMORY_COLLECT pass (generating $mem cells).

2.27. Executing OPT_CLEAN pass (remove unused cells and wires).
Finding unused cells or wires in module \axi_outstanding_tracker..

2.28. Executing MEMORY_LIBMAP pass (mapping memories to cells).

2.29. Executing TECHMAP pass (map to technology primitives).

2.29.1. Executing Verilog-2005 frontend: /Users/Dilan/eda/fabric-under-pressure/oss-cad-suite/libexec/../share/yosys/lattice/lutrams_map_trellis.v
Parsing Verilog input from `/Users/Dilan/eda/fabric-under-pressure/oss-cad-suite/libexec/../share/yosys/lattice/lutrams_map_trellis.v' to AST representation.
Generating RTLIL representation for module `$__TRELLIS_DPR16X4_'.
Successfully finished Verilog frontend.

2.29.2. Executing Verilog-2005 frontend: /Users/Dilan/eda/fabric-under-pressure/oss-cad-suite/libexec/../share/yosys/lattice/brams_map_16kd.v
Parsing Verilog input from `/Users/Dilan/eda/fabric-under-pressure/oss-cad-suite/libexec/../share/yosys/lattice/brams_map_16kd.v' to AST representation.
Generating RTLIL representation for module `$__DP16KD_'.
Generating RTLIL representation for module `$__PDPW16KD_'.
Successfully finished Verilog frontend.

2.29.3. Continuing TECHMAP pass.
No more expansions possible.
<suppressed ~5 debug messages>

2.30. Executing OPT pass (performing simple optimizations).

2.30.1. Executing OPT_EXPR pass (perform const folding).
Optimizing module axi_outstanding_tracker.
<suppressed ~3 debug messages>

2.30.2. Executing OPT_MERGE pass (detect identical cells).
Finding identical cells in module `\axi_outstanding_tracker'.
Computing hashes of 250 cells of `\axi_outstanding_tracker'.
Finding duplicate cells in `\axi_outstanding_tracker'.
Removed a total of 0 cells.

2.30.3. Executing OPT_DFF pass (perform DFF optimizations).

2.30.4. Executing OPT_CLEAN pass (remove unused cells and wires).
Finding unused cells or wires in module \axi_outstanding_tracker..
Removed 1 unused cells and 1 unused wires.
<suppressed ~2 debug messages>

2.30.5. Finished fast OPT passes.

2.31. Executing MEMORY_MAP pass (converting memories to logic and flip-flops).

2.32. Executing OPT pass (performing simple optimizations).

2.32.1. Executing OPT_EXPR pass (perform const folding).
Optimizing module axi_outstanding_tracker.

2.32.2. Executing OPT_MERGE pass (detect identical cells).
Finding identical cells in module `\axi_outstanding_tracker'.
Computing hashes of 249 cells of `\axi_outstanding_tracker'.
Finding duplicate cells in `\axi_outstanding_tracker'.
Removed a total of 0 cells.

2.32.3. Executing OPT_MUXTREE pass (detect dead branches in mux trees).
Running muxtree optimizer on module \axi_outstanding_tracker..
  Creating internal representation of mux trees.
  Evaluating internal representation of mux trees.
  Analyzing evaluation results.
Removed 0 multiplexer ports.
<suppressed ~342 debug messages>

2.32.4. Executing OPT_REDUCE pass (consolidate $*mux and $reduce_* inputs).
  Optimizing cells in module \axi_outstanding_tracker.
Performed a total of 0 changes.

2.32.5. Executing OPT_MERGE pass (detect identical cells).
Finding identical cells in module `\axi_outstanding_tracker'.
Computing hashes of 249 cells of `\axi_outstanding_tracker'.
Finding duplicate cells in `\axi_outstanding_tracker'.
Removed a total of 0 cells.

2.32.6. Executing OPT_DFF pass (perform DFF optimizations).

2.32.7. Executing OPT_CLEAN pass (remove unused cells and wires).
Finding unused cells or wires in module \axi_outstanding_tracker..

2.32.8. Executing OPT_EXPR pass (perform const folding).
Optimizing module axi_outstanding_tracker.

2.32.9. Finished fast OPT passes. (There is nothing left to do.)

2.33. Executing TECHMAP pass (map to technology primitives).

2.33.1. Executing Verilog-2005 frontend: /Users/Dilan/eda/fabric-under-pressure/oss-cad-suite/libexec/../share/yosys/techmap.v
Parsing Verilog input from `/Users/Dilan/eda/fabric-under-pressure/oss-cad-suite/libexec/../share/yosys/techmap.v' to AST representation.
Generating RTLIL representation for module `\_90_simplemap_bool_ops'.
Generating RTLIL representation for module `\_90_simplemap_reduce_ops'.
Generating RTLIL representation for module `\_90_simplemap_logic_ops'.
Generating RTLIL representation for module `\_90_simplemap_compare_ops'.
Generating RTLIL representation for module `\_90_simplemap_various'.
Generating RTLIL representation for module `\_90_simplemap_registers'.
Generating RTLIL representation for module `\_90_shift_ops_shr_shl_sshl_sshr'.
Generating RTLIL representation for module `\_90_shift_shiftx'.
Generating RTLIL representation for module `\_90_fa'.
Generating RTLIL representation for module `\_90_lcu_brent_kung'.
Generating RTLIL representation for module `\_90_alu'.
Generating RTLIL representation for module `\_90_macc'.
Generating RTLIL representation for module `\_90_alumacc'.
Generating RTLIL representation for module `$__div_mod_u'.
Generating RTLIL representation for module `$__div_mod_trunc'.
Generating RTLIL representation for module `\_90_div'.
Generating RTLIL representation for module `\_90_mod'.
Generating RTLIL representation for module `$__div_mod_floor'.
Generating RTLIL representation for module `\_90_divfloor'.
Generating RTLIL representation for module `\_90_modfloor'.
Generating RTLIL representation for module `\_90_pow'.
Generating RTLIL representation for module `\_90_demux'.
Generating RTLIL representation for module `\_90_lut'.
Generating RTLIL representation for module `$connect'.
Generating RTLIL representation for module `$input_port'.
Successfully finished Verilog frontend.

2.33.2. Executing Verilog-2005 frontend: /Users/Dilan/eda/fabric-under-pressure/oss-cad-suite/libexec/../share/yosys/lattice/arith_map_ccu2c.v
Parsing Verilog input from `/Users/Dilan/eda/fabric-under-pressure/oss-cad-suite/libexec/../share/yosys/lattice/arith_map_ccu2c.v' to AST representation.
Generating RTLIL representation for module `\_80_ccu2c_alu'.
Successfully finished Verilog frontend.

2.33.3. Continuing TECHMAP pass.
Using template $paramod$3ace65afedd5f6a6849996376b6c02262a5f23eb\_80_ccu2c_alu for cells of type $alu.
Using template $paramod$3ef7d3dd227da7627a99c5e5a6a4deb817573e39\_90_alu for cells of type $alu.
Using template $paramod$b8c0a997bce700f23568a5ada79cc6781d1f5ca0\_90_alu for cells of type $alu.
Using extmapper simplemap for cells of type $reduce_bool.
Using extmapper simplemap for cells of type $adffe.
Using extmapper simplemap for cells of type $lut.
Using template $paramod$constmap:53dd6ada2d45a8116ef2136a4476a16275b4fd66$paramod$962bb79c2a50a422516483c1c9c06046761917ac\_90_shift_shiftx for cells of type $shiftx.
Using extmapper simplemap for cells of type $logic_not.
Using extmapper simplemap for cells of type $logic_and.
Using template $paramod$constmap:755132e1e0176e7e858cd1a27f41b0eb234485b9$paramod$21c03ec725157176e885a706babcf9521550823c\_90_shift_shiftx for cells of type $shift.
Using extmapper simplemap for cells of type $not.
Using extmapper simplemap for cells of type $and.
Analyzing pattern of constant bits for this cell:
  Constant input on bit 0 of port A: 1'0
Creating constmapped module `$paramod$constmap:7ff1a1e511fff8ea430d09e1657602cb29bd12dc$paramod$21c03ec725157176e885a706babcf9521550823c\_90_shift_shiftx'.

2.33.22. Executing OPT_MUXTREE pass (detect dead branches in mux trees).
Running muxtree optimizer on module $paramod$constmap:7ff1a1e511fff8ea430d09e1657602cb29bd12dc$paramod$21c03ec725157176e885a706babcf9521550823c\_90_shift_shiftx..
  Creating internal representation of mux trees.
  Evaluating internal representation of mux trees.
  Analyzing evaluation results.
    dead port 2/2 on $mux $procmux$1793.
    dead port 2/2 on $mux $procmux$1799.
    dead port 2/2 on $mux $procmux$1805.
    dead port 2/2 on $mux $procmux$1811.
Removed 4 multiplexer ports.
<suppressed ~584 debug messages>

2.33.23. Executing OPT_EXPR pass (perform const folding).
Optimizing module $paramod$constmap:7ff1a1e511fff8ea430d09e1657602cb29bd12dc$paramod$21c03ec725157176e885a706babcf9521550823c\_90_shift_shiftx.
<suppressed ~7 debug messages>
Removed 0 unused cells and 15 unused wires.
Using template $paramod$constmap:7ff1a1e511fff8ea430d09e1657602cb29bd12dc$paramod$21c03ec725157176e885a706babcf9521550823c\_90_shift_shiftx for cells of type $shift.
Using extmapper simplemap for cells of type $or.
Using extmapper simplemap for cells of type $eq.
Using extmapper simplemap for cells of type $mux.
Using extmapper simplemap for cells of type $pmux.
Using extmapper simplemap for cells of type $adff.
Using extmapper simplemap for cells of type $logic_or.
Using extmapper simplemap for cells of type $xor.
Using extmapper simplemap for cells of type $pos.
Using template $paramod\_90_fa\WIDTH=32'00000000000000000000000000000011 for cells of type $fa.
Using template $paramod\_90_lcu_brent_kung\WIDTH=32'00000000000000000000000000000011 for cells of type $lcu.
No more expansions possible.
<suppressed ~422 debug messages>

2.34. Executing OPT pass (performing simple optimizations).

2.34.1. Executing OPT_EXPR pass (perform const folding).
Optimizing module axi_outstanding_tracker.
<suppressed ~942 debug messages>

2.34.2. Executing OPT_MERGE pass (detect identical cells).
Finding identical cells in module `\axi_outstanding_tracker'.
Computing hashes of 2094 cells of `\axi_outstanding_tracker'.
Finding duplicate cells in `\axi_outstanding_tracker'.
Computing hashes of 1974 cells of `\axi_outstanding_tracker'.
Finding duplicate cells in `\axi_outstanding_tracker'.
Computing hashes of 1916 cells of `\axi_outstanding_tracker'.
Finding duplicate cells in `\axi_outstanding_tracker'.
Computing hashes of 1914 cells of `\axi_outstanding_tracker'.
Finding duplicate cells in `\axi_outstanding_tracker'.
Computing hashes of 1913 cells of `\axi_outstanding_tracker'.
Finding duplicate cells in `\axi_outstanding_tracker'.
<suppressed ~543 debug messages>
Removed a total of 181 cells.

2.34.3. Executing OPT_DFF pass (perform DFF optimizations).

2.34.4. Executing OPT_CLEAN pass (remove unused cells and wires).
Finding unused cells or wires in module \axi_outstanding_tracker..
Removed 186 unused cells and 439 unused wires.
<suppressed ~187 debug messages>

2.34.5. Finished fast OPT passes.

2.35. Executing OPT_CLEAN pass (remove unused cells and wires).
Finding unused cells or wires in module \axi_outstanding_tracker..

2.36. Executing DFFLEGALIZE pass (convert FFs and LATCHes to types supported by the target).

2.37. Executing OPT_MERGE pass (detect identical cells).
Finding identical cells in module `\axi_outstanding_tracker'.
Computing hashes of 1938 cells of `\axi_outstanding_tracker'.
Finding duplicate cells in `\axi_outstanding_tracker'.
Computing hashes of 1728 cells of `\axi_outstanding_tracker'.
Finding duplicate cells in `\axi_outstanding_tracker'.
<suppressed ~630 debug messages>
Removed a total of 210 cells.

2.38. Executing TECHMAP pass (map to technology primitives).

2.38.1. Executing Verilog-2005 frontend: /Users/Dilan/eda/fabric-under-pressure/oss-cad-suite/libexec/../share/yosys/lattice/cells_map_trellis.v
Parsing Verilog input from `/Users/Dilan/eda/fabric-under-pressure/oss-cad-suite/libexec/../share/yosys/lattice/cells_map_trellis.v' to AST representation.
Generating RTLIL representation for module `$_DFF_N_'.
Generating RTLIL representation for module `$_DFF_P_'.
Generating RTLIL representation for module `$_DFFE_NN_'.
Generating RTLIL representation for module `$_DFFE_PN_'.
Generating RTLIL representation for module `$_DFFE_NP_'.
Generating RTLIL representation for module `$_DFFE_PP_'.
Generating RTLIL representation for module `$_DFF_NP0_'.
Generating RTLIL representation for module `$_DFF_NP1_'.
Generating RTLIL representation for module `$_DFF_PP0_'.
Generating RTLIL representation for module `$_DFF_PP1_'.
Generating RTLIL representation for module `$_SDFF_NP0_'.
Generating RTLIL representation for module `$_SDFF_NP1_'.
Generating RTLIL representation for module `$_SDFF_PP0_'.
Generating RTLIL representation for module `$_SDFF_PP1_'.
Generating RTLIL representation for module `$_DFFE_NP0P_'.
Generating RTLIL representation for module `$_DFFE_NP1P_'.
Generating RTLIL representation for module `$_DFFE_PP0P_'.
Generating RTLIL representation for module `$_DFFE_PP1P_'.
Generating RTLIL representation for module `$_DFFE_NP0N_'.
Generating RTLIL representation for module `$_DFFE_NP1N_'.
Generating RTLIL representation for module `$_DFFE_PP0N_'.
Generating RTLIL representation for module `$_DFFE_PP1N_'.
Generating RTLIL representation for module `$_SDFFE_NP0P_'.
Generating RTLIL representation for module `$_SDFFE_NP1P_'.
Generating RTLIL representation for module `$_SDFFE_PP0P_'.
Generating RTLIL representation for module `$_SDFFE_PP1P_'.
Generating RTLIL representation for module `$_SDFFE_NP0N_'.
Generating RTLIL representation for module `$_SDFFE_NP1N_'.
Generating RTLIL representation for module `$_SDFFE_PP0N_'.
Generating RTLIL representation for module `$_SDFFE_PP1N_'.
Generating RTLIL representation for module `$_ALDFF_NP_'.
Generating RTLIL representation for module `$_ALDFF_PP_'.
Generating RTLIL representation for module `$_ALDFFE_NPN_'.
Generating RTLIL representation for module `$_ALDFFE_NPP_'.
Generating RTLIL representation for module `$_ALDFFE_PPN_'.
Generating RTLIL representation for module `$_ALDFFE_PPP_'.
Generating RTLIL representation for module `\FD1P3AX'.
Generating RTLIL representation for module `\FD1P3AY'.
Generating RTLIL representation for module `\FD1P3BX'.
Generating RTLIL representation for module `\FD1P3DX'.
Generating RTLIL representation for module `\FD1P3IX'.
Generating RTLIL representation for module `\FD1P3JX'.
Generating RTLIL representation for module `\FD1S3AX'.
Generating RTLIL representation for module `\FD1S3AY'.
Generating RTLIL representation for module `\FD1S3BX'.
Generating RTLIL representation for module `\FD1S3DX'.
Generating RTLIL representation for module `\FD1S3IX'.
Generating RTLIL representation for module `\FD1S3JX'.
Generating RTLIL representation for module `\IFS1P3BX'.
Generating RTLIL representation for module `\IFS1P3DX'.
Generating RTLIL representation for module `\IFS1P3IX'.
Generating RTLIL representation for module `\IFS1P3JX'.
Generating RTLIL representation for module `\OFS1P3BX'.
Generating RTLIL representation for module `\OFS1P3DX'.
Generating RTLIL representation for module `\OFS1P3IX'.
Generating RTLIL representation for module `\OFS1P3JX'.
Generating RTLIL representation for module `\IB'.
Generating RTLIL representation for module `\IBPU'.
Generating RTLIL representation for module `\IBPD'.
Generating RTLIL representation for module `\OB'.
Generating RTLIL representation for module `\OBZ'.
Generating RTLIL representation for module `\OBZPU'.
Generating RTLIL representation for module `\OBZPD'.
Generating RTLIL representation for module `\OBCO'.
Generating RTLIL representation for module `\BB'.
Generating RTLIL representation for module `\BBPU'.
Generating RTLIL representation for module `\BBPD'.
Generating RTLIL representation for module `\ILVDS'.
Generating RTLIL representation for module `\OLVDS'.
Successfully finished Verilog frontend.

2.38.2. Continuing TECHMAP pass.
Using template $_DFF_PP0_ for cells of type $_DFF_PP0_.
Using template $_DFFE_PP0P_ for cells of type $_DFFE_PP0P_.
No more expansions possible.
<suppressed ~282 debug messages>

2.39. Executing OPT_EXPR pass (perform const folding).
Optimizing module axi_outstanding_tracker.
<suppressed ~1 debug messages>

2.40. Executing SIMPLEMAP pass (map simple cells to gate primitives).

2.41. Executing LATTICE_GSR pass (implement FF init values).
Handling GSR in axi_outstanding_tracker.

2.42. Executing ATTRMVCP pass (move or copy attributes).

2.43. Executing OPT_CLEAN pass (remove unused cells and wires).
Finding unused cells or wires in module \axi_outstanding_tracker..
Removed 0 unused cells and 1268 unused wires.
<suppressed ~1 debug messages>

2.44. Executing CHECK pass (checking for obvious problems).
Checking module axi_outstanding_tracker...
Found and reported 0 problems.

2.45. Executing TECHMAP pass (map to technology primitives).

2.45.1. Executing Verilog-2005 frontend: /Users/Dilan/eda/fabric-under-pressure/oss-cad-suite/libexec/../share/yosys/lattice/latches_map.v
Parsing Verilog input from `/Users/Dilan/eda/fabric-under-pressure/oss-cad-suite/libexec/../share/yosys/lattice/latches_map.v' to AST representation.
Generating RTLIL representation for module `$_DLATCH_N_'.
Generating RTLIL representation for module `$_DLATCH_P_'.
Successfully finished Verilog frontend.

2.45.2. Continuing TECHMAP pass.
No more expansions possible.
<suppressed ~4 debug messages>

2.46. Executing ABC9 pass.

2.46.1. Executing ABC9_OPS pass (helper functions for ABC9).

2.46.2. Executing ABC9_OPS pass (helper functions for ABC9).

2.46.3. Executing PROC pass (convert processes to netlists).

2.46.3.1. Executing PROC_CLEAN pass (remove empty switches from decision trees).
Cleaned up 0 empty switches.

2.46.3.2. Executing PROC_RMDEAD pass (remove dead branches from decision trees).
Marked 1 switch rules as full_case in process $proc$/Users/Dilan/eda/fabric-under-pressure/oss-cad-suite/libexec/../share/yosys/lattice/common_sim.vh:282$5773 in module $paramod$68581f66a8fa831820fa7633bd24ba569ae9d7e3\TRELLIS_FF.
Removed a total of 0 dead cases.

2.46.3.3. Executing PROC_PRUNE pass (remove redundant assignments in processes).
Removed 0 redundant assignments.
Promoted 1 assignment to connection.

2.46.3.4. Executing PROC_INIT pass (extract init attributes).
Found init rule in `$paramod$68581f66a8fa831820fa7633bd24ba569ae9d7e3\TRELLIS_FF.$proc$/Users/Dilan/eda/fabric-under-pressure/oss-cad-suite/libexec/../share/yosys/lattice/common_sim.vh:278$5774'.
  Set init value: \Q = 1'0

2.46.3.5. Executing PROC_ARST pass (detect async resets in processes).
Found async reset \muxlsr in `$paramod$68581f66a8fa831820fa7633bd24ba569ae9d7e3\TRELLIS_FF.$proc$/Users/Dilan/eda/fabric-under-pressure/oss-cad-suite/libexec/../share/yosys/lattice/common_sim.vh:282$5773'.

2.46.3.6. Executing PROC_ROM pass (convert switches to ROMs).
Converted 0 switches.
<suppressed ~1 debug messages>

2.46.3.7. Executing PROC_MUX pass (convert decision trees to multiplexers).
Creating decoders for process `$paramod$68581f66a8fa831820fa7633bd24ba569ae9d7e3\TRELLIS_FF.$proc$/Users/Dilan/eda/fabric-under-pressure/oss-cad-suite/libexec/../share/yosys/lattice/common_sim.vh:278$5774'.
Creating decoders for process `$paramod$68581f66a8fa831820fa7633bd24ba569ae9d7e3\TRELLIS_FF.$proc$/Users/Dilan/eda/fabric-under-pressure/oss-cad-suite/libexec/../share/yosys/lattice/common_sim.vh:282$5773'.
     1/1: $0\Q[0:0]

2.46.3.8. Executing PROC_DLATCH pass (convert process syncs to latches).

2.46.3.9. Executing PROC_DFF pass (convert process syncs to FFs).
Creating register for signal `$paramod$68581f66a8fa831820fa7633bd24ba569ae9d7e3\TRELLIS_FF.\Q' using process `$paramod$68581f66a8fa831820fa7633bd24ba569ae9d7e3\TRELLIS_FF.$proc$/Users/Dilan/eda/fabric-under-pressure/oss-cad-suite/libexec/../share/yosys/lattice/common_sim.vh:282$5773'.
  created $adff cell `$procdff$5779' with positive edge clock and positive level reset.

2.46.3.10. Executing PROC_MEMWR pass (convert process memory writes to cells).

2.46.3.11. Executing PROC_CLEAN pass (remove empty switches from decision trees).
Removing empty process `$paramod$68581f66a8fa831820fa7633bd24ba569ae9d7e3\TRELLIS_FF.$proc$/Users/Dilan/eda/fabric-under-pressure/oss-cad-suite/libexec/../share/yosys/lattice/common_sim.vh:278$5774'.
Found and cleaned up 1 empty switch in `$paramod$68581f66a8fa831820fa7633bd24ba569ae9d7e3\TRELLIS_FF.$proc$/Users/Dilan/eda/fabric-under-pressure/oss-cad-suite/libexec/../share/yosys/lattice/common_sim.vh:282$5773'.
Removing empty process `$paramod$68581f66a8fa831820fa7633bd24ba569ae9d7e3\TRELLIS_FF.$proc$/Users/Dilan/eda/fabric-under-pressure/oss-cad-suite/libexec/../share/yosys/lattice/common_sim.vh:282$5773'.
Cleaned up 1 empty switch.

2.46.4. Executing PROC pass (convert processes to netlists).

2.46.4.1. Executing PROC_CLEAN pass (remove empty switches from decision trees).
Cleaned up 0 empty switches.

2.46.4.2. Executing PROC_RMDEAD pass (remove dead branches from decision trees).
Marked 1 switch rules as full_case in process $proc$/Users/Dilan/eda/fabric-under-pressure/oss-cad-suite/libexec/../share/yosys/lattice/common_sim.vh:282$5787 in module $paramod$37e41664cab9052a9b41c89036e0524f666a0fee\TRELLIS_FF.
Removed a total of 0 dead cases.

2.46.4.3. Executing PROC_PRUNE pass (remove redundant assignments in processes).
Removed 0 redundant assignments.
Promoted 1 assignment to connection.

2.46.4.4. Executing PROC_INIT pass (extract init attributes).
Found init rule in `$paramod$37e41664cab9052a9b41c89036e0524f666a0fee\TRELLIS_FF.$proc$/Users/Dilan/eda/fabric-under-pressure/oss-cad-suite/libexec/../share/yosys/lattice/common_sim.vh:278$5788'.
  Set init value: \Q = 1'0

2.46.4.5. Executing PROC_ARST pass (detect async resets in processes).
Found async reset \muxlsr in `$paramod$37e41664cab9052a9b41c89036e0524f666a0fee\TRELLIS_FF.$proc$/Users/Dilan/eda/fabric-under-pressure/oss-cad-suite/libexec/../share/yosys/lattice/common_sim.vh:282$5787'.

2.46.4.6. Executing PROC_ROM pass (convert switches to ROMs).
Converted 0 switches.
<suppressed ~1 debug messages>

2.46.4.7. Executing PROC_MUX pass (convert decision trees to multiplexers).
Creating decoders for process `$paramod$37e41664cab9052a9b41c89036e0524f666a0fee\TRELLIS_FF.$proc$/Users/Dilan/eda/fabric-under-pressure/oss-cad-suite/libexec/../share/yosys/lattice/common_sim.vh:278$5788'.
Creating decoders for process `$paramod$37e41664cab9052a9b41c89036e0524f666a0fee\TRELLIS_FF.$proc$/Users/Dilan/eda/fabric-under-pressure/oss-cad-suite/libexec/../share/yosys/lattice/common_sim.vh:282$5787'.
     1/1: $0\Q[0:0]

2.46.4.8. Executing PROC_DLATCH pass (convert process syncs to latches).

2.46.4.9. Executing PROC_DFF pass (convert process syncs to FFs).
Creating register for signal `$paramod$37e41664cab9052a9b41c89036e0524f666a0fee\TRELLIS_FF.\Q' using process `$paramod$37e41664cab9052a9b41c89036e0524f666a0fee\TRELLIS_FF.$proc$/Users/Dilan/eda/fabric-under-pressure/oss-cad-suite/libexec/../share/yosys/lattice/common_sim.vh:282$5787'.
  created $adff cell `$procdff$5793' with positive edge clock and positive level reset.

2.46.4.10. Executing PROC_MEMWR pass (convert process memory writes to cells).

2.46.4.11. Executing PROC_CLEAN pass (remove empty switches from decision trees).
Removing empty process `$paramod$37e41664cab9052a9b41c89036e0524f666a0fee\TRELLIS_FF.$proc$/Users/Dilan/eda/fabric-under-pressure/oss-cad-suite/libexec/../share/yosys/lattice/common_sim.vh:278$5788'.
Found and cleaned up 1 empty switch in `$paramod$37e41664cab9052a9b41c89036e0524f666a0fee\TRELLIS_FF.$proc$/Users/Dilan/eda/fabric-under-pressure/oss-cad-suite/libexec/../share/yosys/lattice/common_sim.vh:282$5787'.
Removing empty process `$paramod$37e41664cab9052a9b41c89036e0524f666a0fee\TRELLIS_FF.$proc$/Users/Dilan/eda/fabric-under-pressure/oss-cad-suite/libexec/../share/yosys/lattice/common_sim.vh:282$5787'.
Cleaned up 1 empty switch.

2.46.5. Executing SCC pass (detecting logic loops).
Found 0 SCCs in module axi_outstanding_tracker.
Found 0 SCCs.

2.46.6. Executing ABC9_OPS pass (helper functions for ABC9).

2.46.7. Executing TECHMAP pass (map to technology primitives).

2.46.7.1. Executing Verilog-2005 frontend: /Users/Dilan/eda/fabric-under-pressure/oss-cad-suite/libexec/../share/yosys/techmap.v
Parsing Verilog input from `/Users/Dilan/eda/fabric-under-pressure/oss-cad-suite/libexec/../share/yosys/techmap.v' to AST representation.
Generating RTLIL representation for module `\_90_simplemap_bool_ops'.
Generating RTLIL representation for module `\_90_simplemap_reduce_ops'.
Generating RTLIL representation for module `\_90_simplemap_logic_ops'.
Generating RTLIL representation for module `\_90_simplemap_compare_ops'.
Generating RTLIL representation for module `\_90_simplemap_various'.
Generating RTLIL representation for module `\_90_simplemap_registers'.
Generating RTLIL representation for module `\_90_shift_ops_shr_shl_sshl_sshr'.
Generating RTLIL representation for module `\_90_shift_shiftx'.
Generating RTLIL representation for module `\_90_fa'.
Generating RTLIL representation for module `\_90_lcu_brent_kung'.
Generating RTLIL representation for module `\_90_alu'.
Generating RTLIL representation for module `\_90_macc'.
Generating RTLIL representation for module `\_90_alumacc'.
Generating RTLIL representation for module `$__div_mod_u'.
Generating RTLIL representation for module `$__div_mod_trunc'.
Generating RTLIL representation for module `\_90_div'.
Generating RTLIL representation for module `\_90_mod'.
Generating RTLIL representation for module `$__div_mod_floor'.
Generating RTLIL representation for module `\_90_divfloor'.
Generating RTLIL representation for module `\_90_modfloor'.
Generating RTLIL representation for module `\_90_pow'.
Generating RTLIL representation for module `\_90_demux'.
Generating RTLIL representation for module `\_90_lut'.
Generating RTLIL representation for module `$connect'.
Generating RTLIL representation for module `$input_port'.
Successfully finished Verilog frontend.

2.46.7.2. Continuing TECHMAP pass.
No more expansions possible.
<suppressed ~170 debug messages>

2.46.8. Executing OPT pass (performing simple optimizations).

2.46.8.1. Executing OPT_EXPR pass (perform const folding).
Optimizing module $paramod$68581f66a8fa831820fa7633bd24ba569ae9d7e3\TRELLIS_FF.
Optimizing module $paramod$37e41664cab9052a9b41c89036e0524f666a0fee\TRELLIS_FF.

2.46.8.2. Executing OPT_MERGE pass (detect identical cells).
Finding identical cells in module `$paramod$68581f66a8fa831820fa7633bd24ba569ae9d7e3\TRELLIS_FF'.
Computing hashes of 2 cells of `$paramod$68581f66a8fa831820fa7633bd24ba569ae9d7e3\TRELLIS_FF'.
Finding duplicate cells in `$paramod$68581f66a8fa831820fa7633bd24ba569ae9d7e3\TRELLIS_FF'.
Finding identical cells in module `$paramod$37e41664cab9052a9b41c89036e0524f666a0fee\TRELLIS_FF'.
Computing hashes of 2 cells of `$paramod$37e41664cab9052a9b41c89036e0524f666a0fee\TRELLIS_FF'.
Finding duplicate cells in `$paramod$37e41664cab9052a9b41c89036e0524f666a0fee\TRELLIS_FF'.
Removed a total of 0 cells.

2.46.8.3. Executing OPT_MUXTREE pass (detect dead branches in mux trees).
Running muxtree optimizer on module $paramod$68581f66a8fa831820fa7633bd24ba569ae9d7e3\TRELLIS_FF..
  Creating internal representation of mux trees.
  No muxes found in this module.
Running muxtree optimizer on module $paramod$37e41664cab9052a9b41c89036e0524f666a0fee\TRELLIS_FF..
  Creating internal representation of mux trees.
  No muxes found in this module.
Removed 0 multiplexer ports.

2.46.8.4. Executing OPT_REDUCE pass (consolidate $*mux and $reduce_* inputs).
  Optimizing cells in module $paramod$68581f66a8fa831820fa7633bd24ba569ae9d7e3\TRELLIS_FF.
  Optimizing cells in module $paramod$37e41664cab9052a9b41c89036e0524f666a0fee\TRELLIS_FF.
Performed a total of 0 changes.

2.46.8.5. Executing OPT_MERGE pass (detect identical cells).
Finding identical cells in module `$paramod$68581f66a8fa831820fa7633bd24ba569ae9d7e3\TRELLIS_FF'.
Computing hashes of 2 cells of `$paramod$68581f66a8fa831820fa7633bd24ba569ae9d7e3\TRELLIS_FF'.
Finding duplicate cells in `$paramod$68581f66a8fa831820fa7633bd24ba569ae9d7e3\TRELLIS_FF'.
Finding identical cells in module `$paramod$37e41664cab9052a9b41c89036e0524f666a0fee\TRELLIS_FF'.
Computing hashes of 2 cells of `$paramod$37e41664cab9052a9b41c89036e0524f666a0fee\TRELLIS_FF'.
Finding duplicate cells in `$paramod$37e41664cab9052a9b41c89036e0524f666a0fee\TRELLIS_FF'.
Removed a total of 0 cells.

2.46.8.6. Executing OPT_DFF pass (perform DFF optimizations).

2.46.8.7. Executing OPT_CLEAN pass (remove unused cells and wires).
Finding unused cells or wires in module $paramod$68581f66a8fa831820fa7633bd24ba569ae9d7e3\TRELLIS_FF..
Finding unused cells or wires in module $paramod$37e41664cab9052a9b41c89036e0524f666a0fee\TRELLIS_FF..

2.46.8.8. Executing OPT_EXPR pass (perform const folding).
Optimizing module $paramod$68581f66a8fa831820fa7633bd24ba569ae9d7e3\TRELLIS_FF.
Optimizing module $paramod$37e41664cab9052a9b41c89036e0524f666a0fee\TRELLIS_FF.

2.46.8.9. Finished fast OPT passes. (There is nothing left to do.)

2.46.9. Executing TECHMAP pass (map to technology primitives).

2.46.9.1. Executing Verilog-2005 frontend: /Users/Dilan/eda/fabric-under-pressure/oss-cad-suite/libexec/../share/yosys/abc9_map.v
Parsing Verilog input from `/Users/Dilan/eda/fabric-under-pressure/oss-cad-suite/libexec/../share/yosys/abc9_map.v' to AST representation.
Successfully finished Verilog frontend.

2.46.9.2. Continuing TECHMAP pass.
Using template $paramod$68581f66a8fa831820fa7633bd24ba569ae9d7e3\TRELLIS_FF for cells of type $paramod$68581f66a8fa831820fa7633bd24ba569ae9d7e3\TRELLIS_FF.
Using template $paramod$37e41664cab9052a9b41c89036e0524f666a0fee\TRELLIS_FF for cells of type $paramod$37e41664cab9052a9b41c89036e0524f666a0fee\TRELLIS_FF.
No more expansions possible.
<suppressed ~215 debug messages>

2.46.10. Executing Verilog-2005 frontend: /Users/Dilan/eda/fabric-under-pressure/oss-cad-suite/libexec/../share/yosys/abc9_model.v
Parsing Verilog input from `/Users/Dilan/eda/fabric-under-pressure/oss-cad-suite/libexec/../share/yosys/abc9_model.v' to AST representation.
Generating RTLIL representation for module `$__ABC9_DELAY'.
Generating RTLIL representation for module `$__ABC9_SCC_BREAKER'.
Generating RTLIL representation for module `$__DFF_N__$abc9_flop'.
Generating RTLIL representation for module `$__DFF_P__$abc9_flop'.
Successfully finished Verilog frontend.

2.46.11. Executing ABC9_OPS pass (helper functions for ABC9).
<suppressed ~2 debug messages>

2.46.12. Executing ABC9_OPS pass (helper functions for ABC9).

2.46.13. Executing ABC9_OPS pass (helper functions for ABC9).
<suppressed ~2 debug messages>

2.46.14. Executing TECHMAP pass (map to technology primitives).

2.46.14.1. Executing Verilog-2005 frontend: /Users/Dilan/eda/fabric-under-pressure/oss-cad-suite/libexec/../share/yosys/techmap.v
Parsing Verilog input from `/Users/Dilan/eda/fabric-under-pressure/oss-cad-suite/libexec/../share/yosys/techmap.v' to AST representation.
Generating RTLIL representation for module `\_90_simplemap_bool_ops'.
Generating RTLIL representation for module `\_90_simplemap_reduce_ops'.
Generating RTLIL representation for module `\_90_simplemap_logic_ops'.
Generating RTLIL representation for module `\_90_simplemap_compare_ops'.
Generating RTLIL representation for module `\_90_simplemap_various'.
Generating RTLIL representation for module `\_90_simplemap_registers'.
Generating RTLIL representation for module `\_90_shift_ops_shr_shl_sshl_sshr'.
Generating RTLIL representation for module `\_90_shift_shiftx'.
Generating RTLIL representation for module `\_90_fa'.
Generating RTLIL representation for module `\_90_lcu_brent_kung'.
Generating RTLIL representation for module `\_90_alu'.
Generating RTLIL representation for module `\_90_macc'.
Generating RTLIL representation for module `\_90_alumacc'.
Generating RTLIL representation for module `$__div_mod_u'.
Generating RTLIL representation for module `$__div_mod_trunc'.
Generating RTLIL representation for module `\_90_div'.
Generating RTLIL representation for module `\_90_mod'.
Generating RTLIL representation for module `$__div_mod_floor'.
Generating RTLIL representation for module `\_90_divfloor'.
Generating RTLIL representation for module `\_90_modfloor'.
Generating RTLIL representation for module `\_90_pow'.
Generating RTLIL representation for module `\_90_demux'.
Generating RTLIL representation for module `\_90_lut'.
Generating RTLIL representation for module `$connect'.
Generating RTLIL representation for module `$input_port'.
Successfully finished Verilog frontend.

2.46.14.2. Continuing TECHMAP pass.
Using template $paramod$838872d5a4bab89607f53482b205c0fd50d8b82e\CCU2C for cells of type $paramod$838872d5a4bab89607f53482b205c0fd50d8b82e\CCU2C.
Using extmapper simplemap for cells of type $or.
Using extmapper simplemap for cells of type $and.
Using extmapper simplemap for cells of type $not.
Using extmapper simplemap for cells of type $xor.
Using template $paramod\LUT2\INIT=4'1010 for cells of type LUT2.
Using template $paramod\LUT4\INIT=16'1001011010101010 for cells of type LUT4.
Using extmapper simplemap for cells of type $mux.
No more expansions possible.
<suppressed ~207 debug messages>

2.46.15. Executing OPT pass (performing simple optimizations).

2.46.15.1. Executing OPT_EXPR pass (perform const folding).
Optimizing module axi_outstanding_tracker.
<suppressed ~18 debug messages>

2.46.15.2. Executing OPT_MERGE pass (detect identical cells).
Finding identical cells in module `\axi_outstanding_tracker'.
Computing hashes of 59 cells of `\axi_outstanding_tracker'.
Finding duplicate cells in `\axi_outstanding_tracker'.
Computing hashes of 57 cells of `\axi_outstanding_tracker'.
Finding duplicate cells in `\axi_outstanding_tracker'.
<suppressed ~6 debug messages>
Removed a total of 2 cells.

2.46.15.3. Executing OPT_MUXTREE pass (detect dead branches in mux trees).
Running muxtree optimizer on module \axi_outstanding_tracker..
  Creating internal representation of mux trees.
  No muxes found in this module.
Removed 0 multiplexer ports.

2.46.15.4. Executing OPT_REDUCE pass (consolidate $*mux and $reduce_* inputs).
  Optimizing cells in module \axi_outstanding_tracker.
Performed a total of 0 changes.

2.46.15.5. Executing OPT_MERGE pass (detect identical cells).
Finding identical cells in module `\axi_outstanding_tracker'.
Computing hashes of 57 cells of `\axi_outstanding_tracker'.
Finding duplicate cells in `\axi_outstanding_tracker'.
Removed a total of 0 cells.

2.46.15.6. Executing OPT_DFF pass (perform DFF optimizations).

2.46.15.7. Executing OPT_CLEAN pass (remove unused cells and wires).
Finding unused cells or wires in module \axi_outstanding_tracker..
Removed 0 unused cells and 55 unused wires.
<suppressed ~1 debug messages>

2.46.15.8. Executing OPT_EXPR pass (perform const folding).
Optimizing module axi_outstanding_tracker.

2.46.15.9. Rerunning OPT passes. (Maybe there is more to do..)

2.46.15.10. Executing OPT_MUXTREE pass (detect dead branches in mux trees).
Running muxtree optimizer on module \axi_outstanding_tracker..
  Creating internal representation of mux trees.
  No muxes found in this module.
Removed 0 multiplexer ports.

2.46.15.11. Executing OPT_REDUCE pass (consolidate $*mux and $reduce_* inputs).
  Optimizing cells in module \axi_outstanding_tracker.
Performed a total of 0 changes.

2.46.15.12. Executing OPT_MERGE pass (detect identical cells).
Finding identical cells in module `\axi_outstanding_tracker'.
Computing hashes of 57 cells of `\axi_outstanding_tracker'.
Finding duplicate cells in `\axi_outstanding_tracker'.
Removed a total of 0 cells.

2.46.15.13. Executing OPT_DFF pass (perform DFF optimizations).

2.46.15.14. Executing OPT_CLEAN pass (remove unused cells and wires).
Finding unused cells or wires in module \axi_outstanding_tracker..

2.46.15.15. Executing OPT_EXPR pass (perform const folding).
Optimizing module axi_outstanding_tracker.

2.46.15.16. Finished fast OPT passes. (There is nothing left to do.)

2.46.16. Executing AIGMAP pass (map logic to AIG).
Module axi_outstanding_tracker: replaced 1219 cells with 7714 new cells, skipped 719 cells.
  replaced 3 cell types:
     942 $_MUX_
     273 $_OR_
       4 $_XOR_
  not replaced 7 cell types:
     219 $_AND_
      72 $_NOT_
     208 $paramod$68581f66a8fa831820fa7633bd24ba569ae9d7e3\TRELLIS_FF
       3 $paramod$37e41664cab9052a9b41c89036e0524f666a0fee\TRELLIS_FF
       6 $paramod$838872d5a4bab89607f53482b205c0fd50d8b82e\CCU2C
     208 $paramod$68581f66a8fa831820fa7633bd24ba569ae9d7e3\TRELLIS_FF_$abc9_byp
       3 $paramod$37e41664cab9052a9b41c89036e0524f666a0fee\TRELLIS_FF_$abc9_byp

2.46.16.1. Executing ABC9_OPS pass (helper functions for ABC9).

2.46.16.2. Executing ABC9_OPS pass (helper functions for ABC9).
Warning: Feature 'write_xaiger2' is experimental.

2.46.16.3. Executing XAIGER2 backend.
<suppressed ~866 debug messages>
Extracted 3249 AND gates and 0 wires from module `axi_outstanding_tracker' to a netlist network with 468 inputs and 1148 outputs.

2.46.16.4. Executing ABC9_EXE pass (technology mapping using ABC9).

2.46.16.5. Executing ABC9.
Running ABC command: "<yosys-exe-dir>/yosys-abc" -s -f <abc-temp-dir>/abc.script 2>&1
ABC: ======== ABC command line "source <abc-temp-dir>/abc.script"
ABC: + read_lut <abc-temp-dir>/input.lut
ABC: + read_box <abc-temp-dir>/input.box
ABC: + &read <abc-temp-dir>/input.xaig
ABC: + &ps
ABC: <abc-temp-dir>/input : i/o =    239/    672  and =    2778  lev =   16 (3.10)  mem = 0.06 MB  box = 217  bb = 211
ABC: + &scorr
ABC: Warning: The network is combinational.
ABC: + &sweep
ABC: + &dc2
ABC: + &dch -f -r
ABC: + &ps
ABC: <abc-temp-dir>/input : i/o =    239/    672  and =    2396  lev =   14 (2.68)  mem = 0.05 MB  ch =  320  box = 217  bb = 211
ABC: cst =       0  cls =    267  lit =     320  unused =    2277  proof =     0
ABC: + &if -W 300 -v
ABC: K = 7. Memory (bytes): Truth =    0. Cut =   76. Obj =  156. Set =  780. CutMin = no
ABC: Node =    2396.  Ch =   267.  Total mem =    0.66 MB. Peak cut mem =    0.04 MB.
ABC: P:  Del = 2769.00.  Ar =    1491.0.  Edge =     2155.  Cut =    30488.  T =     0.00 sec
ABC: P:  Del = 2769.00.  Ar =    1393.0.  Edge =     2083.  Cut =    30488.  T =     0.00 sec
ABC: P:  Del = 2728.00.  Ar =     705.0.  Edge =     1858.  Cut =    65280.  T =     0.01 sec
ABC: F:  Del = 2728.00.  Ar =     605.0.  Edge =     1802.  Cut =    24194.  T =     0.00 sec
ABC: A:  Del = 2728.00.  Ar =     601.0.  Edge =     1781.  Cut =    22610.  T =     0.01 sec
ABC: A:  Del = 2728.00.  Ar =     601.0.  Edge =     1781.  Cut =    23398.  T =     0.01 sec
ABC: Total time =     0.03 sec
ABC: + &write -n <abc-temp-dir>/output.aig
ABC: + &mfs
ABC: + &ps -l
ABC: <abc-temp-dir>/input : i/o =    239/    672  and =    1540  lev =   14 (2.42)  mem = 0.04 MB  box = 217  bb = 211
ABC: Mapping (K=7)  :  lut =    441  edge =    1723  lev =    5 (0.98)  levB =    6  mem = 0.02 MB
ABC: LUT = 441 : 2=22 5.0 %  3=34 7.7 %  4=353 80.0 %  5=29 6.6 %  6=1 0.2 %  7=2 0.5 %  Ave = 3.91
ABC: + &write -n <abc-temp-dir>/output.aig
ABC: + &verify
ABC: Networks are equivalent.  Time =     0.04 sec
ABC: + time
ABC: elapse: 0.40 seconds, total: 0.40 seconds

2.46.16.6. Executing AIGER frontend.
<suppressed ~10 debug messages>
Removed 1871 unused cells and 3065 unused wires.

2.46.16.7. Executing ABC_OPS_REINTEGRATE pass (reintegrate ABC mapped design into module).
ABC RESULTS:              $lut cells:      443
ABC RESULTS:   $paramod$838872d5a4bab89607f53482b205c0fd50d8b82e\CCU2C cells:        6
ABC RESULTS:   $paramod$68581f66a8fa831820fa7633bd24ba569ae9d7e3\TRELLIS_FF_$abc9_byp cells:      208
ABC RESULTS:   $paramod$37e41664cab9052a9b41c89036e0524f666a0fee\TRELLIS_FF_$abc9_byp cells:        3
ABC RESULTS:           input signals:      220
ABC RESULTS:          output signals:        9
<suppressed ~1822 debug messages>
Removing temp directory.

2.46.17. Executing TECHMAP pass (map to technology primitives).

2.46.17.1. Executing Verilog-2005 frontend: /Users/Dilan/eda/fabric-under-pressure/oss-cad-suite/libexec/../share/yosys/abc9_unmap.v
Parsing Verilog input from `/Users/Dilan/eda/fabric-under-pressure/oss-cad-suite/libexec/../share/yosys/abc9_unmap.v' to AST representation.
Generating RTLIL representation for module `$__DFF_x__$abc9_flop'.
Generating RTLIL representation for module `$__ABC9_SCC_BREAKER'.
Successfully finished Verilog frontend.

2.46.17.2. Continuing TECHMAP pass.
Using template $paramod$68581f66a8fa831820fa7633bd24ba569ae9d7e3\TRELLIS_FF for cells of type $paramod$68581f66a8fa831820fa7633bd24ba569ae9d7e3\TRELLIS_FF.
Using template $paramod$37e41664cab9052a9b41c89036e0524f666a0fee\TRELLIS_FF for cells of type $paramod$37e41664cab9052a9b41c89036e0524f666a0fee\TRELLIS_FF.
Using template $paramod$838872d5a4bab89607f53482b205c0fd50d8b82e\CCU2C for cells of type $paramod$838872d5a4bab89607f53482b205c0fd50d8b82e\CCU2C.
Using template $paramod$68581f66a8fa831820fa7633bd24ba569ae9d7e3\TRELLIS_FF_$abc9_byp for cells of type $paramod$68581f66a8fa831820fa7633bd24ba569ae9d7e3\TRELLIS_FF_$abc9_byp.
Using template $paramod$37e41664cab9052a9b41c89036e0524f666a0fee\TRELLIS_FF_$abc9_byp for cells of type $paramod$37e41664cab9052a9b41c89036e0524f666a0fee\TRELLIS_FF_$abc9_byp.
No more expansions possible.
<suppressed ~438 debug messages>
Removed 208 unused cells and 4172 unused wires.

2.47. Executing TECHMAP pass (map to technology primitives).

2.47.1. Executing Verilog-2005 frontend: /Users/Dilan/eda/fabric-under-pressure/oss-cad-suite/libexec/../share/yosys/lattice/cells_map_trellis.v
Parsing Verilog input from `/Users/Dilan/eda/fabric-under-pressure/oss-cad-suite/libexec/../share/yosys/lattice/cells_map_trellis.v' to AST representation.
Generating RTLIL representation for module `$_DFF_N_'.
Generating RTLIL representation for module `$_DFF_P_'.
Generating RTLIL representation for module `$_DFFE_NN_'.
Generating RTLIL representation for module `$_DFFE_PN_'.
Generating RTLIL representation for module `$_DFFE_NP_'.
Generating RTLIL representation for module `$_DFFE_PP_'.
Generating RTLIL representation for module `$_DFF_NP0_'.
Generating RTLIL representation for module `$_DFF_NP1_'.
Generating RTLIL representation for module `$_DFF_PP0_'.
Generating RTLIL representation for module `$_DFF_PP1_'.
Generating RTLIL representation for module `$_SDFF_NP0_'.
Generating RTLIL representation for module `$_SDFF_NP1_'.
Generating RTLIL representation for module `$_SDFF_PP0_'.
Generating RTLIL representation for module `$_SDFF_PP1_'.
Generating RTLIL representation for module `$_DFFE_NP0P_'.
Generating RTLIL representation for module `$_DFFE_NP1P_'.
Generating RTLIL representation for module `$_DFFE_PP0P_'.
Generating RTLIL representation for module `$_DFFE_PP1P_'.
Generating RTLIL representation for module `$_DFFE_NP0N_'.
Generating RTLIL representation for module `$_DFFE_NP1N_'.
Generating RTLIL representation for module `$_DFFE_PP0N_'.
Generating RTLIL representation for module `$_DFFE_PP1N_'.
Generating RTLIL representation for module `$_SDFFE_NP0P_'.
Generating RTLIL representation for module `$_SDFFE_NP1P_'.
Generating RTLIL representation for module `$_SDFFE_PP0P_'.
Generating RTLIL representation for module `$_SDFFE_PP1P_'.
Generating RTLIL representation for module `$_SDFFE_NP0N_'.
Generating RTLIL representation for module `$_SDFFE_NP1N_'.
Generating RTLIL representation for module `$_SDFFE_PP0N_'.
Generating RTLIL representation for module `$_SDFFE_PP1N_'.
Generating RTLIL representation for module `$_ALDFF_NP_'.
Generating RTLIL representation for module `$_ALDFF_PP_'.
Generating RTLIL representation for module `$_ALDFFE_NPN_'.
Generating RTLIL representation for module `$_ALDFFE_NPP_'.
Generating RTLIL representation for module `$_ALDFFE_PPN_'.
Generating RTLIL representation for module `$_ALDFFE_PPP_'.
Generating RTLIL representation for module `\FD1P3AX'.
Generating RTLIL representation for module `\FD1P3AY'.
Generating RTLIL representation for module `\FD1P3BX'.
Generating RTLIL representation for module `\FD1P3DX'.
Generating RTLIL representation for module `\FD1P3IX'.
Generating RTLIL representation for module `\FD1P3JX'.
Generating RTLIL representation for module `\FD1S3AX'.
Generating RTLIL representation for module `\FD1S3AY'.
Generating RTLIL representation for module `\FD1S3BX'.
Generating RTLIL representation for module `\FD1S3DX'.
Generating RTLIL representation for module `\FD1S3IX'.
Generating RTLIL representation for module `\FD1S3JX'.
Generating RTLIL representation for module `\IFS1P3BX'.
Generating RTLIL representation for module `\IFS1P3DX'.
Generating RTLIL representation for module `\IFS1P3IX'.
Generating RTLIL representation for module `\IFS1P3JX'.
Generating RTLIL representation for module `\OFS1P3BX'.
Generating RTLIL representation for module `\OFS1P3DX'.
Generating RTLIL representation for module `\OFS1P3IX'.
Generating RTLIL representation for module `\OFS1P3JX'.
Generating RTLIL representation for module `\IB'.
Generating RTLIL representation for module `\IBPU'.
Generating RTLIL representation for module `\IBPD'.
Generating RTLIL representation for module `\OB'.
Generating RTLIL representation for module `\OBZ'.
Generating RTLIL representation for module `\OBZPU'.
Generating RTLIL representation for module `\OBZPD'.
Generating RTLIL representation for module `\OBCO'.
Generating RTLIL representation for module `\BB'.
Generating RTLIL representation for module `\BBPU'.
Generating RTLIL representation for module `\BBPD'.
Generating RTLIL representation for module `\ILVDS'.
Generating RTLIL representation for module `\OLVDS'.
Generating RTLIL representation for module `$lut'.
Successfully finished Verilog frontend.

2.47.2. Continuing TECHMAP pass.
Using template $paramod$lut\WIDTH=32'00000000000000000000000000000010\LUT=4'0001 for cells of type $lut.
Using template $paramod$238ce1c123ccd5620a61157a2c5350ee6fc4d4ff$lut for cells of type $lut.
Using template $paramod$74190755306950a81a07803293f7549508f6f157$lut for cells of type $lut.
Using template $paramod$lut\WIDTH=32'00000000000000000000000000000011\LUT=8'00101010 for cells of type $lut.
Using template $paramod$lut\WIDTH=32'00000000000000000000000000000010\LUT=4'0100 for cells of type $lut.
Using template $paramod$lut\WIDTH=32'00000000000000000000000000000010\LUT=4'1000 for cells of type $lut.
Using template $paramod$872def176acf0af46aee1a4df67a9291309e3c01$lut for cells of type $lut.
Using template $paramod$4eb848e991ac2a992be9b4be01f278b220c0efac$lut for cells of type $lut.
Using template $paramod$fdcae86fcfd036c1880a04306ae771a9d7579c31$lut for cells of type $lut.
Using template $paramod$2ea69c779d6c1b79ac5a87b0d1523c67d5628dba$lut for cells of type $lut.
Using template $paramod$7ccb46ee9b56c39e0a7d82a185b08cb026e04fbc$lut for cells of type $lut.
Using template $paramod$d5c7dda3e544463bf43ed73dadb51262f5dcf2fe$lut for cells of type $lut.
Using template $paramod$83c1b6108170249166239e09804c5f4542556524$lut for cells of type $lut.
Using template $paramod$272652f6c6fbe9a75eff76e45cc7e2788835518b$lut for cells of type $lut.
Using template $paramod$728af64da11d42500d51a71dd7007ac25b15b46a$lut for cells of type $lut.
Using template $paramod$lut\WIDTH=32'00000000000000000000000000000010\LUT=4'0010 for cells of type $lut.
Using template $paramod$364c9ffbffac467d60dfec81bba4e18476c15602$lut for cells of type $lut.
Using template $paramod$lut\WIDTH=32'00000000000000000000000000000011\LUT=8'10101000 for cells of type $lut.
Using template $paramod$6d6beead1425af15cf78b27fd9b11b41b5d4bce8$lut for cells of type $lut.
Using template $paramod$47a8214374025465e226fa66bee690ff33268a25$lut for cells of type $lut.
Using template $paramod$d7816c8fe91c91c2deadbc0f27110529e1999027$lut for cells of type $lut.
Using template $paramod$lut\WIDTH=32'00000000000000000000000000000011\LUT=8'10000000 for cells of type $lut.
Using template $paramod$lut\WIDTH=32'00000000000000000000000000000011\LUT=8'11110010 for cells of type $lut.
Using template $paramod$571404c0889eaf57f492cb5e37f8acb5df5852f9$lut for cells of type $lut.
Using template $paramod$lut\WIDTH=32'00000000000000000000000000000011\LUT=8'11001110 for cells of type $lut.
Using template $paramod$f41ad5097d9f0f76cacde91c023873087e38be33$lut for cells of type $lut.
Using template $paramod$6e238df02989b317f10820a22773676e71120644$lut for cells of type $lut.
Using template $paramod$5e9374f44a27c3f8a1c38af244ec43ceb4fb8d4f$lut for cells of type $lut.
Using template $paramod$873c285bdccf0ac2b60d2304ea5cd14bf211d2a6$lut for cells of type $lut.
Using template $paramod$e51a8a571bee774247b38f52d6e85fd62ae52cea$lut for cells of type $lut.
Using template $paramod$d6ca727e39f31d51d29072e0f33aa09c65e37336$lut for cells of type $lut.
Using template $paramod$f8f63b209b7230e81958663ff24fef1613156af7$lut for cells of type $lut.
Using template $paramod$a5516fc31d1e552de2435200bb732b4d4ad63a9c$lut for cells of type $lut.
Using template $paramod$f9813472aa48e533b3838c6f2316dc2e78c66111$lut for cells of type $lut.
Using template $paramod$30305e55a780880b9c824fe3509a4d981acb0f2b$lut for cells of type $lut.
Using template $paramod$b543865dc3ad8d92b2377f1b0488f71afb9c8817$lut for cells of type $lut.
Using template $paramod$lut\WIDTH=32'00000000000000000000000000000011\LUT=8'10010110 for cells of type $lut.
Using template $paramod$658b9ed803f0d3d335616d3858b53e0a2522f1e8$lut for cells of type $lut.
Using template $paramod$8e44661def013b6bf9fe6f8b049ef2c838d749f9$lut for cells of type $lut.
Using template $paramod$c28a8b7ce0535d090c4cfb52e9c74affd52b110c$lut for cells of type $lut.
Using template $paramod$101238f3d8d49ab12a9b49a2f01cd503b26e9c61$lut for cells of type $lut.
Using template $paramod$ddace04fba544e6adc4cdda6a50048ddd7c111af$lut for cells of type $lut.
Using template $paramod$bba54c1ef87367812b4c15f4aed5ac70773df775$lut for cells of type $lut.
Using template $paramod$3c3fed19c6fd1d349196eeef2e653fb0a32b5a50$lut for cells of type $lut.
Using template $paramod$66caeb00a39d236782a97659e3bd99621b74681b$lut for cells of type $lut.
Using template $paramod$lut\WIDTH=32'00000000000000000000000000000011\LUT=8'01101100 for cells of type $lut.
Using template $paramod$00ffcc628ccb870304683cac36ad3a16cc41b6a4$lut for cells of type $lut.
Using template $paramod$lut\WIDTH=32'00000000000000000000000000000011\LUT=8'01110000 for cells of type $lut.
Using template $paramod$f3ada871809f362efd8eb0c4fb952bb5c98f0750$lut for cells of type $lut.
Using template $paramod$ef423ce8bffc6b734abf7282a22c7b6c0518dbb1$lut for cells of type $lut.
Using template $paramod$8d682dd07ca5cb3ab18b18c4b7aed2342a1e5cff$lut for cells of type $lut.
Using template $paramod$f405ee362848dd1a47c58160f854302f6ecf95ff$lut for cells of type $lut.
Using template $paramod$9f6bc32305fc769fa11e4327bee073e3fbe84018$lut for cells of type $lut.
Using template $paramod$f85f1073c412d406200a6a72283f918c8b751314$lut for cells of type $lut.
Using template $paramod$lut\WIDTH=32'00000000000000000000000000000001\LUT=2'01 for cells of type $lut.
No more expansions possible.
<suppressed ~1120 debug messages>

2.48. Executing OPT_LUT_INS pass (discard unused LUT inputs).
Optimizing LUTs in axi_outstanding_tracker.
  Optimizing lut $abc$25899$lut$aiger25898$1047.genblk1.genblk1.genblk1.genblk1.genblk1.genblk1.lut2 (4 -> 0)
  Optimizing lut $abc$25899$lut$aiger25898$501.genblk1.genblk1.genblk1.genblk1.genblk1.genblk1.genblk1.lut2 (4 -> 0)
  Optimizing lut $abc$25899$lut$aiger25898$501.genblk1.genblk1.genblk1.genblk1.genblk1.genblk1.genblk1.lut3 (4 -> 0)
  Optimizing lut $abc$25899$lut$aiger25898$501.genblk1.genblk1.genblk1.genblk1.genblk1.genblk1.genblk1.lut4 (4 -> 1)
  Optimizing lut $abc$25899$lut$aiger25898$501.genblk1.genblk1.genblk1.genblk1.genblk1.genblk1.genblk1.lut5 (4 -> 1)
  Optimizing lut $abc$25899$lut$aiger25898$501.genblk1.genblk1.genblk1.genblk1.genblk1.genblk1.genblk1.lut6 (4 -> 1)
  Optimizing lut $abc$25899$lut$aiger25898$501.genblk1.genblk1.genblk1.genblk1.genblk1.genblk1.genblk1.lut7 (4 -> 1)
  Optimizing lut $abc$25899$lut$aiger25898$512.genblk1.genblk1.genblk1.genblk1.genblk1.genblk1.genblk1.lut2 (4 -> 0)
  Optimizing lut $abc$25899$lut$aiger25898$512.genblk1.genblk1.genblk1.genblk1.genblk1.genblk1.genblk1.lut3 (4 -> 0)
  Optimizing lut $abc$25899$lut$aiger25898$512.genblk1.genblk1.genblk1.genblk1.genblk1.genblk1.genblk1.lut4 (4 -> 1)
  Optimizing lut $abc$25899$lut$aiger25898$512.genblk1.genblk1.genblk1.genblk1.genblk1.genblk1.genblk1.lut5 (4 -> 1)
  Optimizing lut $abc$25899$lut$aiger25898$512.genblk1.genblk1.genblk1.genblk1.genblk1.genblk1.genblk1.lut6 (4 -> 1)
  Optimizing lut $abc$25899$lut$aiger25898$512.genblk1.genblk1.genblk1.genblk1.genblk1.genblk1.genblk1.lut7 (4 -> 1)
  Optimizing lut $abc$25899$lut$aiger25898$966.genblk1.genblk1.genblk1.genblk1.genblk1.lut0 (4 -> 0)
  Optimizing lut $abc$25899$lut$aiger25898$743.genblk1.genblk1.genblk1.genblk1.genblk1.lut0 (4 -> 0)
  Optimizing lut $abc$25899$lut$aiger25898$935.genblk1.genblk1.genblk1.genblk1.genblk1.lut0 (4 -> 0)
  Optimizing lut $abc$25899$lut$aiger25898$1967.genblk1.genblk1.genblk1.genblk1.genblk1.lut0 (4 -> 0)
  Optimizing lut $abc$25899$lut$aiger25898$1910.genblk1.genblk1.genblk1.genblk1.genblk1.lut0 (4 -> 0)
  Optimizing lut $abc$25899$lut$aiger25898$1903.genblk1.genblk1.genblk1.genblk1.genblk1.lut0 (4 -> 0)
  Optimizing lut $abc$25899$lut$aiger25898$1647.genblk1.genblk1.genblk1.genblk1.genblk1.lut0 (4 -> 0)
  Optimizing lut $abc$25899$lut$aiger25898$916.genblk1.genblk1.genblk1.genblk1.genblk1.lut0 (4 -> 0)
  Optimizing lut $abc$25899$lut$aiger25898$1615.genblk1.genblk1.genblk1.genblk1.genblk1.lut0 (4 -> 0)
  Optimizing lut $abc$25899$lut$aiger25898$762.genblk1.genblk1.genblk1.genblk1.genblk1.lut0 (4 -> 0)
  Optimizing lut $abc$25899$lut$aiger25898$1750.genblk1.genblk1.genblk1.genblk1.genblk1.lut0 (4 -> 0)
  Optimizing lut $abc$25899$lut$aiger25898$1956.genblk1.genblk1.genblk1.genblk1.genblk1.lut0 (4 -> 0)
  Optimizing lut $abc$25899$lut$aiger$o1116.genblk1.genblk1.genblk1.genblk1.genblk1.lut0 (4 -> 1)
  Optimizing lut $abc$25899$lut$aiger25898$1711.genblk1.genblk1.genblk1.genblk1.genblk1.lut0 (4 -> 0)
  Optimizing lut $abc$25899$lut$aiger25898$793.genblk1.genblk1.genblk1.genblk1.genblk1.lut0 (4 -> 0)
  Optimizing lut $abc$25899$lut$aiger25898$648.genblk1.genblk1.genblk1.genblk1.genblk1.lut0 (4 -> 0)
  Optimizing lut $abc$25899$lut$aiger25898$1064.genblk1.genblk1.genblk1.genblk1.genblk1.lut1 (4 -> 0)
  Optimizing lut $abc$25899$lut$aiger25898$812.genblk1.genblk1.genblk1.genblk1.genblk1.lut0 (4 -> 0)
  Optimizing lut $abc$25899$lut$aiger25898$1743.genblk1.genblk1.genblk1.genblk1.genblk1.lut0 (4 -> 0)
  Optimizing lut $abc$25899$lut$aiger$o1114.genblk1.genblk1.genblk1.genblk1.genblk1.lut0 (4 -> 1)
  Optimizing lut $abc$25899$lut$aiger$o1115.genblk1.genblk1.genblk1.genblk1.genblk1.lut0 (4 -> 1)
  Optimizing lut $abc$25899$lut$aiger25898$838.genblk1.genblk1.genblk1.genblk1.genblk1.lut0 (4 -> 0)
  Optimizing lut $abc$25899$lut$aiger25898$1679.genblk1.genblk1.genblk1.genblk1.genblk1.lut0 (4 -> 0)
  Optimizing lut $abc$25899$lut$aiger25898$1814.genblk1.genblk1.genblk1.genblk1.genblk1.lut0 (4 -> 0)
  Optimizing lut $abc$25899$lut$aiger25898$1807.genblk1.genblk1.genblk1.genblk1.genblk1.lut0 (4 -> 0)
  Optimizing lut $abc$25899$lut$aiger25898$1047.genblk1.genblk1.genblk1.genblk1.genblk1.genblk1.lut0 (4 -> 0)
  Optimizing lut $abc$25899$lut$aiger25898$1047.genblk1.genblk1.genblk1.genblk1.genblk1.genblk1.lut1 (4 -> 0)
  Optimizing lut $abc$25899$lut$aiger25898$517.genblk1.genblk1.genblk1.genblk1.genblk1.lut1 (4 -> 1)
  Optimizing lut $abc$25899$lut$aiger25898$599.genblk1.genblk1.genblk1.genblk1.genblk1.lut0 (4 -> 0)
  Optimizing lut $abc$25899$lut$aiger25898$512.genblk1.genblk1.genblk1.genblk1.genblk1.genblk1.genblk1.lut1 (4 -> 0)
  Optimizing lut $abc$25899$lut$aiger25898$627.genblk1.genblk1.genblk1.genblk1.genblk1.lut0 (4 -> 0)
  Optimizing lut $abc$25899$lut$aiger25898$501.genblk1.genblk1.genblk1.genblk1.genblk1.genblk1.genblk1.lut0 (4 -> 0)
  Optimizing lut $abc$25899$lut$aiger25898$512.genblk1.genblk1.genblk1.genblk1.genblk1.genblk1.genblk1.lut0 (4 -> 0)
  Optimizing lut $abc$25899$lut$aiger25898$501.genblk1.genblk1.genblk1.genblk1.genblk1.genblk1.genblk1.lut1 (4 -> 0)
  Optimizing lut $abc$25899$lut$aiger$o1113.genblk1.genblk1.genblk1.genblk1.genblk1.lut0 (4 -> 1)
Removed 0 unused cells and 1028 unused wires.

2.49. Executing AUTONAME pass.
Renamed 1338 objects in module axi_outstanding_tracker.
<suppressed ~1338 debug messages>

2.50. Executing HIERARCHY pass (managing design hierarchy).
Attribute `top' found on module `axi_outstanding_tracker'. Setting top module to axi_outstanding_tracker.

2.50.1. Analyzing design hierarchy..
Top module:  \axi_outstanding_tracker

2.50.2. Analyzing design hierarchy..
Top module:  \axi_outstanding_tracker
Removed 0 unused modules.

2.51. Printing statistics.

=== axi_outstanding_tracker ===

        +----------Local Count, excluding submodules.
        |
      604 wires
     1451 wire bits
      604 public wires
     1451 public wire bits
       18 ports
       64 port bits
      752 submodules
        6   CCU2C
        7   L6MUX21
      489   LUT4
       39   PFUMX
      211   TRELLIS_FF

=== design hierarchy ===

        +----------Count including submodules.
        |
        - axi_outstanding_tracker

        +----------Count including submodules.
        |
      604 wires
     1451 wire bits
      604 public wires
     1451 public wire bits
       18 ports
       64 port bits
        - memories
        - memory bits
        - processes
        - cells
      752 submodules
        6   CCU2C
        7   L6MUX21
      489   LUT4
       39   PFUMX
      211   TRELLIS_FF

2.52. Executing CHECK pass (checking for obvious problems).
Checking module axi_outstanding_tracker...
Found and reported 0 problems.

2.53. Executing JSON backend.

3. Printing statistics.

=== axi_outstanding_tracker ===

        +----------Local Count, excluding submodules.
        |
      604 wires
     1451 wire bits
      604 public wires
     1451 public wire bits
       18 ports
       64 port bits
      752 cells
        6   CCU2C
        7   L6MUX21
      489   LUT4
       39   PFUMX
      211   TRELLIS_FF

Warnings: 3 unique messages, 3 total
Warnings: 1 experimental features used (not excluded with -x).
End of script. Logfile hash: beb63acb6b, time: 1.07s, user: 0.59s, system: 0.05s, MEM: 57.62 MB peak
Yosys 0.69+75 (git sha1 f0b945f63-dirty, Release, Clang /usr/local/osxcross/target/bin/aarch64-apple-darwin25.5-clang++ 21.1.8)
Time spent: 40% 1x abc9_exe (0 sec), 27% 21x read_verilog (0 sec), ...
