
-- Running command `read_verilog -sv /Users/Dilan/Projects/fabric-under-pressure/rtl/axi_rr_arbiter_4.sv /Users/Dilan/Projects/fabric-under-pressure/rtl/axi_r_response_router.sv; synth_ecp5 -top axi_r_response_router -json /Users/Dilan/Projects/fabric-under-pressure/results/raw/r_response_router/axi_r_response_router_ecp5.json; stat' --

1. Executing Verilog-2005 frontend: /Users/Dilan/Projects/fabric-under-pressure/rtl/axi_rr_arbiter_4.sv
Parsing SystemVerilog input from `/Users/Dilan/Projects/fabric-under-pressure/rtl/axi_rr_arbiter_4.sv' to AST representation.
Generating RTLIL representation for module `\axi_rr_arbiter_4'.
Successfully finished Verilog frontend.

2. Executing Verilog-2005 frontend: /Users/Dilan/Projects/fabric-under-pressure/rtl/axi_r_response_router.sv
Parsing SystemVerilog input from `/Users/Dilan/Projects/fabric-under-pressure/rtl/axi_r_response_router.sv' to AST representation.
Generating RTLIL representation for module `\axi_r_response_router'.
Successfully finished Verilog frontend.

3. Executing SYNTH_LATTICE pass.

3.1. Executing Verilog-2005 frontend: /Users/Dilan/eda/fabric-under-pressure/oss-cad-suite/libexec/../share/yosys/lattice/cells_sim_ecp5.v
Parsing Verilog input from `/Users/Dilan/eda/fabric-under-pressure/oss-cad-suite/libexec/../share/yosys/lattice/cells_sim_ecp5.v' to AST representation.
Generating RTLIL representation for module `\LUT4'.
Generating RTLIL representation for module `\$__ABC9_LUT5'.
Generating RTLIL representation for module `\$__ABC9_LUT6'.
Generating RTLIL representation for module `\$__ABC9_LUT7'.
Generating RTLIL representation for module `\L6MUX21'.
Generating RTLIL representation for module `\TRELLIS_RAM16X2'.
Generating RTLIL representation for module `\PFUMX'.
Generating RTLIL representation for module `\TRELLIS_DPR16X4'.
Generating RTLIL representation for module `\DPR16X4C'.
Generating RTLIL representation for module `\LUT2'.
Generating RTLIL representation for module `\TRELLIS_FF'.
Generating RTLIL representation for module `\TRELLIS_IO'.
Generating RTLIL representation for module `\INV'.
Generating RTLIL representation for module `\TRELLIS_COMB'.
Generating RTLIL representation for module `\VLO'.
Generating RTLIL representation for module `\VHI'.
Generating RTLIL representation for module `\FD1P3AX'.
Generating RTLIL representation for module `\FD1P3AY'.
Generating RTLIL representation for module `\FD1P3BX'.
Generating RTLIL representation for module `\FD1P3DX'.
Generating RTLIL representation for module `\FD1P3IX'.
Generating RTLIL representation for module `\FD1P3JX'.
Generating RTLIL representation for module `\FD1S3AX'.
Generating RTLIL representation for module `\FD1S3AY'.
Generating RTLIL representation for module `\FD1S3BX'.
Generating RTLIL representation for module `\FD1S3DX'.
Generating RTLIL representation for module `\FD1S3IX'.
Generating RTLIL representation for module `\FD1S3JX'.
Generating RTLIL representation for module `\IFS1P3BX'.
Generating RTLIL representation for module `\IFS1P3DX'.
Generating RTLIL representation for module `\IFS1P3IX'.
Generating RTLIL representation for module `\IFS1P3JX'.
Generating RTLIL representation for module `\OFS1P3BX'.
Generating RTLIL representation for module `\OFS1P3DX'.
Generating RTLIL representation for module `\OFS1P3IX'.
Generating RTLIL representation for module `\OFS1P3JX'.
Generating RTLIL representation for module `\IB'.
Generating RTLIL representation for module `\IBPU'.
Generating RTLIL representation for module `\IBPD'.
Generating RTLIL representation for module `\OB'.
Generating RTLIL representation for module `\OBZ'.
Generating RTLIL representation for module `\OBZPU'.
Generating RTLIL representation for module `\OBZPD'.
Generating RTLIL representation for module `\OBCO'.
Generating RTLIL representation for module `\BB'.
Generating RTLIL representation for module `\BBPU'.
Generating RTLIL representation for module `\BBPD'.
Generating RTLIL representation for module `\ILVDS'.
Generating RTLIL representation for module `\OLVDS'.
Generating RTLIL representation for module `\CCU2C'.
Generating RTLIL representation for module `\DP16KD'.
Replacing existing blackbox module `\FD1P3AX' at /Users/Dilan/eda/fabric-under-pressure/oss-cad-suite/libexec/../share/yosys/lattice/cells_ff.vh:2.1-2.261.
Generating RTLIL representation for module `\FD1P3AX'.
Replacing existing blackbox module `\FD1P3AY' at /Users/Dilan/eda/fabric-under-pressure/oss-cad-suite/libexec/../share/yosys/lattice/cells_ff.vh:3.1-3.261.
Generating RTLIL representation for module `\FD1P3AY'.
Replacing existing blackbox module `\FD1P3BX' at /Users/Dilan/eda/fabric-under-pressure/oss-cad-suite/libexec/../share/yosys/lattice/cells_ff.vh:4.1-4.261.
Generating RTLIL representation for module `\FD1P3BX'.
Replacing existing blackbox module `\FD1P3DX' at /Users/Dilan/eda/fabric-under-pressure/oss-cad-suite/libexec/../share/yosys/lattice/cells_ff.vh:5.1-5.261.
Generating RTLIL representation for module `\FD1P3DX'.
Replacing existing blackbox module `\FD1P3IX' at /Users/Dilan/eda/fabric-under-pressure/oss-cad-suite/libexec/../share/yosys/lattice/cells_ff.vh:6.1-6.261.
Generating RTLIL representation for module `\FD1P3IX'.
Replacing existing blackbox module `\FD1P3JX' at /Users/Dilan/eda/fabric-under-pressure/oss-cad-suite/libexec/../share/yosys/lattice/cells_ff.vh:7.1-7.261.
Generating RTLIL representation for module `\FD1P3JX'.
Replacing existing blackbox module `\FD1S3AX' at /Users/Dilan/eda/fabric-under-pressure/oss-cad-suite/libexec/../share/yosys/lattice/cells_ff.vh:8.1-8.261.
Generating RTLIL representation for module `\FD1S3AX'.
Replacing existing blackbox module `\FD1S3AY' at /Users/Dilan/eda/fabric-under-pressure/oss-cad-suite/libexec/../share/yosys/lattice/cells_ff.vh:9.1-9.261.
Generating RTLIL representation for module `\FD1S3AY'.
Replacing existing blackbox module `\FD1S3BX' at /Users/Dilan/eda/fabric-under-pressure/oss-cad-suite/libexec/../share/yosys/lattice/cells_ff.vh:10.1-10.261.
Generating RTLIL representation for module `\FD1S3BX'.
Replacing existing blackbox module `\FD1S3DX' at /Users/Dilan/eda/fabric-under-pressure/oss-cad-suite/libexec/../share/yosys/lattice/cells_ff.vh:11.1-11.261.
Generating RTLIL representation for module `\FD1S3DX'.
Replacing existing blackbox module `\FD1S3IX' at /Users/Dilan/eda/fabric-under-pressure/oss-cad-suite/libexec/../share/yosys/lattice/cells_ff.vh:12.1-12.261.
Generating RTLIL representation for module `\FD1S3IX'.
Replacing existing blackbox module `\FD1S3JX' at /Users/Dilan/eda/fabric-under-pressure/oss-cad-suite/libexec/../share/yosys/lattice/cells_ff.vh:13.1-13.261.
Generating RTLIL representation for module `\FD1S3JX'.
Replacing existing blackbox module `\IFS1P3BX' at /Users/Dilan/eda/fabric-under-pressure/oss-cad-suite/libexec/../share/yosys/lattice/cells_ff.vh:26.1-26.301.
Generating RTLIL representation for module `\IFS1P3BX'.
Replacing existing blackbox module `\IFS1P3DX' at /Users/Dilan/eda/fabric-under-pressure/oss-cad-suite/libexec/../share/yosys/lattice/cells_ff.vh:27.1-27.301.
Generating RTLIL representation for module `\IFS1P3DX'.
Replacing existing blackbox module `\IFS1P3IX' at /Users/Dilan/eda/fabric-under-pressure/oss-cad-suite/libexec/../share/yosys/lattice/cells_ff.vh:28.1-28.301.
Generating RTLIL representation for module `\IFS1P3IX'.
Replacing existing blackbox module `\IFS1P3JX' at /Users/Dilan/eda/fabric-under-pressure/oss-cad-suite/libexec/../share/yosys/lattice/cells_ff.vh:29.1-29.301.
Generating RTLIL representation for module `\IFS1P3JX'.
Replacing existing blackbox module `\OFS1P3BX' at /Users/Dilan/eda/fabric-under-pressure/oss-cad-suite/libexec/../share/yosys/lattice/cells_ff.vh:31.1-31.302.
Generating RTLIL representation for module `\OFS1P3BX'.
Replacing existing blackbox module `\OFS1P3DX' at /Users/Dilan/eda/fabric-under-pressure/oss-cad-suite/libexec/../share/yosys/lattice/cells_ff.vh:32.1-32.302.
Generating RTLIL representation for module `\OFS1P3DX'.
Replacing existing blackbox module `\OFS1P3IX' at /Users/Dilan/eda/fabric-under-pressure/oss-cad-suite/libexec/../share/yosys/lattice/cells_ff.vh:33.1-33.302.
Generating RTLIL representation for module `\OFS1P3IX'.
Replacing existing blackbox module `\OFS1P3JX' at /Users/Dilan/eda/fabric-under-pressure/oss-cad-suite/libexec/../share/yosys/lattice/cells_ff.vh:34.1-34.302.
Generating RTLIL representation for module `\OFS1P3JX'.
Replacing existing blackbox module `\IB' at /Users/Dilan/eda/fabric-under-pressure/oss-cad-suite/libexec/../share/yosys/lattice/cells_io.vh:2.1-2.157.
Generating RTLIL representation for module `\IB'.
Replacing existing blackbox module `\IBPU' at /Users/Dilan/eda/fabric-under-pressure/oss-cad-suite/libexec/../share/yosys/lattice/cells_io.vh:3.1-3.157.
Generating RTLIL representation for module `\IBPU'.
Replacing existing blackbox module `\IBPD' at /Users/Dilan/eda/fabric-under-pressure/oss-cad-suite/libexec/../share/yosys/lattice/cells_io.vh:4.1-4.157.
Generating RTLIL representation for module `\IBPD'.
Replacing existing blackbox module `\OB' at /Users/Dilan/eda/fabric-under-pressure/oss-cad-suite/libexec/../share/yosys/lattice/cells_io.vh:5.1-5.157.
Generating RTLIL representation for module `\OB'.
Replacing existing blackbox module `\OBZ' at /Users/Dilan/eda/fabric-under-pressure/oss-cad-suite/libexec/../share/yosys/lattice/cells_io.vh:6.1-6.164.
Generating RTLIL representation for module `\OBZ'.
Replacing existing blackbox module `\OBZPU' at /Users/Dilan/eda/fabric-under-pressure/oss-cad-suite/libexec/../share/yosys/lattice/cells_io.vh:7.1-7.164.
Generating RTLIL representation for module `\OBZPU'.
Replacing existing blackbox module `\OBZPD' at /Users/Dilan/eda/fabric-under-pressure/oss-cad-suite/libexec/../share/yosys/lattice/cells_io.vh:8.1-8.164.
Generating RTLIL representation for module `\OBZPD'.
Replacing existing blackbox module `\OBCO' at /Users/Dilan/eda/fabric-under-pressure/oss-cad-suite/libexec/../share/yosys/lattice/cells_io.vh:9.1-9.90.
Generating RTLIL representation for module `\OBCO'.
Replacing existing blackbox module `\BB' at /Users/Dilan/eda/fabric-under-pressure/oss-cad-suite/libexec/../share/yosys/lattice/cells_io.vh:10.1-10.179.
Generating RTLIL representation for module `\BB'.
Replacing existing blackbox module `\BBPU' at /Users/Dilan/eda/fabric-under-pressure/oss-cad-suite/libexec/../share/yosys/lattice/cells_io.vh:11.1-11.179.
Generating RTLIL representation for module `\BBPU'.
Replacing existing blackbox module `\BBPD' at /Users/Dilan/eda/fabric-under-pressure/oss-cad-suite/libexec/../share/yosys/lattice/cells_io.vh:12.1-12.179.
Generating RTLIL representation for module `\BBPD'.
Replacing existing blackbox module `\ILVDS' at /Users/Dilan/eda/fabric-under-pressure/oss-cad-suite/libexec/../share/yosys/lattice/cells_io.vh:13.1-13.139.
Generating RTLIL representation for module `\ILVDS'.
Replacing existing blackbox module `\OLVDS' at /Users/Dilan/eda/fabric-under-pressure/oss-cad-suite/libexec/../share/yosys/lattice/cells_io.vh:14.1-14.146.
Generating RTLIL representation for module `\OLVDS'.
Successfully finished Verilog frontend.

3.2. Executing Verilog-2005 frontend: /Users/Dilan/eda/fabric-under-pressure/oss-cad-suite/libexec/../share/yosys/lattice/cells_bb_ecp5.v
Parsing Verilog input from `/Users/Dilan/eda/fabric-under-pressure/oss-cad-suite/libexec/../share/yosys/lattice/cells_bb_ecp5.v' to AST representation.
Generating RTLIL representation for module `\GSR'.
Generating RTLIL representation for module `\PUR'.
Generating RTLIL representation for module `\SGSR'.
Generating RTLIL representation for module `\PDPW16KD'.
Generating RTLIL representation for module `\MULT18X18D'.
Generating RTLIL representation for module `\ALU54B'.
Generating RTLIL representation for module `\CLKDIVF'.
Generating RTLIL representation for module `\PCSCLKDIV'.
Generating RTLIL representation for module `\DCSC'.
Generating RTLIL representation for module `\DCCA'.
Generating RTLIL representation for module `\ECLKSYNCB'.
Generating RTLIL representation for module `\ECLKBRIDGECS'.
Generating RTLIL representation for module `\DELAYF'.
Generating RTLIL representation for module `\DELAYG'.
Generating RTLIL representation for module `\USRMCLK'.
Generating RTLIL representation for module `\DQSBUFM'.
Generating RTLIL representation for module `\DDRDLLA'.
Generating RTLIL representation for module `\DLLDELD'.
Generating RTLIL representation for module `\IDDRX1F'.
Generating RTLIL representation for module `\IDDRX2F'.
Generating RTLIL representation for module `\IDDR71B'.
Generating RTLIL representation for module `\IDDRX2DQA'.
Generating RTLIL representation for module `\ODDRX1F'.
Generating RTLIL representation for module `\ODDRX2F'.
Generating RTLIL representation for module `\ODDR71B'.
Generating RTLIL representation for module `\OSHX2A'.
Generating RTLIL representation for module `\TSHX2DQA'.
Generating RTLIL representation for module `\TSHX2DQSA'.
Generating RTLIL representation for module `\ODDRX2DQA'.
Generating RTLIL representation for module `\ODDRX2DQSB'.
Generating RTLIL representation for module `\EHXPLLL'.
Generating RTLIL representation for module `\DTR'.
Generating RTLIL representation for module `\OSCG'.
Generating RTLIL representation for module `\EXTREFB'.
Generating RTLIL representation for module `\JTAGG'.
Generating RTLIL representation for module `\DCUA'.
Successfully finished Verilog frontend.

3.3. Executing HIERARCHY pass (managing design hierarchy).

3.3.1. Analyzing design hierarchy..
Top module:  \axi_r_response_router
Used module:     \axi_rr_arbiter_4

3.3.2. Analyzing design hierarchy..
Top module:  \axi_r_response_router
Used module:     \axi_rr_arbiter_4
Removed 0 unused modules.

3.4. Executing PROC pass (convert processes to netlists).

3.4.1. Executing PROC_CLEAN pass (remove empty switches from decision trees).
Found and cleaned up 58 empty switches in `\axi_r_response_router.$proc$/Users/Dilan/Projects/fabric-under-pressure/rtl/axi_r_response_router.sv:181$354'.
Found and cleaned up 19 empty switches in `\axi_r_response_router.$proc$/Users/Dilan/Projects/fabric-under-pressure/rtl/axi_r_response_router.sv:138$141'.
Cleaned up 77 empty switches.

3.4.2. Executing PROC_RMDEAD pass (remove dead branches from decision trees).
Marked 10 switch rules as full_case in process $proc$/Users/Dilan/Projects/fabric-under-pressure/rtl/axi_r_response_router.sv:283$763 in module axi_r_response_router.
Marked 62 switch rules as full_case in process $proc$/Users/Dilan/Projects/fabric-under-pressure/rtl/axi_r_response_router.sv:181$354 in module axi_r_response_router.
Marked 44 switch rules as full_case in process $proc$/Users/Dilan/Projects/fabric-under-pressure/rtl/axi_r_response_router.sv:138$141 in module axi_r_response_router.
Marked 1 switch rules as full_case in process $proc$/Users/Dilan/Projects/fabric-under-pressure/rtl/axi_rr_arbiter_4.sv:86$19 in module axi_rr_arbiter_4.
Marked 4 switch rules as full_case in process $proc$/Users/Dilan/Projects/fabric-under-pressure/rtl/axi_rr_arbiter_4.sv:65$4 in module axi_rr_arbiter_4.
Marked 17 switch rules as full_case in process $proc$/Users/Dilan/Projects/fabric-under-pressure/rtl/axi_rr_arbiter_4.sv:33$3 in module axi_rr_arbiter_4.
Removed a total of 0 dead cases.

3.4.3. Executing PROC_PRUNE pass (remove redundant assignments in processes).
Removed 4 redundant assignments.
Promoted 189 assignments to connections.

3.4.4. Executing PROC_INIT pass (extract init attributes).

3.4.5. Executing PROC_ARST pass (detect async resets in processes).
Found async reset \ARESETn in `\axi_r_response_router.$proc$/Users/Dilan/Projects/fabric-under-pressure/rtl/axi_r_response_router.sv:283$763'.
Found async reset \ARESETn in `\axi_rr_arbiter_4.$proc$/Users/Dilan/Projects/fabric-under-pressure/rtl/axi_rr_arbiter_4.sv:86$19'.

3.4.6. Executing PROC_ROM pass (convert switches to ROMs).
Converted 0 switches.
<suppressed ~145 debug messages>

3.4.7. Executing PROC_MUX pass (convert decision trees to multiplexers).
Creating decoders for process `\axi_r_response_router.$proc$/Users/Dilan/Projects/fabric-under-pressure/rtl/axi_r_response_router.sv:283$763'.
     1/28: $0\lock_internal_id[17:0] [17:12]
     2/28: $0\lock_internal_id[17:0] [11:6]
     3/28: $0\lock_target[5:0] [3:2]
     4/28: $0\lock_active[2:0] [1]
     5/28: $0\slot_source_q[5:0] [3:2]
     6/28: $0\slot_rlast_q[2:0] [1]
     7/28: $0\slot_rresp_q[5:0] [3:2]
     8/28: $0\slot_rdata_q[191:0] [127:64]
     9/28: $0\slot_rid_q[11:0] [7:4]
    10/28: $0\slot_valid[2:0] [1]
    11/28: $0\lock_internal_id[17:0] [5:0]
    12/28: $0\lock_target[5:0] [1:0]
    13/28: $0\lock_active[2:0] [0]
    14/28: $0\slot_source_q[5:0] [1:0]
    15/28: $0\slot_rlast_q[2:0] [0]
    16/28: $0\slot_rresp_q[5:0] [1:0]
    17/28: $0\slot_rdata_q[191:0] [63:0]
    18/28: $0\slot_rid_q[11:0] [3:0]
    19/28: $0\slot_valid[2:0] [0]
    20/28: $0\slot_rresp_q[5:0] [5:4]
    21/28: $0\slot_rdata_q[191:0] [191:128]
    22/28: $0\slot_rid_q[11:0] [11:8]
    23/28: $0\slot_valid[2:0] [2]
    24/28: $0\lock_target[5:0] [5:4]
    25/28: $0\lock_active[2:0] [2]
    26/28: $0\slot_source_q[5:0] [5:4]
    27/28: $0\slot_rlast_q[2:0] [2]
    28/28: $1\seq_m[31:0]
Creating decoders for process `\axi_r_response_router.$proc$/Users/Dilan/Projects/fabric-under-pressure/rtl/axi_r_response_router.sv:181$354'.
     1/383: $3\arbiter_request[11:8]
     2/383: $2\arbiter_request[7:4]
     3/383: $1\arbiter_request[3:0]
     4/383: $8\admitted_target[5:0] [5:4]
     5/383: $3\resp_for$func$/Users/Dilan/Projects/fabric-under-pressure/rtl/axi_r_response_router.sv:249$139.$result[1:0]$749
     6/383: $3\data_for$func$/Users/Dilan/Projects/fabric-under-pressure/rtl/axi_r_response_router.sv:248$138.$result[63:0]$748
     7/383: $3\full_id_for$func$/Users/Dilan/Projects/fabric-under-pressure/rtl/axi_r_response_router.sv:247$137.$result[5:0]$747
     8/383: $8\admitted_target[5:0] [1:0]
     9/383: $3\resp_for$func$/Users/Dilan/Projects/fabric-under-pressure/rtl/axi_r_response_router.sv:241$135.$result[1:0]$745
    10/383: $3\data_for$func$/Users/Dilan/Projects/fabric-under-pressure/rtl/axi_r_response_router.sv:240$134.$result[63:0]$744
    11/383: $3\full_id_for$func$/Users/Dilan/Projects/fabric-under-pressure/rtl/axi_r_response_router.sv:239$133.$result[5:0]$743
    12/383: $8\admitted_target[5:0] [3:2]
    13/383: $8\admitted_last[2:0] [2]
    14/383: $8\admitted_resp[5:0] [5:4]
    15/383: $8\admitted_data[191:0] [191:128]
    16/383: $8\admitted_id[17:0] [17:12]
    17/383: $8\response_admit_fire[2:0] [2]
    18/383: $3\last_for$func$/Users/Dilan/Projects/fabric-under-pressure/rtl/axi_r_response_router.sv:250$140.$result[0:0]$750
    19/383: $3\resp_for$func$/Users/Dilan/Projects/fabric-under-pressure/rtl/axi_r_response_router.sv:233$131.$result[1:0]$741
    20/383: $3\data_for$func$/Users/Dilan/Projects/fabric-under-pressure/rtl/axi_r_response_router.sv:232$130.$result[63:0]$740
    21/383: $3\full_id_for$func$/Users/Dilan/Projects/fabric-under-pressure/rtl/axi_r_response_router.sv:231$129.$result[5:0]$739
    22/383: $8\admitted_last[2:0] [1]
    23/383: $8\admitted_resp[5:0] [3:2]
    24/383: $2\last_for$func$/Users/Dilan/Projects/fabric-under-pressure/rtl/axi_r_response_router.sv:234$132.$result[0:0]$730
    25/383: $8\admitted_data[191:0] [127:64]
    26/383: $2\resp_for$func$/Users/Dilan/Projects/fabric-under-pressure/rtl/axi_r_response_router.sv:233$131.$result[1:0]$729
    27/383: $8\admitted_id[17:0] [11:6]
    28/383: $2\data_for$func$/Users/Dilan/Projects/fabric-under-pressure/rtl/axi_r_response_router.sv:232$130.$result[63:0]$728
    29/383: $8\response_admit_fire[2:0] [1]
    30/383: $2\full_id_for$func$/Users/Dilan/Projects/fabric-under-pressure/rtl/axi_r_response_router.sv:231$129.$result[5:0]$727
    31/383: $3\last_for$func$/Users/Dilan/Projects/fabric-under-pressure/rtl/axi_r_response_router.sv:234$132.$result[0:0]$742
    32/383: $2\last_for$func$/Users/Dilan/Projects/fabric-under-pressure/rtl/axi_r_response_router.sv:250$140.$result[0:0]$738
    33/383: $2\resp_for$func$/Users/Dilan/Projects/fabric-under-pressure/rtl/axi_r_response_router.sv:249$139.$result[1:0]$737
    34/383: $2\data_for$func$/Users/Dilan/Projects/fabric-under-pressure/rtl/axi_r_response_router.sv:248$138.$result[63:0]$736
    35/383: $2\full_id_for$func$/Users/Dilan/Projects/fabric-under-pressure/rtl/axi_r_response_router.sv:247$137.$result[5:0]$735
    36/383: $2\last_for$func$/Users/Dilan/Projects/fabric-under-pressure/rtl/axi_r_response_router.sv:242$136.$result[0:0]$734
    37/383: $2\resp_for$func$/Users/Dilan/Projects/fabric-under-pressure/rtl/axi_r_response_router.sv:241$135.$result[1:0]$733
    38/383: $2\data_for$func$/Users/Dilan/Projects/fabric-under-pressure/rtl/axi_r_response_router.sv:240$134.$result[63:0]$732
    39/383: $2\full_id_for$func$/Users/Dilan/Projects/fabric-under-pressure/rtl/axi_r_response_router.sv:239$133.$result[5:0]$731
    40/383: $8\admitted_last[2:0] [0]
    41/383: $8\admitted_resp[5:0] [1:0]
    42/383: $8\admitted_data[191:0] [63:0]
    43/383: $8\admitted_id[17:0] [5:0]
    44/383: $8\response_admit_fire[2:0] [0]
    45/383: $3\last_for$func$/Users/Dilan/Projects/fabric-under-pressure/rtl/axi_r_response_router.sv:242$136.$result[0:0]$746
    46/383: $2\manager_for$func$/Users/Dilan/Projects/fabric-under-pressure/rtl/axi_r_response_router.sv:228$128.$result[1:0]$726
    47/383: $1\last_for$func$/Users/Dilan/Projects/fabric-under-pressure/rtl/axi_r_response_router.sv:250$140.$result[0:0]$725
    48/383: $1\resp_for$func$/Users/Dilan/Projects/fabric-under-pressure/rtl/axi_r_response_router.sv:249$139.$result[1:0]$724
    49/383: $1\data_for$func$/Users/Dilan/Projects/fabric-under-pressure/rtl/axi_r_response_router.sv:248$138.$result[63:0]$723
    50/383: $1\full_id_for$func$/Users/Dilan/Projects/fabric-under-pressure/rtl/axi_r_response_router.sv:247$137.$result[5:0]$722
    51/383: $1\last_for$func$/Users/Dilan/Projects/fabric-under-pressure/rtl/axi_r_response_router.sv:242$136.$result[0:0]$721
    52/383: $1\resp_for$func$/Users/Dilan/Projects/fabric-under-pressure/rtl/axi_r_response_router.sv:241$135.$result[1:0]$720
    53/383: $1\data_for$func$/Users/Dilan/Projects/fabric-under-pressure/rtl/axi_r_response_router.sv:240$134.$result[63:0]$719
    54/383: $1\full_id_for$func$/Users/Dilan/Projects/fabric-under-pressure/rtl/axi_r_response_router.sv:239$133.$result[5:0]$718
    55/383: $1\last_for$func$/Users/Dilan/Projects/fabric-under-pressure/rtl/axi_r_response_router.sv:234$132.$result[0:0]$717
    56/383: $1\resp_for$func$/Users/Dilan/Projects/fabric-under-pressure/rtl/axi_r_response_router.sv:233$131.$result[1:0]$716
    57/383: $1\data_for$func$/Users/Dilan/Projects/fabric-under-pressure/rtl/axi_r_response_router.sv:232$130.$result[63:0]$715
    58/383: $1\full_id_for$func$/Users/Dilan/Projects/fabric-under-pressure/rtl/axi_r_response_router.sv:231$129.$result[5:0]$714
    59/383: $7\admitted_target[5:0]
    60/383: $7\admitted_last[2:0]
    61/383: $7\admitted_resp[5:0]
    62/383: $7\admitted_data[191:0]
    63/383: $7\admitted_id[17:0]
    64/383: $7\response_admit_fire[2:0]
    65/383: $1\manager_for$func$/Users/Dilan/Projects/fabric-under-pressure/rtl/axi_r_response_router.sv:228$128.$result[1:0]$713
    66/383: $6\admitted_target[5:0] [5:4]
    67/383: $3\resp_for$func$/Users/Dilan/Projects/fabric-under-pressure/rtl/axi_r_response_router.sv:249$126.$result[1:0]$711
    68/383: $3\data_for$func$/Users/Dilan/Projects/fabric-under-pressure/rtl/axi_r_response_router.sv:248$125.$result[63:0]$710
    69/383: $3\full_id_for$func$/Users/Dilan/Projects/fabric-under-pressure/rtl/axi_r_response_router.sv:247$124.$result[5:0]$709
    70/383: $6\admitted_target[5:0] [1:0]
    71/383: $3\resp_for$func$/Users/Dilan/Projects/fabric-under-pressure/rtl/axi_r_response_router.sv:241$122.$result[1:0]$707
    72/383: $3\data_for$func$/Users/Dilan/Projects/fabric-under-pressure/rtl/axi_r_response_router.sv:240$121.$result[63:0]$706
    73/383: $3\full_id_for$func$/Users/Dilan/Projects/fabric-under-pressure/rtl/axi_r_response_router.sv:239$120.$result[5:0]$705
    74/383: $6\admitted_target[5:0] [3:2]
    75/383: $6\admitted_last[2:0] [2]
    76/383: $6\admitted_resp[5:0] [5:4]
    77/383: $6\admitted_data[191:0] [191:128]
    78/383: $6\admitted_id[17:0] [17:12]
    79/383: $6\response_admit_fire[2:0] [2]
    80/383: $3\last_for$func$/Users/Dilan/Projects/fabric-under-pressure/rtl/axi_r_response_router.sv:250$127.$result[0:0]$712
    81/383: $3\resp_for$func$/Users/Dilan/Projects/fabric-under-pressure/rtl/axi_r_response_router.sv:233$118.$result[1:0]$703
    82/383: $3\data_for$func$/Users/Dilan/Projects/fabric-under-pressure/rtl/axi_r_response_router.sv:232$117.$result[63:0]$702
    83/383: $3\full_id_for$func$/Users/Dilan/Projects/fabric-under-pressure/rtl/axi_r_response_router.sv:231$116.$result[5:0]$701
    84/383: $6\admitted_last[2:0] [1]
    85/383: $6\admitted_resp[5:0] [3:2]
    86/383: $2\last_for$func$/Users/Dilan/Projects/fabric-under-pressure/rtl/axi_r_response_router.sv:234$119.$result[0:0]$692
    87/383: $6\admitted_data[191:0] [127:64]
    88/383: $2\resp_for$func$/Users/Dilan/Projects/fabric-under-pressure/rtl/axi_r_response_router.sv:233$118.$result[1:0]$691
    89/383: $6\admitted_id[17:0] [11:6]
    90/383: $2\data_for$func$/Users/Dilan/Projects/fabric-under-pressure/rtl/axi_r_response_router.sv:232$117.$result[63:0]$690
    91/383: $6\response_admit_fire[2:0] [1]
    92/383: $2\full_id_for$func$/Users/Dilan/Projects/fabric-under-pressure/rtl/axi_r_response_router.sv:231$116.$result[5:0]$689
    93/383: $3\last_for$func$/Users/Dilan/Projects/fabric-under-pressure/rtl/axi_r_response_router.sv:234$119.$result[0:0]$704
    94/383: $2\last_for$func$/Users/Dilan/Projects/fabric-under-pressure/rtl/axi_r_response_router.sv:250$127.$result[0:0]$700
    95/383: $2\resp_for$func$/Users/Dilan/Projects/fabric-under-pressure/rtl/axi_r_response_router.sv:249$126.$result[1:0]$699
    96/383: $2\data_for$func$/Users/Dilan/Projects/fabric-under-pressure/rtl/axi_r_response_router.sv:248$125.$result[63:0]$698
    97/383: $2\full_id_for$func$/Users/Dilan/Projects/fabric-under-pressure/rtl/axi_r_response_router.sv:247$124.$result[5:0]$697
    98/383: $2\last_for$func$/Users/Dilan/Projects/fabric-under-pressure/rtl/axi_r_response_router.sv:242$123.$result[0:0]$696
    99/383: $2\resp_for$func$/Users/Dilan/Projects/fabric-under-pressure/rtl/axi_r_response_router.sv:241$122.$result[1:0]$695
   100/383: $2\data_for$func$/Users/Dilan/Projects/fabric-under-pressure/rtl/axi_r_response_router.sv:240$121.$result[63:0]$694
   101/383: $2\full_id_for$func$/Users/Dilan/Projects/fabric-under-pressure/rtl/axi_r_response_router.sv:239$120.$result[5:0]$693
   102/383: $6\admitted_last[2:0] [0]
   103/383: $6\admitted_resp[5:0] [1:0]
   104/383: $6\admitted_data[191:0] [63:0]
   105/383: $6\admitted_id[17:0] [5:0]
   106/383: $6\response_admit_fire[2:0] [0]
   107/383: $3\last_for$func$/Users/Dilan/Projects/fabric-under-pressure/rtl/axi_r_response_router.sv:242$123.$result[0:0]$708
   108/383: $2\manager_for$func$/Users/Dilan/Projects/fabric-under-pressure/rtl/axi_r_response_router.sv:228$115.$result[1:0]$688
   109/383: $1\last_for$func$/Users/Dilan/Projects/fabric-under-pressure/rtl/axi_r_response_router.sv:250$127.$result[0:0]$687
   110/383: $1\resp_for$func$/Users/Dilan/Projects/fabric-under-pressure/rtl/axi_r_response_router.sv:249$126.$result[1:0]$686
   111/383: $1\data_for$func$/Users/Dilan/Projects/fabric-under-pressure/rtl/axi_r_response_router.sv:248$125.$result[63:0]$685
   112/383: $1\full_id_for$func$/Users/Dilan/Projects/fabric-under-pressure/rtl/axi_r_response_router.sv:247$124.$result[5:0]$684
   113/383: $1\last_for$func$/Users/Dilan/Projects/fabric-under-pressure/rtl/axi_r_response_router.sv:242$123.$result[0:0]$683
   114/383: $1\resp_for$func$/Users/Dilan/Projects/fabric-under-pressure/rtl/axi_r_response_router.sv:241$122.$result[1:0]$682
   115/383: $1\data_for$func$/Users/Dilan/Projects/fabric-under-pressure/rtl/axi_r_response_router.sv:240$121.$result[63:0]$681
   116/383: $1\full_id_for$func$/Users/Dilan/Projects/fabric-under-pressure/rtl/axi_r_response_router.sv:239$120.$result[5:0]$680
   117/383: $1\last_for$func$/Users/Dilan/Projects/fabric-under-pressure/rtl/axi_r_response_router.sv:234$119.$result[0:0]$679
   118/383: $1\resp_for$func$/Users/Dilan/Projects/fabric-under-pressure/rtl/axi_r_response_router.sv:233$118.$result[1:0]$678
   119/383: $1\data_for$func$/Users/Dilan/Projects/fabric-under-pressure/rtl/axi_r_response_router.sv:232$117.$result[63:0]$677
   120/383: $1\full_id_for$func$/Users/Dilan/Projects/fabric-under-pressure/rtl/axi_r_response_router.sv:231$116.$result[5:0]$676
   121/383: $5\admitted_target[5:0]
   122/383: $5\admitted_last[2:0]
   123/383: $5\admitted_resp[5:0]
   124/383: $5\admitted_data[191:0]
   125/383: $5\admitted_id[17:0]
   126/383: $5\response_admit_fire[2:0]
   127/383: $1\manager_for$func$/Users/Dilan/Projects/fabric-under-pressure/rtl/axi_r_response_router.sv:228$115.$result[1:0]$675
   128/383: $4\admitted_target[5:0] [5:4]
   129/383: $3\resp_for$func$/Users/Dilan/Projects/fabric-under-pressure/rtl/axi_r_response_router.sv:249$113.$result[1:0]$673
   130/383: $3\data_for$func$/Users/Dilan/Projects/fabric-under-pressure/rtl/axi_r_response_router.sv:248$112.$result[63:0]$672
   131/383: $3\full_id_for$func$/Users/Dilan/Projects/fabric-under-pressure/rtl/axi_r_response_router.sv:247$111.$result[5:0]$671
   132/383: $4\admitted_target[5:0] [1:0]
   133/383: $3\resp_for$func$/Users/Dilan/Projects/fabric-under-pressure/rtl/axi_r_response_router.sv:241$109.$result[1:0]$669
   134/383: $3\data_for$func$/Users/Dilan/Projects/fabric-under-pressure/rtl/axi_r_response_router.sv:240$108.$result[63:0]$668
   135/383: $3\full_id_for$func$/Users/Dilan/Projects/fabric-under-pressure/rtl/axi_r_response_router.sv:239$107.$result[5:0]$667
   136/383: $4\admitted_target[5:0] [3:2]
   137/383: $4\admitted_last[2:0] [2]
   138/383: $4\admitted_resp[5:0] [5:4]
   139/383: $4\admitted_data[191:0] [191:128]
   140/383: $4\admitted_id[17:0] [17:12]
   141/383: $4\response_admit_fire[2:0] [2]
   142/383: $3\last_for$func$/Users/Dilan/Projects/fabric-under-pressure/rtl/axi_r_response_router.sv:250$114.$result[0:0]$674
   143/383: $3\resp_for$func$/Users/Dilan/Projects/fabric-under-pressure/rtl/axi_r_response_router.sv:233$105.$result[1:0]$665
   144/383: $3\data_for$func$/Users/Dilan/Projects/fabric-under-pressure/rtl/axi_r_response_router.sv:232$104.$result[63:0]$664
   145/383: $3\full_id_for$func$/Users/Dilan/Projects/fabric-under-pressure/rtl/axi_r_response_router.sv:231$103.$result[5:0]$663
   146/383: $4\admitted_last[2:0] [1]
   147/383: $4\admitted_resp[5:0] [3:2]
   148/383: $2\last_for$func$/Users/Dilan/Projects/fabric-under-pressure/rtl/axi_r_response_router.sv:234$106.$result[0:0]$654
   149/383: $4\admitted_data[191:0] [127:64]
   150/383: $2\resp_for$func$/Users/Dilan/Projects/fabric-under-pressure/rtl/axi_r_response_router.sv:233$105.$result[1:0]$653
   151/383: $4\admitted_id[17:0] [11:6]
   152/383: $2\data_for$func$/Users/Dilan/Projects/fabric-under-pressure/rtl/axi_r_response_router.sv:232$104.$result[63:0]$652
   153/383: $4\response_admit_fire[2:0] [1]
   154/383: $2\full_id_for$func$/Users/Dilan/Projects/fabric-under-pressure/rtl/axi_r_response_router.sv:231$103.$result[5:0]$651
   155/383: $3\last_for$func$/Users/Dilan/Projects/fabric-under-pressure/rtl/axi_r_response_router.sv:234$106.$result[0:0]$666
   156/383: $2\last_for$func$/Users/Dilan/Projects/fabric-under-pressure/rtl/axi_r_response_router.sv:250$114.$result[0:0]$662
   157/383: $2\resp_for$func$/Users/Dilan/Projects/fabric-under-pressure/rtl/axi_r_response_router.sv:249$113.$result[1:0]$661
   158/383: $2\data_for$func$/Users/Dilan/Projects/fabric-under-pressure/rtl/axi_r_response_router.sv:248$112.$result[63:0]$660
   159/383: $2\full_id_for$func$/Users/Dilan/Projects/fabric-under-pressure/rtl/axi_r_response_router.sv:247$111.$result[5:0]$659
   160/383: $2\last_for$func$/Users/Dilan/Projects/fabric-under-pressure/rtl/axi_r_response_router.sv:242$110.$result[0:0]$658
   161/383: $2\resp_for$func$/Users/Dilan/Projects/fabric-under-pressure/rtl/axi_r_response_router.sv:241$109.$result[1:0]$657
   162/383: $2\data_for$func$/Users/Dilan/Projects/fabric-under-pressure/rtl/axi_r_response_router.sv:240$108.$result[63:0]$656
   163/383: $2\full_id_for$func$/Users/Dilan/Projects/fabric-under-pressure/rtl/axi_r_response_router.sv:239$107.$result[5:0]$655
   164/383: $4\admitted_last[2:0] [0]
   165/383: $4\admitted_resp[5:0] [1:0]
   166/383: $4\admitted_data[191:0] [63:0]
   167/383: $4\admitted_id[17:0] [5:0]
   168/383: $4\response_admit_fire[2:0] [0]
   169/383: $3\last_for$func$/Users/Dilan/Projects/fabric-under-pressure/rtl/axi_r_response_router.sv:242$110.$result[0:0]$670
   170/383: $2\manager_for$func$/Users/Dilan/Projects/fabric-under-pressure/rtl/axi_r_response_router.sv:228$102.$result[1:0]$650
   171/383: $1\last_for$func$/Users/Dilan/Projects/fabric-under-pressure/rtl/axi_r_response_router.sv:250$114.$result[0:0]$649
   172/383: $1\resp_for$func$/Users/Dilan/Projects/fabric-under-pressure/rtl/axi_r_response_router.sv:249$113.$result[1:0]$648
   173/383: $1\data_for$func$/Users/Dilan/Projects/fabric-under-pressure/rtl/axi_r_response_router.sv:248$112.$result[63:0]$647
   174/383: $1\full_id_for$func$/Users/Dilan/Projects/fabric-under-pressure/rtl/axi_r_response_router.sv:247$111.$result[5:0]$646
   175/383: $1\last_for$func$/Users/Dilan/Projects/fabric-under-pressure/rtl/axi_r_response_router.sv:242$110.$result[0:0]$645
   176/383: $1\resp_for$func$/Users/Dilan/Projects/fabric-under-pressure/rtl/axi_r_response_router.sv:241$109.$result[1:0]$644
   177/383: $1\data_for$func$/Users/Dilan/Projects/fabric-under-pressure/rtl/axi_r_response_router.sv:240$108.$result[63:0]$643
   178/383: $1\full_id_for$func$/Users/Dilan/Projects/fabric-under-pressure/rtl/axi_r_response_router.sv:239$107.$result[5:0]$642
   179/383: $1\last_for$func$/Users/Dilan/Projects/fabric-under-pressure/rtl/axi_r_response_router.sv:234$106.$result[0:0]$641
   180/383: $1\resp_for$func$/Users/Dilan/Projects/fabric-under-pressure/rtl/axi_r_response_router.sv:233$105.$result[1:0]$640
   181/383: $1\data_for$func$/Users/Dilan/Projects/fabric-under-pressure/rtl/axi_r_response_router.sv:232$104.$result[63:0]$639
   182/383: $1\full_id_for$func$/Users/Dilan/Projects/fabric-under-pressure/rtl/axi_r_response_router.sv:231$103.$result[5:0]$638
   183/383: $3\admitted_target[5:0]
   184/383: $3\admitted_last[2:0]
   185/383: $3\admitted_resp[5:0]
   186/383: $3\admitted_data[191:0]
   187/383: $3\admitted_id[17:0]
   188/383: $3\response_admit_fire[2:0]
   189/383: $1\manager_for$func$/Users/Dilan/Projects/fabric-under-pressure/rtl/axi_r_response_router.sv:228$102.$result[1:0]$637
   190/383: $2\admitted_target[5:0] [5:4]
   191/383: $3\resp_for$func$/Users/Dilan/Projects/fabric-under-pressure/rtl/axi_r_response_router.sv:249$100.$result[1:0]$635
   192/383: $3\data_for$func$/Users/Dilan/Projects/fabric-under-pressure/rtl/axi_r_response_router.sv:248$99.$result[63:0]$634
   193/383: $3\full_id_for$func$/Users/Dilan/Projects/fabric-under-pressure/rtl/axi_r_response_router.sv:247$98.$result[5:0]$633
   194/383: $2\admitted_target[5:0] [1:0]
   195/383: $3\resp_for$func$/Users/Dilan/Projects/fabric-under-pressure/rtl/axi_r_response_router.sv:241$96.$result[1:0]$631
   196/383: $3\data_for$func$/Users/Dilan/Projects/fabric-under-pressure/rtl/axi_r_response_router.sv:240$95.$result[63:0]$630
   197/383: $3\full_id_for$func$/Users/Dilan/Projects/fabric-under-pressure/rtl/axi_r_response_router.sv:239$94.$result[5:0]$629
   198/383: $2\admitted_target[5:0] [3:2]
   199/383: $2\admitted_last[2:0] [2]
   200/383: $2\admitted_resp[5:0] [5:4]
   201/383: $2\admitted_data[191:0] [191:128]
   202/383: $2\admitted_id[17:0] [17:12]
   203/383: $2\response_admit_fire[2:0] [2]
   204/383: $3\last_for$func$/Users/Dilan/Projects/fabric-under-pressure/rtl/axi_r_response_router.sv:250$101.$result[0:0]$636
   205/383: $3\resp_for$func$/Users/Dilan/Projects/fabric-under-pressure/rtl/axi_r_response_router.sv:233$92.$result[1:0]$627
   206/383: $3\data_for$func$/Users/Dilan/Projects/fabric-under-pressure/rtl/axi_r_response_router.sv:232$91.$result[63:0]$626
   207/383: $3\full_id_for$func$/Users/Dilan/Projects/fabric-under-pressure/rtl/axi_r_response_router.sv:231$90.$result[5:0]$625
   208/383: $2\admitted_last[2:0] [1]
   209/383: $2\admitted_resp[5:0] [3:2]
   210/383: $2\last_for$func$/Users/Dilan/Projects/fabric-under-pressure/rtl/axi_r_response_router.sv:234$93.$result[0:0]$616
   211/383: $2\admitted_data[191:0] [127:64]
   212/383: $2\resp_for$func$/Users/Dilan/Projects/fabric-under-pressure/rtl/axi_r_response_router.sv:233$92.$result[1:0]$615
   213/383: $2\admitted_id[17:0] [11:6]
   214/383: $2\data_for$func$/Users/Dilan/Projects/fabric-under-pressure/rtl/axi_r_response_router.sv:232$91.$result[63:0]$614
   215/383: $2\response_admit_fire[2:0] [1]
   216/383: $2\full_id_for$func$/Users/Dilan/Projects/fabric-under-pressure/rtl/axi_r_response_router.sv:231$90.$result[5:0]$613
   217/383: $3\last_for$func$/Users/Dilan/Projects/fabric-under-pressure/rtl/axi_r_response_router.sv:234$93.$result[0:0]$628
   218/383: $2\last_for$func$/Users/Dilan/Projects/fabric-under-pressure/rtl/axi_r_response_router.sv:250$101.$result[0:0]$624
   219/383: $2\resp_for$func$/Users/Dilan/Projects/fabric-under-pressure/rtl/axi_r_response_router.sv:249$100.$result[1:0]$623
   220/383: $2\data_for$func$/Users/Dilan/Projects/fabric-under-pressure/rtl/axi_r_response_router.sv:248$99.$result[63:0]$622
   221/383: $2\full_id_for$func$/Users/Dilan/Projects/fabric-under-pressure/rtl/axi_r_response_router.sv:247$98.$result[5:0]$621
   222/383: $2\last_for$func$/Users/Dilan/Projects/fabric-under-pressure/rtl/axi_r_response_router.sv:242$97.$result[0:0]$620
   223/383: $2\resp_for$func$/Users/Dilan/Projects/fabric-under-pressure/rtl/axi_r_response_router.sv:241$96.$result[1:0]$619
   224/383: $2\data_for$func$/Users/Dilan/Projects/fabric-under-pressure/rtl/axi_r_response_router.sv:240$95.$result[63:0]$618
   225/383: $2\full_id_for$func$/Users/Dilan/Projects/fabric-under-pressure/rtl/axi_r_response_router.sv:239$94.$result[5:0]$617
   226/383: $2\admitted_last[2:0] [0]
   227/383: $2\admitted_resp[5:0] [1:0]
   228/383: $2\admitted_data[191:0] [63:0]
   229/383: $2\admitted_id[17:0] [5:0]
   230/383: $2\response_admit_fire[2:0] [0]
   231/383: $3\last_for$func$/Users/Dilan/Projects/fabric-under-pressure/rtl/axi_r_response_router.sv:242$97.$result[0:0]$632
   232/383: $2\manager_for$func$/Users/Dilan/Projects/fabric-under-pressure/rtl/axi_r_response_router.sv:228$89.$result[1:0]$612
   233/383: $1\last_for$func$/Users/Dilan/Projects/fabric-under-pressure/rtl/axi_r_response_router.sv:250$101.$result[0:0]$611
   234/383: $1\resp_for$func$/Users/Dilan/Projects/fabric-under-pressure/rtl/axi_r_response_router.sv:249$100.$result[1:0]$610
   235/383: $1\data_for$func$/Users/Dilan/Projects/fabric-under-pressure/rtl/axi_r_response_router.sv:248$99.$result[63:0]$609
   236/383: $1\full_id_for$func$/Users/Dilan/Projects/fabric-under-pressure/rtl/axi_r_response_router.sv:247$98.$result[5:0]$608
   237/383: $1\last_for$func$/Users/Dilan/Projects/fabric-under-pressure/rtl/axi_r_response_router.sv:242$97.$result[0:0]$607
   238/383: $1\resp_for$func$/Users/Dilan/Projects/fabric-under-pressure/rtl/axi_r_response_router.sv:241$96.$result[1:0]$606
   239/383: $1\data_for$func$/Users/Dilan/Projects/fabric-under-pressure/rtl/axi_r_response_router.sv:240$95.$result[63:0]$605
   240/383: $1\full_id_for$func$/Users/Dilan/Projects/fabric-under-pressure/rtl/axi_r_response_router.sv:239$94.$result[5:0]$604
   241/383: $1\last_for$func$/Users/Dilan/Projects/fabric-under-pressure/rtl/axi_r_response_router.sv:234$93.$result[0:0]$603
   242/383: $1\resp_for$func$/Users/Dilan/Projects/fabric-under-pressure/rtl/axi_r_response_router.sv:233$92.$result[1:0]$602
   243/383: $1\data_for$func$/Users/Dilan/Projects/fabric-under-pressure/rtl/axi_r_response_router.sv:232$91.$result[63:0]$601
   244/383: $1\full_id_for$func$/Users/Dilan/Projects/fabric-under-pressure/rtl/axi_r_response_router.sv:231$90.$result[5:0]$600
   245/383: $1\admitted_target[5:0]
   246/383: $1\admitted_last[2:0]
   247/383: $1\admitted_resp[5:0]
   248/383: $1\admitted_data[191:0]
   249/383: $1\admitted_id[17:0]
   250/383: $1\response_admit_fire[2:0]
   251/383: $1\manager_for$func$/Users/Dilan/Projects/fabric-under-pressure/rtl/axi_r_response_router.sv:228$89.$result[1:0]$599
   252/383: $29\target_rready[3:0] [3]
   253/383: $3\manager_for$func$/Users/Dilan/Projects/fabric-under-pressure/rtl/axi_r_response_router.sv:214$88.$result[1:0]$595
   254/383: $32\target_rready[2:2]
   255/383: $3\manager_for$func$/Users/Dilan/Projects/fabric-under-pressure/rtl/axi_r_response_router.sv:214$87.$result[1:0]$592
   256/383: $31\target_rready[1:1]
   257/383: $3\manager_for$func$/Users/Dilan/Projects/fabric-under-pressure/rtl/axi_r_response_router.sv:214$86.$result[1:0]$589
   258/383: $30\target_rready[0:0]
   259/383: $3\manager_for$func$/Users/Dilan/Projects/fabric-under-pressure/rtl/axi_r_response_router.sv:214$85.$result[1:0]$586
   260/383: $9\route_t[31:0]
   261/383: $29\target_rready[3:0] [2]
   262/383: $2\manager_for$func$/Users/Dilan/Projects/fabric-under-pressure/rtl/axi_r_response_router.sv:214$88.$result[1:0]$585
   263/383: $29\target_rready[3:0] [1]
   264/383: $2\manager_for$func$/Users/Dilan/Projects/fabric-under-pressure/rtl/axi_r_response_router.sv:214$87.$result[1:0]$584
   265/383: $29\target_rready[3:0] [0]
   266/383: $2\manager_for$func$/Users/Dilan/Projects/fabric-under-pressure/rtl/axi_r_response_router.sv:214$86.$result[1:0]$583
   267/383: $33\target_rready[3:3]
   268/383: $2\manager_for$func$/Users/Dilan/Projects/fabric-under-pressure/rtl/axi_r_response_router.sv:214$85.$result[1:0]$582
   269/383: $24\target_rready[3:0] [3]
   270/383: $3\full_id_for$func$/Users/Dilan/Projects/fabric-under-pressure/rtl/axi_r_response_router.sv:207$84.$result[5:0]$576
   271/383: $27\target_rready[2:2]
   272/383: $3\full_id_for$func$/Users/Dilan/Projects/fabric-under-pressure/rtl/axi_r_response_router.sv:207$83.$result[5:0]$571
   273/383: $26\target_rready[1:1]
   274/383: $3\full_id_for$func$/Users/Dilan/Projects/fabric-under-pressure/rtl/axi_r_response_router.sv:207$82.$result[5:0]$566
   275/383: $25\target_rready[0:0]
   276/383: $3\full_id_for$func$/Users/Dilan/Projects/fabric-under-pressure/rtl/axi_r_response_router.sv:207$81.$result[5:0]$561
   277/383: $8\route_t[31:0]
   278/383: $24\target_rready[3:0] [2]
   279/383: $2\full_id_for$func$/Users/Dilan/Projects/fabric-under-pressure/rtl/axi_r_response_router.sv:207$84.$result[5:0]$560
   280/383: $24\target_rready[3:0] [1]
   281/383: $2\full_id_for$func$/Users/Dilan/Projects/fabric-under-pressure/rtl/axi_r_response_router.sv:207$83.$result[5:0]$559
   282/383: $24\target_rready[3:0] [0]
   283/383: $2\full_id_for$func$/Users/Dilan/Projects/fabric-under-pressure/rtl/axi_r_response_router.sv:207$82.$result[5:0]$558
   284/383: $28\target_rready[3:3]
   285/383: $2\full_id_for$func$/Users/Dilan/Projects/fabric-under-pressure/rtl/axi_r_response_router.sv:207$81.$result[5:0]$557
   286/383: $1\full_id_for$func$/Users/Dilan/Projects/fabric-under-pressure/rtl/axi_r_response_router.sv:207$84.$result[5:0]$552
   287/383: $1\full_id_for$func$/Users/Dilan/Projects/fabric-under-pressure/rtl/axi_r_response_router.sv:207$83.$result[5:0]$551
   288/383: $1\full_id_for$func$/Users/Dilan/Projects/fabric-under-pressure/rtl/axi_r_response_router.sv:207$82.$result[5:0]$550
   289/383: $1\full_id_for$func$/Users/Dilan/Projects/fabric-under-pressure/rtl/axi_r_response_router.sv:207$81.$result[5:0]$549
   290/383: $7\route_t[31:0]
   291/383: $23\target_rready[3:0]
   292/383: $1\manager_for$func$/Users/Dilan/Projects/fabric-under-pressure/rtl/axi_r_response_router.sv:214$88.$result[1:0]$556
   293/383: $1\manager_for$func$/Users/Dilan/Projects/fabric-under-pressure/rtl/axi_r_response_router.sv:214$87.$result[1:0]$555
   294/383: $1\manager_for$func$/Users/Dilan/Projects/fabric-under-pressure/rtl/axi_r_response_router.sv:214$86.$result[1:0]$554
   295/383: $1\manager_for$func$/Users/Dilan/Projects/fabric-under-pressure/rtl/axi_r_response_router.sv:214$85.$result[1:0]$553
   296/383: $18\target_rready[3:0] [3]
   297/383: $3\manager_for$func$/Users/Dilan/Projects/fabric-under-pressure/rtl/axi_r_response_router.sv:214$80.$result[1:0]$546
   298/383: $21\target_rready[2:2]
   299/383: $3\manager_for$func$/Users/Dilan/Projects/fabric-under-pressure/rtl/axi_r_response_router.sv:214$79.$result[1:0]$543
   300/383: $20\target_rready[1:1]
   301/383: $3\manager_for$func$/Users/Dilan/Projects/fabric-under-pressure/rtl/axi_r_response_router.sv:214$78.$result[1:0]$540
   302/383: $19\target_rready[0:0]
   303/383: $3\manager_for$func$/Users/Dilan/Projects/fabric-under-pressure/rtl/axi_r_response_router.sv:214$77.$result[1:0]$537
   304/383: $6\route_t[31:0]
   305/383: $18\target_rready[3:0] [2]
   306/383: $2\manager_for$func$/Users/Dilan/Projects/fabric-under-pressure/rtl/axi_r_response_router.sv:214$80.$result[1:0]$536
   307/383: $18\target_rready[3:0] [1]
   308/383: $2\manager_for$func$/Users/Dilan/Projects/fabric-under-pressure/rtl/axi_r_response_router.sv:214$79.$result[1:0]$535
   309/383: $18\target_rready[3:0] [0]
   310/383: $2\manager_for$func$/Users/Dilan/Projects/fabric-under-pressure/rtl/axi_r_response_router.sv:214$78.$result[1:0]$534
   311/383: $22\target_rready[3:3]
   312/383: $2\manager_for$func$/Users/Dilan/Projects/fabric-under-pressure/rtl/axi_r_response_router.sv:214$77.$result[1:0]$533
   313/383: $13\target_rready[3:0] [3]
   314/383: $3\full_id_for$func$/Users/Dilan/Projects/fabric-under-pressure/rtl/axi_r_response_router.sv:207$76.$result[5:0]$527
   315/383: $16\target_rready[2:2]
   316/383: $3\full_id_for$func$/Users/Dilan/Projects/fabric-under-pressure/rtl/axi_r_response_router.sv:207$75.$result[5:0]$522
   317/383: $15\target_rready[1:1]
   318/383: $3\full_id_for$func$/Users/Dilan/Projects/fabric-under-pressure/rtl/axi_r_response_router.sv:207$74.$result[5:0]$517
   319/383: $14\target_rready[0:0]
   320/383: $3\full_id_for$func$/Users/Dilan/Projects/fabric-under-pressure/rtl/axi_r_response_router.sv:207$73.$result[5:0]$512
   321/383: $5\route_t[31:0]
   322/383: $13\target_rready[3:0] [2]
   323/383: $2\full_id_for$func$/Users/Dilan/Projects/fabric-under-pressure/rtl/axi_r_response_router.sv:207$76.$result[5:0]$511
   324/383: $13\target_rready[3:0] [1]
   325/383: $2\full_id_for$func$/Users/Dilan/Projects/fabric-under-pressure/rtl/axi_r_response_router.sv:207$75.$result[5:0]$510
   326/383: $13\target_rready[3:0] [0]
   327/383: $2\full_id_for$func$/Users/Dilan/Projects/fabric-under-pressure/rtl/axi_r_response_router.sv:207$74.$result[5:0]$509
   328/383: $17\target_rready[3:3]
   329/383: $2\full_id_for$func$/Users/Dilan/Projects/fabric-under-pressure/rtl/axi_r_response_router.sv:207$73.$result[5:0]$508
   330/383: $1\full_id_for$func$/Users/Dilan/Projects/fabric-under-pressure/rtl/axi_r_response_router.sv:207$76.$result[5:0]$503
   331/383: $1\full_id_for$func$/Users/Dilan/Projects/fabric-under-pressure/rtl/axi_r_response_router.sv:207$75.$result[5:0]$502
   332/383: $1\full_id_for$func$/Users/Dilan/Projects/fabric-under-pressure/rtl/axi_r_response_router.sv:207$74.$result[5:0]$501
   333/383: $1\full_id_for$func$/Users/Dilan/Projects/fabric-under-pressure/rtl/axi_r_response_router.sv:207$73.$result[5:0]$500
   334/383: $4\route_t[31:0]
   335/383: $12\target_rready[3:0]
   336/383: $1\manager_for$func$/Users/Dilan/Projects/fabric-under-pressure/rtl/axi_r_response_router.sv:214$80.$result[1:0]$507
   337/383: $1\manager_for$func$/Users/Dilan/Projects/fabric-under-pressure/rtl/axi_r_response_router.sv:214$79.$result[1:0]$506
   338/383: $1\manager_for$func$/Users/Dilan/Projects/fabric-under-pressure/rtl/axi_r_response_router.sv:214$78.$result[1:0]$505
   339/383: $1\manager_for$func$/Users/Dilan/Projects/fabric-under-pressure/rtl/axi_r_response_router.sv:214$77.$result[1:0]$504
   340/383: $7\target_rready[3:0] [3]
   341/383: $3\manager_for$func$/Users/Dilan/Projects/fabric-under-pressure/rtl/axi_r_response_router.sv:214$72.$result[1:0]$497
   342/383: $10\target_rready[2:2]
   343/383: $3\manager_for$func$/Users/Dilan/Projects/fabric-under-pressure/rtl/axi_r_response_router.sv:214$71.$result[1:0]$494
   344/383: $9\target_rready[1:1]
   345/383: $3\manager_for$func$/Users/Dilan/Projects/fabric-under-pressure/rtl/axi_r_response_router.sv:214$70.$result[1:0]$491
   346/383: $8\target_rready[0:0]
   347/383: $3\manager_for$func$/Users/Dilan/Projects/fabric-under-pressure/rtl/axi_r_response_router.sv:214$69.$result[1:0]$488
   348/383: $3\route_t[31:0]
   349/383: $7\target_rready[3:0] [2]
   350/383: $2\manager_for$func$/Users/Dilan/Projects/fabric-under-pressure/rtl/axi_r_response_router.sv:214$72.$result[1:0]$487
   351/383: $7\target_rready[3:0] [1]
   352/383: $2\manager_for$func$/Users/Dilan/Projects/fabric-under-pressure/rtl/axi_r_response_router.sv:214$71.$result[1:0]$486
   353/383: $7\target_rready[3:0] [0]
   354/383: $2\manager_for$func$/Users/Dilan/Projects/fabric-under-pressure/rtl/axi_r_response_router.sv:214$70.$result[1:0]$485
   355/383: $11\target_rready[3:3]
   356/383: $2\manager_for$func$/Users/Dilan/Projects/fabric-under-pressure/rtl/axi_r_response_router.sv:214$69.$result[1:0]$484
   357/383: $2\target_rready[3:0] [3]
   358/383: $3\full_id_for$func$/Users/Dilan/Projects/fabric-under-pressure/rtl/axi_r_response_router.sv:207$68.$result[5:0]$478
   359/383: $5\target_rready[2:2]
   360/383: $3\full_id_for$func$/Users/Dilan/Projects/fabric-under-pressure/rtl/axi_r_response_router.sv:207$67.$result[5:0]$473
   361/383: $4\target_rready[1:1]
   362/383: $3\full_id_for$func$/Users/Dilan/Projects/fabric-under-pressure/rtl/axi_r_response_router.sv:207$66.$result[5:0]$468
   363/383: $3\target_rready[0:0]
   364/383: $3\full_id_for$func$/Users/Dilan/Projects/fabric-under-pressure/rtl/axi_r_response_router.sv:207$65.$result[5:0]$463
   365/383: $2\route_t[31:0]
   366/383: $2\target_rready[3:0] [2]
   367/383: $2\full_id_for$func$/Users/Dilan/Projects/fabric-under-pressure/rtl/axi_r_response_router.sv:207$68.$result[5:0]$462
   368/383: $2\target_rready[3:0] [1]
   369/383: $2\full_id_for$func$/Users/Dilan/Projects/fabric-under-pressure/rtl/axi_r_response_router.sv:207$67.$result[5:0]$461
   370/383: $2\target_rready[3:0] [0]
   371/383: $2\full_id_for$func$/Users/Dilan/Projects/fabric-under-pressure/rtl/axi_r_response_router.sv:207$66.$result[5:0]$460
   372/383: $6\target_rready[3:3]
   373/383: $2\full_id_for$func$/Users/Dilan/Projects/fabric-under-pressure/rtl/axi_r_response_router.sv:207$65.$result[5:0]$459
   374/383: $1\full_id_for$func$/Users/Dilan/Projects/fabric-under-pressure/rtl/axi_r_response_router.sv:207$68.$result[5:0]$454
   375/383: $1\full_id_for$func$/Users/Dilan/Projects/fabric-under-pressure/rtl/axi_r_response_router.sv:207$67.$result[5:0]$453
   376/383: $1\full_id_for$func$/Users/Dilan/Projects/fabric-under-pressure/rtl/axi_r_response_router.sv:207$66.$result[5:0]$452
   377/383: $1\full_id_for$func$/Users/Dilan/Projects/fabric-under-pressure/rtl/axi_r_response_router.sv:207$65.$result[5:0]$451
   378/383: $1\route_t[31:0]
   379/383: $1\target_rready[3:0]
   380/383: $1\manager_for$func$/Users/Dilan/Projects/fabric-under-pressure/rtl/axi_r_response_router.sv:214$72.$result[1:0]$458
   381/383: $1\manager_for$func$/Users/Dilan/Projects/fabric-under-pressure/rtl/axi_r_response_router.sv:214$71.$result[1:0]$457
   382/383: $1\manager_for$func$/Users/Dilan/Projects/fabric-under-pressure/rtl/axi_r_response_router.sv:214$70.$result[1:0]$456
   383/383: $1\manager_for$func$/Users/Dilan/Projects/fabric-under-pressure/rtl/axi_r_response_router.sv:214$69.$result[1:0]$455
Creating decoders for process `\axi_r_response_router.$proc$/Users/Dilan/Projects/fabric-under-pressure/rtl/axi_r_response_router.sv:138$141'.
     1/207: $11\locked_rid_violation[3:0] [3]
     2/207: $2\full_id_for$func$/Users/Dilan/Projects/fabric-under-pressure/rtl/axi_r_response_router.sv:174$64.$result[5:0]$349
     3/207: $14\locked_rid_violation[2:2]
     4/207: $2\full_id_for$func$/Users/Dilan/Projects/fabric-under-pressure/rtl/axi_r_response_router.sv:174$63.$result[5:0]$344
     5/207: $13\locked_rid_violation[1:1]
     6/207: $2\full_id_for$func$/Users/Dilan/Projects/fabric-under-pressure/rtl/axi_r_response_router.sv:174$62.$result[5:0]$339
     7/207: $12\locked_rid_violation[0:0]
     8/207: $2\full_id_for$func$/Users/Dilan/Projects/fabric-under-pressure/rtl/axi_r_response_router.sv:174$61.$result[5:0]$334
     9/207: $3\lock_t[31:0]
    10/207: $11\locked_rid_violation[3:0] [2]
    11/207: $1\full_id_for$func$/Users/Dilan/Projects/fabric-under-pressure/rtl/axi_r_response_router.sv:174$64.$result[5:0]$333
    12/207: $11\locked_rid_violation[3:0] [1]
    13/207: $1\full_id_for$func$/Users/Dilan/Projects/fabric-under-pressure/rtl/axi_r_response_router.sv:174$63.$result[5:0]$332
    14/207: $11\locked_rid_violation[3:0] [0]
    15/207: $1\full_id_for$func$/Users/Dilan/Projects/fabric-under-pressure/rtl/axi_r_response_router.sv:174$62.$result[5:0]$331
    16/207: $15\locked_rid_violation[3:3]
    17/207: $1\full_id_for$func$/Users/Dilan/Projects/fabric-under-pressure/rtl/axi_r_response_router.sv:174$61.$result[5:0]$330
    18/207: $6\locked_rid_violation[3:0] [3]
    19/207: $2\full_id_for$func$/Users/Dilan/Projects/fabric-under-pressure/rtl/axi_r_response_router.sv:174$60.$result[5:0]$325
    20/207: $9\locked_rid_violation[2:2]
    21/207: $2\full_id_for$func$/Users/Dilan/Projects/fabric-under-pressure/rtl/axi_r_response_router.sv:174$59.$result[5:0]$320
    22/207: $8\locked_rid_violation[1:1]
    23/207: $2\full_id_for$func$/Users/Dilan/Projects/fabric-under-pressure/rtl/axi_r_response_router.sv:174$58.$result[5:0]$315
    24/207: $7\locked_rid_violation[0:0]
    25/207: $2\full_id_for$func$/Users/Dilan/Projects/fabric-under-pressure/rtl/axi_r_response_router.sv:174$57.$result[5:0]$310
    26/207: $2\lock_t[31:0]
    27/207: $6\locked_rid_violation[3:0] [2]
    28/207: $1\full_id_for$func$/Users/Dilan/Projects/fabric-under-pressure/rtl/axi_r_response_router.sv:174$60.$result[5:0]$309
    29/207: $6\locked_rid_violation[3:0] [1]
    30/207: $1\full_id_for$func$/Users/Dilan/Projects/fabric-under-pressure/rtl/axi_r_response_router.sv:174$59.$result[5:0]$308
    31/207: $6\locked_rid_violation[3:0] [0]
    32/207: $1\full_id_for$func$/Users/Dilan/Projects/fabric-under-pressure/rtl/axi_r_response_router.sv:174$58.$result[5:0]$307
    33/207: $10\locked_rid_violation[3:3]
    34/207: $1\full_id_for$func$/Users/Dilan/Projects/fabric-under-pressure/rtl/axi_r_response_router.sv:174$57.$result[5:0]$306
    35/207: $1\locked_rid_violation[3:0] [3]
    36/207: $2\full_id_for$func$/Users/Dilan/Projects/fabric-under-pressure/rtl/axi_r_response_router.sv:174$56.$result[5:0]$301
    37/207: $4\locked_rid_violation[2:2]
    38/207: $2\full_id_for$func$/Users/Dilan/Projects/fabric-under-pressure/rtl/axi_r_response_router.sv:174$55.$result[5:0]$296
    39/207: $3\locked_rid_violation[1:1]
    40/207: $2\full_id_for$func$/Users/Dilan/Projects/fabric-under-pressure/rtl/axi_r_response_router.sv:174$54.$result[5:0]$291
    41/207: $2\locked_rid_violation[0:0]
    42/207: $2\full_id_for$func$/Users/Dilan/Projects/fabric-under-pressure/rtl/axi_r_response_router.sv:174$53.$result[5:0]$286
    43/207: $1\lock_t[31:0]
    44/207: $1\locked_rid_violation[3:0] [2]
    45/207: $1\full_id_for$func$/Users/Dilan/Projects/fabric-under-pressure/rtl/axi_r_response_router.sv:174$56.$result[5:0]$285
    46/207: $1\locked_rid_violation[3:0] [1]
    47/207: $1\full_id_for$func$/Users/Dilan/Projects/fabric-under-pressure/rtl/axi_r_response_router.sv:174$55.$result[5:0]$284
    48/207: $1\locked_rid_violation[3:0] [0]
    49/207: $1\full_id_for$func$/Users/Dilan/Projects/fabric-under-pressure/rtl/axi_r_response_router.sv:174$54.$result[5:0]$283
    50/207: $5\locked_rid_violation[3:3]
    51/207: $1\full_id_for$func$/Users/Dilan/Projects/fabric-under-pressure/rtl/axi_r_response_router.sv:174$53.$result[5:0]$282
    52/207: $46\raw_candidate_request[3:3]
    53/207: $48\raw_candidate_request[11:11]
    54/207: $47\raw_candidate_request[7:7]
    55/207: $4\manager_for$func$/Users/Dilan/Projects/fabric-under-pressure/rtl/axi_r_response_router.sv:154$52.$result[1:0]$281
    56/207: $45\raw_candidate_request[11:11]
    57/207: $44\raw_candidate_request[7:7]
    58/207: $43\raw_candidate_request[3:3]
    59/207: $3\manager_for$func$/Users/Dilan/Projects/fabric-under-pressure/rtl/axi_r_response_router.sv:154$52.$result[1:0]$280
    60/207: $12\validated_response[3:3]
    61/207: $12\nonbusy_id_violation[3:3]
    62/207: $3\busy_for$func$/Users/Dilan/Projects/fabric-under-pressure/rtl/axi_r_response_router.sv:152$51.$result[0:0]$273
    63/207: $3\id_for$func$/Users/Dilan/Projects/fabric-under-pressure/rtl/axi_r_response_router.sv:152$50.$result[3:0]$272
    64/207: $3\manager_for$func$/Users/Dilan/Projects/fabric-under-pressure/rtl/axi_r_response_router.sv:152$49.$result[1:0]$271
    65/207: $2\manager_for$func$/Users/Dilan/Projects/fabric-under-pressure/rtl/axi_r_response_router.sv:154$52.$result[1:0]$270
    66/207: $11\validated_response[3:3]
    67/207: $42\raw_candidate_request[11:11]
    68/207: $41\raw_candidate_request[7:7]
    69/207: $40\raw_candidate_request[3:3]
    70/207: $11\nonbusy_id_violation[3:3]
    71/207: $2\busy_for$func$/Users/Dilan/Projects/fabric-under-pressure/rtl/axi_r_response_router.sv:152$51.$result[0:0]$267
    72/207: $2\busy_for$func$/Users/Dilan/Projects/fabric-under-pressure/rtl/axi_r_response_router.sv:152$51.id[3:0]$269
    73/207: $2\busy_for$func$/Users/Dilan/Projects/fabric-under-pressure/rtl/axi_r_response_router.sv:152$51.manager_index[1:0]$268
    74/207: $2\id_for$func$/Users/Dilan/Projects/fabric-under-pressure/rtl/axi_r_response_router.sv:152$50.$result[3:0]$266
    75/207: $2\manager_for$func$/Users/Dilan/Projects/fabric-under-pressure/rtl/axi_r_response_router.sv:152$49.$result[1:0]$265
    76/207: $8\invalid_manager_violation[3:3]
    77/207: $2\manager_for$func$/Users/Dilan/Projects/fabric-under-pressure/rtl/axi_r_response_router.sv:150$48.$result[1:0]$264
    78/207: $1\manager_for$func$/Users/Dilan/Projects/fabric-under-pressure/rtl/axi_r_response_router.sv:154$52.$result[1:0]$263
    79/207: $1\busy_for$func$/Users/Dilan/Projects/fabric-under-pressure/rtl/axi_r_response_router.sv:152$51.id[3:0]$262
    80/207: $1\busy_for$func$/Users/Dilan/Projects/fabric-under-pressure/rtl/axi_r_response_router.sv:152$51.manager_index[1:0]$261
    81/207: $1\busy_for$func$/Users/Dilan/Projects/fabric-under-pressure/rtl/axi_r_response_router.sv:152$51.$result[0:0]$260
    82/207: $1\id_for$func$/Users/Dilan/Projects/fabric-under-pressure/rtl/axi_r_response_router.sv:152$50.$result[3:0]$259
    83/207: $1\manager_for$func$/Users/Dilan/Projects/fabric-under-pressure/rtl/axi_r_response_router.sv:152$49.$result[1:0]$258
    84/207: $10\validated_response[3:3]
    85/207: $39\raw_candidate_request[11:11]
    86/207: $38\raw_candidate_request[7:7]
    87/207: $37\raw_candidate_request[3:3]
    88/207: $10\nonbusy_id_violation[3:3]
    89/207: $7\invalid_manager_violation[3:3]
    90/207: $1\manager_for$func$/Users/Dilan/Projects/fabric-under-pressure/rtl/axi_r_response_router.sv:150$48.$result[1:0]$257
    91/207: $34\raw_candidate_request[2:2]
    92/207: $36\raw_candidate_request[10:10]
    93/207: $35\raw_candidate_request[6:6]
    94/207: $4\manager_for$func$/Users/Dilan/Projects/fabric-under-pressure/rtl/axi_r_response_router.sv:154$47.$result[1:0]$256
    95/207: $33\raw_candidate_request[10:10]
    96/207: $32\raw_candidate_request[6:6]
    97/207: $31\raw_candidate_request[2:2]
    98/207: $3\manager_for$func$/Users/Dilan/Projects/fabric-under-pressure/rtl/axi_r_response_router.sv:154$47.$result[1:0]$255
    99/207: $9\validated_response[2:2]
   100/207: $9\nonbusy_id_violation[2:2]
   101/207: $3\busy_for$func$/Users/Dilan/Projects/fabric-under-pressure/rtl/axi_r_response_router.sv:152$46.$result[0:0]$248
   102/207: $3\id_for$func$/Users/Dilan/Projects/fabric-under-pressure/rtl/axi_r_response_router.sv:152$45.$result[3:0]$247
   103/207: $3\manager_for$func$/Users/Dilan/Projects/fabric-under-pressure/rtl/axi_r_response_router.sv:152$44.$result[1:0]$246
   104/207: $2\manager_for$func$/Users/Dilan/Projects/fabric-under-pressure/rtl/axi_r_response_router.sv:154$47.$result[1:0]$245
   105/207: $8\validated_response[2:2]
   106/207: $30\raw_candidate_request[10:10]
   107/207: $29\raw_candidate_request[6:6]
   108/207: $28\raw_candidate_request[2:2]
   109/207: $8\nonbusy_id_violation[2:2]
   110/207: $2\busy_for$func$/Users/Dilan/Projects/fabric-under-pressure/rtl/axi_r_response_router.sv:152$46.$result[0:0]$242
   111/207: $2\busy_for$func$/Users/Dilan/Projects/fabric-under-pressure/rtl/axi_r_response_router.sv:152$46.id[3:0]$244
   112/207: $2\busy_for$func$/Users/Dilan/Projects/fabric-under-pressure/rtl/axi_r_response_router.sv:152$46.manager_index[1:0]$243
   113/207: $2\id_for$func$/Users/Dilan/Projects/fabric-under-pressure/rtl/axi_r_response_router.sv:152$45.$result[3:0]$241
   114/207: $2\manager_for$func$/Users/Dilan/Projects/fabric-under-pressure/rtl/axi_r_response_router.sv:152$44.$result[1:0]$240
   115/207: $6\invalid_manager_violation[2:2]
   116/207: $2\manager_for$func$/Users/Dilan/Projects/fabric-under-pressure/rtl/axi_r_response_router.sv:150$43.$result[1:0]$239
   117/207: $1\manager_for$func$/Users/Dilan/Projects/fabric-under-pressure/rtl/axi_r_response_router.sv:154$47.$result[1:0]$238
   118/207: $1\busy_for$func$/Users/Dilan/Projects/fabric-under-pressure/rtl/axi_r_response_router.sv:152$46.id[3:0]$237
   119/207: $1\busy_for$func$/Users/Dilan/Projects/fabric-under-pressure/rtl/axi_r_response_router.sv:152$46.manager_index[1:0]$236
   120/207: $1\busy_for$func$/Users/Dilan/Projects/fabric-under-pressure/rtl/axi_r_response_router.sv:152$46.$result[0:0]$235
   121/207: $1\id_for$func$/Users/Dilan/Projects/fabric-under-pressure/rtl/axi_r_response_router.sv:152$45.$result[3:0]$234
   122/207: $1\manager_for$func$/Users/Dilan/Projects/fabric-under-pressure/rtl/axi_r_response_router.sv:152$44.$result[1:0]$233
   123/207: $7\validated_response[2:2]
   124/207: $27\raw_candidate_request[10:10]
   125/207: $26\raw_candidate_request[6:6]
   126/207: $25\raw_candidate_request[2:2]
   127/207: $7\nonbusy_id_violation[2:2]
   128/207: $5\invalid_manager_violation[2:2]
   129/207: $1\manager_for$func$/Users/Dilan/Projects/fabric-under-pressure/rtl/axi_r_response_router.sv:150$43.$result[1:0]$232
   130/207: $22\raw_candidate_request[1:1]
   131/207: $24\raw_candidate_request[9:9]
   132/207: $23\raw_candidate_request[5:5]
   133/207: $4\manager_for$func$/Users/Dilan/Projects/fabric-under-pressure/rtl/axi_r_response_router.sv:154$42.$result[1:0]$231
   134/207: $21\raw_candidate_request[9:9]
   135/207: $20\raw_candidate_request[5:5]
   136/207: $19\raw_candidate_request[1:1]
   137/207: $3\manager_for$func$/Users/Dilan/Projects/fabric-under-pressure/rtl/axi_r_response_router.sv:154$42.$result[1:0]$230
   138/207: $6\validated_response[1:1]
   139/207: $6\nonbusy_id_violation[1:1]
   140/207: $3\busy_for$func$/Users/Dilan/Projects/fabric-under-pressure/rtl/axi_r_response_router.sv:152$41.$result[0:0]$223
   141/207: $3\id_for$func$/Users/Dilan/Projects/fabric-under-pressure/rtl/axi_r_response_router.sv:152$40.$result[3:0]$222
   142/207: $3\manager_for$func$/Users/Dilan/Projects/fabric-under-pressure/rtl/axi_r_response_router.sv:152$39.$result[1:0]$221
   143/207: $2\manager_for$func$/Users/Dilan/Projects/fabric-under-pressure/rtl/axi_r_response_router.sv:154$42.$result[1:0]$220
   144/207: $5\validated_response[1:1]
   145/207: $18\raw_candidate_request[9:9]
   146/207: $17\raw_candidate_request[5:5]
   147/207: $16\raw_candidate_request[1:1]
   148/207: $5\nonbusy_id_violation[1:1]
   149/207: $2\busy_for$func$/Users/Dilan/Projects/fabric-under-pressure/rtl/axi_r_response_router.sv:152$41.$result[0:0]$217
   150/207: $2\busy_for$func$/Users/Dilan/Projects/fabric-under-pressure/rtl/axi_r_response_router.sv:152$41.id[3:0]$219
   151/207: $2\busy_for$func$/Users/Dilan/Projects/fabric-under-pressure/rtl/axi_r_response_router.sv:152$41.manager_index[1:0]$218
   152/207: $2\id_for$func$/Users/Dilan/Projects/fabric-under-pressure/rtl/axi_r_response_router.sv:152$40.$result[3:0]$216
   153/207: $2\manager_for$func$/Users/Dilan/Projects/fabric-under-pressure/rtl/axi_r_response_router.sv:152$39.$result[1:0]$215
   154/207: $4\invalid_manager_violation[1:1]
   155/207: $2\manager_for$func$/Users/Dilan/Projects/fabric-under-pressure/rtl/axi_r_response_router.sv:150$38.$result[1:0]$214
   156/207: $1\manager_for$func$/Users/Dilan/Projects/fabric-under-pressure/rtl/axi_r_response_router.sv:154$42.$result[1:0]$213
   157/207: $1\busy_for$func$/Users/Dilan/Projects/fabric-under-pressure/rtl/axi_r_response_router.sv:152$41.id[3:0]$212
   158/207: $1\busy_for$func$/Users/Dilan/Projects/fabric-under-pressure/rtl/axi_r_response_router.sv:152$41.manager_index[1:0]$211
   159/207: $1\busy_for$func$/Users/Dilan/Projects/fabric-under-pressure/rtl/axi_r_response_router.sv:152$41.$result[0:0]$210
   160/207: $1\id_for$func$/Users/Dilan/Projects/fabric-under-pressure/rtl/axi_r_response_router.sv:152$40.$result[3:0]$209
   161/207: $1\manager_for$func$/Users/Dilan/Projects/fabric-under-pressure/rtl/axi_r_response_router.sv:152$39.$result[1:0]$208
   162/207: $4\validated_response[1:1]
   163/207: $15\raw_candidate_request[9:9]
   164/207: $14\raw_candidate_request[5:5]
   165/207: $13\raw_candidate_request[1:1]
   166/207: $4\nonbusy_id_violation[1:1]
   167/207: $3\invalid_manager_violation[1:1]
   168/207: $1\manager_for$func$/Users/Dilan/Projects/fabric-under-pressure/rtl/axi_r_response_router.sv:150$38.$result[1:0]$207
   169/207: $10\raw_candidate_request[0:0]
   170/207: $12\raw_candidate_request[8:8]
   171/207: $11\raw_candidate_request[4:4]
   172/207: $4\manager_for$func$/Users/Dilan/Projects/fabric-under-pressure/rtl/axi_r_response_router.sv:154$37.$result[1:0]$206
   173/207: $9\raw_candidate_request[8:8]
   174/207: $8\raw_candidate_request[4:4]
   175/207: $7\raw_candidate_request[0:0]
   176/207: $3\manager_for$func$/Users/Dilan/Projects/fabric-under-pressure/rtl/axi_r_response_router.sv:154$37.$result[1:0]$205
   177/207: $3\validated_response[0:0]
   178/207: $3\nonbusy_id_violation[0:0]
   179/207: $3\busy_for$func$/Users/Dilan/Projects/fabric-under-pressure/rtl/axi_r_response_router.sv:152$36.$result[0:0]$198
   180/207: $3\id_for$func$/Users/Dilan/Projects/fabric-under-pressure/rtl/axi_r_response_router.sv:152$35.$result[3:0]$197
   181/207: $3\manager_for$func$/Users/Dilan/Projects/fabric-under-pressure/rtl/axi_r_response_router.sv:152$34.$result[1:0]$196
   182/207: $2\manager_for$func$/Users/Dilan/Projects/fabric-under-pressure/rtl/axi_r_response_router.sv:154$37.$result[1:0]$195
   183/207: $2\validated_response[0:0]
   184/207: $6\raw_candidate_request[8:8]
   185/207: $5\raw_candidate_request[4:4]
   186/207: $4\raw_candidate_request[0:0]
   187/207: $2\nonbusy_id_violation[0:0]
   188/207: $2\busy_for$func$/Users/Dilan/Projects/fabric-under-pressure/rtl/axi_r_response_router.sv:152$36.$result[0:0]$192
   189/207: $2\busy_for$func$/Users/Dilan/Projects/fabric-under-pressure/rtl/axi_r_response_router.sv:152$36.id[3:0]$194
   190/207: $2\busy_for$func$/Users/Dilan/Projects/fabric-under-pressure/rtl/axi_r_response_router.sv:152$36.manager_index[1:0]$193
   191/207: $2\id_for$func$/Users/Dilan/Projects/fabric-under-pressure/rtl/axi_r_response_router.sv:152$35.$result[3:0]$191
   192/207: $2\manager_for$func$/Users/Dilan/Projects/fabric-under-pressure/rtl/axi_r_response_router.sv:152$34.$result[1:0]$190
   193/207: $2\invalid_manager_violation[0:0]
   194/207: $2\manager_for$func$/Users/Dilan/Projects/fabric-under-pressure/rtl/axi_r_response_router.sv:150$33.$result[1:0]$189
   195/207: $1\manager_for$func$/Users/Dilan/Projects/fabric-under-pressure/rtl/axi_r_response_router.sv:154$37.$result[1:0]$188
   196/207: $1\busy_for$func$/Users/Dilan/Projects/fabric-under-pressure/rtl/axi_r_response_router.sv:152$36.id[3:0]$187
   197/207: $1\busy_for$func$/Users/Dilan/Projects/fabric-under-pressure/rtl/axi_r_response_router.sv:152$36.manager_index[1:0]$186
   198/207: $1\busy_for$func$/Users/Dilan/Projects/fabric-under-pressure/rtl/axi_r_response_router.sv:152$36.$result[0:0]$185
   199/207: $1\id_for$func$/Users/Dilan/Projects/fabric-under-pressure/rtl/axi_r_response_router.sv:152$35.$result[3:0]$184
   200/207: $1\manager_for$func$/Users/Dilan/Projects/fabric-under-pressure/rtl/axi_r_response_router.sv:152$34.$result[1:0]$183
   201/207: $1\validated_response[0:0]
   202/207: $3\raw_candidate_request[8:8]
   203/207: $2\raw_candidate_request[4:4]
   204/207: $1\raw_candidate_request[0:0]
   205/207: $1\nonbusy_id_violation[0:0]
   206/207: $1\invalid_manager_violation[0:0]
   207/207: $1\manager_for$func$/Users/Dilan/Projects/fabric-under-pressure/rtl/axi_r_response_router.sv:150$33.$result[1:0]$182
Creating decoders for process `\axi_rr_arbiter_4.$proc$/Users/Dilan/Projects/fabric-under-pressure/rtl/axi_rr_arbiter_4.sv:100$21'.
Creating decoders for process `\axi_rr_arbiter_4.$proc$/Users/Dilan/Projects/fabric-under-pressure/rtl/axi_rr_arbiter_4.sv:86$19'.
     1/4: $0\selected_q[1:0]
     2/4: $0\grant_valid_q[0:0]
     3/4: $0\grant_q[3:0]
     4/4: $0\pointer_q[1:0]
Creating decoders for process `\axi_rr_arbiter_4.$proc$/Users/Dilan/Projects/fabric-under-pressure/rtl/axi_rr_arbiter_4.sv:65$4'.
     1/20: $3\next_pointer$func$/Users/Dilan/Projects/fabric-under-pressure/rtl/axi_rr_arbiter_4.sv:74$2.$result[1:0]$18
     2/20: $3\next_pointer$func$/Users/Dilan/Projects/fabric-under-pressure/rtl/axi_rr_arbiter_4.sv:73$1.$result[1:0]$17
     3/20: $2\selected_d[1:0]
     4/20: $2\grant_valid_d[0:0]
     5/20: $2\grant_d[3:0]
     6/20: $2\selection_pointer[1:0]
     7/20: $2\next_pointer$func$/Users/Dilan/Projects/fabric-under-pressure/rtl/axi_rr_arbiter_4.sv:74$2.$result[1:0]$15
     8/20: $2\next_pointer$func$/Users/Dilan/Projects/fabric-under-pressure/rtl/axi_rr_arbiter_4.sv:74$2.source[1:0]$16
     9/20: $2\pointer_d[1:0]
    10/20: $2\next_pointer$func$/Users/Dilan/Projects/fabric-under-pressure/rtl/axi_rr_arbiter_4.sv:73$1.$result[1:0]$13
    11/20: $2\next_pointer$func$/Users/Dilan/Projects/fabric-under-pressure/rtl/axi_rr_arbiter_4.sv:73$1.source[1:0]$14
    12/20: $1\next_pointer$func$/Users/Dilan/Projects/fabric-under-pressure/rtl/axi_rr_arbiter_4.sv:74$2.source[1:0]$12
    13/20: $1\next_pointer$func$/Users/Dilan/Projects/fabric-under-pressure/rtl/axi_rr_arbiter_4.sv:74$2.$result[1:0]$11
    14/20: $1\next_pointer$func$/Users/Dilan/Projects/fabric-under-pressure/rtl/axi_rr_arbiter_4.sv:73$1.source[1:0]$10
    15/20: $1\next_pointer$func$/Users/Dilan/Projects/fabric-under-pressure/rtl/axi_rr_arbiter_4.sv:73$1.$result[1:0]$9
    16/20: $1\selection_pointer[1:0]
    17/20: $1\selected_d[1:0]
    18/20: $1\grant_valid_d[0:0]
    19/20: $1\grant_d[3:0]
    20/20: $1\pointer_d[1:0]
Creating decoders for process `\axi_rr_arbiter_4.$proc$/Users/Dilan/Projects/fabric-under-pressure/rtl/axi_rr_arbiter_4.sv:33$3'.
     1/51: $17\candidate_valid[0:0]
     2/51: $17\candidate_source[1:0]
     3/51: $17\candidate_grant[3:0]
     4/51: $16\candidate_valid[0:0]
     5/51: $16\candidate_source[1:0]
     6/51: $16\candidate_grant[3:0]
     7/51: $15\candidate_valid[0:0]
     8/51: $15\candidate_source[1:0]
     9/51: $15\candidate_grant[3:0]
    10/51: $14\candidate_valid[0:0]
    11/51: $14\candidate_source[1:0]
    12/51: $14\candidate_grant[3:0]
    13/51: $13\candidate_valid[0:0]
    14/51: $13\candidate_source[1:0]
    15/51: $13\candidate_grant[3:0]
    16/51: $12\candidate_valid[0:0]
    17/51: $12\candidate_source[1:0]
    18/51: $12\candidate_grant[3:0]
    19/51: $11\candidate_valid[0:0]
    20/51: $11\candidate_source[1:0]
    21/51: $11\candidate_grant[3:0]
    22/51: $10\candidate_valid[0:0]
    23/51: $10\candidate_source[1:0]
    24/51: $10\candidate_grant[3:0]
    25/51: $9\candidate_valid[0:0]
    26/51: $9\candidate_source[1:0]
    27/51: $9\candidate_grant[3:0]
    28/51: $8\candidate_valid[0:0]
    29/51: $8\candidate_source[1:0]
    30/51: $8\candidate_grant[3:0]
    31/51: $7\candidate_valid[0:0]
    32/51: $7\candidate_source[1:0]
    33/51: $7\candidate_grant[3:0]
    34/51: $6\candidate_valid[0:0]
    35/51: $6\candidate_source[1:0]
    36/51: $6\candidate_grant[3:0]
    37/51: $5\candidate_valid[0:0]
    38/51: $5\candidate_source[1:0]
    39/51: $5\candidate_grant[3:0]
    40/51: $4\candidate_valid[0:0]
    41/51: $4\candidate_source[1:0]
    42/51: $4\candidate_grant[3:0]
    43/51: $3\candidate_valid[0:0]
    44/51: $3\candidate_source[1:0]
    45/51: $3\candidate_grant[3:0]
    46/51: $2\candidate_valid[0:0]
    47/51: $2\candidate_source[1:0]
    48/51: $2\candidate_grant[3:0]
    49/51: $1\candidate_source[1:0]
    50/51: $1\candidate_valid[0:0]
    51/51: $1\candidate_grant[3:0]

3.4.8. Executing PROC_DLATCH pass (convert process syncs to latches).
No latch inferred for signal `\axi_r_response_router.\target_rready' from process `\axi_r_response_router.$proc$/Users/Dilan/Projects/fabric-under-pressure/rtl/axi_r_response_router.sv:181$354'.
No latch inferred for signal `\axi_r_response_router.\target_r_fire' from process `\axi_r_response_router.$proc$/Users/Dilan/Projects/fabric-under-pressure/rtl/axi_r_response_router.sv:181$354'.
No latch inferred for signal `\axi_r_response_router.\manager_rvalid' from process `\axi_r_response_router.$proc$/Users/Dilan/Projects/fabric-under-pressure/rtl/axi_r_response_router.sv:181$354'.
No latch inferred for signal `\axi_r_response_router.\manager_rid' from process `\axi_r_response_router.$proc$/Users/Dilan/Projects/fabric-under-pressure/rtl/axi_r_response_router.sv:181$354'.
No latch inferred for signal `\axi_r_response_router.\manager_rdata' from process `\axi_r_response_router.$proc$/Users/Dilan/Projects/fabric-under-pressure/rtl/axi_r_response_router.sv:181$354'.
No latch inferred for signal `\axi_r_response_router.\manager_rresp' from process `\axi_r_response_router.$proc$/Users/Dilan/Projects/fabric-under-pressure/rtl/axi_r_response_router.sv:181$354'.
No latch inferred for signal `\axi_r_response_router.\manager_rlast' from process `\axi_r_response_router.$proc$/Users/Dilan/Projects/fabric-under-pressure/rtl/axi_r_response_router.sv:181$354'.
No latch inferred for signal `\axi_r_response_router.\manager_r_fire' from process `\axi_r_response_router.$proc$/Users/Dilan/Projects/fabric-under-pressure/rtl/axi_r_response_router.sv:181$354'.
No latch inferred for signal `\axi_r_response_router.\r_complete_fire' from process `\axi_r_response_router.$proc$/Users/Dilan/Projects/fabric-under-pressure/rtl/axi_r_response_router.sv:181$354'.
No latch inferred for signal `\axi_r_response_router.\r_complete_id' from process `\axi_r_response_router.$proc$/Users/Dilan/Projects/fabric-under-pressure/rtl/axi_r_response_router.sv:181$354'.
No latch inferred for signal `\axi_r_response_router.\response_admit_fire' from process `\axi_r_response_router.$proc$/Users/Dilan/Projects/fabric-under-pressure/rtl/axi_r_response_router.sv:181$354'.
No latch inferred for signal `\axi_r_response_router.\arbiter_request' from process `\axi_r_response_router.$proc$/Users/Dilan/Projects/fabric-under-pressure/rtl/axi_r_response_router.sv:181$354'.
No latch inferred for signal `\axi_r_response_router.\arb_ready' from process `\axi_r_response_router.$proc$/Users/Dilan/Projects/fabric-under-pressure/rtl/axi_r_response_router.sv:181$354'.
No latch inferred for signal `\axi_r_response_router.\slot_can_accept' from process `\axi_r_response_router.$proc$/Users/Dilan/Projects/fabric-under-pressure/rtl/axi_r_response_router.sv:181$354'.
No latch inferred for signal `\axi_r_response_router.\admitted_id' from process `\axi_r_response_router.$proc$/Users/Dilan/Projects/fabric-under-pressure/rtl/axi_r_response_router.sv:181$354'.
No latch inferred for signal `\axi_r_response_router.\admitted_data' from process `\axi_r_response_router.$proc$/Users/Dilan/Projects/fabric-under-pressure/rtl/axi_r_response_router.sv:181$354'.
No latch inferred for signal `\axi_r_response_router.\admitted_resp' from process `\axi_r_response_router.$proc$/Users/Dilan/Projects/fabric-under-pressure/rtl/axi_r_response_router.sv:181$354'.
No latch inferred for signal `\axi_r_response_router.\admitted_last' from process `\axi_r_response_router.$proc$/Users/Dilan/Projects/fabric-under-pressure/rtl/axi_r_response_router.sv:181$354'.
No latch inferred for signal `\axi_r_response_router.\admitted_target' from process `\axi_r_response_router.$proc$/Users/Dilan/Projects/fabric-under-pressure/rtl/axi_r_response_router.sv:181$354'.
No latch inferred for signal `\axi_r_response_router.\route_m' from process `\axi_r_response_router.$proc$/Users/Dilan/Projects/fabric-under-pressure/rtl/axi_r_response_router.sv:181$354'.
No latch inferred for signal `\axi_r_response_router.\route_t' from process `\axi_r_response_router.$proc$/Users/Dilan/Projects/fabric-under-pressure/rtl/axi_r_response_router.sv:181$354'.
No latch inferred for signal `\axi_r_response_router.\invalid_manager_violation' from process `\axi_r_response_router.$proc$/Users/Dilan/Projects/fabric-under-pressure/rtl/axi_r_response_router.sv:138$141'.
No latch inferred for signal `\axi_r_response_router.\nonbusy_id_violation' from process `\axi_r_response_router.$proc$/Users/Dilan/Projects/fabric-under-pressure/rtl/axi_r_response_router.sv:138$141'.
No latch inferred for signal `\axi_r_response_router.\locked_rid_violation' from process `\axi_r_response_router.$proc$/Users/Dilan/Projects/fabric-under-pressure/rtl/axi_r_response_router.sv:138$141'.
No latch inferred for signal `\axi_r_response_router.\raw_candidate_request' from process `\axi_r_response_router.$proc$/Users/Dilan/Projects/fabric-under-pressure/rtl/axi_r_response_router.sv:138$141'.
No latch inferred for signal `\axi_r_response_router.\validated_response' from process `\axi_r_response_router.$proc$/Users/Dilan/Projects/fabric-under-pressure/rtl/axi_r_response_router.sv:138$141'.
No latch inferred for signal `\axi_r_response_router.\dec_t' from process `\axi_r_response_router.$proc$/Users/Dilan/Projects/fabric-under-pressure/rtl/axi_r_response_router.sv:138$141'.
No latch inferred for signal `\axi_r_response_router.\lock_m' from process `\axi_r_response_router.$proc$/Users/Dilan/Projects/fabric-under-pressure/rtl/axi_r_response_router.sv:138$141'.
No latch inferred for signal `\axi_r_response_router.\lock_t' from process `\axi_r_response_router.$proc$/Users/Dilan/Projects/fabric-under-pressure/rtl/axi_r_response_router.sv:138$141'.
No latch inferred for signal `\axi_rr_arbiter_4.\grant' from process `\axi_rr_arbiter_4.$proc$/Users/Dilan/Projects/fabric-under-pressure/rtl/axi_rr_arbiter_4.sv:100$21'.
No latch inferred for signal `\axi_rr_arbiter_4.\grant_valid' from process `\axi_rr_arbiter_4.$proc$/Users/Dilan/Projects/fabric-under-pressure/rtl/axi_rr_arbiter_4.sv:100$21'.
No latch inferred for signal `\axi_rr_arbiter_4.\selected_source' from process `\axi_rr_arbiter_4.$proc$/Users/Dilan/Projects/fabric-under-pressure/rtl/axi_rr_arbiter_4.sv:100$21'.
No latch inferred for signal `\axi_rr_arbiter_4.\pointer' from process `\axi_rr_arbiter_4.$proc$/Users/Dilan/Projects/fabric-under-pressure/rtl/axi_rr_arbiter_4.sv:100$21'.
No latch inferred for signal `\axi_rr_arbiter_4.\pointer_d' from process `\axi_rr_arbiter_4.$proc$/Users/Dilan/Projects/fabric-under-pressure/rtl/axi_rr_arbiter_4.sv:65$4'.
No latch inferred for signal `\axi_rr_arbiter_4.\grant_d' from process `\axi_rr_arbiter_4.$proc$/Users/Dilan/Projects/fabric-under-pressure/rtl/axi_rr_arbiter_4.sv:65$4'.
No latch inferred for signal `\axi_rr_arbiter_4.\grant_valid_d' from process `\axi_rr_arbiter_4.$proc$/Users/Dilan/Projects/fabric-under-pressure/rtl/axi_rr_arbiter_4.sv:65$4'.
No latch inferred for signal `\axi_rr_arbiter_4.\selected_d' from process `\axi_rr_arbiter_4.$proc$/Users/Dilan/Projects/fabric-under-pressure/rtl/axi_rr_arbiter_4.sv:65$4'.
No latch inferred for signal `\axi_rr_arbiter_4.\selection_pointer' from process `\axi_rr_arbiter_4.$proc$/Users/Dilan/Projects/fabric-under-pressure/rtl/axi_rr_arbiter_4.sv:65$4'.
No latch inferred for signal `\axi_rr_arbiter_4.\candidate_grant' from process `\axi_rr_arbiter_4.$proc$/Users/Dilan/Projects/fabric-under-pressure/rtl/axi_rr_arbiter_4.sv:33$3'.
No latch inferred for signal `\axi_rr_arbiter_4.\candidate_valid' from process `\axi_rr_arbiter_4.$proc$/Users/Dilan/Projects/fabric-under-pressure/rtl/axi_rr_arbiter_4.sv:33$3'.
No latch inferred for signal `\axi_rr_arbiter_4.\candidate_source' from process `\axi_rr_arbiter_4.$proc$/Users/Dilan/Projects/fabric-under-pressure/rtl/axi_rr_arbiter_4.sv:33$3'.

3.4.9. Executing PROC_DFF pass (convert process syncs to FFs).
Creating register for signal `\axi_r_response_router.\slot_valid' using process `\axi_r_response_router.$proc$/Users/Dilan/Projects/fabric-under-pressure/rtl/axi_r_response_router.sv:283$763'.
  created $adff cell `$procdff$5391' with positive edge clock and positive level reset.
Creating register for signal `\axi_r_response_router.\lock_active' using process `\axi_r_response_router.$proc$/Users/Dilan/Projects/fabric-under-pressure/rtl/axi_r_response_router.sv:283$763'.
  created $adff cell `$procdff$5396' with positive edge clock and positive level reset.
Creating register for signal `\axi_r_response_router.\lock_target' using process `\axi_r_response_router.$proc$/Users/Dilan/Projects/fabric-under-pressure/rtl/axi_r_response_router.sv:283$763'.
  created $adff cell `$procdff$5401' with positive edge clock and positive level reset.
Creating register for signal `\axi_r_response_router.\lock_internal_id' using process `\axi_r_response_router.$proc$/Users/Dilan/Projects/fabric-under-pressure/rtl/axi_r_response_router.sv:283$763'.
  created $adff cell `$procdff$5406' with positive edge clock and positive level reset.
Creating register for signal `\axi_r_response_router.\slot_rid_q' using process `\axi_r_response_router.$proc$/Users/Dilan/Projects/fabric-under-pressure/rtl/axi_r_response_router.sv:283$763'.
  created $adff cell `$procdff$5411' with positive edge clock and positive level reset.
Creating register for signal `\axi_r_response_router.\slot_rdata_q' using process `\axi_r_response_router.$proc$/Users/Dilan/Projects/fabric-under-pressure/rtl/axi_r_response_router.sv:283$763'.
  created $adff cell `$procdff$5416' with positive edge clock and positive level reset.
Creating register for signal `\axi_r_response_router.\slot_rresp_q' using process `\axi_r_response_router.$proc$/Users/Dilan/Projects/fabric-under-pressure/rtl/axi_r_response_router.sv:283$763'.
  created $adff cell `$procdff$5421' with positive edge clock and positive level reset.
Creating register for signal `\axi_r_response_router.\slot_rlast_q' using process `\axi_r_response_router.$proc$/Users/Dilan/Projects/fabric-under-pressure/rtl/axi_r_response_router.sv:283$763'.
  created $adff cell `$procdff$5426' with positive edge clock and positive level reset.
Creating register for signal `\axi_r_response_router.\slot_source_q' using process `\axi_r_response_router.$proc$/Users/Dilan/Projects/fabric-under-pressure/rtl/axi_r_response_router.sv:283$763'.
  created $adff cell `$procdff$5431' with positive edge clock and positive level reset.
Creating register for signal `\axi_r_response_router.\seq_m' using process `\axi_r_response_router.$proc$/Users/Dilan/Projects/fabric-under-pressure/rtl/axi_r_response_router.sv:283$763'.
  created $dff cell `$procdff$5438' with positive edge clock.
Creating register for signal `\axi_rr_arbiter_4.\pointer_q' using process `\axi_rr_arbiter_4.$proc$/Users/Dilan/Projects/fabric-under-pressure/rtl/axi_rr_arbiter_4.sv:86$19'.
  created $adff cell `$procdff$5443' with positive edge clock and positive level reset.
Creating register for signal `\axi_rr_arbiter_4.\grant_q' using process `\axi_rr_arbiter_4.$proc$/Users/Dilan/Projects/fabric-under-pressure/rtl/axi_rr_arbiter_4.sv:86$19'.
  created $adff cell `$procdff$5448' with positive edge clock and positive level reset.
Creating register for signal `\axi_rr_arbiter_4.\grant_valid_q' using process `\axi_rr_arbiter_4.$proc$/Users/Dilan/Projects/fabric-under-pressure/rtl/axi_rr_arbiter_4.sv:86$19'.
  created $adff cell `$procdff$5453' with positive edge clock and positive level reset.
Creating register for signal `\axi_rr_arbiter_4.\selected_q' using process `\axi_rr_arbiter_4.$proc$/Users/Dilan/Projects/fabric-under-pressure/rtl/axi_rr_arbiter_4.sv:86$19'.
  created $adff cell `$procdff$5458' with positive edge clock and positive level reset.

3.4.10. Executing PROC_MEMWR pass (convert process memory writes to cells).

3.4.11. Executing PROC_CLEAN pass (remove empty switches from decision trees).
Found and cleaned up 18 empty switches in `\axi_r_response_router.$proc$/Users/Dilan/Projects/fabric-under-pressure/rtl/axi_r_response_router.sv:283$763'.
Removing empty process `axi_r_response_router.$proc$/Users/Dilan/Projects/fabric-under-pressure/rtl/axi_r_response_router.sv:283$763'.
Found and cleaned up 62 empty switches in `\axi_r_response_router.$proc$/Users/Dilan/Projects/fabric-under-pressure/rtl/axi_r_response_router.sv:181$354'.
Removing empty process `axi_r_response_router.$proc$/Users/Dilan/Projects/fabric-under-pressure/rtl/axi_r_response_router.sv:181$354'.
Found and cleaned up 44 empty switches in `\axi_r_response_router.$proc$/Users/Dilan/Projects/fabric-under-pressure/rtl/axi_r_response_router.sv:138$141'.
Removing empty process `axi_r_response_router.$proc$/Users/Dilan/Projects/fabric-under-pressure/rtl/axi_r_response_router.sv:138$141'.
Removing empty process `axi_rr_arbiter_4.$proc$/Users/Dilan/Projects/fabric-under-pressure/rtl/axi_rr_arbiter_4.sv:100$21'.
Removing empty process `axi_rr_arbiter_4.$proc$/Users/Dilan/Projects/fabric-under-pressure/rtl/axi_rr_arbiter_4.sv:86$19'.
Found and cleaned up 4 empty switches in `\axi_rr_arbiter_4.$proc$/Users/Dilan/Projects/fabric-under-pressure/rtl/axi_rr_arbiter_4.sv:65$4'.
Removing empty process `axi_rr_arbiter_4.$proc$/Users/Dilan/Projects/fabric-under-pressure/rtl/axi_rr_arbiter_4.sv:65$4'.
Found and cleaned up 17 empty switches in `\axi_rr_arbiter_4.$proc$/Users/Dilan/Projects/fabric-under-pressure/rtl/axi_rr_arbiter_4.sv:33$3'.
Removing empty process `axi_rr_arbiter_4.$proc$/Users/Dilan/Projects/fabric-under-pressure/rtl/axi_rr_arbiter_4.sv:33$3'.
Cleaned up 145 empty switches.

3.4.12. Executing OPT_EXPR pass (perform const folding).
Optimizing module axi_r_response_router.
<suppressed ~255 debug messages>
Optimizing module axi_rr_arbiter_4.
<suppressed ~37 debug messages>

3.5. Executing CHECK pass (checking for obvious problems).
Checking module axi_r_response_router...
Checking module axi_rr_arbiter_4...
Found and reported 0 problems.

3.6. Executing FLATTEN pass (flatten design).
Deleting now unused module axi_rr_arbiter_4.
<suppressed ~3 debug messages>

3.7. Executing TRIBUF pass.

3.8. Executing DEMINOUT pass (demote inout ports to input or output).

3.9. Executing OPT_EXPR pass (perform const folding).
Optimizing module axi_r_response_router.
<suppressed ~4 debug messages>

3.10. Executing CHECK pass (checking for obvious problems).
Checking module axi_r_response_router...
Found and reported 0 problems.

3.11. Executing OPT_CLEAN pass (remove unused cells and wires).
Finding unused cells or wires in module \axi_r_response_router..
Removed 566 unused cells and 3102 unused wires.
<suppressed ~573 debug messages>

3.12. Executing OPT pass (performing simple optimizations).

3.12.1. Executing OPT_EXPR pass (perform const folding).
Optimizing module axi_r_response_router.

3.12.2. Executing OPT_MERGE pass (detect identical cells).
Finding identical cells in module `\axi_r_response_router'.
Computing hashes of 2306 cells of `\axi_r_response_router'.
Finding duplicate cells in `\axi_r_response_router'.
Computing hashes of 1740 cells of `\axi_r_response_router'.
Finding duplicate cells in `\axi_r_response_router'.
Computing hashes of 1670 cells of `\axi_r_response_router'.
Finding duplicate cells in `\axi_r_response_router'.
Computing hashes of 1668 cells of `\axi_r_response_router'.
Finding duplicate cells in `\axi_r_response_router'.
<suppressed ~1914 debug messages>
Removed a total of 638 cells.

3.12.3. Executing OPT_MUXTREE pass (detect dead branches in mux trees).
Running muxtree optimizer on module \axi_r_response_router..
  Creating internal representation of mux trees.
  Evaluating internal representation of mux trees.
      Replacing known input bits on port A of cell $flatten\gen_r_arbiter[0].u_rr.$procmux$4736: \gen_r_arbiter[0].u_rr.grant_valid_q -> 1'1
      Replacing known input bits on port A of cell $flatten\gen_r_arbiter[1].u_rr.$procmux$4736: \gen_r_arbiter[1].u_rr.grant_valid_q -> 1'1
      Replacing known input bits on port A of cell $flatten\gen_r_arbiter[2].u_rr.$procmux$4736: \gen_r_arbiter[2].u_rr.grant_valid_q -> 1'1
      Replacing known input bits on port B of cell $procmux$1300: \lock_active [2] -> 1'1
      Replacing known input bits on port B of cell $procmux$1148: \lock_active [0] -> 1'1
      Replacing known input bits on port B of cell $procmux$1037: \lock_active [1] -> 1'1
  Analyzing evaluation results.
    dead port 2/2 on $mux $procmux$4328.
    dead port 2/2 on $mux $procmux$4326.
    dead port 1/2 on $mux $flatten\gen_r_arbiter[1].u_rr.$procmux$5012.
    dead port 2/2 on $mux $flatten\gen_r_arbiter[1].u_rr.$procmux$5237.
    dead port 2/2 on $mux $flatten\gen_r_arbiter[0].u_rr.$procmux$5071.
    dead port 2/2 on $mux $procmux$4319.
    dead port 2/2 on $mux $procmux$4317.
    dead port 1/2 on $mux $flatten\gen_r_arbiter[1].u_rr.$procmux$5009.
    dead port 2/2 on $mux $flatten\gen_r_arbiter[0].u_rr.$procmux$5077.
    dead port 1/2 on $mux $flatten\gen_r_arbiter[1].u_rr.$procmux$4979.
    dead port 2/2 on $mux $flatten\gen_r_arbiter[1].u_rr.$procmux$4972.
    dead port 1/2 on $mux $flatten\gen_r_arbiter[1].u_rr.$procmux$4970.
    dead port 1/2 on $mux $flatten\gen_r_arbiter[1].u_rr.$procmux$4967.
    dead port 1/2 on $mux $flatten\gen_r_arbiter[1].u_rr.$procmux$4964.
    dead port 2/2 on $mux $procmux$4301.
    dead port 2/2 on $mux $procmux$4299.
    dead port 1/2 on $mux $flatten\gen_r_arbiter[1].u_rr.$procmux$5235.
    dead port 2/2 on $mux $flatten\gen_r_arbiter[0].u_rr.$procmux$5083.
    dead port 2/2 on $mux $procmux$4292.
    dead port 2/2 on $mux $procmux$4290.
    dead port 2/2 on $mux $flatten\gen_r_arbiter[1].u_rr.$procmux$5002.
    dead port 1/2 on $mux $flatten\gen_r_arbiter[0].u_rr.$procmux$5091.
    dead port 1/2 on $mux $flatten\gen_r_arbiter[0].u_rr.$procmux$5094.
    dead port 1/2 on $mux $flatten\gen_r_arbiter[0].u_rr.$procmux$5097.
    dead port 2/2 on $mux $procmux$4283.
    dead port 2/2 on $mux $procmux$4281.
    dead port 1/2 on $mux $flatten\gen_r_arbiter[0].u_rr.$procmux$5009.
    dead port 1/2 on $mux $flatten\gen_r_arbiter[1].u_rr.$procmux$5232.
    dead port 2/2 on $mux $flatten\gen_r_arbiter[0].u_rr.$procmux$5099.
    dead port 1/2 on $mux $flatten\gen_r_arbiter[0].u_rr.$procmux$5106.
    dead port 1/2 on $mux $flatten\gen_r_arbiter[1].u_rr.$procmux$5000.
    dead port 1/2 on $mux $flatten\gen_r_arbiter[0].u_rr.$procmux$5109.
    dead port 1/2 on $mux $flatten\gen_r_arbiter[0].u_rr.$procmux$5112.
    dead port 1/2 on $mux $flatten\gen_r_arbiter[1].u_rr.$procmux$5229.
    dead port 2/2 on $mux $procmux$4265.
    dead port 2/2 on $mux $procmux$4263.
    dead port 1/2 on $mux $flatten\gen_r_arbiter[1].u_rr.$procmux$4997.
    dead port 2/2 on $mux $flatten\gen_r_arbiter[0].u_rr.$procmux$5114.
    dead port 1/2 on $mux $flatten\gen_r_arbiter[0].u_rr.$procmux$5122.
    dead port 2/2 on $mux $procmux$4261.
    dead port 2/2 on $mux $procmux$4252.
    dead port 2/2 on $mux $procmux$4250.
    dead port 2/2 on $mux $procmux$4387.
    dead port 1/2 on $mux $flatten\gen_r_arbiter[0].u_rr.$procmux$5125.
    dead port 1/2 on $mux $flatten\gen_r_arbiter[0].u_rr.$procmux$5128.
    dead port 2/2 on $mux $procmux$4248.
    dead port 2/2 on $mux $procmux$4240.
    dead port 2/2 on $mux $procmux$4238.
    dead port 2/2 on $mux $flatten\gen_r_arbiter[0].u_rr.$procmux$5130.
    dead port 1/2 on $mux $flatten\gen_r_arbiter[0].u_rr.$procmux$5138.
    dead port 2/2 on $mux $procmux$4236.
    dead port 1/2 on $mux $flatten\gen_r_arbiter[0].u_rr.$procmux$5141.
    dead port 2/2 on $mux $flatten\gen_r_arbiter[1].u_rr.$procmux$5220.
    dead port 1/4 on $pmux $flatten\gen_r_arbiter[1].u_rr.$procmux$4955.
    dead port 2/4 on $pmux $flatten\gen_r_arbiter[1].u_rr.$procmux$4955.
    dead port 3/4 on $pmux $flatten\gen_r_arbiter[1].u_rr.$procmux$4955.
    dead port 2/2 on $mux $flatten\gen_r_arbiter[0].u_rr.$procmux$5143.
    dead port 2/2 on $mux $procmux$4184.
    dead port 1/2 on $mux $flatten\gen_r_arbiter[0].u_rr.$procmux$5151.
    dead port 1/4 on $pmux $flatten\gen_r_arbiter[1].u_rr.$procmux$4947.
    dead port 2/4 on $pmux $flatten\gen_r_arbiter[1].u_rr.$procmux$4947.
    dead port 3/4 on $pmux $flatten\gen_r_arbiter[1].u_rr.$procmux$4947.
    dead port 1/2 on $mux $flatten\gen_r_arbiter[0].u_rr.$procmux$5154.
    dead port 2/2 on $mux $flatten\gen_r_arbiter[0].u_rr.$procmux$5156.
    dead port 1/4 on $pmux $flatten\gen_r_arbiter[1].u_rr.$procmux$4939.
    dead port 2/4 on $pmux $flatten\gen_r_arbiter[1].u_rr.$procmux$4939.
    dead port 3/4 on $pmux $flatten\gen_r_arbiter[1].u_rr.$procmux$4939.
    dead port 1/2 on $mux $flatten\gen_r_arbiter[0].u_rr.$procmux$5164.
    dead port 1/2 on $mux $flatten\gen_r_arbiter[0].u_rr.$procmux$5167.
    dead port 1/4 on $pmux $flatten\gen_r_arbiter[1].u_rr.$procmux$4931.
    dead port 2/4 on $pmux $flatten\gen_r_arbiter[1].u_rr.$procmux$4931.
    dead port 3/4 on $pmux $flatten\gen_r_arbiter[1].u_rr.$procmux$4931.
    dead port 1/2 on $mux $flatten\gen_r_arbiter[1].u_rr.$procmux$4928.
    dead port 2/2 on $mux $flatten\gen_r_arbiter[0].u_rr.$procmux$5169.
    dead port 1/4 on $pmux $flatten\gen_r_arbiter[1].u_rr.$procmux$4920.
    dead port 2/4 on $pmux $flatten\gen_r_arbiter[1].u_rr.$procmux$4920.
    dead port 3/4 on $pmux $flatten\gen_r_arbiter[1].u_rr.$procmux$4920.
    dead port 1/2 on $mux $flatten\gen_r_arbiter[0].u_rr.$procmux$5177.
    dead port 1/2 on $mux $flatten\gen_r_arbiter[1].u_rr.$procmux$4917.
    dead port 2/2 on $mux $flatten\gen_r_arbiter[0].u_rr.$procmux$5179.
    dead port 1/4 on $pmux $flatten\gen_r_arbiter[1].u_rr.$procmux$4909.
    dead port 2/4 on $pmux $flatten\gen_r_arbiter[1].u_rr.$procmux$4909.
    dead port 3/4 on $pmux $flatten\gen_r_arbiter[1].u_rr.$procmux$4909.
    dead port 1/2 on $mux $flatten\gen_r_arbiter[1].u_rr.$procmux$4906.
    dead port 1/2 on $mux $flatten\gen_r_arbiter[0].u_rr.$procmux$5187.
    dead port 1/4 on $pmux $flatten\gen_r_arbiter[1].u_rr.$procmux$4898.
    dead port 2/4 on $pmux $flatten\gen_r_arbiter[1].u_rr.$procmux$4898.
    dead port 3/4 on $pmux $flatten\gen_r_arbiter[1].u_rr.$procmux$4898.
    dead port 2/2 on $mux $procmux$4148.
    dead port 2/2 on $mux $flatten\gen_r_arbiter[0].u_rr.$procmux$5189.
    dead port 1/2 on $mux $flatten\gen_r_arbiter[0].u_rr.$procmux$5197.
    dead port 2/2 on $mux $procmux$4142.
    dead port 1/2 on $mux $flatten\gen_r_arbiter[0].u_rr.$procmux$5012.
    dead port 2/2 on $mux $flatten\gen_r_arbiter[0].u_rr.$procmux$5199.
    dead port 2/2 on $mux $procmux$4136.
    dead port 1/2 on $mux $flatten\gen_r_arbiter[1].u_rr.$procmux$5252.
    dead port 2/2 on $mux $flatten\gen_r_arbiter[0].u_rr.$procmux$5206.
    dead port 2/2 on $mux $procmux$4130.
    dead port 2/2 on $mux $flatten\gen_r_arbiter[0].u_rr.$procmux$5014.
    dead port 1/2 on $mux $flatten\gen_r_arbiter[0].u_rr.$procmux$4813.
    dead port 2/2 on $mux $flatten\gen_r_arbiter[0].u_rr.$procmux$5213.
    dead port 2/2 on $mux $procmux$4124.
    dead port 2/2 on $mux $procmux$4381.
    dead port 1/2 on $mux $flatten\gen_r_arbiter[0].u_rr.$procmux$4816.
    dead port 2/2 on $mux $flatten\gen_r_arbiter[0].u_rr.$procmux$5220.
    dead port 1/2 on $mux $flatten\gen_r_arbiter[0].u_rr.$procmux$5229.
    dead port 1/2 on $mux $flatten\gen_r_arbiter[1].u_rr.$procmux$4895.
    dead port 1/2 on $mux $flatten\gen_r_arbiter[1].u_rr.$procmux$4892.
    dead port 1/2 on $mux $flatten\gen_r_arbiter[0].u_rr.$procmux$5232.
    dead port 1/2 on $mux $flatten\gen_r_arbiter[0].u_rr.$procmux$5235.
    dead port 1/2 on $mux $flatten\gen_r_arbiter[0].u_rr.$procmux$4819.
    dead port 2/2 on $mux $flatten\gen_r_arbiter[0].u_rr.$procmux$5237.
    dead port 2/2 on $mux $flatten\gen_r_arbiter[1].u_rr.$procmux$5026.
    dead port 1/2 on $mux $flatten\gen_r_arbiter[0].u_rr.$procmux$5246.
    dead port 1/2 on $mux $flatten\gen_r_arbiter[0].u_rr.$procmux$5249.
    dead port 1/2 on $mux $flatten\gen_r_arbiter[0].u_rr.$procmux$5252.
    dead port 2/2 on $mux $flatten\gen_r_arbiter[0].u_rr.$procmux$5254.
    dead port 2/2 on $mux $procmux$4089.
    dead port 2/2 on $mux $procmux$4087.
    dead port 1/2 on $mux $flatten\gen_r_arbiter[0].u_rr.$procmux$5021.
    dead port 1/2 on $mux $flatten\gen_r_arbiter[0].u_rr.$procmux$5263.
    dead port 1/2 on $mux $flatten\gen_r_arbiter[0].u_rr.$procmux$5266.
    dead port 1/2 on $mux $flatten\gen_r_arbiter[0].u_rr.$procmux$5269.
    dead port 2/2 on $mux $procmux$4080.
    dead port 2/2 on $mux $procmux$4078.
    dead port 1/2 on $mux $flatten\gen_r_arbiter[0].u_rr.$procmux$5024.
    dead port 1/4 on $pmux $flatten\gen_r_arbiter[0].u_rr.$procmux$4822.
    dead port 2/4 on $pmux $flatten\gen_r_arbiter[0].u_rr.$procmux$4822.
    dead port 3/4 on $pmux $flatten\gen_r_arbiter[0].u_rr.$procmux$4822.
    dead port 2/2 on $mux $flatten\gen_r_arbiter[0].u_rr.$procmux$5271.
    dead port 1/4 on $pmux $flatten\gen_r_arbiter[1].u_rr.$procmux$4884.
    dead port 2/4 on $pmux $flatten\gen_r_arbiter[1].u_rr.$procmux$4884.
    dead port 3/4 on $pmux $flatten\gen_r_arbiter[1].u_rr.$procmux$4884.
    dead port 1/2 on $mux $flatten\gen_r_arbiter[0].u_rr.$procmux$5280.
    dead port 1/2 on $mux $flatten\gen_r_arbiter[1].u_rr.$procmux$4881.
    dead port 1/2 on $mux $flatten\gen_r_arbiter[1].u_rr.$procmux$4878.
    dead port 1/2 on $mux $flatten\gen_r_arbiter[0].u_rr.$procmux$5283.
    dead port 2/2 on $mux $procmux$4062.
    dead port 2/2 on $mux $procmux$4060.
    dead port 2/2 on $mux $procmux$4375.
    dead port 2/2 on $mux $flatten\gen_r_arbiter[0].u_rr.$procmux$5285.
    dead port 1/2 on $mux $flatten\gen_r_arbiter[0].u_rr.$procmux$5294.
    dead port 2/2 on $mux $procmux$4053.
    dead port 2/2 on $mux $procmux$4051.
    dead port 1/2 on $mux $flatten\gen_r_arbiter[0].u_rr.$procmux$5297.
    dead port 2/2 on $mux $flatten\gen_r_arbiter[0].u_rr.$procmux$5299.
    dead port 2/2 on $mux $procmux$4044.
    dead port 2/2 on $mux $procmux$4042.
    dead port 2/2 on $mux $flatten\gen_r_arbiter[0].u_rr.$procmux$5002.
    dead port 1/2 on $mux $flatten\gen_r_arbiter[0].u_rr.$procmux$5308.
    dead port 1/2 on $mux $flatten\gen_r_arbiter[0].u_rr.$procmux$5311.
    dead port 1/2 on $mux $flatten\gen_r_arbiter[1].u_rr.$procmux$5249.
    dead port 2/2 on $mux $flatten\gen_r_arbiter[0].u_rr.$procmux$5313.
    dead port 2/2 on $mux $procmux$4026.
    dead port 2/2 on $mux $procmux$4024.
    dead port 2/2 on $mux $flatten\gen_r_arbiter[0].u_rr.$procmux$5026.
    dead port 1/2 on $mux $flatten\gen_r_arbiter[0].u_rr.$procmux$5322.
    dead port 1/2 on $mux $flatten\gen_r_arbiter[0].u_rr.$procmux$4830.
    dead port 2/2 on $mux $flatten\gen_r_arbiter[0].u_rr.$procmux$5324.
    dead port 2/2 on $mux $procmux$4022.
    dead port 2/2 on $mux $procmux$4013.
    dead port 2/2 on $mux $procmux$4011.
    dead port 1/2 on $mux $flatten\gen_r_arbiter[0].u_rr.$procmux$5333.
    dead port 1/2 on $mux $flatten\gen_r_arbiter[0].u_rr.$procmux$4833.
    dead port 2/2 on $mux $procmux$4009.
    dead port 2/2 on $mux $procmux$4001.
    dead port 2/2 on $mux $procmux$3999.
    dead port 2/2 on $mux $procmux$4369.
    dead port 2/2 on $mux $flatten\gen_r_arbiter[0].u_rr.$procmux$5335.
    dead port 1/2 on $mux $flatten\gen_r_arbiter[0].u_rr.$procmux$5344.
    dead port 2/2 on $mux $procmux$3997.
    dead port 1/4 on $pmux $flatten\gen_r_arbiter[1].u_rr.$procmux$4870.
    dead port 2/4 on $pmux $flatten\gen_r_arbiter[1].u_rr.$procmux$4870.
    dead port 3/4 on $pmux $flatten\gen_r_arbiter[1].u_rr.$procmux$4870.
    dead port 1/2 on $mux $flatten\gen_r_arbiter[0].u_rr.$procmux$4836.
    dead port 1/2 on $mux $flatten\gen_r_arbiter[1].u_rr.$procmux$4867.
    dead port 1/2 on $mux $flatten\gen_r_arbiter[1].u_rr.$procmux$4864.
    dead port 2/2 on $mux $flatten\gen_r_arbiter[0].u_rr.$procmux$5346.
    dead port 2/2 on $mux $procmux$3945.
    dead port 1/4 on $pmux $flatten\gen_r_arbiter[1].u_rr.$procmux$4856.
    dead port 2/4 on $pmux $flatten\gen_r_arbiter[1].u_rr.$procmux$4856.
    dead port 3/4 on $pmux $flatten\gen_r_arbiter[1].u_rr.$procmux$4856.
    dead port 2/2 on $mux $flatten\gen_r_arbiter[1].u_rr.$procmux$5362.
    dead port 1/2 on $mux $flatten\gen_r_arbiter[1].u_rr.$procmux$4853.
    dead port 1/2 on $mux $flatten\gen_r_arbiter[1].u_rr.$procmux$4850.
    dead port 1/2 on $mux $flatten\gen_r_arbiter[1].u_rr.$procmux$4847.
    dead port 2/2 on $mux $flatten\gen_r_arbiter[0].u_rr.$procmux$5354.
    dead port 1/4 on $pmux $flatten\gen_r_arbiter[1].u_rr.$procmux$4839.
    dead port 2/4 on $pmux $flatten\gen_r_arbiter[1].u_rr.$procmux$4839.
    dead port 3/4 on $pmux $flatten\gen_r_arbiter[1].u_rr.$procmux$4839.
    dead port 1/4 on $pmux $flatten\gen_r_arbiter[0].u_rr.$procmux$4839.
    dead port 2/4 on $pmux $flatten\gen_r_arbiter[0].u_rr.$procmux$4839.
    dead port 3/4 on $pmux $flatten\gen_r_arbiter[0].u_rr.$procmux$4839.
    dead port 1/2 on $mux $flatten\gen_r_arbiter[1].u_rr.$procmux$4836.
    dead port 1/2 on $mux $flatten\gen_r_arbiter[1].u_rr.$procmux$4833.
    dead port 1/2 on $mux $flatten\gen_r_arbiter[1].u_rr.$procmux$4830.
    dead port 2/2 on $mux $flatten\gen_r_arbiter[0].u_rr.$procmux$5362.
    dead port 1/4 on $pmux $flatten\gen_r_arbiter[1].u_rr.$procmux$4822.
    dead port 2/4 on $pmux $flatten\gen_r_arbiter[1].u_rr.$procmux$4822.
    dead port 3/4 on $pmux $flatten\gen_r_arbiter[1].u_rr.$procmux$4822.
    dead port 1/2 on $mux $flatten\gen_r_arbiter[1].u_rr.$procmux$4819.
    dead port 1/2 on $mux $flatten\gen_r_arbiter[1].u_rr.$procmux$4816.
    dead port 1/2 on $mux $flatten\gen_r_arbiter[1].u_rr.$procmux$4813.
    dead port 2/2 on $mux $flatten\gen_r_arbiter[0].u_rr.$procmux$5370.
    dead port 2/2 on $mux $flatten\gen_r_arbiter[1].u_rr.$procmux$5271.
    dead port 2/2 on $mux $procmux$3909.
    dead port 2/2 on $mux $flatten\gen_r_arbiter[1].u_rr.$procmux$5354.
    dead port 2/2 on $mux $procmux$3903.
    dead port 1/2 on $mux $flatten\gen_r_arbiter[1].u_rr.$procmux$5024.
    dead port 1/2 on $mux $flatten\gen_r_arbiter[0].u_rr.$procmux$4847.
    dead port 1/2 on $mux $flatten\gen_r_arbiter[0].u_rr.$procmux$4850.
    dead port 2/2 on $mux $procmux$3897.
    dead port 1/2 on $mux $flatten\gen_r_arbiter[0].u_rr.$procmux$5033.
    dead port 1/2 on $mux $flatten\gen_r_arbiter[0].u_rr.$procmux$4853.
    dead port 1/4 on $pmux $flatten\gen_r_arbiter[0].u_rr.$procmux$4856.
    dead port 2/4 on $pmux $flatten\gen_r_arbiter[0].u_rr.$procmux$4856.
    dead port 3/4 on $pmux $flatten\gen_r_arbiter[0].u_rr.$procmux$4856.
    dead port 2/2 on $mux $procmux$3891.
    dead port 1/2 on $mux $flatten\gen_r_arbiter[0].u_rr.$procmux$5036.
    dead port 2/2 on $mux $flatten\gen_r_arbiter[1].u_rr.$procmux$5370.
    dead port 2/2 on $mux $procmux$3885.
    dead port 1/2 on $mux $flatten\gen_r_arbiter[1].u_rr.$procmux$5246.
    dead port 1/2 on $mux $flatten\gen_r_arbiter[1].u_rr.$procmux$5280.
    dead port 1/2 on $mux $flatten\gen_r_arbiter[1].u_rr.$procmux$5283.
    dead port 2/2 on $mux $flatten\gen_r_arbiter[1].u_rr.$procmux$5285.
    dead port 2/2 on $mux $flatten\gen_r_arbiter[1].u_rr.$procmux$4768.
    dead port 2/2 on $mux $procmux$4363.
    dead port 2/2 on $mux $flatten\gen_r_arbiter[1].u_rr.$procmux$5213.
    dead port 1/2 on $mux $flatten\gen_r_arbiter[0].u_rr.$procmux$4864.
    dead port 1/2 on $mux $flatten\gen_r_arbiter[1].u_rr.$procmux$5021.
    dead port 2/2 on $mux $procmux$3850.
    dead port 2/2 on $mux $procmux$3848.
    dead port 2/2 on $mux $flatten\gen_r_arbiter[0].u_rr.$procmux$5038.
    dead port 1/2 on $mux $flatten\gen_r_arbiter[0].u_rr.$procmux$4867.
    dead port 2/2 on $mux $procmux$3841.
    dead port 2/2 on $mux $procmux$3839.
    dead port 2/2 on $mux $flatten\gen_r_arbiter[2].u_rr.$procmux$4715.
    dead port 2/2 on $mux $flatten\gen_r_arbiter[2].u_rr.$procmux$4724.
    dead port 1/2 on $mux $flatten\gen_r_arbiter[1].u_rr.$procmux$5294.
    dead port 1/2 on $mux $flatten\gen_r_arbiter[1].u_rr.$procmux$5297.
    dead port 2/2 on $mux $flatten\gen_r_arbiter[1].u_rr.$procmux$5299.
    dead port 2/2 on $mux $flatten\gen_r_arbiter[1].u_rr.$procmux$4750.
    dead port 2/2 on $mux $procmux$3823.
    dead port 2/2 on $mux $procmux$3821.
    dead port 1/2 on $mux $flatten\gen_r_arbiter[0].u_rr.$procmux$5045.
    dead port 2/2 on $mux $flatten\gen_r_arbiter[2].u_rr.$procmux$4726.
    dead port 2/2 on $mux $procmux$3814.
    dead port 2/2 on $mux $procmux$3812.
    dead port 1/2 on $mux $flatten\gen_r_arbiter[1].u_rr.$procmux$4994.
    dead port 2/2 on $mux $procmux$3805.
    dead port 2/2 on $mux $procmux$3803.
    dead port 2/2 on $mux $flatten\gen_r_arbiter[2].u_rr.$procmux$4732.
    dead port 2/2 on $mux $flatten\gen_r_arbiter[1].u_rr.$procmux$5206.
    dead port 2/2 on $mux $flatten\gen_r_arbiter[1].u_rr.$procmux$4987.
    dead port 2/2 on $mux $procmux$3787.
    dead port 2/2 on $mux $procmux$3785.
    dead port 1/2 on $mux $flatten\gen_r_arbiter[1].u_rr.$procmux$5269.
    dead port 2/2 on $mux $procmux$3783.
    dead port 2/2 on $mux $procmux$3774.
    dead port 2/2 on $mux $procmux$3772.
    dead port 1/2 on $mux $flatten\gen_r_arbiter[1].u_rr.$procmux$4985.
    dead port 2/2 on $mux $flatten\gen_r_arbiter[1].u_rr.$procmux$5199.
    dead port 1/4 on $pmux $flatten\gen_r_arbiter[0].u_rr.$procmux$4870.
    dead port 2/4 on $pmux $flatten\gen_r_arbiter[0].u_rr.$procmux$4870.
    dead port 3/4 on $pmux $flatten\gen_r_arbiter[0].u_rr.$procmux$4870.
    dead port 2/2 on $mux $procmux$3770.
    dead port 2/2 on $mux $procmux$3762.
    dead port 2/2 on $mux $procmux$3760.
    dead port 1/2 on $mux $flatten\gen_r_arbiter[1].u_rr.$procmux$4982.
    dead port 1/2 on $mux $flatten\gen_r_arbiter[1].u_rr.$procmux$5197.
    dead port 2/2 on $mux $procmux$3758.
    dead port 2/2 on $mux $flatten\gen_r_arbiter[1].u_rr.$procmux$4744.
    dead port 2/2 on $mux $procmux$3745.
    dead port 2/2 on $mux $flatten\gen_r_arbiter[1].u_rr.$procmux$4738.
    dead port 2/2 on $mux $flatten\gen_r_arbiter[1].u_rr.$procmux$4732.
    dead port 2/2 on $mux $procmux$3715.
    dead port 2/2 on $mux $procmux$3705.
    dead port 2/2 on $mux $procmux$3695.
    dead port 2/2 on $mux $procmux$3679.
    dead port 2/2 on $mux $flatten\gen_r_arbiter[1].u_rr.$procmux$4726.
    dead port 2/2 on $mux $flatten\gen_r_arbiter[1].u_rr.$procmux$4724.
    dead port 2/2 on $mux $procmux$3649.
    dead port 2/2 on $mux $procmux$3639.
    dead port 2/2 on $mux $procmux$3629.
    dead port 2/2 on $mux $procmux$3613.
    dead port 2/2 on $mux $flatten\gen_r_arbiter[1].u_rr.$procmux$4715.
    dead port 2/2 on $mux $flatten\gen_r_arbiter[1].u_rr.$procmux$4713.
    dead port 2/2 on $mux $procmux$4662.
    dead port 2/2 on $mux $procmux$3583.
    dead port 2/2 on $mux $procmux$3573.
    dead port 2/2 on $mux $procmux$3563.
    dead port 1/2 on $mux $flatten\gen_r_arbiter[1].u_rr.$procmux$5308.
    dead port 1/2 on $mux $flatten\gen_r_arbiter[1].u_rr.$procmux$5311.
    dead port 2/2 on $mux $procmux$3514.
    dead port 2/2 on $mux $procmux$3512.
    dead port 2/2 on $mux $flatten\gen_r_arbiter[1].u_rr.$procmux$5313.
    dead port 2/2 on $mux $procmux$3499.
    dead port 2/2 on $mux $procmux$3487.
    dead port 2/2 on $mux $procmux$3475.
    dead port 2/2 on $mux $procmux$3457.
    dead port 2/2 on $mux $procmux$3455.
    dead port 2/2 on $mux $procmux$3441.
    dead port 2/2 on $mux $procmux$3439.
    dead port 2/2 on $mux $procmux$3425.
    dead port 2/2 on $mux $procmux$3423.
    dead port 2/2 on $mux $procmux$3409.
    dead port 2/2 on $mux $flatten\gen_r_arbiter[1].u_rr.$procmux$5189.
    dead port 1/2 on $mux $procmux$3397.
    dead port 1/2 on $mux $procmux$3394.
    dead port 1/2 on $mux $flatten\gen_r_arbiter[1].u_rr.$procmux$5187.
    dead port 1/2 on $mux $procmux$3382.
    dead port 1/2 on $mux $procmux$3370.
    dead port 2/2 on $mux $flatten\gen_r_arbiter[2].u_rr.$procmux$5370.
    dead port 2/2 on $mux $flatten\gen_r_arbiter[1].u_rr.$procmux$5179.
    dead port 1/2 on $mux $procmux$3358.
    dead port 2/2 on $mux $flatten\gen_r_arbiter[2].u_rr.$procmux$4713.
    dead port 1/2 on $mux $procmux$3340.
    dead port 1/2 on $mux $procmux$3337.
    dead port 1/2 on $mux $procmux$3324.
    dead port 1/2 on $mux $procmux$3321.
    dead port 1/2 on $mux $procmux$3308.
    dead port 1/2 on $mux $procmux$3305.
    dead port 1/2 on $mux $procmux$3292.
    dead port 2/2 on $mux $flatten\gen_r_arbiter[2].u_rr.$procmux$5362.
    dead port 2/2 on $mux $flatten\gen_r_arbiter[2].u_rr.$procmux$5354.
    dead port 1/2 on $mux $flatten\gen_r_arbiter[1].u_rr.$procmux$5177.
    dead port 2/2 on $mux $flatten\gen_r_arbiter[2].u_rr.$procmux$5346.
    dead port 1/2 on $mux $flatten\gen_r_arbiter[2].u_rr.$procmux$5344.
    dead port 2/2 on $mux $flatten\gen_r_arbiter[2].u_rr.$procmux$5335.
    dead port 2/2 on $mux $procmux$3250.
    dead port 2/2 on $mux $procmux$3248.
    dead port 2/2 on $mux $flatten\gen_r_arbiter[1].u_rr.$procmux$5169.
    dead port 1/2 on $mux $flatten\gen_r_arbiter[2].u_rr.$procmux$5333.
    dead port 2/2 on $mux $procmux$3235.
    dead port 2/2 on $mux $flatten\gen_r_arbiter[2].u_rr.$procmux$5324.
    dead port 2/2 on $mux $procmux$3223.
    dead port 1/2 on $mux $flatten\gen_r_arbiter[2].u_rr.$procmux$5322.
    dead port 2/2 on $mux $procmux$3211.
    dead port 2/2 on $mux $flatten\gen_r_arbiter[2].u_rr.$procmux$5313.
    dead port 2/2 on $mux $procmux$3193.
    dead port 2/2 on $mux $procmux$3191.
    dead port 2/2 on $mux $procmux$3177.
    dead port 2/2 on $mux $procmux$3175.
    dead port 2/2 on $mux $procmux$3161.
    dead port 2/2 on $mux $procmux$3159.
    dead port 2/2 on $mux $procmux$3145.
    dead port 1/2 on $mux $flatten\gen_r_arbiter[1].u_rr.$procmux$5167.
    dead port 1/2 on $mux $flatten\gen_r_arbiter[2].u_rr.$procmux$5311.
    dead port 1/2 on $mux $procmux$3133.
    dead port 1/2 on $mux $procmux$3130.
    dead port 1/2 on $mux $flatten\gen_r_arbiter[2].u_rr.$procmux$5308.
    dead port 1/2 on $mux $procmux$3118.
    dead port 2/2 on $mux $flatten\gen_r_arbiter[2].u_rr.$procmux$5299.
    dead port 1/2 on $mux $flatten\gen_r_arbiter[1].u_rr.$procmux$5164.
    dead port 1/2 on $mux $procmux$3106.
    dead port 1/2 on $mux $flatten\gen_r_arbiter[2].u_rr.$procmux$5297.
    dead port 1/2 on $mux $flatten\gen_r_arbiter[2].u_rr.$procmux$5294.
    dead port 1/2 on $mux $procmux$3094.
    dead port 2/2 on $mux $flatten\gen_r_arbiter[2].u_rr.$procmux$5285.
    dead port 1/2 on $mux $procmux$3076.
    dead port 1/2 on $mux $procmux$3073.
    dead port 1/2 on $mux $procmux$3060.
    dead port 1/2 on $mux $procmux$3057.
    dead port 1/2 on $mux $procmux$3044.
    dead port 1/2 on $mux $procmux$3041.
    dead port 1/2 on $mux $procmux$3028.
    dead port 1/2 on $mux $flatten\gen_r_arbiter[2].u_rr.$procmux$5283.
    dead port 1/2 on $mux $flatten\gen_r_arbiter[2].u_rr.$procmux$5280.
    dead port 2/2 on $mux $flatten\gen_r_arbiter[2].u_rr.$procmux$5271.
    dead port 2/2 on $mux $flatten\gen_r_arbiter[1].u_rr.$procmux$5156.
    dead port 1/2 on $mux $flatten\gen_r_arbiter[2].u_rr.$procmux$5269.
    dead port 1/2 on $mux $flatten\gen_r_arbiter[2].u_rr.$procmux$5266.
    dead port 1/2 on $mux $flatten\gen_r_arbiter[2].u_rr.$procmux$5263.
    dead port 2/2 on $mux $flatten\gen_r_arbiter[2].u_rr.$procmux$5254.
    dead port 2/2 on $mux $procmux$2986.
    dead port 2/2 on $mux $procmux$2984.
    dead port 1/2 on $mux $flatten\gen_r_arbiter[0].u_rr.$procmux$4878.
    dead port 1/2 on $mux $flatten\gen_r_arbiter[2].u_rr.$procmux$5252.
    dead port 2/2 on $mux $procmux$2971.
    dead port 1/2 on $mux $flatten\gen_r_arbiter[2].u_rr.$procmux$5249.
    dead port 1/2 on $mux $flatten\gen_r_arbiter[2].u_rr.$procmux$5246.
    dead port 2/2 on $mux $procmux$2959.
    dead port 2/2 on $mux $flatten\gen_r_arbiter[2].u_rr.$procmux$5237.
    dead port 2/2 on $mux $procmux$2947.
    dead port 1/2 on $mux $flatten\gen_r_arbiter[1].u_rr.$procmux$5154.
    dead port 1/2 on $mux $flatten\gen_r_arbiter[2].u_rr.$procmux$5235.
    dead port 2/2 on $mux $procmux$2929.
    dead port 2/2 on $mux $procmux$2927.
    dead port 2/2 on $mux $procmux$2913.
    dead port 2/2 on $mux $procmux$2911.
    dead port 2/2 on $mux $procmux$2897.
    dead port 2/2 on $mux $procmux$2895.
    dead port 2/2 on $mux $procmux$2881.
    dead port 1/2 on $mux $flatten\gen_r_arbiter[2].u_rr.$procmux$5232.
    dead port 1/2 on $mux $flatten\gen_r_arbiter[2].u_rr.$procmux$5229.
    dead port 1/2 on $mux $procmux$2869.
    dead port 1/2 on $mux $procmux$2866.
    dead port 2/2 on $mux $flatten\gen_r_arbiter[2].u_rr.$procmux$5220.
    dead port 1/2 on $mux $procmux$2854.
    dead port 1/2 on $mux $flatten\gen_r_arbiter[1].u_rr.$procmux$5151.
    dead port 1/2 on $mux $procmux$2842.
    dead port 2/2 on $mux $flatten\gen_r_arbiter[2].u_rr.$procmux$5213.
    dead port 1/2 on $mux $procmux$2830.
    dead port 2/2 on $mux $flatten\gen_r_arbiter[2].u_rr.$procmux$5206.
    dead port 1/2 on $mux $procmux$2812.
    dead port 1/2 on $mux $procmux$2809.
    dead port 1/2 on $mux $procmux$2796.
    dead port 1/2 on $mux $procmux$2793.
    dead port 1/2 on $mux $procmux$2780.
    dead port 1/2 on $mux $procmux$2777.
    dead port 1/2 on $mux $procmux$2764.
    dead port 2/2 on $mux $flatten\gen_r_arbiter[1].u_rr.$procmux$5143.
    dead port 2/2 on $mux $flatten\gen_r_arbiter[2].u_rr.$procmux$5199.
    dead port 1/2 on $mux $flatten\gen_r_arbiter[0].u_rr.$procmux$4881.
    dead port 1/2 on $mux $flatten\gen_r_arbiter[2].u_rr.$procmux$5197.
    dead port 2/2 on $mux $flatten\gen_r_arbiter[2].u_rr.$procmux$5189.
    dead port 1/2 on $mux $flatten\gen_r_arbiter[1].u_rr.$procmux$5141.
    dead port 1/2 on $mux $flatten\gen_r_arbiter[2].u_rr.$procmux$5187.
    dead port 2/2 on $mux $flatten\gen_r_arbiter[2].u_rr.$procmux$5179.
    dead port 1/2 on $mux $flatten\gen_r_arbiter[1].u_rr.$procmux$5138.
    dead port 1/2 on $mux $flatten\gen_r_arbiter[2].u_rr.$procmux$5177.
    dead port 2/2 on $mux $procmux$2698.
    dead port 2/2 on $mux $procmux$2696.
    dead port 2/2 on $mux $procmux$2691.
    dead port 2/2 on $mux $procmux$2683.
    dead port 2/2 on $mux $procmux$2675.
    dead port 2/2 on $mux $flatten\gen_r_arbiter[1].u_rr.$procmux$5130.
    dead port 2/2 on $mux $procmux$2667.
    dead port 1/2 on $mux $flatten\gen_r_arbiter[1].u_rr.$procmux$5266.
    dead port 2/2 on $mux $procmux$2659.
    dead port 1/2 on $mux $flatten\gen_r_arbiter[1].u_rr.$procmux$5128.
    dead port 2/2 on $mux $flatten\gen_r_arbiter[2].u_rr.$procmux$5169.
    dead port 1/2 on $mux $flatten\gen_r_arbiter[1].u_rr.$procmux$5125.
    dead port 1/2 on $mux $flatten\gen_r_arbiter[2].u_rr.$procmux$5167.
    dead port 1/2 on $mux $flatten\gen_r_arbiter[2].u_rr.$procmux$5164.
    dead port 2/2 on $mux $flatten\gen_r_arbiter[2].u_rr.$procmux$5156.
    dead port 1/2 on $mux $flatten\gen_r_arbiter[1].u_rr.$procmux$5122.
    dead port 1/2 on $mux $flatten\gen_r_arbiter[2].u_rr.$procmux$5154.
    dead port 1/2 on $mux $flatten\gen_r_arbiter[2].u_rr.$procmux$5151.
    dead port 2/2 on $mux $flatten\gen_r_arbiter[2].u_rr.$procmux$5143.
    dead port 1/2 on $mux $flatten\gen_r_arbiter[2].u_rr.$procmux$5141.
    dead port 1/2 on $mux $flatten\gen_r_arbiter[2].u_rr.$procmux$5138.
    dead port 2/2 on $mux $flatten\gen_r_arbiter[2].u_rr.$procmux$5130.
    dead port 2/2 on $mux $flatten\gen_r_arbiter[1].u_rr.$procmux$5114.
    dead port 1/2 on $mux $flatten\gen_r_arbiter[2].u_rr.$procmux$5128.
    dead port 1/2 on $mux $flatten\gen_r_arbiter[2].u_rr.$procmux$5125.
    dead port 1/2 on $mux $flatten\gen_r_arbiter[2].u_rr.$procmux$5122.
    dead port 2/2 on $mux $flatten\gen_r_arbiter[2].u_rr.$procmux$5114.
    dead port 2/2 on $mux $procmux$4626.
    dead port 2/2 on $mux $procmux$2599.
    dead port 2/2 on $mux $procmux$2597.
    dead port 1/2 on $mux $flatten\gen_r_arbiter[2].u_rr.$procmux$5112.
    dead port 1/2 on $mux $flatten\gen_r_arbiter[2].u_rr.$procmux$5109.
    dead port 1/2 on $mux $flatten\gen_r_arbiter[2].u_rr.$procmux$5106.
    dead port 2/2 on $mux $procmux$2583.
    dead port 2/2 on $mux $flatten\gen_r_arbiter[2].u_rr.$procmux$5099.
    dead port 1/4 on $pmux $flatten\gen_r_arbiter[0].u_rr.$procmux$4884.
    dead port 2/4 on $pmux $flatten\gen_r_arbiter[0].u_rr.$procmux$4884.
    dead port 3/4 on $pmux $flatten\gen_r_arbiter[0].u_rr.$procmux$4884.
    dead port 1/2 on $mux $flatten\gen_r_arbiter[2].u_rr.$procmux$5097.
    dead port 2/2 on $mux $procmux$2568.
    dead port 1/2 on $mux $flatten\gen_r_arbiter[1].u_rr.$procmux$5263.
    dead port 1/2 on $mux $flatten\gen_r_arbiter[2].u_rr.$procmux$5094.
    dead port 1/2 on $mux $flatten\gen_r_arbiter[2].u_rr.$procmux$5091.
    dead port 2/2 on $mux $procmux$2553.
    dead port 2/2 on $mux $flatten\gen_r_arbiter[2].u_rr.$procmux$5083.
    dead port 2/2 on $mux $procmux$4620.
    dead port 2/2 on $mux $procmux$2538.
    dead port 2/2 on $mux $procmux$2531.
    dead port 2/2 on $mux $procmux$2524.
    dead port 2/2 on $mux $procmux$2522.
    dead port 2/2 on $mux $procmux$2516.
    dead port 2/2 on $mux $procmux$2514.
    dead port 1/2 on $mux $flatten\gen_r_arbiter[0].u_rr.$procmux$4892.
    dead port 2/2 on $mux $procmux$2508.
    dead port 2/2 on $mux $procmux$2506.
    dead port 1/2 on $mux $flatten\gen_r_arbiter[0].u_rr.$procmux$4895.
    dead port 2/2 on $mux $procmux$2500.
    dead port 2/2 on $mux $procmux$2498.
    dead port 2/2 on $mux $procmux$2494.
    dead port 2/2 on $mux $procmux$4614.
    dead port 2/2 on $mux $procmux$2488.
    dead port 2/2 on $mux $procmux$2482.
    dead port 2/2 on $mux $procmux$2476.
    dead port 2/2 on $mux $procmux$2470.
    dead port 1/4 on $pmux $flatten\gen_r_arbiter[0].u_rr.$procmux$4898.
    dead port 2/4 on $pmux $flatten\gen_r_arbiter[0].u_rr.$procmux$4898.
    dead port 3/4 on $pmux $flatten\gen_r_arbiter[0].u_rr.$procmux$4898.
    dead port 2/2 on $mux $procmux$2464.
    dead port 2/2 on $mux $procmux$2457.
    dead port 2/2 on $mux $procmux$2455.
    dead port 2/2 on $mux $procmux$2450.
    dead port 2/2 on $mux $procmux$2448.
    dead port 2/2 on $mux $procmux$4608.
    dead port 2/2 on $mux $procmux$2443.
    dead port 2/2 on $mux $procmux$2441.
    dead port 2/2 on $mux $procmux$2436.
    dead port 2/2 on $mux $procmux$2429.
    dead port 2/2 on $mux $procmux$2427.
    dead port 2/2 on $mux $flatten\gen_r_arbiter[0].u_rr.$procmux$5047.
    dead port 2/2 on $mux $procmux$2423.
    dead port 2/2 on $mux $procmux$2421.
    dead port 2/2 on $mux $procmux$2417.
    dead port 2/2 on $mux $procmux$2415.
    dead port 2/2 on $mux $procmux$2411.
    dead port 2/2 on $mux $flatten\gen_r_arbiter[2].u_rr.$procmux$5077.
    dead port 1/2 on $mux $flatten\gen_r_arbiter[0].u_rr.$procmux$4906.
    dead port 2/2 on $mux $flatten\gen_r_arbiter[2].u_rr.$procmux$5071.
    dead port 2/2 on $mux $procmux$4602.
    dead port 2/2 on $mux $flatten\gen_r_arbiter[2].u_rr.$procmux$5065.
    dead port 1/2 on $mux $flatten\gen_r_arbiter[2].u_rr.$procmux$5063.
    dead port 2/2 on $mux $flatten\gen_r_arbiter[2].u_rr.$procmux$5056.
    dead port 1/2 on $mux $flatten\gen_r_arbiter[2].u_rr.$procmux$5054.
    dead port 2/2 on $mux $procmux$2344.
    dead port 2/2 on $mux $procmux$2342.
    dead port 2/2 on $mux $procmux$2337.
    dead port 2/2 on $mux $procmux$2329.
    dead port 2/2 on $mux $procmux$2321.
    dead port 1/4 on $pmux $flatten\gen_r_arbiter[0].u_rr.$procmux$4909.
    dead port 2/4 on $pmux $flatten\gen_r_arbiter[0].u_rr.$procmux$4909.
    dead port 3/4 on $pmux $flatten\gen_r_arbiter[0].u_rr.$procmux$4909.
    dead port 2/2 on $mux $procmux$2313.
    dead port 2/2 on $mux $procmux$2305.
    dead port 2/2 on $mux $flatten\gen_r_arbiter[2].u_rr.$procmux$5047.
    dead port 1/2 on $mux $flatten\gen_r_arbiter[1].u_rr.$procmux$5112.
    dead port 1/2 on $mux $flatten\gen_r_arbiter[2].u_rr.$procmux$5045.
    dead port 2/2 on $mux $flatten\gen_r_arbiter[2].u_rr.$procmux$5038.
    dead port 1/2 on $mux $flatten\gen_r_arbiter[1].u_rr.$procmux$5109.
    dead port 1/2 on $mux $flatten\gen_r_arbiter[2].u_rr.$procmux$5036.
    dead port 1/2 on $mux $flatten\gen_r_arbiter[2].u_rr.$procmux$5033.
    dead port 2/2 on $mux $flatten\gen_r_arbiter[2].u_rr.$procmux$5026.
    dead port 1/2 on $mux $flatten\gen_r_arbiter[1].u_rr.$procmux$5106.
    dead port 1/2 on $mux $flatten\gen_r_arbiter[2].u_rr.$procmux$5024.
    dead port 1/2 on $mux $flatten\gen_r_arbiter[2].u_rr.$procmux$5021.
    dead port 2/2 on $mux $flatten\gen_r_arbiter[2].u_rr.$procmux$5014.
    dead port 2/2 on $mux $flatten\gen_r_arbiter[1].u_rr.$procmux$5099.
    dead port 1/2 on $mux $flatten\gen_r_arbiter[2].u_rr.$procmux$5012.
    dead port 1/2 on $mux $flatten\gen_r_arbiter[2].u_rr.$procmux$5009.
    dead port 2/2 on $mux $flatten\gen_r_arbiter[2].u_rr.$procmux$5002.
    dead port 1/2 on $mux $flatten\gen_r_arbiter[2].u_rr.$procmux$5000.
    dead port 1/2 on $mux $flatten\gen_r_arbiter[2].u_rr.$procmux$4997.
    dead port 2/2 on $mux $procmux$2245.
    dead port 2/2 on $mux $procmux$2243.
    dead port 1/2 on $mux $flatten\gen_r_arbiter[2].u_rr.$procmux$4994.
    dead port 2/2 on $mux $flatten\gen_r_arbiter[2].u_rr.$procmux$4987.
    dead port 2/2 on $mux $procmux$2229.
    dead port 1/2 on $mux $flatten\gen_r_arbiter[0].u_rr.$procmux$5054.
    dead port 1/2 on $mux $flatten\gen_r_arbiter[2].u_rr.$procmux$4985.
    dead port 1/2 on $mux $flatten\gen_r_arbiter[2].u_rr.$procmux$4982.
    dead port 2/2 on $mux $procmux$2214.
    dead port 1/2 on $mux $flatten\gen_r_arbiter[0].u_rr.$procmux$4917.
    dead port 1/2 on $mux $flatten\gen_r_arbiter[2].u_rr.$procmux$4979.
    dead port 2/2 on $mux $flatten\gen_r_arbiter[2].u_rr.$procmux$4972.
    dead port 2/2 on $mux $procmux$2199.
    dead port 1/4 on $pmux $flatten\gen_r_arbiter[0].u_rr.$procmux$4920.
    dead port 2/4 on $pmux $flatten\gen_r_arbiter[0].u_rr.$procmux$4920.
    dead port 3/4 on $pmux $flatten\gen_r_arbiter[0].u_rr.$procmux$4920.
    dead port 1/2 on $mux $flatten\gen_r_arbiter[2].u_rr.$procmux$4970.
    dead port 1/2 on $mux $flatten\gen_r_arbiter[2].u_rr.$procmux$4967.
    dead port 2/2 on $mux $procmux$2184.
    dead port 2/2 on $mux $procmux$2177.
    dead port 2/2 on $mux $procmux$2170.
    dead port 2/2 on $mux $procmux$2168.
    dead port 2/2 on $mux $procmux$2162.
    dead port 2/2 on $mux $procmux$2160.
    dead port 2/2 on $mux $flatten\gen_r_arbiter[0].u_rr.$procmux$4713.
    dead port 2/2 on $mux $procmux$2154.
    dead port 2/2 on $mux $procmux$2152.
    dead port 2/2 on $mux $flatten\gen_r_arbiter[0].u_rr.$procmux$4715.
    dead port 2/2 on $mux $procmux$2146.
    dead port 2/2 on $mux $procmux$2144.
    dead port 2/2 on $mux $procmux$2140.
    dead port 2/2 on $mux $procmux$2134.
    dead port 2/2 on $mux $procmux$2128.
    dead port 2/2 on $mux $procmux$2122.
    dead port 2/2 on $mux $procmux$2116.
    dead port 1/2 on $mux $flatten\gen_r_arbiter[0].u_rr.$procmux$4928.
    dead port 2/2 on $mux $procmux$2110.
    dead port 2/2 on $mux $procmux$2103.
    dead port 2/2 on $mux $procmux$2101.
    dead port 1/4 on $pmux $flatten\gen_r_arbiter[0].u_rr.$procmux$4931.
    dead port 2/4 on $pmux $flatten\gen_r_arbiter[0].u_rr.$procmux$4931.
    dead port 3/4 on $pmux $flatten\gen_r_arbiter[0].u_rr.$procmux$4931.
    dead port 2/2 on $mux $procmux$2096.
    dead port 2/2 on $mux $procmux$2094.
    dead port 2/2 on $mux $procmux$2089.
    dead port 2/2 on $mux $procmux$2087.
    dead port 2/2 on $mux $procmux$2082.
    dead port 2/2 on $mux $procmux$2074.
    dead port 2/2 on $mux $procmux$2072.
    dead port 2/2 on $mux $procmux$2068.
    dead port 2/2 on $mux $procmux$2066.
    dead port 2/2 on $mux $procmux$4567.
    dead port 2/2 on $mux $procmux$2062.
    dead port 2/2 on $mux $procmux$2060.
    dead port 2/2 on $mux $procmux$4565.
    dead port 2/2 on $mux $procmux$2056.
    dead port 2/2 on $mux $flatten\gen_r_arbiter[1].u_rr.$procmux$5014.
    dead port 1/2 on $mux $flatten\gen_r_arbiter[2].u_rr.$procmux$4964.
    dead port 1/4 on $pmux $flatten\gen_r_arbiter[2].u_rr.$procmux$4955.
    dead port 2/4 on $pmux $flatten\gen_r_arbiter[2].u_rr.$procmux$4955.
    dead port 3/4 on $pmux $flatten\gen_r_arbiter[2].u_rr.$procmux$4955.
    dead port 2/2 on $mux $procmux$4558.
    dead port 1/4 on $pmux $flatten\gen_r_arbiter[2].u_rr.$procmux$4947.
    dead port 2/4 on $pmux $flatten\gen_r_arbiter[2].u_rr.$procmux$4947.
    dead port 3/4 on $pmux $flatten\gen_r_arbiter[2].u_rr.$procmux$4947.
    dead port 2/2 on $mux $procmux$4556.
    dead port 2/2 on $mux $flatten\gen_r_arbiter[0].u_rr.$procmux$4768.
    dead port 2/2 on $mux $procmux$1990.
    dead port 2/2 on $mux $procmux$1988.
    dead port 2/2 on $mux $procmux$1983.
    dead port 2/2 on $mux $procmux$1975.
    dead port 2/2 on $mux $procmux$1967.
    dead port 1/4 on $pmux $flatten\gen_r_arbiter[0].u_rr.$procmux$4939.
    dead port 2/4 on $pmux $flatten\gen_r_arbiter[0].u_rr.$procmux$4939.
    dead port 3/4 on $pmux $flatten\gen_r_arbiter[0].u_rr.$procmux$4939.
    dead port 2/2 on $mux $procmux$1959.
    dead port 2/2 on $mux $flatten\gen_r_arbiter[0].u_rr.$procmux$4724.
    dead port 2/2 on $mux $procmux$1951.
    dead port 1/2 on $mux $flatten\gen_r_arbiter[1].u_rr.$procmux$5097.
    dead port 1/4 on $pmux $flatten\gen_r_arbiter[2].u_rr.$procmux$4939.
    dead port 2/4 on $pmux $flatten\gen_r_arbiter[2].u_rr.$procmux$4939.
    dead port 3/4 on $pmux $flatten\gen_r_arbiter[2].u_rr.$procmux$4939.
    dead port 1/2 on $mux $flatten\gen_r_arbiter[1].u_rr.$procmux$5094.
    dead port 1/2 on $mux $flatten\gen_r_arbiter[1].u_rr.$procmux$5091.
    dead port 1/4 on $pmux $flatten\gen_r_arbiter[2].u_rr.$procmux$4931.
    dead port 2/4 on $pmux $flatten\gen_r_arbiter[2].u_rr.$procmux$4931.
    dead port 3/4 on $pmux $flatten\gen_r_arbiter[2].u_rr.$procmux$4931.
    dead port 2/2 on $mux $flatten\gen_r_arbiter[1].u_rr.$procmux$5083.
    dead port 1/2 on $mux $flatten\gen_r_arbiter[2].u_rr.$procmux$4928.
    dead port 2/2 on $mux $flatten\gen_r_arbiter[0].u_rr.$procmux$4726.
    dead port 1/4 on $pmux $flatten\gen_r_arbiter[2].u_rr.$procmux$4920.
    dead port 2/4 on $pmux $flatten\gen_r_arbiter[2].u_rr.$procmux$4920.
    dead port 3/4 on $pmux $flatten\gen_r_arbiter[2].u_rr.$procmux$4920.
    dead port 2/2 on $mux $procmux$4540.
    dead port 1/2 on $mux $flatten\gen_r_arbiter[2].u_rr.$procmux$4917.
    dead port 2/2 on $mux $procmux$4538.
    dead port 2/2 on $mux $flatten\gen_r_arbiter[0].u_rr.$procmux$5056.
    dead port 1/4 on $pmux $flatten\gen_r_arbiter[2].u_rr.$procmux$4909.
    dead port 2/4 on $pmux $flatten\gen_r_arbiter[2].u_rr.$procmux$4909.
    dead port 3/4 on $pmux $flatten\gen_r_arbiter[2].u_rr.$procmux$4909.
    dead port 1/2 on $mux $flatten\gen_r_arbiter[2].u_rr.$procmux$4906.
    dead port 1/4 on $pmux $flatten\gen_r_arbiter[0].u_rr.$procmux$4947.
    dead port 2/4 on $pmux $flatten\gen_r_arbiter[0].u_rr.$procmux$4947.
    dead port 3/4 on $pmux $flatten\gen_r_arbiter[0].u_rr.$procmux$4947.
    dead port 2/2 on $mux $procmux$1891.
    dead port 2/2 on $mux $procmux$1889.
    dead port 1/4 on $pmux $flatten\gen_r_arbiter[2].u_rr.$procmux$4898.
    dead port 2/4 on $pmux $flatten\gen_r_arbiter[2].u_rr.$procmux$4898.
    dead port 3/4 on $pmux $flatten\gen_r_arbiter[2].u_rr.$procmux$4898.
    dead port 2/2 on $mux $procmux$4531.
    dead port 1/2 on $mux $flatten\gen_r_arbiter[2].u_rr.$procmux$4895.
    dead port 2/2 on $mux $procmux$1875.
    dead port 2/2 on $mux $procmux$4529.
    dead port 1/2 on $mux $flatten\gen_r_arbiter[2].u_rr.$procmux$4892.
    dead port 2/2 on $mux $procmux$1860.
    dead port 2/2 on $mux $flatten\gen_r_arbiter[0].u_rr.$procmux$4732.
    dead port 1/4 on $pmux $flatten\gen_r_arbiter[2].u_rr.$procmux$4884.
    dead port 2/4 on $pmux $flatten\gen_r_arbiter[2].u_rr.$procmux$4884.
    dead port 3/4 on $pmux $flatten\gen_r_arbiter[2].u_rr.$procmux$4884.
    dead port 2/2 on $mux $procmux$1845.
    dead port 1/2 on $mux $flatten\gen_r_arbiter[2].u_rr.$procmux$4881.
    dead port 1/2 on $mux $flatten\gen_r_arbiter[2].u_rr.$procmux$4878.
    dead port 2/2 on $mux $procmux$1830.
    dead port 2/2 on $mux $procmux$4522.
    dead port 2/2 on $mux $procmux$1823.
    dead port 2/2 on $mux $procmux$4520.
    dead port 2/2 on $mux $procmux$1816.
    dead port 2/2 on $mux $procmux$1814.
    dead port 2/2 on $mux $procmux$1808.
    dead port 2/2 on $mux $procmux$1806.
    dead port 2/2 on $mux $flatten\gen_r_arbiter[0].u_rr.$procmux$4738.
    dead port 2/2 on $mux $procmux$1800.
    dead port 2/2 on $mux $procmux$1798.
    dead port 1/4 on $pmux $flatten\gen_r_arbiter[0].u_rr.$procmux$4955.
    dead port 2/4 on $pmux $flatten\gen_r_arbiter[0].u_rr.$procmux$4955.
    dead port 3/4 on $pmux $flatten\gen_r_arbiter[0].u_rr.$procmux$4955.
    dead port 2/2 on $mux $procmux$1792.
    dead port 2/2 on $mux $procmux$1790.
    dead port 2/2 on $mux $procmux$1786.
    dead port 2/2 on $mux $procmux$1780.
    dead port 2/2 on $mux $procmux$1774.
    dead port 2/2 on $mux $procmux$1768.
    dead port 2/2 on $mux $procmux$1762.
    dead port 2/2 on $mux $procmux$1756.
    dead port 2/2 on $mux $flatten\gen_r_arbiter[0].u_rr.$procmux$4744.
    dead port 2/2 on $mux $procmux$1749.
    dead port 2/2 on $mux $procmux$1747.
    dead port 2/2 on $mux $procmux$1742.
    dead port 2/2 on $mux $procmux$1740.
    dead port 1/2 on $mux $flatten\gen_r_arbiter[0].u_rr.$procmux$4964.
    dead port 2/2 on $mux $procmux$1735.
    dead port 2/2 on $mux $procmux$1733.
    dead port 2/2 on $mux $procmux$1728.
    dead port 2/2 on $mux $procmux$4504.
    dead port 2/2 on $mux $procmux$1720.
    dead port 2/2 on $mux $procmux$1718.
    dead port 2/2 on $mux $procmux$4502.
    dead port 2/2 on $mux $procmux$1714.
    dead port 2/2 on $mux $procmux$1712.
    dead port 2/2 on $mux $procmux$1708.
    dead port 2/2 on $mux $procmux$1706.
    dead port 1/2 on $mux $flatten\gen_r_arbiter[0].u_rr.$procmux$4967.
    dead port 2/2 on $mux $procmux$1702.
    dead port 1/2 on $mux $flatten\gen_r_arbiter[0].u_rr.$procmux$4970.
    dead port 2/2 on $mux $procmux$4500.
    dead port 1/4 on $pmux $flatten\gen_r_arbiter[2].u_rr.$procmux$4870.
    dead port 2/4 on $pmux $flatten\gen_r_arbiter[2].u_rr.$procmux$4870.
    dead port 3/4 on $pmux $flatten\gen_r_arbiter[2].u_rr.$procmux$4870.
    dead port 1/2 on $mux $flatten\gen_r_arbiter[2].u_rr.$procmux$4867.
    dead port 1/2 on $mux $flatten\gen_r_arbiter[2].u_rr.$procmux$4864.
    dead port 2/2 on $mux $procmux$4491.
    dead port 1/4 on $pmux $flatten\gen_r_arbiter[2].u_rr.$procmux$4856.
    dead port 2/4 on $pmux $flatten\gen_r_arbiter[2].u_rr.$procmux$4856.
    dead port 3/4 on $pmux $flatten\gen_r_arbiter[2].u_rr.$procmux$4856.
    dead port 2/2 on $mux $procmux$4489.
    dead port 1/2 on $mux $flatten\gen_r_arbiter[2].u_rr.$procmux$4853.
    dead port 1/2 on $mux $flatten\gen_r_arbiter[2].u_rr.$procmux$4850.
    dead port 2/2 on $mux $procmux$1636.
    dead port 2/2 on $mux $procmux$1634.
    dead port 2/2 on $mux $procmux$1629.
    dead port 2/2 on $mux $procmux$1621.
    dead port 1/2 on $mux $flatten\gen_r_arbiter[0].u_rr.$procmux$5063.
    dead port 2/2 on $mux $procmux$1613.
    dead port 2/2 on $mux $flatten\gen_r_arbiter[0].u_rr.$procmux$4972.
    dead port 2/2 on $mux $procmux$1605.
    dead port 2/2 on $mux $procmux$1597.
    dead port 1/2 on $mux $flatten\gen_r_arbiter[0].u_rr.$procmux$4979.
    dead port 1/2 on $mux $flatten\gen_r_arbiter[2].u_rr.$procmux$4847.
    dead port 2/2 on $mux $procmux$4487.
    dead port 1/4 on $pmux $flatten\gen_r_arbiter[2].u_rr.$procmux$4839.
    dead port 2/4 on $pmux $flatten\gen_r_arbiter[2].u_rr.$procmux$4839.
    dead port 3/4 on $pmux $flatten\gen_r_arbiter[2].u_rr.$procmux$4839.
    dead port 1/2 on $mux $flatten\gen_r_arbiter[2].u_rr.$procmux$4836.
    dead port 1/2 on $mux $flatten\gen_r_arbiter[2].u_rr.$procmux$4833.
    dead port 1/2 on $mux $flatten\gen_r_arbiter[2].u_rr.$procmux$4830.
    dead port 2/2 on $mux $procmux$4479.
    dead port 2/2 on $mux $procmux$4477.
    dead port 1/4 on $pmux $flatten\gen_r_arbiter[2].u_rr.$procmux$4822.
    dead port 2/4 on $pmux $flatten\gen_r_arbiter[2].u_rr.$procmux$4822.
    dead port 3/4 on $pmux $flatten\gen_r_arbiter[2].u_rr.$procmux$4822.
    dead port 1/2 on $mux $flatten\gen_r_arbiter[2].u_rr.$procmux$4819.
    dead port 1/2 on $mux $flatten\gen_r_arbiter[2].u_rr.$procmux$4816.
    dead port 1/2 on $mux $flatten\gen_r_arbiter[2].u_rr.$procmux$4813.
    dead port 2/2 on $mux $procmux$1537.
    dead port 2/2 on $mux $procmux$1535.
    dead port 1/2 on $mux $flatten\gen_r_arbiter[0].u_rr.$procmux$4982.
    dead port 1/2 on $mux $flatten\gen_r_arbiter[1].u_rr.$procmux$5322.
    dead port 1/2 on $mux $flatten\gen_r_arbiter[0].u_rr.$procmux$4985.
    dead port 2/2 on $mux $flatten\gen_r_arbiter[1].u_rr.$procmux$5324.
    dead port 2/2 on $mux $procmux$1521.
    dead port 2/2 on $mux $flatten\gen_r_arbiter[0].u_rr.$procmux$4750.
    dead port 1/2 on $mux $flatten\gen_r_arbiter[1].u_rr.$procmux$5333.
    dead port 2/2 on $mux $procmux$4475.
    dead port 2/2 on $mux $procmux$1506.
    dead port 2/2 on $mux $flatten\gen_r_arbiter[1].u_rr.$procmux$5335.
    dead port 2/2 on $mux $flatten\gen_r_arbiter[2].u_rr.$procmux$4768.
    dead port 2/2 on $mux $procmux$1491.
    dead port 1/2 on $mux $flatten\gen_r_arbiter[1].u_rr.$procmux$5344.
    dead port 2/2 on $mux $flatten\gen_r_arbiter[1].u_rr.$procmux$5077.
    dead port 2/2 on $mux $procmux$1476.
    dead port 2/2 on $mux $procmux$1469.
    dead port 2/2 on $mux $procmux$1462.
    dead port 2/2 on $mux $procmux$1460.
    dead port 2/2 on $mux $procmux$1454.
    dead port 2/2 on $mux $procmux$1452.
    dead port 2/2 on $mux $procmux$1446.
    dead port 2/2 on $mux $procmux$1444.
    dead port 2/2 on $mux $procmux$1438.
    dead port 2/2 on $mux $procmux$1436.
    dead port 2/2 on $mux $procmux$1432.
    dead port 2/2 on $mux $procmux$1426.
    dead port 2/2 on $mux $flatten\gen_r_arbiter[0].u_rr.$procmux$4987.
    dead port 2/2 on $mux $procmux$1420.
    dead port 2/2 on $mux $procmux$1414.
    dead port 2/2 on $mux $flatten\gen_r_arbiter[1].u_rr.$procmux$5071.
    dead port 2/2 on $mux $procmux$1408.
    dead port 2/2 on $mux $procmux$1402.
    dead port 2/2 on $mux $procmux$1395.
    dead port 2/2 on $mux $procmux$1393.
    dead port 2/2 on $mux $flatten\gen_r_arbiter[1].u_rr.$procmux$5065.
    dead port 2/2 on $mux $procmux$1388.
    dead port 2/2 on $mux $procmux$1386.
    dead port 2/2 on $mux $procmux$1381.
    dead port 2/2 on $mux $procmux$1379.
    dead port 2/2 on $mux $procmux$4423.
    dead port 2/2 on $mux $procmux$1374.
    dead port 2/2 on $mux $procmux$1366.
    dead port 2/2 on $mux $procmux$1364.
    dead port 2/2 on $mux $flatten\gen_r_arbiter[0].u_rr.$procmux$5065.
    dead port 2/2 on $mux $procmux$1360.
    dead port 2/2 on $mux $procmux$1358.
    dead port 2/2 on $mux $procmux$1354.
    dead port 2/2 on $mux $procmux$1352.
    dead port 2/2 on $mux $procmux$1348.
    dead port 2/2 on $mux $flatten\gen_r_arbiter[1].u_rr.$procmux$5254.
    dead port 2/2 on $mux $flatten\gen_r_arbiter[1].u_rr.$procmux$5346.
    dead port 2/2 on $mux $flatten\gen_r_arbiter[2].u_rr.$procmux$4750.
    dead port 1/2 on $mux $flatten\gen_r_arbiter[0].u_rr.$procmux$4994.
    dead port 1/2 on $mux $flatten\gen_r_arbiter[1].u_rr.$procmux$5063.
    dead port 2/2 on $mux $flatten\gen_r_arbiter[2].u_rr.$procmux$4744.
    dead port 2/2 on $mux $flatten\gen_r_arbiter[2].u_rr.$procmux$4738.
    dead port 2/2 on $mux $flatten\gen_r_arbiter[1].u_rr.$procmux$5056.
    dead port 1/2 on $mux $flatten\gen_r_arbiter[0].u_rr.$procmux$4997.
    dead port 1/2 on $mux $flatten\gen_r_arbiter[1].u_rr.$procmux$5054.
    dead port 2/2 on $mux $flatten\gen_r_arbiter[1].u_rr.$procmux$5047.
    dead port 1/2 on $mux $flatten\gen_r_arbiter[0].u_rr.$procmux$5000.
    dead port 1/2 on $mux $flatten\gen_r_arbiter[1].u_rr.$procmux$5045.
    dead port 2/2 on $mux $flatten\gen_r_arbiter[1].u_rr.$procmux$5038.
    dead port 1/2 on $mux $flatten\gen_r_arbiter[1].u_rr.$procmux$5036.
    dead port 1/2 on $mux $flatten\gen_r_arbiter[1].u_rr.$procmux$5033.
Removed 811 multiplexer ports.
<suppressed ~26418 debug messages>

3.12.4. Executing OPT_REDUCE pass (consolidate $*mux and $reduce_* inputs).
  Optimizing cells in module \axi_r_response_router.
  Optimizing cells in module \axi_r_response_router.
Performed a total of 4 changes.

3.12.5. Executing OPT_MERGE pass (detect identical cells).
Finding identical cells in module `\axi_r_response_router'.
Computing hashes of 925 cells of `\axi_r_response_router'.
Finding duplicate cells in `\axi_r_response_router'.
Computing hashes of 901 cells of `\axi_r_response_router'.
Finding duplicate cells in `\axi_r_response_router'.
Computing hashes of 895 cells of `\axi_r_response_router'.
Finding duplicate cells in `\axi_r_response_router'.
Computing hashes of 889 cells of `\axi_r_response_router'.
Finding duplicate cells in `\axi_r_response_router'.
<suppressed ~108 debug messages>
Removed a total of 36 cells.

3.12.6. Executing OPT_DFF pass (perform DFF optimizations).

3.12.7. Executing OPT_CLEAN pass (remove unused cells and wires).
Finding unused cells or wires in module \axi_r_response_router..
Removed 0 unused cells and 1276 unused wires.
<suppressed ~1 debug messages>

3.12.8. Executing OPT_EXPR pass (perform const folding).
Optimizing module axi_r_response_router.

3.12.9. Rerunning OPT passes. (Maybe there is more to do..)

3.12.10. Executing OPT_MUXTREE pass (detect dead branches in mux trees).
Running muxtree optimizer on module \axi_r_response_router..
  Creating internal representation of mux trees.
  Evaluating internal representation of mux trees.
  Analyzing evaluation results.
Removed 0 multiplexer ports.
<suppressed ~10171 debug messages>

3.12.11. Executing OPT_REDUCE pass (consolidate $*mux and $reduce_* inputs).
  Optimizing cells in module \axi_r_response_router.
Performed a total of 0 changes.

3.12.12. Executing OPT_MERGE pass (detect identical cells).
Finding identical cells in module `\axi_r_response_router'.
Computing hashes of 889 cells of `\axi_r_response_router'.
Finding duplicate cells in `\axi_r_response_router'.
Removed a total of 0 cells.

3.12.13. Executing OPT_DFF pass (perform DFF optimizations).

3.12.14. Executing OPT_CLEAN pass (remove unused cells and wires).
Finding unused cells or wires in module \axi_r_response_router..

3.12.15. Executing OPT_EXPR pass (perform const folding).
Optimizing module axi_r_response_router.

3.12.16. Finished fast OPT passes. (There is nothing left to do.)

3.13. Executing FSM pass (extract and optimize FSM).

3.13.1. Executing FSM_DETECT pass (finding FSMs in design).
Found FSM state register axi_r_response_router.gen_r_arbiter[0].u_rr.pointer_q.
Not marking axi_r_response_router.gen_r_arbiter[0].u_rr.grant_q as FSM state register:
    Users of register don't seem to benefit from recoding.
Found FSM state register axi_r_response_router.gen_r_arbiter[0].u_rr.selected_q.
Found FSM state register axi_r_response_router.gen_r_arbiter[1].u_rr.selected_q.
Not marking axi_r_response_router.gen_r_arbiter[1].u_rr.grant_q as FSM state register:
    Users of register don't seem to benefit from recoding.
Found FSM state register axi_r_response_router.gen_r_arbiter[1].u_rr.pointer_q.
Found FSM state register axi_r_response_router.gen_r_arbiter[2].u_rr.selected_q.
Not marking axi_r_response_router.gen_r_arbiter[2].u_rr.grant_q as FSM state register:
    Users of register don't seem to benefit from recoding.
Found FSM state register axi_r_response_router.gen_r_arbiter[2].u_rr.pointer_q.

3.13.2. Executing FSM_EXTRACT pass (extracting FSM from design).
Extracting FSM `\gen_r_arbiter[0].u_rr.pointer_q' from module `\axi_r_response_router'.
  found $adff cell for state register: $flatten\gen_r_arbiter[0].u_rr.$procdff$5443
  root of input selection tree: \gen_r_arbiter[0].u_rr.pointer_d
  found reset state: 2'00 (from async reset)
  found ctrl input: \gen_r_arbiter[0].u_rr.grant_valid_q
  found ctrl input: \gen_r_arbiter[0].u_rr.downstream_ready
  found ctrl input: $flatten\gen_r_arbiter[0].u_rr.$procmux$4710_CMP
  found ctrl input: $flatten\gen_r_arbiter[0].u_rr.$procmux$4711_CMP
  found ctrl input: $flatten\gen_r_arbiter[0].u_rr.$procmux$4712_CMP
  found state code: 2'11
  found state code: 2'10
  found state code: 2'01
  ctrl inputs: { \gen_r_arbiter[0].u_rr.downstream_ready \gen_r_arbiter[0].u_rr.grant_valid_q $flatten\gen_r_arbiter[0].u_rr.$procmux$4710_CMP $flatten\gen_r_arbiter[0].u_rr.$procmux$4711_CMP $flatten\gen_r_arbiter[0].u_rr.$procmux$4712_CMP }
  ctrl outputs: \gen_r_arbiter[0].u_rr.pointer_d
  transition:       2'00 5'-0--- ->       2'00 2'00
  transition:       2'00 5'01--- ->       2'00 2'00
  transition:       2'00 5'11000 ->       2'00 2'00
  transition:       2'00 5'11--1 ->       2'01 2'01
  transition:       2'00 5'11-1- ->       2'10 2'10
  transition:       2'00 5'111-- ->       2'11 2'11
  transition:       2'10 5'-0--- ->       2'10 2'10
  transition:       2'10 5'01--- ->       2'10 2'10
  transition:       2'10 5'11000 ->       2'00 2'00
  transition:       2'10 5'11--1 ->       2'01 2'01
  transition:       2'10 5'11-1- ->       2'10 2'10
  transition:       2'10 5'111-- ->       2'11 2'11
  transition:       2'01 5'-0--- ->       2'01 2'01
  transition:       2'01 5'01--- ->       2'01 2'01
  transition:       2'01 5'11000 ->       2'00 2'00
  transition:       2'01 5'11--1 ->       2'01 2'01
  transition:       2'01 5'11-1- ->       2'10 2'10
  transition:       2'01 5'111-- ->       2'11 2'11
  transition:       2'11 5'-0--- ->       2'11 2'11
  transition:       2'11 5'01--- ->       2'11 2'11
  transition:       2'11 5'11000 ->       2'00 2'00
  transition:       2'11 5'11--1 ->       2'01 2'01
  transition:       2'11 5'11-1- ->       2'10 2'10
  transition:       2'11 5'111-- ->       2'11 2'11
Extracting FSM `\gen_r_arbiter[0].u_rr.selected_q' from module `\axi_r_response_router'.
  found $adff cell for state register: $flatten\gen_r_arbiter[0].u_rr.$procdff$5458
  root of input selection tree: \gen_r_arbiter[0].u_rr.selected_d
  found reset state: 2'00 (from async reset)
  found ctrl input: \gen_r_arbiter[0].u_rr.grant_valid_q
  found ctrl input: $flatten\gen_r_arbiter[0].u_rr.$procmux$4823_CMP
  found ctrl input: $flatten\gen_r_arbiter[0].u_rr.$procmux$4824_CMP
  found ctrl input: $flatten\gen_r_arbiter[0].u_rr.$procmux$4825_CMP
  found ctrl input: \gen_r_arbiter[0].u_rr.request [3]
  found ctrl input: \gen_r_arbiter[0].u_rr.request [0]
  found ctrl input: \gen_r_arbiter[0].u_rr.request [1]
  found ctrl input: \gen_r_arbiter[0].u_rr.request [2]
  found state code: 2'10
  found state code: 2'01
  found state code: 2'11
  found ctrl input: \gen_r_arbiter[0].u_rr.downstream_ready
  found ctrl output: $flatten\gen_r_arbiter[0].u_rr.$procmux$4712_CMP
  found ctrl output: $flatten\gen_r_arbiter[0].u_rr.$procmux$4711_CMP
  found ctrl output: $flatten\gen_r_arbiter[0].u_rr.$procmux$4710_CMP
  ctrl inputs: { \gen_r_arbiter[0].u_rr.request \gen_r_arbiter[0].u_rr.downstream_ready \gen_r_arbiter[0].u_rr.grant_valid_q $flatten\gen_r_arbiter[0].u_rr.$procmux$4823_CMP $flatten\gen_r_arbiter[0].u_rr.$procmux$4824_CMP $flatten\gen_r_arbiter[0].u_rr.$procmux$4825_CMP }
  ctrl outputs: { \gen_r_arbiter[0].u_rr.selected_d $flatten\gen_r_arbiter[0].u_rr.$procmux$4710_CMP $flatten\gen_r_arbiter[0].u_rr.$procmux$4711_CMP $flatten\gen_r_arbiter[0].u_rr.$procmux$4712_CMP }
  transition:       2'00 9'0000-0000 ->       2'00 5'00001
  transition:       2'00 9'0100-0000 ->       2'10 5'10001
  transition:       2'00 9'0-10-0000 ->       2'01 5'01001
  transition:       2'00 9'0--1-0000 ->       2'00 5'00001
  transition:       2'00 9'1----0000 ->       2'11 5'11001
  transition:       2'00 9'0000-0--1 ->       2'00 5'00001
  transition:       2'00 9'1000-0--1 ->       2'11 5'11001
  transition:       2'00 9'-100-0--1 ->       2'10 5'10001
  transition:       2'00 9'--10-0--1 ->       2'01 5'01001
  transition:       2'00 9'---1-0--1 ->       2'00 5'00001
  transition:       2'00 9'000--0-1- ->       2'00 5'00001
  transition:       2'00 9'100--0-1- ->       2'11 5'11001
  transition:       2'00 9'-10--0-1- ->       2'10 5'10001
  transition:       2'00 9'--1--0-1- ->       2'01 5'01001
  transition:       2'00 9'0000-01-- ->       2'00 5'00001
  transition:       2'00 9'0010-01-- ->       2'01 5'01001
  transition:       2'00 9'00-1-01-- ->       2'00 5'00001
  transition:       2'00 9'10---01-- ->       2'11 5'11001
  transition:       2'00 9'-1---01-- ->       2'10 5'10001
  transition:       2'00 9'----01--- ->       2'00 5'00001
  transition:       2'00 9'000011000 ->       2'00 5'00001
  transition:       2'00 9'010011000 ->       2'10 5'10001
  transition:       2'00 9'0-1011000 ->       2'01 5'01001
  transition:       2'00 9'0--111000 ->       2'00 5'00001
  transition:       2'00 9'1---11000 ->       2'11 5'11001
  transition:       2'00 9'000011--1 ->       2'00 5'00001
  transition:       2'00 9'100011--1 ->       2'11 5'11001
  transition:       2'00 9'-10011--1 ->       2'10 5'10001
  transition:       2'00 9'--1011--1 ->       2'01 5'01001
  transition:       2'00 9'---111--1 ->       2'00 5'00001
  transition:       2'00 9'000-11-1- ->       2'00 5'00001
  transition:       2'00 9'100-11-1- ->       2'11 5'11001
  transition:       2'00 9'-10-11-1- ->       2'10 5'10001
  transition:       2'00 9'--1-11-1- ->       2'01 5'01001
  transition:       2'00 9'0000111-- ->       2'00 5'00001
  transition:       2'00 9'0010111-- ->       2'01 5'01001
  transition:       2'00 9'00-1111-- ->       2'00 5'00001
  transition:       2'00 9'10--111-- ->       2'11 5'11001
  transition:       2'00 9'-1--111-- ->       2'10 5'10001
  transition:       2'10 9'0000-0000 ->       2'00 5'00100
  transition:       2'10 9'0100-0000 ->       2'10 5'10100
  transition:       2'10 9'0-10-0000 ->       2'01 5'01100
  transition:       2'10 9'0--1-0000 ->       2'00 5'00100
  transition:       2'10 9'1----0000 ->       2'11 5'11100
  transition:       2'10 9'0000-0--1 ->       2'00 5'00100
  transition:       2'10 9'1000-0--1 ->       2'11 5'11100
  transition:       2'10 9'-100-0--1 ->       2'10 5'10100
  transition:       2'10 9'--10-0--1 ->       2'01 5'01100
  transition:       2'10 9'---1-0--1 ->       2'00 5'00100
  transition:       2'10 9'000--0-1- ->       2'00 5'00100
  transition:       2'10 9'100--0-1- ->       2'11 5'11100
  transition:       2'10 9'-10--0-1- ->       2'10 5'10100
  transition:       2'10 9'--1--0-1- ->       2'01 5'01100
  transition:       2'10 9'0000-01-- ->       2'00 5'00100
  transition:       2'10 9'0010-01-- ->       2'01 5'01100
  transition:       2'10 9'00-1-01-- ->       2'00 5'00100
  transition:       2'10 9'10---01-- ->       2'11 5'11100
  transition:       2'10 9'-1---01-- ->       2'10 5'10100
  transition:       2'10 9'----01--- ->       2'10 5'10100
  transition:       2'10 9'000011000 ->       2'00 5'00100
  transition:       2'10 9'010011000 ->       2'10 5'10100
  transition:       2'10 9'0-1011000 ->       2'01 5'01100
  transition:       2'10 9'0--111000 ->       2'00 5'00100
  transition:       2'10 9'1---11000 ->       2'11 5'11100
  transition:       2'10 9'000011--1 ->       2'00 5'00100
  transition:       2'10 9'100011--1 ->       2'11 5'11100
  transition:       2'10 9'-10011--1 ->       2'10 5'10100
  transition:       2'10 9'--1011--1 ->       2'01 5'01100
  transition:       2'10 9'---111--1 ->       2'00 5'00100
  transition:       2'10 9'000-11-1- ->       2'00 5'00100
  transition:       2'10 9'100-11-1- ->       2'11 5'11100
  transition:       2'10 9'-10-11-1- ->       2'10 5'10100
  transition:       2'10 9'--1-11-1- ->       2'01 5'01100
  transition:       2'10 9'0000111-- ->       2'00 5'00100
  transition:       2'10 9'0010111-- ->       2'01 5'01100
  transition:       2'10 9'00-1111-- ->       2'00 5'00100
  transition:       2'10 9'10--111-- ->       2'11 5'11100
  transition:       2'10 9'-1--111-- ->       2'10 5'10100
  transition:       2'01 9'0000-0000 ->       2'00 5'00010
  transition:       2'01 9'0100-0000 ->       2'10 5'10010
  transition:       2'01 9'0-10-0000 ->       2'01 5'01010
  transition:       2'01 9'0--1-0000 ->       2'00 5'00010
  transition:       2'01 9'1----0000 ->       2'11 5'11010
  transition:       2'01 9'0000-0--1 ->       2'00 5'00010
  transition:       2'01 9'1000-0--1 ->       2'11 5'11010
  transition:       2'01 9'-100-0--1 ->       2'10 5'10010
  transition:       2'01 9'--10-0--1 ->       2'01 5'01010
  transition:       2'01 9'---1-0--1 ->       2'00 5'00010
  transition:       2'01 9'000--0-1- ->       2'00 5'00010
  transition:       2'01 9'100--0-1- ->       2'11 5'11010
  transition:       2'01 9'-10--0-1- ->       2'10 5'10010
  transition:       2'01 9'--1--0-1- ->       2'01 5'01010
  transition:       2'01 9'0000-01-- ->       2'00 5'00010
  transition:       2'01 9'0010-01-- ->       2'01 5'01010
  transition:       2'01 9'00-1-01-- ->       2'00 5'00010
  transition:       2'01 9'10---01-- ->       2'11 5'11010
  transition:       2'01 9'-1---01-- ->       2'10 5'10010
  transition:       2'01 9'----01--- ->       2'01 5'01010
  transition:       2'01 9'000011000 ->       2'00 5'00010
  transition:       2'01 9'010011000 ->       2'10 5'10010
  transition:       2'01 9'0-1011000 ->       2'01 5'01010
  transition:       2'01 9'0--111000 ->       2'00 5'00010
  transition:       2'01 9'1---11000 ->       2'11 5'11010
  transition:       2'01 9'000011--1 ->       2'00 5'00010
  transition:       2'01 9'100011--1 ->       2'11 5'11010
  transition:       2'01 9'-10011--1 ->       2'10 5'10010
  transition:       2'01 9'--1011--1 ->       2'01 5'01010
  transition:       2'01 9'---111--1 ->       2'00 5'00010
  transition:       2'01 9'000-11-1- ->       2'00 5'00010
  transition:       2'01 9'100-11-1- ->       2'11 5'11010
  transition:       2'01 9'-10-11-1- ->       2'10 5'10010
  transition:       2'01 9'--1-11-1- ->       2'01 5'01010
  transition:       2'01 9'0000111-- ->       2'00 5'00010
  transition:       2'01 9'0010111-- ->       2'01 5'01010
  transition:       2'01 9'00-1111-- ->       2'00 5'00010
  transition:       2'01 9'10--111-- ->       2'11 5'11010
  transition:       2'01 9'-1--111-- ->       2'10 5'10010
  transition:       2'11 9'0000-0000 ->       2'00 5'00000
  transition:       2'11 9'0100-0000 ->       2'10 5'10000
  transition:       2'11 9'0-10-0000 ->       2'01 5'01000
  transition:       2'11 9'0--1-0000 ->       2'00 5'00000
  transition:       2'11 9'1----0000 ->       2'11 5'11000
  transition:       2'11 9'0000-0--1 ->       2'00 5'00000
  transition:       2'11 9'1000-0--1 ->       2'11 5'11000
  transition:       2'11 9'-100-0--1 ->       2'10 5'10000
  transition:       2'11 9'--10-0--1 ->       2'01 5'01000
  transition:       2'11 9'---1-0--1 ->       2'00 5'00000
  transition:       2'11 9'000--0-1- ->       2'00 5'00000
  transition:       2'11 9'100--0-1- ->       2'11 5'11000
  transition:       2'11 9'-10--0-1- ->       2'10 5'10000
  transition:       2'11 9'--1--0-1- ->       2'01 5'01000
  transition:       2'11 9'0000-01-- ->       2'00 5'00000
  transition:       2'11 9'0010-01-- ->       2'01 5'01000
  transition:       2'11 9'00-1-01-- ->       2'00 5'00000
  transition:       2'11 9'10---01-- ->       2'11 5'11000
  transition:       2'11 9'-1---01-- ->       2'10 5'10000
  transition:       2'11 9'----01--- ->       2'11 5'11000
  transition:       2'11 9'000011000 ->       2'00 5'00000
  transition:       2'11 9'010011000 ->       2'10 5'10000
  transition:       2'11 9'0-1011000 ->       2'01 5'01000
  transition:       2'11 9'0--111000 ->       2'00 5'00000
  transition:       2'11 9'1---11000 ->       2'11 5'11000
  transition:       2'11 9'000011--1 ->       2'00 5'00000
  transition:       2'11 9'100011--1 ->       2'11 5'11000
  transition:       2'11 9'-10011--1 ->       2'10 5'10000
  transition:       2'11 9'--1011--1 ->       2'01 5'01000
  transition:       2'11 9'---111--1 ->       2'00 5'00000
  transition:       2'11 9'000-11-1- ->       2'00 5'00000
  transition:       2'11 9'100-11-1- ->       2'11 5'11000
  transition:       2'11 9'-10-11-1- ->       2'10 5'10000
  transition:       2'11 9'--1-11-1- ->       2'01 5'01000
  transition:       2'11 9'0000111-- ->       2'00 5'00000
  transition:       2'11 9'0010111-- ->       2'01 5'01000
  transition:       2'11 9'00-1111-- ->       2'00 5'00000
  transition:       2'11 9'10--111-- ->       2'11 5'11000
  transition:       2'11 9'-1--111-- ->       2'10 5'10000
Extracting FSM `\gen_r_arbiter[1].u_rr.selected_q' from module `\axi_r_response_router'.
  found $adff cell for state register: $flatten\gen_r_arbiter[1].u_rr.$procdff$5458
  root of input selection tree: \gen_r_arbiter[1].u_rr.selected_d
  found reset state: 2'00 (from async reset)
  found ctrl input: \gen_r_arbiter[1].u_rr.grant_valid_q
  found ctrl input: $flatten\gen_r_arbiter[1].u_rr.$procmux$4823_CMP
  found ctrl input: $flatten\gen_r_arbiter[1].u_rr.$procmux$4824_CMP
  found ctrl input: $flatten\gen_r_arbiter[1].u_rr.$procmux$4825_CMP
  found ctrl input: \gen_r_arbiter[1].u_rr.request [3]
  found ctrl input: \gen_r_arbiter[1].u_rr.request [0]
  found ctrl input: \gen_r_arbiter[1].u_rr.request [1]
  found ctrl input: \gen_r_arbiter[1].u_rr.request [2]
  found state code: 2'10
  found state code: 2'01
  found state code: 2'11
  found ctrl input: \gen_r_arbiter[1].u_rr.downstream_ready
  found ctrl output: $flatten\gen_r_arbiter[1].u_rr.$procmux$4712_CMP
  found ctrl output: $flatten\gen_r_arbiter[1].u_rr.$procmux$4711_CMP
  found ctrl output: $flatten\gen_r_arbiter[1].u_rr.$procmux$4710_CMP
  ctrl inputs: { \gen_r_arbiter[1].u_rr.request \gen_r_arbiter[1].u_rr.downstream_ready \gen_r_arbiter[1].u_rr.grant_valid_q $flatten\gen_r_arbiter[1].u_rr.$procmux$4823_CMP $flatten\gen_r_arbiter[1].u_rr.$procmux$4824_CMP $flatten\gen_r_arbiter[1].u_rr.$procmux$4825_CMP }
  ctrl outputs: { \gen_r_arbiter[1].u_rr.selected_d $flatten\gen_r_arbiter[1].u_rr.$procmux$4710_CMP $flatten\gen_r_arbiter[1].u_rr.$procmux$4711_CMP $flatten\gen_r_arbiter[1].u_rr.$procmux$4712_CMP }
  transition:       2'00 9'0000-0000 ->       2'00 5'00001
  transition:       2'00 9'0100-0000 ->       2'10 5'10001
  transition:       2'00 9'0-10-0000 ->       2'01 5'01001
  transition:       2'00 9'0--1-0000 ->       2'00 5'00001
  transition:       2'00 9'1----0000 ->       2'11 5'11001
  transition:       2'00 9'0000-0--1 ->       2'00 5'00001
  transition:       2'00 9'1000-0--1 ->       2'11 5'11001
  transition:       2'00 9'-100-0--1 ->       2'10 5'10001
  transition:       2'00 9'--10-0--1 ->       2'01 5'01001
  transition:       2'00 9'---1-0--1 ->       2'00 5'00001
  transition:       2'00 9'000--0-1- ->       2'00 5'00001
  transition:       2'00 9'100--0-1- ->       2'11 5'11001
  transition:       2'00 9'-10--0-1- ->       2'10 5'10001
  transition:       2'00 9'--1--0-1- ->       2'01 5'01001
  transition:       2'00 9'0000-01-- ->       2'00 5'00001
  transition:       2'00 9'0010-01-- ->       2'01 5'01001
  transition:       2'00 9'00-1-01-- ->       2'00 5'00001
  transition:       2'00 9'10---01-- ->       2'11 5'11001
  transition:       2'00 9'-1---01-- ->       2'10 5'10001
  transition:       2'00 9'----01--- ->       2'00 5'00001
  transition:       2'00 9'000-11--0 ->       2'00 5'00001
  transition:       2'00 9'100-11--0 ->       2'11 5'11001
  transition:       2'00 9'-10-11--0 ->       2'10 5'10001
  transition:       2'00 9'--1-11--0 ->       2'01 5'01001
  transition:       2'10 9'0000-0000 ->       2'00 5'00100
  transition:       2'10 9'0100-0000 ->       2'10 5'10100
  transition:       2'10 9'0-10-0000 ->       2'01 5'01100
  transition:       2'10 9'0--1-0000 ->       2'00 5'00100
  transition:       2'10 9'1----0000 ->       2'11 5'11100
  transition:       2'10 9'0000-0--1 ->       2'00 5'00100
  transition:       2'10 9'1000-0--1 ->       2'11 5'11100
  transition:       2'10 9'-100-0--1 ->       2'10 5'10100
  transition:       2'10 9'--10-0--1 ->       2'01 5'01100
  transition:       2'10 9'---1-0--1 ->       2'00 5'00100
  transition:       2'10 9'000--0-1- ->       2'00 5'00100
  transition:       2'10 9'100--0-1- ->       2'11 5'11100
  transition:       2'10 9'-10--0-1- ->       2'10 5'10100
  transition:       2'10 9'--1--0-1- ->       2'01 5'01100
  transition:       2'10 9'0000-01-- ->       2'00 5'00100
  transition:       2'10 9'0010-01-- ->       2'01 5'01100
  transition:       2'10 9'00-1-01-- ->       2'00 5'00100
  transition:       2'10 9'10---01-- ->       2'11 5'11100
  transition:       2'10 9'-1---01-- ->       2'10 5'10100
  transition:       2'10 9'----01--- ->       2'10 5'10100
  transition:       2'10 9'000011--- ->       2'00 5'00100
  transition:       2'10 9'010011--- ->       2'10 5'10100
  transition:       2'10 9'0-1011--- ->       2'01 5'01100
  transition:       2'10 9'0--111--- ->       2'00 5'00100
  transition:       2'10 9'1---11--- ->       2'11 5'11100
  transition:       2'01 9'0000-0000 ->       2'00 5'00010
  transition:       2'01 9'0100-0000 ->       2'10 5'10010
  transition:       2'01 9'0-10-0000 ->       2'01 5'01010
  transition:       2'01 9'0--1-0000 ->       2'00 5'00010
  transition:       2'01 9'1----0000 ->       2'11 5'11010
  transition:       2'01 9'0000-0--1 ->       2'00 5'00010
  transition:       2'01 9'1000-0--1 ->       2'11 5'11010
  transition:       2'01 9'-100-0--1 ->       2'10 5'10010
  transition:       2'01 9'--10-0--1 ->       2'01 5'01010
  transition:       2'01 9'---1-0--1 ->       2'00 5'00010
  transition:       2'01 9'000--0-1- ->       2'00 5'00010
  transition:       2'01 9'100--0-1- ->       2'11 5'11010
  transition:       2'01 9'-10--0-1- ->       2'10 5'10010
  transition:       2'01 9'--1--0-1- ->       2'01 5'01010
  transition:       2'01 9'0000-01-- ->       2'00 5'00010
  transition:       2'01 9'0010-01-- ->       2'01 5'01010
  transition:       2'01 9'00-1-01-- ->       2'00 5'00010
  transition:       2'01 9'10---01-- ->       2'11 5'11010
  transition:       2'01 9'-1---01-- ->       2'10 5'10010
  transition:       2'01 9'----01--- ->       2'01 5'01010
  transition:       2'01 9'000011-00 ->       2'00 5'00010
  transition:       2'01 9'001011-00 ->       2'01 5'01010
  transition:       2'01 9'00-111-00 ->       2'00 5'00010
  transition:       2'01 9'10--11-00 ->       2'11 5'11010
  transition:       2'01 9'-1--11-00 ->       2'10 5'10010
  transition:       2'11 9'0000-0000 ->       2'00 5'00000
  transition:       2'11 9'0100-0000 ->       2'10 5'10000
  transition:       2'11 9'0-10-0000 ->       2'01 5'01000
  transition:       2'11 9'0--1-0000 ->       2'00 5'00000
  transition:       2'11 9'1----0000 ->       2'11 5'11000
  transition:       2'11 9'0000-0--1 ->       2'00 5'00000
  transition:       2'11 9'1000-0--1 ->       2'11 5'11000
  transition:       2'11 9'-100-0--1 ->       2'10 5'10000
  transition:       2'11 9'--10-0--1 ->       2'01 5'01000
  transition:       2'11 9'---1-0--1 ->       2'00 5'00000
  transition:       2'11 9'000--0-1- ->       2'00 5'00000
  transition:       2'11 9'100--0-1- ->       2'11 5'11000
  transition:       2'11 9'-10--0-1- ->       2'10 5'10000
  transition:       2'11 9'--1--0-1- ->       2'01 5'01000
  transition:       2'11 9'0000-01-- ->       2'00 5'00000
  transition:       2'11 9'0010-01-- ->       2'01 5'01000
  transition:       2'11 9'00-1-01-- ->       2'00 5'00000
  transition:       2'11 9'10---01-- ->       2'11 5'11000
  transition:       2'11 9'-1---01-- ->       2'10 5'10000
  transition:       2'11 9'----01--- ->       2'11 5'11000
  transition:       2'11 9'000011--- ->       2'00 5'00000
  transition:       2'11 9'100011--- ->       2'11 5'11000
  transition:       2'11 9'-10011--- ->       2'10 5'10000
  transition:       2'11 9'--1011--- ->       2'01 5'01000
  transition:       2'11 9'---111--- ->       2'00 5'00000
Extracting FSM `\gen_r_arbiter[1].u_rr.pointer_q' from module `\axi_r_response_router'.
  found $adff cell for state register: $flatten\gen_r_arbiter[1].u_rr.$procdff$5443
  root of input selection tree: \gen_r_arbiter[1].u_rr.pointer_d
  found reset state: 2'00 (from async reset)
  found ctrl input: \gen_r_arbiter[1].u_rr.grant_valid_q
  found ctrl input: \gen_r_arbiter[1].u_rr.downstream_ready
  found ctrl input: $flatten\gen_r_arbiter[1].u_rr.$procmux$4710_CMP
  found ctrl input: $flatten\gen_r_arbiter[1].u_rr.$procmux$4711_CMP
  found ctrl input: $flatten\gen_r_arbiter[1].u_rr.$procmux$4712_CMP
  found state code: 2'11
  found state code: 2'10
  found state code: 2'01
  ctrl inputs: { \gen_r_arbiter[1].u_rr.downstream_ready \gen_r_arbiter[1].u_rr.grant_valid_q $flatten\gen_r_arbiter[1].u_rr.$procmux$4710_CMP $flatten\gen_r_arbiter[1].u_rr.$procmux$4711_CMP $flatten\gen_r_arbiter[1].u_rr.$procmux$4712_CMP }
  ctrl outputs: \gen_r_arbiter[1].u_rr.pointer_d
  transition:       2'00 5'-0--- ->       2'00 2'00
  transition:       2'00 5'01--- ->       2'00 2'00
  transition:       2'00 5'11000 ->       2'00 2'00
  transition:       2'00 5'11--1 ->       2'01 2'01
  transition:       2'00 5'11-1- ->       2'10 2'10
  transition:       2'00 5'111-- ->       2'11 2'11
  transition:       2'10 5'-0--- ->       2'10 2'10
  transition:       2'10 5'01--- ->       2'10 2'10
  transition:       2'10 5'11000 ->       2'00 2'00
  transition:       2'10 5'11--1 ->       2'01 2'01
  transition:       2'10 5'11-1- ->       2'10 2'10
  transition:       2'10 5'111-- ->       2'11 2'11
  transition:       2'01 5'-0--- ->       2'01 2'01
  transition:       2'01 5'01--- ->       2'01 2'01
  transition:       2'01 5'11000 ->       2'00 2'00
  transition:       2'01 5'11--1 ->       2'01 2'01
  transition:       2'01 5'11-1- ->       2'10 2'10
  transition:       2'01 5'111-- ->       2'11 2'11
  transition:       2'11 5'-0--- ->       2'11 2'11
  transition:       2'11 5'01--- ->       2'11 2'11
  transition:       2'11 5'11000 ->       2'00 2'00
  transition:       2'11 5'11--1 ->       2'01 2'01
  transition:       2'11 5'11-1- ->       2'10 2'10
  transition:       2'11 5'111-- ->       2'11 2'11
Extracting FSM `\gen_r_arbiter[2].u_rr.selected_q' from module `\axi_r_response_router'.
  found $adff cell for state register: $flatten\gen_r_arbiter[2].u_rr.$procdff$5458
  root of input selection tree: \gen_r_arbiter[2].u_rr.selected_d
  found reset state: 2'00 (from async reset)
  found ctrl input: \gen_r_arbiter[2].u_rr.grant_valid_q
  found ctrl input: $flatten\gen_r_arbiter[2].u_rr.$procmux$4823_CMP
  found ctrl input: $flatten\gen_r_arbiter[2].u_rr.$procmux$4824_CMP
  found ctrl input: $flatten\gen_r_arbiter[2].u_rr.$procmux$4825_CMP
  found ctrl input: \gen_r_arbiter[2].u_rr.request [3]
  found ctrl input: \gen_r_arbiter[2].u_rr.request [0]
  found ctrl input: \gen_r_arbiter[2].u_rr.request [1]
  found ctrl input: \gen_r_arbiter[2].u_rr.request [2]
  found state code: 2'10
  found state code: 2'01
  found state code: 2'11
  found ctrl input: \gen_r_arbiter[2].u_rr.downstream_ready
  found ctrl output: $flatten\gen_r_arbiter[2].u_rr.$procmux$4711_CMP
  found ctrl output: $flatten\gen_r_arbiter[2].u_rr.$procmux$4710_CMP
  found ctrl output: $flatten\gen_r_arbiter[2].u_rr.$procmux$4712_CMP
  ctrl inputs: { \gen_r_arbiter[2].u_rr.request \gen_r_arbiter[2].u_rr.downstream_ready \gen_r_arbiter[2].u_rr.grant_valid_q $flatten\gen_r_arbiter[2].u_rr.$procmux$4823_CMP $flatten\gen_r_arbiter[2].u_rr.$procmux$4824_CMP $flatten\gen_r_arbiter[2].u_rr.$procmux$4825_CMP }
  ctrl outputs: { \gen_r_arbiter[2].u_rr.selected_d $flatten\gen_r_arbiter[2].u_rr.$procmux$4710_CMP $flatten\gen_r_arbiter[2].u_rr.$procmux$4711_CMP $flatten\gen_r_arbiter[2].u_rr.$procmux$4712_CMP }
  transition:       2'00 9'0000-0000 ->       2'00 5'00001
  transition:       2'00 9'0100-0000 ->       2'10 5'10001
  transition:       2'00 9'0-10-0000 ->       2'01 5'01001
  transition:       2'00 9'0--1-0000 ->       2'00 5'00001
  transition:       2'00 9'1----0000 ->       2'11 5'11001
  transition:       2'00 9'0000-0--1 ->       2'00 5'00001
  transition:       2'00 9'1000-0--1 ->       2'11 5'11001
  transition:       2'00 9'-100-0--1 ->       2'10 5'10001
  transition:       2'00 9'--10-0--1 ->       2'01 5'01001
  transition:       2'00 9'---1-0--1 ->       2'00 5'00001
  transition:       2'00 9'000--0-1- ->       2'00 5'00001
  transition:       2'00 9'100--0-1- ->       2'11 5'11001
  transition:       2'00 9'-10--0-1- ->       2'10 5'10001
  transition:       2'00 9'--1--0-1- ->       2'01 5'01001
  transition:       2'00 9'0000-01-- ->       2'00 5'00001
  transition:       2'00 9'0010-01-- ->       2'01 5'01001
  transition:       2'00 9'00-1-01-- ->       2'00 5'00001
  transition:       2'00 9'10---01-- ->       2'11 5'11001
  transition:       2'00 9'-1---01-- ->       2'10 5'10001
  transition:       2'00 9'----01--- ->       2'00 5'00001
  transition:       2'00 9'000-11--0 ->       2'00 5'00001
  transition:       2'00 9'100-11--0 ->       2'11 5'11001
  transition:       2'00 9'-10-11--0 ->       2'10 5'10001
  transition:       2'00 9'--1-11--0 ->       2'01 5'01001
  transition:       2'10 9'0000-0000 ->       2'00 5'00100
  transition:       2'10 9'0100-0000 ->       2'10 5'10100
  transition:       2'10 9'0-10-0000 ->       2'01 5'01100
  transition:       2'10 9'0--1-0000 ->       2'00 5'00100
  transition:       2'10 9'1----0000 ->       2'11 5'11100
  transition:       2'10 9'0000-0--1 ->       2'00 5'00100
  transition:       2'10 9'1000-0--1 ->       2'11 5'11100
  transition:       2'10 9'-100-0--1 ->       2'10 5'10100
  transition:       2'10 9'--10-0--1 ->       2'01 5'01100
  transition:       2'10 9'---1-0--1 ->       2'00 5'00100
  transition:       2'10 9'000--0-1- ->       2'00 5'00100
  transition:       2'10 9'100--0-1- ->       2'11 5'11100
  transition:       2'10 9'-10--0-1- ->       2'10 5'10100
  transition:       2'10 9'--1--0-1- ->       2'01 5'01100
  transition:       2'10 9'0000-01-- ->       2'00 5'00100
  transition:       2'10 9'0010-01-- ->       2'01 5'01100
  transition:       2'10 9'00-1-01-- ->       2'00 5'00100
  transition:       2'10 9'10---01-- ->       2'11 5'11100
  transition:       2'10 9'-1---01-- ->       2'10 5'10100
  transition:       2'10 9'----01--- ->       2'10 5'10100
  transition:       2'10 9'000011--- ->       2'00 5'00100
  transition:       2'10 9'010011--- ->       2'10 5'10100
  transition:       2'10 9'0-1011--- ->       2'01 5'01100
  transition:       2'10 9'0--111--- ->       2'00 5'00100
  transition:       2'10 9'1---11--- ->       2'11 5'11100
  transition:       2'01 9'0000-0000 ->       2'00 5'00010
  transition:       2'01 9'0100-0000 ->       2'10 5'10010
  transition:       2'01 9'0-10-0000 ->       2'01 5'01010
  transition:       2'01 9'0--1-0000 ->       2'00 5'00010
  transition:       2'01 9'1----0000 ->       2'11 5'11010
  transition:       2'01 9'0000-0--1 ->       2'00 5'00010
  transition:       2'01 9'1000-0--1 ->       2'11 5'11010
  transition:       2'01 9'-100-0--1 ->       2'10 5'10010
  transition:       2'01 9'--10-0--1 ->       2'01 5'01010
  transition:       2'01 9'---1-0--1 ->       2'00 5'00010
  transition:       2'01 9'000--0-1- ->       2'00 5'00010
  transition:       2'01 9'100--0-1- ->       2'11 5'11010
  transition:       2'01 9'-10--0-1- ->       2'10 5'10010
  transition:       2'01 9'--1--0-1- ->       2'01 5'01010
  transition:       2'01 9'0000-01-- ->       2'00 5'00010
  transition:       2'01 9'0010-01-- ->       2'01 5'01010
  transition:       2'01 9'00-1-01-- ->       2'00 5'00010
  transition:       2'01 9'10---01-- ->       2'11 5'11010
  transition:       2'01 9'-1---01-- ->       2'10 5'10010
  transition:       2'01 9'----01--- ->       2'01 5'01010
  transition:       2'01 9'000011-00 ->       2'00 5'00010
  transition:       2'01 9'001011-00 ->       2'01 5'01010
  transition:       2'01 9'00-111-00 ->       2'00 5'00010
  transition:       2'01 9'10--11-00 ->       2'11 5'11010
  transition:       2'01 9'-1--11-00 ->       2'10 5'10010
  transition:       2'11 9'0000-0000 ->       2'00 5'00000
  transition:       2'11 9'0100-0000 ->       2'10 5'10000
  transition:       2'11 9'0-10-0000 ->       2'01 5'01000
  transition:       2'11 9'0--1-0000 ->       2'00 5'00000
  transition:       2'11 9'1----0000 ->       2'11 5'11000
  transition:       2'11 9'0000-0--1 ->       2'00 5'00000
  transition:       2'11 9'1000-0--1 ->       2'11 5'11000
  transition:       2'11 9'-100-0--1 ->       2'10 5'10000
  transition:       2'11 9'--10-0--1 ->       2'01 5'01000
  transition:       2'11 9'---1-0--1 ->       2'00 5'00000
  transition:       2'11 9'000--0-1- ->       2'00 5'00000
  transition:       2'11 9'100--0-1- ->       2'11 5'11000
  transition:       2'11 9'-10--0-1- ->       2'10 5'10000
  transition:       2'11 9'--1--0-1- ->       2'01 5'01000
  transition:       2'11 9'0000-01-- ->       2'00 5'00000
  transition:       2'11 9'0010-01-- ->       2'01 5'01000
  transition:       2'11 9'00-1-01-- ->       2'00 5'00000
  transition:       2'11 9'10---01-- ->       2'11 5'11000
  transition:       2'11 9'-1---01-- ->       2'10 5'10000
  transition:       2'11 9'----01--- ->       2'11 5'11000
  transition:       2'11 9'000011--- ->       2'00 5'00000
  transition:       2'11 9'100011--- ->       2'11 5'11000
  transition:       2'11 9'-10011--- ->       2'10 5'10000
  transition:       2'11 9'--1011--- ->       2'01 5'01000
  transition:       2'11 9'---111--- ->       2'00 5'00000
Extracting FSM `\gen_r_arbiter[2].u_rr.pointer_q' from module `\axi_r_response_router'.
  found $adff cell for state register: $flatten\gen_r_arbiter[2].u_rr.$procdff$5443
  root of input selection tree: \gen_r_arbiter[2].u_rr.pointer_d
  found reset state: 2'00 (from async reset)
  found ctrl input: \gen_r_arbiter[2].u_rr.grant_valid_q
  found ctrl input: \gen_r_arbiter[2].u_rr.downstream_ready
  found ctrl input: $flatten\gen_r_arbiter[2].u_rr.$procmux$4710_CMP
  found ctrl input: $flatten\gen_r_arbiter[2].u_rr.$procmux$4711_CMP
  found ctrl input: $flatten\gen_r_arbiter[2].u_rr.$procmux$4712_CMP
  found state code: 2'11
  found state code: 2'10
  found state code: 2'01
  ctrl inputs: { \gen_r_arbiter[2].u_rr.downstream_ready \gen_r_arbiter[2].u_rr.grant_valid_q $flatten\gen_r_arbiter[2].u_rr.$procmux$4710_CMP $flatten\gen_r_arbiter[2].u_rr.$procmux$4711_CMP $flatten\gen_r_arbiter[2].u_rr.$procmux$4712_CMP }
  ctrl outputs: \gen_r_arbiter[2].u_rr.pointer_d
  transition:       2'00 5'-0--- ->       2'00 2'00
  transition:       2'00 5'01--- ->       2'00 2'00
  transition:       2'00 5'11000 ->       2'00 2'00
  transition:       2'00 5'11--1 ->       2'01 2'01
  transition:       2'00 5'11-1- ->       2'10 2'10
  transition:       2'00 5'111-- ->       2'11 2'11
  transition:       2'10 5'-0--- ->       2'10 2'10
  transition:       2'10 5'01--- ->       2'10 2'10
  transition:       2'10 5'11000 ->       2'00 2'00
  transition:       2'10 5'11--1 ->       2'01 2'01
  transition:       2'10 5'11-1- ->       2'10 2'10
  transition:       2'10 5'111-- ->       2'11 2'11
  transition:       2'01 5'-0--- ->       2'01 2'01
  transition:       2'01 5'01--- ->       2'01 2'01
  transition:       2'01 5'11000 ->       2'00 2'00
  transition:       2'01 5'11--1 ->       2'01 2'01
  transition:       2'01 5'11-1- ->       2'10 2'10
  transition:       2'01 5'111-- ->       2'11 2'11
  transition:       2'11 5'-0--- ->       2'11 2'11
  transition:       2'11 5'01--- ->       2'11 2'11
  transition:       2'11 5'11000 ->       2'00 2'00
  transition:       2'11 5'11--1 ->       2'01 2'01
  transition:       2'11 5'11-1- ->       2'10 2'10
  transition:       2'11 5'111-- ->       2'11 2'11

3.13.3. Executing FSM_OPT pass (simple optimizations of FSMs).
Optimizing FSM `$fsm$\gen_r_arbiter[2].u_rr.pointer_q$5481' from module `\axi_r_response_router'.
Optimizing FSM `$fsm$\gen_r_arbiter[2].u_rr.selected_q$5476' from module `\axi_r_response_router'.
Optimizing FSM `$fsm$\gen_r_arbiter[1].u_rr.pointer_q$5474' from module `\axi_r_response_router'.
Optimizing FSM `$fsm$\gen_r_arbiter[1].u_rr.selected_q$5469' from module `\axi_r_response_router'.
Optimizing FSM `$fsm$\gen_r_arbiter[0].u_rr.selected_q$5464' from module `\axi_r_response_router'.
Optimizing FSM `$fsm$\gen_r_arbiter[0].u_rr.pointer_q$5462' from module `\axi_r_response_router'.

3.13.4. Executing OPT_CLEAN pass (remove unused cells and wires).
Finding unused cells or wires in module \axi_r_response_router..
Removed 69 unused cells and 75 unused wires.
<suppressed ~79 debug messages>

3.13.5. Executing FSM_OPT pass (simple optimizations of FSMs).
Optimizing FSM `$fsm$\gen_r_arbiter[0].u_rr.pointer_q$5462' from module `\axi_r_response_router'.
Optimizing FSM `$fsm$\gen_r_arbiter[1].u_rr.selected_q$5469' from module `\axi_r_response_router'.
  Removing unused output signal \gen_r_arbiter[1].u_rr.selected_d [0].
  Removing unused output signal \gen_r_arbiter[1].u_rr.selected_d [1].
Optimizing FSM `$fsm$\gen_r_arbiter[1].u_rr.pointer_q$5474' from module `\axi_r_response_router'.
Optimizing FSM `$fsm$\gen_r_arbiter[0].u_rr.selected_q$5464' from module `\axi_r_response_router'.
  Removing unused output signal \gen_r_arbiter[0].u_rr.selected_d [0].
  Removing unused output signal \gen_r_arbiter[0].u_rr.selected_d [1].
Optimizing FSM `$fsm$\gen_r_arbiter[2].u_rr.selected_q$5476' from module `\axi_r_response_router'.
  Removing unused output signal \gen_r_arbiter[2].u_rr.selected_d [0].
  Removing unused output signal \gen_r_arbiter[2].u_rr.selected_d [1].
Optimizing FSM `$fsm$\gen_r_arbiter[2].u_rr.pointer_q$5481' from module `\axi_r_response_router'.

3.13.6. Executing FSM_RECODE pass (re-assigning FSM state encoding).
Recoding FSM `$fsm$\gen_r_arbiter[0].u_rr.pointer_q$5462' from module `\axi_r_response_router' using `auto' encoding:
  mapping auto encoding to `one-hot` for this FSM.
  00 -> ---1
  10 -> --1-
  01 -> -1--
  11 -> 1---
Recoding FSM `$fsm$\gen_r_arbiter[1].u_rr.selected_q$5469' from module `\axi_r_response_router' using `auto' encoding:
  mapping auto encoding to `one-hot` for this FSM.
  00 -> ---1
  10 -> --1-
  01 -> -1--
  11 -> 1---
Recoding FSM `$fsm$\gen_r_arbiter[1].u_rr.pointer_q$5474' from module `\axi_r_response_router' using `auto' encoding:
  mapping auto encoding to `one-hot` for this FSM.
  00 -> ---1
  10 -> --1-
  01 -> -1--
  11 -> 1---
Recoding FSM `$fsm$\gen_r_arbiter[0].u_rr.selected_q$5464' from module `\axi_r_response_router' using `auto' encoding:
  mapping auto encoding to `one-hot` for this FSM.
  00 -> ---1
  10 -> --1-
  01 -> -1--
  11 -> 1---
Recoding FSM `$fsm$\gen_r_arbiter[2].u_rr.selected_q$5476' from module `\axi_r_response_router' using `auto' encoding:
  mapping auto encoding to `one-hot` for this FSM.
  00 -> ---1
  10 -> --1-
  01 -> -1--
  11 -> 1---
Recoding FSM `$fsm$\gen_r_arbiter[2].u_rr.pointer_q$5481' from module `\axi_r_response_router' using `auto' encoding:
  mapping auto encoding to `one-hot` for this FSM.
  00 -> ---1
  10 -> --1-
  01 -> -1--
  11 -> 1---

3.13.7. Executing FSM_INFO pass (dumping all available information on FSM cells).

FSM `$fsm$\gen_r_arbiter[0].u_rr.pointer_q$5462' from module `axi_r_response_router':
-------------------------------------

  Information on FSM $fsm$\gen_r_arbiter[0].u_rr.pointer_q$5462 (\gen_r_arbiter[0].u_rr.pointer_q):

  Number of input signals:    5
  Number of output signals:   2
  Number of state bits:       4

  Input signals:
    0: $flatten\gen_r_arbiter[0].u_rr.$procmux$4712_CMP
    1: $flatten\gen_r_arbiter[0].u_rr.$procmux$4711_CMP
    2: $flatten\gen_r_arbiter[0].u_rr.$procmux$4710_CMP
    3: \gen_r_arbiter[0].u_rr.grant_valid_q
    4: \gen_r_arbiter[0].u_rr.downstream_ready

  Output signals:
    0: \gen_r_arbiter[0].u_rr.pointer_d [0]
    1: \gen_r_arbiter[0].u_rr.pointer_d [1]

  State encoding:
    0:     4'---1  <RESET STATE>
    1:     4'--1-
    2:     4'-1--
    3:     4'1---

  Transition Table (state_in, ctrl_in, state_out, ctrl_out):
      0:     0 5'11000   ->     0 2'00
      1:     0 5'-0---   ->     0 2'00
      2:     0 5'01---   ->     0 2'00
      3:     0 5'11-1-   ->     1 2'10
      4:     0 5'11--1   ->     2 2'01
      5:     0 5'111--   ->     3 2'11
      6:     1 5'11000   ->     0 2'00
      7:     1 5'11-1-   ->     1 2'10
      8:     1 5'-0---   ->     1 2'10
      9:     1 5'01---   ->     1 2'10
     10:     1 5'11--1   ->     2 2'01
     11:     1 5'111--   ->     3 2'11
     12:     2 5'11000   ->     0 2'00
     13:     2 5'11-1-   ->     1 2'10
     14:     2 5'11--1   ->     2 2'01
     15:     2 5'-0---   ->     2 2'01
     16:     2 5'01---   ->     2 2'01
     17:     2 5'111--   ->     3 2'11
     18:     3 5'11000   ->     0 2'00
     19:     3 5'11-1-   ->     1 2'10
     20:     3 5'11--1   ->     2 2'01
     21:     3 5'111--   ->     3 2'11
     22:     3 5'-0---   ->     3 2'11
     23:     3 5'01---   ->     3 2'11

-------------------------------------

FSM `$fsm$\gen_r_arbiter[1].u_rr.selected_q$5469' from module `axi_r_response_router':
-------------------------------------

  Information on FSM $fsm$\gen_r_arbiter[1].u_rr.selected_q$5469 (\gen_r_arbiter[1].u_rr.selected_q):

  Number of input signals:    9
  Number of output signals:   3
  Number of state bits:       4

  Input signals:
    0: $flatten\gen_r_arbiter[1].u_rr.$procmux$4825_CMP
    1: $flatten\gen_r_arbiter[1].u_rr.$procmux$4824_CMP
    2: $flatten\gen_r_arbiter[1].u_rr.$procmux$4823_CMP
    3: \gen_r_arbiter[1].u_rr.grant_valid_q
    4: \gen_r_arbiter[1].u_rr.downstream_ready
    5: \gen_r_arbiter[1].u_rr.request [0]
    6: \gen_r_arbiter[1].u_rr.request [1]
    7: \gen_r_arbiter[1].u_rr.request [2]
    8: \gen_r_arbiter[1].u_rr.request [3]

  Output signals:
    0: $flatten\gen_r_arbiter[1].u_rr.$procmux$4712_CMP
    1: $flatten\gen_r_arbiter[1].u_rr.$procmux$4711_CMP
    2: $flatten\gen_r_arbiter[1].u_rr.$procmux$4710_CMP

  State encoding:
    0:     4'---1  <RESET STATE>
    1:     4'--1-
    2:     4'-1--
    3:     4'1---

  Transition Table (state_in, ctrl_in, state_out, ctrl_out):
      0:     0 9'0000-0000   ->     0 3'001
      1:     0 9'0--1-0000   ->     0 3'001
      2:     0 9'000-11--0   ->     0 3'001
      3:     0 9'0000-0--1   ->     0 3'001
      4:     0 9'---1-0--1   ->     0 3'001
      5:     0 9'000--0-1-   ->     0 3'001
      6:     0 9'0000-01--   ->     0 3'001
      7:     0 9'00-1-01--   ->     0 3'001
      8:     0 9'----01---   ->     0 3'001
      9:     0 9'0100-0000   ->     1 3'001
     10:     0 9'-10-11--0   ->     1 3'001
     11:     0 9'-100-0--1   ->     1 3'001
     12:     0 9'-10--0-1-   ->     1 3'001
     13:     0 9'-1---01--   ->     1 3'001
     14:     0 9'0-10-0000   ->     2 3'001
     15:     0 9'--1-11--0   ->     2 3'001
     16:     0 9'--10-0--1   ->     2 3'001
     17:     0 9'--1--0-1-   ->     2 3'001
     18:     0 9'0010-01--   ->     2 3'001
     19:     0 9'1----0000   ->     3 3'001
     20:     0 9'100-11--0   ->     3 3'001
     21:     0 9'1000-0--1   ->     3 3'001
     22:     0 9'100--0-1-   ->     3 3'001
     23:     0 9'10---01--   ->     3 3'001
     24:     1 9'0000-0000   ->     0 3'100
     25:     1 9'0--1-0000   ->     0 3'100
     26:     1 9'0000-0--1   ->     0 3'100
     27:     1 9'---1-0--1   ->     0 3'100
     28:     1 9'000--0-1-   ->     0 3'100
     29:     1 9'0000-01--   ->     0 3'100
     30:     1 9'00-1-01--   ->     0 3'100
     31:     1 9'000011---   ->     0 3'100
     32:     1 9'0--111---   ->     0 3'100
     33:     1 9'0100-0000   ->     1 3'100
     34:     1 9'-100-0--1   ->     1 3'100
     35:     1 9'-10--0-1-   ->     1 3'100
     36:     1 9'-1---01--   ->     1 3'100
     37:     1 9'----01---   ->     1 3'100
     38:     1 9'010011---   ->     1 3'100
     39:     1 9'0-10-0000   ->     2 3'100
     40:     1 9'--10-0--1   ->     2 3'100
     41:     1 9'--1--0-1-   ->     2 3'100
     42:     1 9'0010-01--   ->     2 3'100
     43:     1 9'0-1011---   ->     2 3'100
     44:     1 9'1----0000   ->     3 3'100
     45:     1 9'1000-0--1   ->     3 3'100
     46:     1 9'100--0-1-   ->     3 3'100
     47:     1 9'10---01--   ->     3 3'100
     48:     1 9'1---11---   ->     3 3'100
     49:     2 9'0000-0000   ->     0 3'010
     50:     2 9'0--1-0000   ->     0 3'010
     51:     2 9'000011-00   ->     0 3'010
     52:     2 9'00-111-00   ->     0 3'010
     53:     2 9'0000-0--1   ->     0 3'010
     54:     2 9'---1-0--1   ->     0 3'010
     55:     2 9'000--0-1-   ->     0 3'010
     56:     2 9'0000-01--   ->     0 3'010
     57:     2 9'00-1-01--   ->     0 3'010
     58:     2 9'0100-0000   ->     1 3'010
     59:     2 9'-1--11-00   ->     1 3'010
     60:     2 9'-100-0--1   ->     1 3'010
     61:     2 9'-10--0-1-   ->     1 3'010
     62:     2 9'-1---01--   ->     1 3'010
     63:     2 9'0-10-0000   ->     2 3'010
     64:     2 9'001011-00   ->     2 3'010
     65:     2 9'--10-0--1   ->     2 3'010
     66:     2 9'--1--0-1-   ->     2 3'010
     67:     2 9'0010-01--   ->     2 3'010
     68:     2 9'----01---   ->     2 3'010
     69:     2 9'1----0000   ->     3 3'010
     70:     2 9'10--11-00   ->     3 3'010
     71:     2 9'1000-0--1   ->     3 3'010
     72:     2 9'100--0-1-   ->     3 3'010
     73:     2 9'10---01--   ->     3 3'010
     74:     3 9'0000-0000   ->     0 3'000
     75:     3 9'0--1-0000   ->     0 3'000
     76:     3 9'0000-0--1   ->     0 3'000
     77:     3 9'---1-0--1   ->     0 3'000
     78:     3 9'000--0-1-   ->     0 3'000
     79:     3 9'0000-01--   ->     0 3'000
     80:     3 9'00-1-01--   ->     0 3'000
     81:     3 9'000011---   ->     0 3'000
     82:     3 9'---111---   ->     0 3'000
     83:     3 9'0100-0000   ->     1 3'000
     84:     3 9'-100-0--1   ->     1 3'000
     85:     3 9'-10--0-1-   ->     1 3'000
     86:     3 9'-1---01--   ->     1 3'000
     87:     3 9'-10011---   ->     1 3'000
     88:     3 9'0-10-0000   ->     2 3'000
     89:     3 9'--10-0--1   ->     2 3'000
     90:     3 9'--1--0-1-   ->     2 3'000
     91:     3 9'0010-01--   ->     2 3'000
     92:     3 9'--1011---   ->     2 3'000
     93:     3 9'1----0000   ->     3 3'000
     94:     3 9'1000-0--1   ->     3 3'000
     95:     3 9'100--0-1-   ->     3 3'000
     96:     3 9'10---01--   ->     3 3'000
     97:     3 9'----01---   ->     3 3'000
     98:     3 9'100011---   ->     3 3'000

-------------------------------------

FSM `$fsm$\gen_r_arbiter[1].u_rr.pointer_q$5474' from module `axi_r_response_router':
-------------------------------------

  Information on FSM $fsm$\gen_r_arbiter[1].u_rr.pointer_q$5474 (\gen_r_arbiter[1].u_rr.pointer_q):

  Number of input signals:    5
  Number of output signals:   2
  Number of state bits:       4

  Input signals:
    0: $flatten\gen_r_arbiter[1].u_rr.$procmux$4712_CMP
    1: $flatten\gen_r_arbiter[1].u_rr.$procmux$4711_CMP
    2: $flatten\gen_r_arbiter[1].u_rr.$procmux$4710_CMP
    3: \gen_r_arbiter[1].u_rr.grant_valid_q
    4: \gen_r_arbiter[1].u_rr.downstream_ready

  Output signals:
    0: \gen_r_arbiter[1].u_rr.pointer_d [0]
    1: \gen_r_arbiter[1].u_rr.pointer_d [1]

  State encoding:
    0:     4'---1  <RESET STATE>
    1:     4'--1-
    2:     4'-1--
    3:     4'1---

  Transition Table (state_in, ctrl_in, state_out, ctrl_out):
      0:     0 5'11000   ->     0 2'00
      1:     0 5'-0---   ->     0 2'00
      2:     0 5'01---   ->     0 2'00
      3:     0 5'11-1-   ->     1 2'10
      4:     0 5'11--1   ->     2 2'01
      5:     0 5'111--   ->     3 2'11
      6:     1 5'11000   ->     0 2'00
      7:     1 5'11-1-   ->     1 2'10
      8:     1 5'-0---   ->     1 2'10
      9:     1 5'01---   ->     1 2'10
     10:     1 5'11--1   ->     2 2'01
     11:     1 5'111--   ->     3 2'11
     12:     2 5'11000   ->     0 2'00
     13:     2 5'11-1-   ->     1 2'10
     14:     2 5'11--1   ->     2 2'01
     15:     2 5'-0---   ->     2 2'01
     16:     2 5'01---   ->     2 2'01
     17:     2 5'111--   ->     3 2'11
     18:     3 5'11000   ->     0 2'00
     19:     3 5'11-1-   ->     1 2'10
     20:     3 5'11--1   ->     2 2'01
     21:     3 5'111--   ->     3 2'11
     22:     3 5'-0---   ->     3 2'11
     23:     3 5'01---   ->     3 2'11

-------------------------------------

FSM `$fsm$\gen_r_arbiter[0].u_rr.selected_q$5464' from module `axi_r_response_router':
-------------------------------------

  Information on FSM $fsm$\gen_r_arbiter[0].u_rr.selected_q$5464 (\gen_r_arbiter[0].u_rr.selected_q):

  Number of input signals:    9
  Number of output signals:   3
  Number of state bits:       4

  Input signals:
    0: $flatten\gen_r_arbiter[0].u_rr.$procmux$4825_CMP
    1: $flatten\gen_r_arbiter[0].u_rr.$procmux$4824_CMP
    2: $flatten\gen_r_arbiter[0].u_rr.$procmux$4823_CMP
    3: \gen_r_arbiter[0].u_rr.grant_valid_q
    4: \gen_r_arbiter[0].u_rr.downstream_ready
    5: \gen_r_arbiter[0].u_rr.request [0]
    6: \gen_r_arbiter[0].u_rr.request [1]
    7: \gen_r_arbiter[0].u_rr.request [2]
    8: \gen_r_arbiter[0].u_rr.request [3]

  Output signals:
    0: $flatten\gen_r_arbiter[0].u_rr.$procmux$4712_CMP
    1: $flatten\gen_r_arbiter[0].u_rr.$procmux$4711_CMP
    2: $flatten\gen_r_arbiter[0].u_rr.$procmux$4710_CMP

  State encoding:
    0:     4'---1  <RESET STATE>
    1:     4'--1-
    2:     4'-1--
    3:     4'1---

  Transition Table (state_in, ctrl_in, state_out, ctrl_out):
      0:     0 9'0000-0000   ->     0 3'001
      1:     0 9'0--1-0000   ->     0 3'001
      2:     0 9'000011000   ->     0 3'001
      3:     0 9'0--111000   ->     0 3'001
      4:     0 9'0000-0--1   ->     0 3'001
      5:     0 9'---1-0--1   ->     0 3'001
      6:     0 9'000011--1   ->     0 3'001
      7:     0 9'---111--1   ->     0 3'001
      8:     0 9'000--0-1-   ->     0 3'001
      9:     0 9'000-11-1-   ->     0 3'001
     10:     0 9'0000-01--   ->     0 3'001
     11:     0 9'00-1-01--   ->     0 3'001
     12:     0 9'0000111--   ->     0 3'001
     13:     0 9'00-1111--   ->     0 3'001
     14:     0 9'----01---   ->     0 3'001
     15:     0 9'0100-0000   ->     1 3'001
     16:     0 9'010011000   ->     1 3'001
     17:     0 9'-100-0--1   ->     1 3'001
     18:     0 9'-10011--1   ->     1 3'001
     19:     0 9'-10--0-1-   ->     1 3'001
     20:     0 9'-10-11-1-   ->     1 3'001
     21:     0 9'-1---01--   ->     1 3'001
     22:     0 9'-1--111--   ->     1 3'001
     23:     0 9'0-10-0000   ->     2 3'001
     24:     0 9'0-1011000   ->     2 3'001
     25:     0 9'--10-0--1   ->     2 3'001
     26:     0 9'--1011--1   ->     2 3'001
     27:     0 9'--1--0-1-   ->     2 3'001
     28:     0 9'--1-11-1-   ->     2 3'001
     29:     0 9'0010-01--   ->     2 3'001
     30:     0 9'0010111--   ->     2 3'001
     31:     0 9'1----0000   ->     3 3'001
     32:     0 9'1---11000   ->     3 3'001
     33:     0 9'1000-0--1   ->     3 3'001
     34:     0 9'100011--1   ->     3 3'001
     35:     0 9'100--0-1-   ->     3 3'001
     36:     0 9'100-11-1-   ->     3 3'001
     37:     0 9'10---01--   ->     3 3'001
     38:     0 9'10--111--   ->     3 3'001
     39:     1 9'0000-0000   ->     0 3'100
     40:     1 9'0--1-0000   ->     0 3'100
     41:     1 9'000011000   ->     0 3'100
     42:     1 9'0--111000   ->     0 3'100
     43:     1 9'0000-0--1   ->     0 3'100
     44:     1 9'---1-0--1   ->     0 3'100
     45:     1 9'000011--1   ->     0 3'100
     46:     1 9'---111--1   ->     0 3'100
     47:     1 9'000--0-1-   ->     0 3'100
     48:     1 9'000-11-1-   ->     0 3'100
     49:     1 9'0000-01--   ->     0 3'100
     50:     1 9'00-1-01--   ->     0 3'100
     51:     1 9'0000111--   ->     0 3'100
     52:     1 9'00-1111--   ->     0 3'100
     53:     1 9'0100-0000   ->     1 3'100
     54:     1 9'010011000   ->     1 3'100
     55:     1 9'-100-0--1   ->     1 3'100
     56:     1 9'-10011--1   ->     1 3'100
     57:     1 9'-10--0-1-   ->     1 3'100
     58:     1 9'-10-11-1-   ->     1 3'100
     59:     1 9'-1---01--   ->     1 3'100
     60:     1 9'-1--111--   ->     1 3'100
     61:     1 9'----01---   ->     1 3'100
     62:     1 9'0-10-0000   ->     2 3'100
     63:     1 9'0-1011000   ->     2 3'100
     64:     1 9'--10-0--1   ->     2 3'100
     65:     1 9'--1011--1   ->     2 3'100
     66:     1 9'--1--0-1-   ->     2 3'100
     67:     1 9'--1-11-1-   ->     2 3'100
     68:     1 9'0010-01--   ->     2 3'100
     69:     1 9'0010111--   ->     2 3'100
     70:     1 9'1----0000   ->     3 3'100
     71:     1 9'1---11000   ->     3 3'100
     72:     1 9'1000-0--1   ->     3 3'100
     73:     1 9'100011--1   ->     3 3'100
     74:     1 9'100--0-1-   ->     3 3'100
     75:     1 9'100-11-1-   ->     3 3'100
     76:     1 9'10---01--   ->     3 3'100
     77:     1 9'10--111--   ->     3 3'100
     78:     2 9'0000-0000   ->     0 3'010
     79:     2 9'0--1-0000   ->     0 3'010
     80:     2 9'000011000   ->     0 3'010
     81:     2 9'0--111000   ->     0 3'010
     82:     2 9'0000-0--1   ->     0 3'010
     83:     2 9'---1-0--1   ->     0 3'010
     84:     2 9'000011--1   ->     0 3'010
     85:     2 9'---111--1   ->     0 3'010
     86:     2 9'000--0-1-   ->     0 3'010
     87:     2 9'000-11-1-   ->     0 3'010
     88:     2 9'0000-01--   ->     0 3'010
     89:     2 9'00-1-01--   ->     0 3'010
     90:     2 9'0000111--   ->     0 3'010
     91:     2 9'00-1111--   ->     0 3'010
     92:     2 9'0100-0000   ->     1 3'010
     93:     2 9'010011000   ->     1 3'010
     94:     2 9'-100-0--1   ->     1 3'010
     95:     2 9'-10011--1   ->     1 3'010
     96:     2 9'-10--0-1-   ->     1 3'010
     97:     2 9'-10-11-1-   ->     1 3'010
     98:     2 9'-1---01--   ->     1 3'010
     99:     2 9'-1--111--   ->     1 3'010
    100:     2 9'0-10-0000   ->     2 3'010
    101:     2 9'0-1011000   ->     2 3'010
    102:     2 9'--10-0--1   ->     2 3'010
    103:     2 9'--1011--1   ->     2 3'010
    104:     2 9'--1--0-1-   ->     2 3'010
    105:     2 9'--1-11-1-   ->     2 3'010
    106:     2 9'0010-01--   ->     2 3'010
    107:     2 9'0010111--   ->     2 3'010
    108:     2 9'----01---   ->     2 3'010
    109:     2 9'1----0000   ->     3 3'010
    110:     2 9'1---11000   ->     3 3'010
    111:     2 9'1000-0--1   ->     3 3'010
    112:     2 9'100011--1   ->     3 3'010
    113:     2 9'100--0-1-   ->     3 3'010
    114:     2 9'100-11-1-   ->     3 3'010
    115:     2 9'10---01--   ->     3 3'010
    116:     2 9'10--111--   ->     3 3'010
    117:     3 9'0000-0000   ->     0 3'000
    118:     3 9'0--1-0000   ->     0 3'000
    119:     3 9'000011000   ->     0 3'000
    120:     3 9'0--111000   ->     0 3'000
    121:     3 9'0000-0--1   ->     0 3'000
    122:     3 9'---1-0--1   ->     0 3'000
    123:     3 9'000011--1   ->     0 3'000
    124:     3 9'---111--1   ->     0 3'000
    125:     3 9'000--0-1-   ->     0 3'000
    126:     3 9'000-11-1-   ->     0 3'000
    127:     3 9'0000-01--   ->     0 3'000
    128:     3 9'00-1-01--   ->     0 3'000
    129:     3 9'0000111--   ->     0 3'000
    130:     3 9'00-1111--   ->     0 3'000
    131:     3 9'0100-0000   ->     1 3'000
    132:     3 9'010011000   ->     1 3'000
    133:     3 9'-100-0--1   ->     1 3'000
    134:     3 9'-10011--1   ->     1 3'000
    135:     3 9'-10--0-1-   ->     1 3'000
    136:     3 9'-10-11-1-   ->     1 3'000
    137:     3 9'-1---01--   ->     1 3'000
    138:     3 9'-1--111--   ->     1 3'000
    139:     3 9'0-10-0000   ->     2 3'000
    140:     3 9'0-1011000   ->     2 3'000
    141:     3 9'--10-0--1   ->     2 3'000
    142:     3 9'--1011--1   ->     2 3'000
    143:     3 9'--1--0-1-   ->     2 3'000
    144:     3 9'--1-11-1-   ->     2 3'000
    145:     3 9'0010-01--   ->     2 3'000
    146:     3 9'0010111--   ->     2 3'000
    147:     3 9'1----0000   ->     3 3'000
    148:     3 9'1---11000   ->     3 3'000
    149:     3 9'1000-0--1   ->     3 3'000
    150:     3 9'100011--1   ->     3 3'000
    151:     3 9'100--0-1-   ->     3 3'000
    152:     3 9'100-11-1-   ->     3 3'000
    153:     3 9'10---01--   ->     3 3'000
    154:     3 9'10--111--   ->     3 3'000
    155:     3 9'----01---   ->     3 3'000

-------------------------------------

FSM `$fsm$\gen_r_arbiter[2].u_rr.selected_q$5476' from module `axi_r_response_router':
-------------------------------------

  Information on FSM $fsm$\gen_r_arbiter[2].u_rr.selected_q$5476 (\gen_r_arbiter[2].u_rr.selected_q):

  Number of input signals:    9
  Number of output signals:   3
  Number of state bits:       4

  Input signals:
    0: $flatten\gen_r_arbiter[2].u_rr.$procmux$4825_CMP
    1: $flatten\gen_r_arbiter[2].u_rr.$procmux$4824_CMP
    2: $flatten\gen_r_arbiter[2].u_rr.$procmux$4823_CMP
    3: \gen_r_arbiter[2].u_rr.grant_valid_q
    4: \gen_r_arbiter[2].u_rr.downstream_ready
    5: \gen_r_arbiter[2].u_rr.request [0]
    6: \gen_r_arbiter[2].u_rr.request [1]
    7: \gen_r_arbiter[2].u_rr.request [2]
    8: \gen_r_arbiter[2].u_rr.request [3]

  Output signals:
    0: $flatten\gen_r_arbiter[2].u_rr.$procmux$4712_CMP
    1: $flatten\gen_r_arbiter[2].u_rr.$procmux$4711_CMP
    2: $flatten\gen_r_arbiter[2].u_rr.$procmux$4710_CMP

  State encoding:
    0:     4'---1  <RESET STATE>
    1:     4'--1-
    2:     4'-1--
    3:     4'1---

  Transition Table (state_in, ctrl_in, state_out, ctrl_out):
      0:     0 9'0000-0000   ->     0 3'001
      1:     0 9'0--1-0000   ->     0 3'001
      2:     0 9'000-11--0   ->     0 3'001
      3:     0 9'0000-0--1   ->     0 3'001
      4:     0 9'---1-0--1   ->     0 3'001
      5:     0 9'000--0-1-   ->     0 3'001
      6:     0 9'0000-01--   ->     0 3'001
      7:     0 9'00-1-01--   ->     0 3'001
      8:     0 9'----01---   ->     0 3'001
      9:     0 9'0100-0000   ->     1 3'001
     10:     0 9'-10-11--0   ->     1 3'001
     11:     0 9'-100-0--1   ->     1 3'001
     12:     0 9'-10--0-1-   ->     1 3'001
     13:     0 9'-1---01--   ->     1 3'001
     14:     0 9'0-10-0000   ->     2 3'001
     15:     0 9'--1-11--0   ->     2 3'001
     16:     0 9'--10-0--1   ->     2 3'001
     17:     0 9'--1--0-1-   ->     2 3'001
     18:     0 9'0010-01--   ->     2 3'001
     19:     0 9'1----0000   ->     3 3'001
     20:     0 9'100-11--0   ->     3 3'001
     21:     0 9'1000-0--1   ->     3 3'001
     22:     0 9'100--0-1-   ->     3 3'001
     23:     0 9'10---01--   ->     3 3'001
     24:     1 9'0000-0000   ->     0 3'100
     25:     1 9'0--1-0000   ->     0 3'100
     26:     1 9'0000-0--1   ->     0 3'100
     27:     1 9'---1-0--1   ->     0 3'100
     28:     1 9'000--0-1-   ->     0 3'100
     29:     1 9'0000-01--   ->     0 3'100
     30:     1 9'00-1-01--   ->     0 3'100
     31:     1 9'000011---   ->     0 3'100
     32:     1 9'0--111---   ->     0 3'100
     33:     1 9'0100-0000   ->     1 3'100
     34:     1 9'-100-0--1   ->     1 3'100
     35:     1 9'-10--0-1-   ->     1 3'100
     36:     1 9'-1---01--   ->     1 3'100
     37:     1 9'----01---   ->     1 3'100
     38:     1 9'010011---   ->     1 3'100
     39:     1 9'0-10-0000   ->     2 3'100
     40:     1 9'--10-0--1   ->     2 3'100
     41:     1 9'--1--0-1-   ->     2 3'100
     42:     1 9'0010-01--   ->     2 3'100
     43:     1 9'0-1011---   ->     2 3'100
     44:     1 9'1----0000   ->     3 3'100
     45:     1 9'1000-0--1   ->     3 3'100
     46:     1 9'100--0-1-   ->     3 3'100
     47:     1 9'10---01--   ->     3 3'100
     48:     1 9'1---11---   ->     3 3'100
     49:     2 9'0000-0000   ->     0 3'010
     50:     2 9'0--1-0000   ->     0 3'010
     51:     2 9'000011-00   ->     0 3'010
     52:     2 9'00-111-00   ->     0 3'010
     53:     2 9'0000-0--1   ->     0 3'010
     54:     2 9'---1-0--1   ->     0 3'010
     55:     2 9'000--0-1-   ->     0 3'010
     56:     2 9'0000-01--   ->     0 3'010
     57:     2 9'00-1-01--   ->     0 3'010
     58:     2 9'0100-0000   ->     1 3'010
     59:     2 9'-1--11-00   ->     1 3'010
     60:     2 9'-100-0--1   ->     1 3'010
     61:     2 9'-10--0-1-   ->     1 3'010
     62:     2 9'-1---01--   ->     1 3'010
     63:     2 9'0-10-0000   ->     2 3'010
     64:     2 9'001011-00   ->     2 3'010
     65:     2 9'--10-0--1   ->     2 3'010
     66:     2 9'--1--0-1-   ->     2 3'010
     67:     2 9'0010-01--   ->     2 3'010
     68:     2 9'----01---   ->     2 3'010
     69:     2 9'1----0000   ->     3 3'010
     70:     2 9'10--11-00   ->     3 3'010
     71:     2 9'1000-0--1   ->     3 3'010
     72:     2 9'100--0-1-   ->     3 3'010
     73:     2 9'10---01--   ->     3 3'010
     74:     3 9'0000-0000   ->     0 3'000
     75:     3 9'0--1-0000   ->     0 3'000
     76:     3 9'0000-0--1   ->     0 3'000
     77:     3 9'---1-0--1   ->     0 3'000
     78:     3 9'000--0-1-   ->     0 3'000
     79:     3 9'0000-01--   ->     0 3'000
     80:     3 9'00-1-01--   ->     0 3'000
     81:     3 9'000011---   ->     0 3'000
     82:     3 9'---111---   ->     0 3'000
     83:     3 9'0100-0000   ->     1 3'000
     84:     3 9'-100-0--1   ->     1 3'000
     85:     3 9'-10--0-1-   ->     1 3'000
     86:     3 9'-1---01--   ->     1 3'000
     87:     3 9'-10011---   ->     1 3'000
     88:     3 9'0-10-0000   ->     2 3'000
     89:     3 9'--10-0--1   ->     2 3'000
     90:     3 9'--1--0-1-   ->     2 3'000
     91:     3 9'0010-01--   ->     2 3'000
     92:     3 9'--1011---   ->     2 3'000
     93:     3 9'1----0000   ->     3 3'000
     94:     3 9'1000-0--1   ->     3 3'000
     95:     3 9'100--0-1-   ->     3 3'000
     96:     3 9'10---01--   ->     3 3'000
     97:     3 9'----01---   ->     3 3'000
     98:     3 9'100011---   ->     3 3'000

-------------------------------------

FSM `$fsm$\gen_r_arbiter[2].u_rr.pointer_q$5481' from module `axi_r_response_router':
-------------------------------------

  Information on FSM $fsm$\gen_r_arbiter[2].u_rr.pointer_q$5481 (\gen_r_arbiter[2].u_rr.pointer_q):

  Number of input signals:    5
  Number of output signals:   2
  Number of state bits:       4

  Input signals:
    0: $flatten\gen_r_arbiter[2].u_rr.$procmux$4712_CMP
    1: $flatten\gen_r_arbiter[2].u_rr.$procmux$4711_CMP
    2: $flatten\gen_r_arbiter[2].u_rr.$procmux$4710_CMP
    3: \gen_r_arbiter[2].u_rr.grant_valid_q
    4: \gen_r_arbiter[2].u_rr.downstream_ready

  Output signals:
    0: \gen_r_arbiter[2].u_rr.pointer_d [0]
    1: \gen_r_arbiter[2].u_rr.pointer_d [1]

  State encoding:
    0:     4'---1  <RESET STATE>
    1:     4'--1-
    2:     4'-1--
    3:     4'1---

  Transition Table (state_in, ctrl_in, state_out, ctrl_out):
      0:     0 5'11000   ->     0 2'00
      1:     0 5'-0---   ->     0 2'00
      2:     0 5'01---   ->     0 2'00
      3:     0 5'11-1-   ->     1 2'10
      4:     0 5'11--1   ->     2 2'01
      5:     0 5'111--   ->     3 2'11
      6:     1 5'11000   ->     0 2'00
      7:     1 5'11-1-   ->     1 2'10
      8:     1 5'-0---   ->     1 2'10
      9:     1 5'01---   ->     1 2'10
     10:     1 5'11--1   ->     2 2'01
     11:     1 5'111--   ->     3 2'11
     12:     2 5'11000   ->     0 2'00
     13:     2 5'11-1-   ->     1 2'10
     14:     2 5'11--1   ->     2 2'01
     15:     2 5'-0---   ->     2 2'01
     16:     2 5'01---   ->     2 2'01
     17:     2 5'111--   ->     3 2'11
     18:     3 5'11000   ->     0 2'00
     19:     3 5'11-1-   ->     1 2'10
     20:     3 5'11--1   ->     2 2'01
     21:     3 5'111--   ->     3 2'11
     22:     3 5'-0---   ->     3 2'11
     23:     3 5'01---   ->     3 2'11

-------------------------------------

3.13.8. Executing FSM_MAP pass (mapping FSMs to basic logic).
Mapping FSM `$fsm$\gen_r_arbiter[0].u_rr.pointer_q$5462' from module `\axi_r_response_router'.
Mapping FSM `$fsm$\gen_r_arbiter[1].u_rr.selected_q$5469' from module `\axi_r_response_router'.
Mapping FSM `$fsm$\gen_r_arbiter[1].u_rr.pointer_q$5474' from module `\axi_r_response_router'.
Mapping FSM `$fsm$\gen_r_arbiter[0].u_rr.selected_q$5464' from module `\axi_r_response_router'.
Mapping FSM `$fsm$\gen_r_arbiter[2].u_rr.selected_q$5476' from module `\axi_r_response_router'.
Mapping FSM `$fsm$\gen_r_arbiter[2].u_rr.pointer_q$5481' from module `\axi_r_response_router'.

3.14. Executing OPT pass (performing simple optimizations).

3.14.1. Executing OPT_EXPR pass (perform const folding).
Optimizing module axi_r_response_router.
<suppressed ~21 debug messages>

3.14.2. Executing OPT_MERGE pass (detect identical cells).
Finding identical cells in module `\axi_r_response_router'.
Computing hashes of 1134 cells of `\axi_r_response_router'.
Finding duplicate cells in `\axi_r_response_router'.
Computing hashes of 1074 cells of `\axi_r_response_router'.
Finding duplicate cells in `\axi_r_response_router'.
<suppressed ~180 debug messages>
Removed a total of 60 cells.

3.14.3. Executing OPT_MUXTREE pass (detect dead branches in mux trees).
Running muxtree optimizer on module \axi_r_response_router..
  Creating internal representation of mux trees.
  Evaluating internal representation of mux trees.
  Analyzing evaluation results.
Removed 0 multiplexer ports.
<suppressed ~9991 debug messages>

3.14.4. Executing OPT_REDUCE pass (consolidate $*mux and $reduce_* inputs).
  Optimizing cells in module \axi_r_response_router.
Performed a total of 0 changes.

3.14.5. Executing OPT_MERGE pass (detect identical cells).
Finding identical cells in module `\axi_r_response_router'.
Computing hashes of 1074 cells of `\axi_r_response_router'.
Finding duplicate cells in `\axi_r_response_router'.
Removed a total of 0 cells.

3.14.6. Executing OPT_DFF pass (perform DFF optimizations).
Adding EN signal on $procdff$5406 ($adff) from module axi_r_response_router (D = $0\lock_internal_id[17:0] [5:0], Q = \lock_internal_id [5:0]).
Adding EN signal on $procdff$5406 ($adff) from module axi_r_response_router (D = $0\lock_internal_id[17:0] [11:6], Q = \lock_internal_id [11:6]).
Adding EN signal on $procdff$5406 ($adff) from module axi_r_response_router (D = $0\lock_internal_id[17:0] [17:12], Q = \lock_internal_id [17:12]).
Adding EN signal on $flatten\gen_r_arbiter[0].u_rr.$procdff$5448 ($adff) from module axi_r_response_router (D = \gen_r_arbiter[0].u_rr.grant_d, Q = \gen_r_arbiter[0].u_rr.grant_q).
Adding EN signal on $flatten\gen_r_arbiter[2].u_rr.$procdff$5448 ($adff) from module axi_r_response_router (D = \gen_r_arbiter[2].u_rr.grant_d, Q = \gen_r_arbiter[2].u_rr.grant_q).
Adding EN signal on $procdff$5396 ($adff) from module axi_r_response_router (D = $0\lock_active[2:0] [0], Q = \lock_active [0]).
Adding EN signal on $procdff$5396 ($adff) from module axi_r_response_router (D = $0\lock_active[2:0] [1], Q = \lock_active [1]).
Adding EN signal on $procdff$5396 ($adff) from module axi_r_response_router (D = $0\lock_active[2:0] [2], Q = \lock_active [2]).
Adding EN signal on $procdff$5401 ($adff) from module axi_r_response_router (D = $0\lock_target[5:0] [1:0], Q = \lock_target [1:0]).
Adding EN signal on $procdff$5401 ($adff) from module axi_r_response_router (D = $0\lock_target[5:0] [3:2], Q = \lock_target [3:2]).
Adding EN signal on $procdff$5401 ($adff) from module axi_r_response_router (D = $0\lock_target[5:0] [5:4], Q = \lock_target [5:4]).
Adding EN signal on $flatten\gen_r_arbiter[1].u_rr.$procdff$5448 ($adff) from module axi_r_response_router (D = \gen_r_arbiter[1].u_rr.grant_d, Q = \gen_r_arbiter[1].u_rr.grant_q).

3.14.7. Executing OPT_CLEAN pass (remove unused cells and wires).
Finding unused cells or wires in module \axi_r_response_router..
Removed 0 unused cells and 84 unused wires.
<suppressed ~4 debug messages>

3.14.8. Executing OPT_EXPR pass (perform const folding).
Optimizing module axi_r_response_router.
<suppressed ~18 debug messages>

3.14.9. Rerunning OPT passes. (Maybe there is more to do..)

3.14.10. Executing OPT_MUXTREE pass (detect dead branches in mux trees).
Running muxtree optimizer on module \axi_r_response_router..
  Creating internal representation of mux trees.
  Evaluating internal representation of mux trees.
  Analyzing evaluation results.
Removed 0 multiplexer ports.
<suppressed ~9991 debug messages>

3.14.11. Executing OPT_REDUCE pass (consolidate $*mux and $reduce_* inputs).
  Optimizing cells in module \axi_r_response_router.
Performed a total of 0 changes.

3.14.12. Executing OPT_MERGE pass (detect identical cells).
Finding identical cells in module `\axi_r_response_router'.
Computing hashes of 1116 cells of `\axi_r_response_router'.
Finding duplicate cells in `\axi_r_response_router'.
Computing hashes of 1101 cells of `\axi_r_response_router'.
Finding duplicate cells in `\axi_r_response_router'.
Computing hashes of 1098 cells of `\axi_r_response_router'.
Finding duplicate cells in `\axi_r_response_router'.
<suppressed ~54 debug messages>
Removed a total of 18 cells.

3.14.13. Executing OPT_DFF pass (perform DFF optimizations).

3.14.14. Executing OPT_CLEAN pass (remove unused cells and wires).
Finding unused cells or wires in module \axi_r_response_router..
Removed 0 unused cells and 18 unused wires.
<suppressed ~1 debug messages>

3.14.15. Executing OPT_EXPR pass (perform const folding).
Optimizing module axi_r_response_router.

3.14.16. Rerunning OPT passes. (Maybe there is more to do..)

3.14.17. Executing OPT_MUXTREE pass (detect dead branches in mux trees).
Running muxtree optimizer on module \axi_r_response_router..
  Creating internal representation of mux trees.
  Evaluating internal representation of mux trees.
  Analyzing evaluation results.
Removed 0 multiplexer ports.
<suppressed ~9991 debug messages>

3.14.18. Executing OPT_REDUCE pass (consolidate $*mux and $reduce_* inputs).
  Optimizing cells in module \axi_r_response_router.
Performed a total of 0 changes.

3.14.19. Executing OPT_MERGE pass (detect identical cells).
Finding identical cells in module `\axi_r_response_router'.
Computing hashes of 1098 cells of `\axi_r_response_router'.
Finding duplicate cells in `\axi_r_response_router'.
Removed a total of 0 cells.

3.14.20. Executing OPT_DFF pass (perform DFF optimizations).

3.14.21. Executing OPT_CLEAN pass (remove unused cells and wires).
Finding unused cells or wires in module \axi_r_response_router..

3.14.22. Executing OPT_EXPR pass (perform const folding).
Optimizing module axi_r_response_router.

3.14.23. Finished fast OPT passes. (There is nothing left to do.)

3.15. Executing WREDUCE pass (reducing word size of cells).
Removed top 1 bits (of 2) from port B of cell axi_r_response_router.$auto$simple.cc:194:make_patterns_logic$6176 ($ne).
Removed top 1 bits (of 2) from port B of cell axi_r_response_router.$auto$simple.cc:194:make_patterns_logic$6125 ($ne).
Removed top 1 bits (of 2) from port B of cell axi_r_response_router.$auto$simple.cc:194:make_patterns_logic$6122 ($ne).
Removed top 1 bits (of 2) from port B of cell axi_r_response_router.$auto$fsm_map.cc:77:implement_pattern_cache$6087 ($eq).
Removed top 1 bits (of 5) from port B of cell axi_r_response_router.$auto$fsm_map.cc:77:implement_pattern_cache$5974 ($eq).
Removed top 2 bits (of 6) from port B of cell axi_r_response_router.$auto$fsm_map.cc:77:implement_pattern_cache$5968 ($eq).
Removed top 2 bits (of 8) from port B of cell axi_r_response_router.$auto$fsm_map.cc:77:implement_pattern_cache$5958 ($eq).
Removed top 1 bits (of 7) from port B of cell axi_r_response_router.$auto$fsm_map.cc:77:implement_pattern_cache$5956 ($eq).
Removed top 1 bits (of 6) from port B of cell axi_r_response_router.$auto$fsm_map.cc:77:implement_pattern_cache$5947 ($eq).
Removed top 1 bits (of 8) from port B of cell axi_r_response_router.$auto$fsm_map.cc:77:implement_pattern_cache$5927 ($eq).
Removed top 1 bits (of 4) from port B of cell axi_r_response_router.$auto$fsm_map.cc:77:implement_pattern_cache$5918 ($eq).
Removed top 4 bits (of 6) from port B of cell axi_r_response_router.$auto$fsm_map.cc:77:implement_pattern_cache$5912 ($eq).
Removed top 2 bits (of 5) from port B of cell axi_r_response_router.$auto$fsm_map.cc:77:implement_pattern_cache$5906 ($eq).
Removed top 5 bits (of 6) from port B of cell axi_r_response_router.$auto$fsm_map.cc:77:implement_pattern_cache$5904 ($eq).
Removed top 4 bits (of 5) from port B of cell axi_r_response_router.$auto$fsm_map.cc:77:implement_pattern_cache$5902 ($eq).
Removed top 5 bits (of 6) from port B of cell axi_r_response_router.$auto$fsm_map.cc:77:implement_pattern_cache$5898 ($eq).
Removed top 3 bits (of 6) from port B of cell axi_r_response_router.$auto$fsm_map.cc:77:implement_pattern_cache$5894 ($eq).
Removed top 2 bits (of 7) from port B of cell axi_r_response_router.$auto$fsm_map.cc:77:implement_pattern_cache$5890 ($eq).
Removed top 4 bits (of 8) from port B of cell axi_r_response_router.$auto$fsm_map.cc:77:implement_pattern_cache$5888 ($eq).
Removed top 1 bits (of 6) from port B of cell axi_r_response_router.$auto$fsm_map.cc:77:implement_pattern_cache$5886 ($eq).
Removed top 1 bits (of 2) from port B of cell axi_r_response_router.$auto$fsm_map.cc:77:implement_pattern_cache$5875 ($eq).
Removed top 2 bits (of 7) from port B of cell axi_r_response_router.$auto$fsm_map.cc:77:implement_pattern_cache$5852 ($eq).
Removed top 2 bits (of 6) from port B of cell axi_r_response_router.$auto$fsm_map.cc:77:implement_pattern_cache$5850 ($eq).
Removed top 1 bits (of 8) from port B of cell axi_r_response_router.$auto$fsm_map.cc:77:implement_pattern_cache$5840 ($eq).
Removed top 1 bits (of 7) from port B of cell axi_r_response_router.$auto$fsm_map.cc:77:implement_pattern_cache$5838 ($eq).
Removed top 1 bits (of 9) from port B of cell axi_r_response_router.$auto$fsm_map.cc:77:implement_pattern_cache$5819 ($eq).
Removed top 1 bits (of 8) from port B of cell axi_r_response_router.$auto$fsm_map.cc:77:implement_pattern_cache$5817 ($eq).
Removed top 2 bits (of 6) from port B of cell axi_r_response_router.$auto$fsm_map.cc:77:implement_pattern_cache$5810 ($eq).
Removed top 4 bits (of 7) from port B of cell axi_r_response_router.$auto$fsm_map.cc:77:implement_pattern_cache$5808 ($eq).
Removed top 2 bits (of 5) from port B of cell axi_r_response_router.$auto$fsm_map.cc:77:implement_pattern_cache$5806 ($eq).
Removed top 5 bits (of 6) from port B of cell axi_r_response_router.$auto$fsm_map.cc:77:implement_pattern_cache$5804 ($eq).
Removed top 3 bits (of 6) from port B of cell axi_r_response_router.$auto$fsm_map.cc:77:implement_pattern_cache$5802 ($eq).
Removed top 4 bits (of 5) from port B of cell axi_r_response_router.$auto$fsm_map.cc:77:implement_pattern_cache$5800 ($eq).
Removed top 4 bits (of 7) from port B of cell axi_r_response_router.$auto$fsm_map.cc:77:implement_pattern_cache$5796 ($eq).
Removed top 5 bits (of 6) from port B of cell axi_r_response_router.$auto$fsm_map.cc:77:implement_pattern_cache$5792 ($eq).
Removed top 1 bits (of 7) from port B of cell axi_r_response_router.$auto$fsm_map.cc:77:implement_pattern_cache$5790 ($eq).
Removed top 4 bits (of 9) from port B of cell axi_r_response_router.$auto$fsm_map.cc:77:implement_pattern_cache$5788 ($eq).
Removed top 1 bits (of 6) from port B of cell axi_r_response_router.$auto$fsm_map.cc:77:implement_pattern_cache$5786 ($eq).
Removed top 1 bits (of 2) from port B of cell axi_r_response_router.$auto$fsm_map.cc:77:implement_pattern_cache$5773 ($eq).
Removed top 1 bits (of 5) from port B of cell axi_r_response_router.$auto$fsm_map.cc:77:implement_pattern_cache$5660 ($eq).
Removed top 2 bits (of 6) from port B of cell axi_r_response_router.$auto$fsm_map.cc:77:implement_pattern_cache$5654 ($eq).
Removed top 2 bits (of 8) from port B of cell axi_r_response_router.$auto$fsm_map.cc:77:implement_pattern_cache$5644 ($eq).
Removed top 1 bits (of 7) from port B of cell axi_r_response_router.$auto$fsm_map.cc:77:implement_pattern_cache$5642 ($eq).
Removed top 1 bits (of 6) from port B of cell axi_r_response_router.$auto$fsm_map.cc:77:implement_pattern_cache$5633 ($eq).
Removed top 1 bits (of 8) from port B of cell axi_r_response_router.$auto$fsm_map.cc:77:implement_pattern_cache$5613 ($eq).
Removed top 1 bits (of 4) from port B of cell axi_r_response_router.$auto$fsm_map.cc:77:implement_pattern_cache$5604 ($eq).
Removed top 4 bits (of 6) from port B of cell axi_r_response_router.$auto$fsm_map.cc:77:implement_pattern_cache$5598 ($eq).
Removed top 2 bits (of 5) from port B of cell axi_r_response_router.$auto$fsm_map.cc:77:implement_pattern_cache$5592 ($eq).
Removed top 5 bits (of 6) from port B of cell axi_r_response_router.$auto$fsm_map.cc:77:implement_pattern_cache$5590 ($eq).
Removed top 4 bits (of 5) from port B of cell axi_r_response_router.$auto$fsm_map.cc:77:implement_pattern_cache$5588 ($eq).
Removed top 5 bits (of 6) from port B of cell axi_r_response_router.$auto$fsm_map.cc:77:implement_pattern_cache$5584 ($eq).
Removed top 3 bits (of 6) from port B of cell axi_r_response_router.$auto$fsm_map.cc:77:implement_pattern_cache$5580 ($eq).
Removed top 2 bits (of 7) from port B of cell axi_r_response_router.$auto$fsm_map.cc:77:implement_pattern_cache$5576 ($eq).
Removed top 4 bits (of 8) from port B of cell axi_r_response_router.$auto$fsm_map.cc:77:implement_pattern_cache$5574 ($eq).
Removed top 1 bits (of 6) from port B of cell axi_r_response_router.$auto$fsm_map.cc:77:implement_pattern_cache$5572 ($eq).
Removed top 27 bits (of 32) from port B of cell axi_r_response_router.$shiftx$/Users/Dilan/Projects/fabric-under-pressure/rtl/axi_r_response_router.sv:64$200 ($shiftx).
Removed top 27 bits (of 32) from port A of cell axi_r_response_router.$add$/Users/Dilan/Projects/fabric-under-pressure/rtl/axi_r_response_router.sv:65$201 ($add).
Removed top 26 bits (of 32) from port Y of cell axi_r_response_router.$add$/Users/Dilan/Projects/fabric-under-pressure/rtl/axi_r_response_router.sv:65$201 ($add).
Removed top 25 bits (of 32) from port B of cell axi_r_response_router.$shiftx$/Users/Dilan/Projects/fabric-under-pressure/rtl/axi_r_response_router.sv:65$202 ($shiftx).
Removed top 26 bits (of 32) from port A of cell axi_r_response_router.$add$/Users/Dilan/Projects/fabric-under-pressure/rtl/axi_r_response_router.sv:66$203 ($add).
Removed top 25 bits (of 32) from port Y of cell axi_r_response_router.$add$/Users/Dilan/Projects/fabric-under-pressure/rtl/axi_r_response_router.sv:66$203 ($add).
Removed top 24 bits (of 32) from port B of cell axi_r_response_router.$shiftx$/Users/Dilan/Projects/fabric-under-pressure/rtl/axi_r_response_router.sv:66$204 ($shiftx).
Removed top 27 bits (of 32) from port B of cell axi_r_response_router.$shiftx$/Users/Dilan/Projects/fabric-under-pressure/rtl/axi_r_response_router.sv:64$225 ($shiftx).
Removed top 27 bits (of 32) from port A of cell axi_r_response_router.$add$/Users/Dilan/Projects/fabric-under-pressure/rtl/axi_r_response_router.sv:65$226 ($add).
Removed top 26 bits (of 32) from port Y of cell axi_r_response_router.$add$/Users/Dilan/Projects/fabric-under-pressure/rtl/axi_r_response_router.sv:65$226 ($add).
Removed top 25 bits (of 32) from port B of cell axi_r_response_router.$shiftx$/Users/Dilan/Projects/fabric-under-pressure/rtl/axi_r_response_router.sv:65$227 ($shiftx).
Removed top 26 bits (of 32) from port A of cell axi_r_response_router.$add$/Users/Dilan/Projects/fabric-under-pressure/rtl/axi_r_response_router.sv:66$228 ($add).
Removed top 25 bits (of 32) from port Y of cell axi_r_response_router.$add$/Users/Dilan/Projects/fabric-under-pressure/rtl/axi_r_response_router.sv:66$228 ($add).
Removed top 24 bits (of 32) from port B of cell axi_r_response_router.$shiftx$/Users/Dilan/Projects/fabric-under-pressure/rtl/axi_r_response_router.sv:66$229 ($shiftx).
Removed top 27 bits (of 32) from port B of cell axi_r_response_router.$shiftx$/Users/Dilan/Projects/fabric-under-pressure/rtl/axi_r_response_router.sv:64$250 ($shiftx).
Removed top 27 bits (of 32) from port A of cell axi_r_response_router.$add$/Users/Dilan/Projects/fabric-under-pressure/rtl/axi_r_response_router.sv:65$251 ($add).
Removed top 26 bits (of 32) from port Y of cell axi_r_response_router.$add$/Users/Dilan/Projects/fabric-under-pressure/rtl/axi_r_response_router.sv:65$251 ($add).
Removed top 25 bits (of 32) from port B of cell axi_r_response_router.$shiftx$/Users/Dilan/Projects/fabric-under-pressure/rtl/axi_r_response_router.sv:65$252 ($shiftx).
Removed top 26 bits (of 32) from port A of cell axi_r_response_router.$add$/Users/Dilan/Projects/fabric-under-pressure/rtl/axi_r_response_router.sv:66$253 ($add).
Removed top 25 bits (of 32) from port Y of cell axi_r_response_router.$add$/Users/Dilan/Projects/fabric-under-pressure/rtl/axi_r_response_router.sv:66$253 ($add).
Removed top 24 bits (of 32) from port B of cell axi_r_response_router.$shiftx$/Users/Dilan/Projects/fabric-under-pressure/rtl/axi_r_response_router.sv:66$254 ($shiftx).
Removed top 27 bits (of 32) from port B of cell axi_r_response_router.$shiftx$/Users/Dilan/Projects/fabric-under-pressure/rtl/axi_r_response_router.sv:64$275 ($shiftx).
Removed top 27 bits (of 32) from port A of cell axi_r_response_router.$add$/Users/Dilan/Projects/fabric-under-pressure/rtl/axi_r_response_router.sv:65$276 ($add).
Removed top 26 bits (of 32) from port Y of cell axi_r_response_router.$add$/Users/Dilan/Projects/fabric-under-pressure/rtl/axi_r_response_router.sv:65$276 ($add).
Removed top 25 bits (of 32) from port B of cell axi_r_response_router.$shiftx$/Users/Dilan/Projects/fabric-under-pressure/rtl/axi_r_response_router.sv:65$277 ($shiftx).
Removed top 26 bits (of 32) from port A of cell axi_r_response_router.$add$/Users/Dilan/Projects/fabric-under-pressure/rtl/axi_r_response_router.sv:66$278 ($add).
Removed top 25 bits (of 32) from port Y of cell axi_r_response_router.$add$/Users/Dilan/Projects/fabric-under-pressure/rtl/axi_r_response_router.sv:66$278 ($add).
Removed top 24 bits (of 32) from port B of cell axi_r_response_router.$shiftx$/Users/Dilan/Projects/fabric-under-pressure/rtl/axi_r_response_router.sv:66$279 ($shiftx).
Removed top 1 bits (of 2) from port B of cell axi_r_response_router.$eq$/Users/Dilan/Projects/fabric-under-pressure/rtl/axi_r_response_router.sv:206$469 ($eq).
Removed top 1 bits (of 2) from port B of cell axi_r_response_router.$eq$/Users/Dilan/Projects/fabric-under-pressure/rtl/axi_r_response_router.sv:206$518 ($eq).
Removed top 1 bits (of 2) from port B of cell axi_r_response_router.$eq$/Users/Dilan/Projects/fabric-under-pressure/rtl/axi_r_response_router.sv:214$538 ($eq).
Removed top 1 bits (of 2) from port B of cell axi_r_response_router.$eq$/Users/Dilan/Projects/fabric-under-pressure/rtl/axi_r_response_router.sv:214$541 ($eq).
Removed top 1 bits (of 2) from port B of cell axi_r_response_router.$eq$/Users/Dilan/Projects/fabric-under-pressure/rtl/axi_r_response_router.sv:214$544 ($eq).
Removed top 1 bits (of 2) from port B of cell axi_r_response_router.$eq$/Users/Dilan/Projects/fabric-under-pressure/rtl/axi_r_response_router.sv:214$547 ($eq).
Removed top 1 bits (of 2) from port B of cell axi_r_response_router.$eq$/Users/Dilan/Projects/fabric-under-pressure/rtl/axi_r_response_router.sv:206$567 ($eq).
Removed top 1 bits (of 2) from port B of cell axi_r_response_router.$procmux$1635_CMP0 ($eq).
Removed top 1 bits (of 2) from port B of cell axi_r_response_router.$procmux$1989_CMP0 ($eq).
Removed top 1 bits (of 2) from mux cell axi_r_response_router.$procmux$2054 ($mux).
Removed top 1 bits (of 2) from mux cell axi_r_response_router.$procmux$2080 ($mux).
Removed top 1 bits (of 2) from mux cell axi_r_response_router.$procmux$2108 ($mux).
Removed top 1 bits (of 2) from port B of cell axi_r_response_router.$procmux$2343_CMP0 ($eq).
Removed top 1 bits (of 6) from mux cell axi_r_response_router.$procmux$2386 ($mux).
Removed top 1 bits (of 2) from port B of cell axi_r_response_router.$procmux$2697_CMP0 ($eq).
Removed top 1 bits (of 2) from port B of cell axi_r_response_router.$procmux$3782_CMP0 ($eq).
Removed top 1 bits (of 2) from port B of cell axi_r_response_router.$procmux$3857_CMP0 ($eq).
Removed top 1 bits (of 2) from port B of cell axi_r_response_router.$procmux$3944_CMP1 ($eq).
Removed top 1 bits (of 2) from port B of cell axi_r_response_router.$procmux$4021_CMP0 ($eq).
Removed top 1 bits (of 2) from port B of cell axi_r_response_router.$procmux$4096_CMP0 ($eq).
Removed top 1 bits (of 2) from port B of cell axi_r_response_router.$procmux$4183_CMP1 ($eq).
Removed top 1 bits (of 2) from port B of cell axi_r_response_router.$procmux$4260_CMP0 ($eq).
Removed top 1 bits (of 2) from port B of cell axi_r_response_router.$procmux$4335_CMP0 ($eq).
Removed top 1 bits (of 2) from port B of cell axi_r_response_router.$procmux$4422_CMP1 ($eq).
Removed top 1 bits (of 2) from port B of cell axi_r_response_router.$procmux$4499_CMP0 ($eq).
Removed top 1 bits (of 2) from port B of cell axi_r_response_router.$procmux$4574_CMP0 ($eq).
Removed top 1 bits (of 2) from port B of cell axi_r_response_router.$procmux$4661_CMP1 ($eq).
Removed top 3 bits (of 4) from mux cell axi_r_response_router.$flatten\gen_r_arbiter[0].u_rr.$procmux$5119 ($mux).
Removed top 2 bits (of 4) from mux cell axi_r_response_router.$flatten\gen_r_arbiter[0].u_rr.$procmux$4991 ($mux).
Removed top 1 bits (of 4) from mux cell axi_r_response_router.$flatten\gen_r_arbiter[0].u_rr.$procmux$4844 ($mux).
Removed top 1 bits (of 2) from port B of cell axi_r_response_router.$flatten\gen_r_arbiter[0].u_rr.$procmux$4824_CMP0 ($eq).
Removed top 1 bits (of 2) from port B of cell axi_r_response_router.$flatten\gen_r_arbiter[1].u_rr.$procmux$5375_CMP0 ($eq).
Removed top 3 bits (of 4) from mux cell axi_r_response_router.$flatten\gen_r_arbiter[1].u_rr.$procmux$5119 ($mux).
Removed top 2 bits (of 4) from mux cell axi_r_response_router.$flatten\gen_r_arbiter[1].u_rr.$procmux$4991 ($mux).
Removed top 1 bits (of 4) from mux cell axi_r_response_router.$flatten\gen_r_arbiter[1].u_rr.$procmux$4844 ($mux).
Removed top 1 bits (of 2) from port B of cell axi_r_response_router.$flatten\gen_r_arbiter[2].u_rr.$procmux$5385_CMP0 ($eq).
Removed top 3 bits (of 4) from mux cell axi_r_response_router.$flatten\gen_r_arbiter[2].u_rr.$procmux$5119 ($mux).
Removed top 2 bits (of 4) from mux cell axi_r_response_router.$flatten\gen_r_arbiter[2].u_rr.$procmux$4991 ($mux).
Removed top 1 bits (of 4) from mux cell axi_r_response_router.$flatten\gen_r_arbiter[2].u_rr.$procmux$4844 ($mux).
Removed top 1 bits (of 4) from wire axi_r_response_router.$flatten\gen_r_arbiter[1].u_rr.$17\candidate_grant[3:0].
Removed top 2 bits (of 4) from wire axi_r_response_router.$flatten\gen_r_arbiter[1].u_rr.$13\candidate_grant[3:0].
Removed top 3 bits (of 4) from wire axi_r_response_router.$flatten\gen_r_arbiter[1].u_rr.$9\candidate_grant[3:0].
Removed top 25 bits (of 32) from wire axi_r_response_router.$add$/Users/Dilan/Projects/fabric-under-pressure/rtl/axi_r_response_router.sv:66$278_Y.
Removed top 26 bits (of 32) from wire axi_r_response_router.$add$/Users/Dilan/Projects/fabric-under-pressure/rtl/axi_r_response_router.sv:65$276_Y.
Removed top 25 bits (of 32) from wire axi_r_response_router.$add$/Users/Dilan/Projects/fabric-under-pressure/rtl/axi_r_response_router.sv:66$253_Y.
Removed top 26 bits (of 32) from wire axi_r_response_router.$add$/Users/Dilan/Projects/fabric-under-pressure/rtl/axi_r_response_router.sv:65$251_Y.
Removed top 3 bits (of 4) from wire axi_r_response_router.$flatten\gen_r_arbiter[0].u_rr.$9\candidate_grant[3:0].
Removed top 25 bits (of 32) from wire axi_r_response_router.$add$/Users/Dilan/Projects/fabric-under-pressure/rtl/axi_r_response_router.sv:66$228_Y.
Removed top 26 bits (of 32) from wire axi_r_response_router.$add$/Users/Dilan/Projects/fabric-under-pressure/rtl/axi_r_response_router.sv:65$226_Y.
Removed top 2 bits (of 4) from wire axi_r_response_router.$flatten\gen_r_arbiter[0].u_rr.$13\candidate_grant[3:0].
Removed top 25 bits (of 32) from wire axi_r_response_router.$add$/Users/Dilan/Projects/fabric-under-pressure/rtl/axi_r_response_router.sv:66$203_Y.
Removed top 26 bits (of 32) from wire axi_r_response_router.$add$/Users/Dilan/Projects/fabric-under-pressure/rtl/axi_r_response_router.sv:65$201_Y.
Removed top 1 bits (of 4) from wire axi_r_response_router.$flatten\gen_r_arbiter[0].u_rr.$17\candidate_grant[3:0].
Removed top 1 bits (of 6) from wire axi_r_response_router.$4\admitted_target[5:0].
Removed top 1 bits (of 6) from wire axi_r_response_router.$3\admitted_target[5:0].
Removed top 1 bits (of 4) from wire axi_r_response_router.$flatten\gen_r_arbiter[2].u_rr.$17\candidate_grant[3:0].
Removed top 2 bits (of 4) from wire axi_r_response_router.$flatten\gen_r_arbiter[2].u_rr.$13\candidate_grant[3:0].
Removed top 3 bits (of 4) from wire axi_r_response_router.$flatten\gen_r_arbiter[2].u_rr.$9\candidate_grant[3:0].
Removed top 1 bits (of 4) from wire axi_r_response_router.slot_can_accept.

3.16. Executing PEEPOPT pass (run peephole optimizers).
shiftadd pattern in axi_r_response_router: shift=$shiftx$/Users/Dilan/Projects/fabric-under-pressure/rtl/axi_r_response_router.sv:66$279, add/sub=$add$/Users/Dilan/Projects/fabric-under-pressure/rtl/axi_r_response_router.sv:66$278, offset: 32
shiftadd pattern in axi_r_response_router: shift=$shiftx$/Users/Dilan/Projects/fabric-under-pressure/rtl/axi_r_response_router.sv:65$277, add/sub=$add$/Users/Dilan/Projects/fabric-under-pressure/rtl/axi_r_response_router.sv:65$276, offset: 16
shiftadd pattern in axi_r_response_router: shift=$shiftx$/Users/Dilan/Projects/fabric-under-pressure/rtl/axi_r_response_router.sv:66$254, add/sub=$add$/Users/Dilan/Projects/fabric-under-pressure/rtl/axi_r_response_router.sv:66$253, offset: 32
shiftadd pattern in axi_r_response_router: shift=$shiftx$/Users/Dilan/Projects/fabric-under-pressure/rtl/axi_r_response_router.sv:65$252, add/sub=$add$/Users/Dilan/Projects/fabric-under-pressure/rtl/axi_r_response_router.sv:65$251, offset: 16
shiftadd pattern in axi_r_response_router: shift=$shiftx$/Users/Dilan/Projects/fabric-under-pressure/rtl/axi_r_response_router.sv:66$229, add/sub=$add$/Users/Dilan/Projects/fabric-under-pressure/rtl/axi_r_response_router.sv:66$228, offset: 32
shiftadd pattern in axi_r_response_router: shift=$shiftx$/Users/Dilan/Projects/fabric-under-pressure/rtl/axi_r_response_router.sv:65$227, add/sub=$add$/Users/Dilan/Projects/fabric-under-pressure/rtl/axi_r_response_router.sv:65$226, offset: 16
shiftadd pattern in axi_r_response_router: shift=$shiftx$/Users/Dilan/Projects/fabric-under-pressure/rtl/axi_r_response_router.sv:66$204, add/sub=$add$/Users/Dilan/Projects/fabric-under-pressure/rtl/axi_r_response_router.sv:66$203, offset: 32
shiftadd pattern in axi_r_response_router: shift=$shiftx$/Users/Dilan/Projects/fabric-under-pressure/rtl/axi_r_response_router.sv:65$202, add/sub=$add$/Users/Dilan/Projects/fabric-under-pressure/rtl/axi_r_response_router.sv:65$201, offset: 16

3.17. Executing OPT_CLEAN pass (remove unused cells and wires).
Finding unused cells or wires in module \axi_r_response_router..
Removed 8 unused cells and 28 unused wires.
<suppressed ~9 debug messages>

3.18. Executing SHARE pass (SAT-based resource sharing).

3.19. Executing TECHMAP pass (map to technology primitives).

3.19.1. Executing Verilog-2005 frontend: /Users/Dilan/eda/fabric-under-pressure/oss-cad-suite/libexec/../share/yosys/cmp2lut.v
Parsing Verilog input from `/Users/Dilan/eda/fabric-under-pressure/oss-cad-suite/libexec/../share/yosys/cmp2lut.v' to AST representation.
Generating RTLIL representation for module `\_90_lut_cmp_'.
Successfully finished Verilog frontend.

3.19.2. Continuing TECHMAP pass.
No more expansions possible.
<suppressed ~6 debug messages>

3.20. Executing OPT_EXPR pass (perform const folding).
Optimizing module axi_r_response_router.

3.21. Executing OPT_CLEAN pass (remove unused cells and wires).
Finding unused cells or wires in module \axi_r_response_router..

3.22. Executing TECHMAP pass (map to technology primitives).

3.22.1. Executing Verilog-2005 frontend: /Users/Dilan/eda/fabric-under-pressure/oss-cad-suite/libexec/../share/yosys/mul2dsp.v
Parsing Verilog input from `/Users/Dilan/eda/fabric-under-pressure/oss-cad-suite/libexec/../share/yosys/mul2dsp.v' to AST representation.
Generating RTLIL representation for module `\_80_mul'.
Generating RTLIL representation for module `\_90_soft_mul'.
Successfully finished Verilog frontend.

3.22.2. Continuing TECHMAP pass.
No more expansions possible.
<suppressed ~4 debug messages>

3.23. Executing TECHMAP pass (map to technology primitives).

3.23.1. Executing Verilog-2005 frontend: /Users/Dilan/eda/fabric-under-pressure/oss-cad-suite/libexec/../share/yosys/lattice/dsp_map_18x18.v
Parsing Verilog input from `/Users/Dilan/eda/fabric-under-pressure/oss-cad-suite/libexec/../share/yosys/lattice/dsp_map_18x18.v' to AST representation.
Generating RTLIL representation for module `$__MUL18X18'.
Successfully finished Verilog frontend.

3.23.2. Continuing TECHMAP pass.
No more expansions possible.
<suppressed ~3 debug messages>

3.24. Executing ALUMACC pass (create $alu and $macc cells).
Extracting $alu and $macc cells in module axi_r_response_router:
  created 0 $alu and 0 $macc cells.

3.25. Executing OPT pass (performing simple optimizations).

3.25.1. Executing OPT_EXPR pass (perform const folding).
Optimizing module axi_r_response_router.

3.25.2. Executing OPT_MERGE pass (detect identical cells).
Finding identical cells in module `\axi_r_response_router'.
Computing hashes of 1090 cells of `\axi_r_response_router'.
Finding duplicate cells in `\axi_r_response_router'.
Removed a total of 0 cells.

3.25.3. Executing OPT_MUXTREE pass (detect dead branches in mux trees).
Running muxtree optimizer on module \axi_r_response_router..
  Creating internal representation of mux trees.
  Evaluating internal representation of mux trees.
  Analyzing evaluation results.
Removed 0 multiplexer ports.
<suppressed ~9991 debug messages>

3.25.4. Executing OPT_REDUCE pass (consolidate $*mux and $reduce_* inputs).
  Optimizing cells in module \axi_r_response_router.
Performed a total of 0 changes.

3.25.5. Executing OPT_MERGE pass (detect identical cells).
Finding identical cells in module `\axi_r_response_router'.
Computing hashes of 1090 cells of `\axi_r_response_router'.
Finding duplicate cells in `\axi_r_response_router'.
Computing hashes of 1087 cells of `\axi_r_response_router'.
Finding duplicate cells in `\axi_r_response_router'.
<suppressed ~9 debug messages>
Removed a total of 3 cells.

3.25.6. Executing OPT_DFF pass (perform DFF optimizations).

3.25.7. Executing OPT_CLEAN pass (remove unused cells and wires).
Finding unused cells or wires in module \axi_r_response_router..
Removed 0 unused cells and 3 unused wires.
<suppressed ~1 debug messages>

3.25.8. Executing OPT_EXPR pass (perform const folding).
Optimizing module axi_r_response_router.

3.25.9. Rerunning OPT passes. (Maybe there is more to do..)

3.25.10. Executing OPT_MUXTREE pass (detect dead branches in mux trees).
Running muxtree optimizer on module \axi_r_response_router..
  Creating internal representation of mux trees.
  Evaluating internal representation of mux trees.
  Analyzing evaluation results.
Removed 0 multiplexer ports.
<suppressed ~9997 debug messages>

3.25.11. Executing OPT_REDUCE pass (consolidate $*mux and $reduce_* inputs).
  Optimizing cells in module \axi_r_response_router.
Performed a total of 0 changes.

3.25.12. Executing OPT_MERGE pass (detect identical cells).
Finding identical cells in module `\axi_r_response_router'.
Computing hashes of 1087 cells of `\axi_r_response_router'.
Finding duplicate cells in `\axi_r_response_router'.
Removed a total of 0 cells.

3.25.13. Executing OPT_DFF pass (perform DFF optimizations).

3.25.14. Executing OPT_CLEAN pass (remove unused cells and wires).
Finding unused cells or wires in module \axi_r_response_router..

3.25.15. Executing OPT_EXPR pass (perform const folding).
Optimizing module axi_r_response_router.

3.25.16. Finished fast OPT passes. (There is nothing left to do.)

3.26. Executing MEMORY pass.

3.26.1. Executing OPT_MEM pass (optimize memories).
Performed a total of 0 transformations.

3.26.2. Executing OPT_MEM_PRIORITY pass (removing unnecessary memory write priority relations).
Performed a total of 0 transformations.

3.26.3. Executing OPT_MEM_FEEDBACK pass (finding memory read-to-write feedback paths).

3.26.4. Executing MEMORY_BMUX2ROM pass (converting muxes to ROMs).

3.26.5. Executing MEMORY_DFF pass (merging $dff cells to $memrd).

3.26.6. Executing OPT_CLEAN pass (remove unused cells and wires).
Finding unused cells or wires in module \axi_r_response_router..

3.26.7. Executing MEMORY_SHARE pass (consolidating $memrd/$memwr cells).

3.26.8. Executing OPT_MEM_WIDEN pass (optimize memories where all ports are wide).
Performed a total of 0 transformations.

3.26.9. Executing OPT_CLEAN pass (remove unused cells and wires).
Finding unused cells or wires in module \axi_r_response_router..

3.26.10. Executing MEMORY_COLLECT pass (generating $mem cells).

3.27. Executing OPT_CLEAN pass (remove unused cells and wires).
Finding unused cells or wires in module \axi_r_response_router..

3.28. Executing MEMORY_LIBMAP pass (mapping memories to cells).

3.29. Executing TECHMAP pass (map to technology primitives).

3.29.1. Executing Verilog-2005 frontend: /Users/Dilan/eda/fabric-under-pressure/oss-cad-suite/libexec/../share/yosys/lattice/lutrams_map_trellis.v
Parsing Verilog input from `/Users/Dilan/eda/fabric-under-pressure/oss-cad-suite/libexec/../share/yosys/lattice/lutrams_map_trellis.v' to AST representation.
Generating RTLIL representation for module `$__TRELLIS_DPR16X4_'.
Successfully finished Verilog frontend.

3.29.2. Executing Verilog-2005 frontend: /Users/Dilan/eda/fabric-under-pressure/oss-cad-suite/libexec/../share/yosys/lattice/brams_map_16kd.v
Parsing Verilog input from `/Users/Dilan/eda/fabric-under-pressure/oss-cad-suite/libexec/../share/yosys/lattice/brams_map_16kd.v' to AST representation.
Generating RTLIL representation for module `$__DP16KD_'.
Generating RTLIL representation for module `$__PDPW16KD_'.
Successfully finished Verilog frontend.

3.29.3. Continuing TECHMAP pass.
No more expansions possible.
<suppressed ~5 debug messages>

3.30. Executing OPT pass (performing simple optimizations).

3.30.1. Executing OPT_EXPR pass (perform const folding).
Optimizing module axi_r_response_router.
<suppressed ~176 debug messages>

3.30.2. Executing OPT_MERGE pass (detect identical cells).
Finding identical cells in module `\axi_r_response_router'.
Computing hashes of 911 cells of `\axi_r_response_router'.
Finding duplicate cells in `\axi_r_response_router'.
Computing hashes of 863 cells of `\axi_r_response_router'.
Finding duplicate cells in `\axi_r_response_router'.
<suppressed ~144 debug messages>
Removed a total of 48 cells.

3.30.3. Executing OPT_DFF pass (perform DFF optimizations).

3.30.4. Executing OPT_CLEAN pass (remove unused cells and wires).
Finding unused cells or wires in module \axi_r_response_router..
Removed 0 unused cells and 209 unused wires.
<suppressed ~1 debug messages>

3.30.5. Finished fast OPT passes.

3.31. Executing MEMORY_MAP pass (converting memories to logic and flip-flops).

3.32. Executing OPT pass (performing simple optimizations).

3.32.1. Executing OPT_EXPR pass (perform const folding).
Optimizing module axi_r_response_router.

3.32.2. Executing OPT_MERGE pass (detect identical cells).
Finding identical cells in module `\axi_r_response_router'.
Computing hashes of 863 cells of `\axi_r_response_router'.
Finding duplicate cells in `\axi_r_response_router'.
Removed a total of 0 cells.

3.32.3. Executing OPT_MUXTREE pass (detect dead branches in mux trees).
Running muxtree optimizer on module \axi_r_response_router..
  Creating internal representation of mux trees.
  Evaluating internal representation of mux trees.
  Analyzing evaluation results.
Removed 0 multiplexer ports.
<suppressed ~7915 debug messages>

3.32.4. Executing OPT_REDUCE pass (consolidate $*mux and $reduce_* inputs).
  Optimizing cells in module \axi_r_response_router.
    Consolidated identical input bits for $mux cell $flatten\gen_r_arbiter[0].u_rr.$procmux$4889:
      Old ports: A={ 1'0 $auto$wreduce.cc:513:run$6190 [2:0] }, B=4'0010, Y=$flatten\gen_r_arbiter[0].u_rr.$16\candidate_grant[3:0]
      New ports: A=$auto$wreduce.cc:513:run$6190 [2:0], B=3'010, Y=$flatten\gen_r_arbiter[0].u_rr.$16\candidate_grant[3:0] [2:0]
      New connections: $flatten\gen_r_arbiter[0].u_rr.$16\candidate_grant[3:0] [3] = 1'0
    Consolidated identical input bits for $mux cell $flatten\gen_r_arbiter[1].u_rr.$procmux$5260:
      Old ports: A=4'0000, B=4'1000, Y=$flatten\gen_r_arbiter[1].u_rr.$5\candidate_grant[3:0]
      New ports: A=1'0, B=1'1, Y=$flatten\gen_r_arbiter[1].u_rr.$5\candidate_grant[3:0] [3]
      New connections: $flatten\gen_r_arbiter[1].u_rr.$5\candidate_grant[3:0] [2:0] = 3'000
    Consolidated identical input bits for $mux cell $flatten\gen_r_arbiter[0].u_rr.$procmux$5030:
      Old ports: A={ 2'00 $auto$wreduce.cc:513:run$6187 [1:0] }, B=4'0001, Y=$flatten\gen_r_arbiter[0].u_rr.$12\candidate_grant[3:0]
      New ports: A=$auto$wreduce.cc:513:run$6187 [1:0], B=2'01, Y=$flatten\gen_r_arbiter[0].u_rr.$12\candidate_grant[3:0] [1:0]
      New connections: $flatten\gen_r_arbiter[0].u_rr.$12\candidate_grant[3:0] [3:2] = 2'00
    Consolidated identical input bits for $mux cell $procmux$2386:
      Old ports: A=5'00000, B={ $24\raw_candidate_request[9:9] 1'0 $23\raw_candidate_request[5:5] 1'0 $22\raw_candidate_request[1:1] }, Y=$3\admitted_target[5:0]
      New ports: A=3'000, B={ $24\raw_candidate_request[9:9] $23\raw_candidate_request[5:5] $22\raw_candidate_request[1:1] }, Y={ $3\admitted_target[5:0] [4] $3\admitted_target[5:0] [2] $3\admitted_target[5:0] [0] }
      New connections: { $3\admitted_target[5:0] [3] $3\admitted_target[5:0] [1] } = 2'00
    Consolidated identical input bits for $mux cell $flatten\gen_r_arbiter[2].u_rr.$procmux$5030:
      Old ports: A={ 2'00 $auto$wreduce.cc:513:run$6194 [1:0] }, B=4'0001, Y=$flatten\gen_r_arbiter[2].u_rr.$12\candidate_grant[3:0]
      New ports: A=$auto$wreduce.cc:513:run$6194 [1:0], B=2'01, Y=$flatten\gen_r_arbiter[2].u_rr.$12\candidate_grant[3:0] [1:0]
      New connections: $flatten\gen_r_arbiter[2].u_rr.$12\candidate_grant[3:0] [3:2] = 2'00
    Consolidated identical input bits for $mux cell $flatten\gen_r_arbiter[2].u_rr.$procmux$4991:
      Old ports: A=2'00, B=2'10, Y=$auto$wreduce.cc:513:run$6194 [1:0]
      New ports: A=1'0, B=1'1, Y=$auto$wreduce.cc:513:run$6194 [1]
      New connections: $auto$wreduce.cc:513:run$6194 [0] = 1'0
    Consolidated identical input bits for $mux cell $flatten\gen_r_arbiter[1].u_rr.$procmux$4889:
      Old ports: A={ 1'0 $auto$wreduce.cc:513:run$6177 [2:0] }, B=4'0010, Y=$flatten\gen_r_arbiter[1].u_rr.$16\candidate_grant[3:0]
      New ports: A=$auto$wreduce.cc:513:run$6177 [2:0], B=3'010, Y=$flatten\gen_r_arbiter[1].u_rr.$16\candidate_grant[3:0] [2:0]
      New connections: $flatten\gen_r_arbiter[1].u_rr.$16\candidate_grant[3:0] [3] = 1'0
    Consolidated identical input bits for $mux cell $flatten\gen_r_arbiter[1].u_rr.$procmux$4844:
      Old ports: A=3'000, B=3'100, Y=$auto$wreduce.cc:513:run$6177 [2:0]
      New ports: A=1'0, B=1'1, Y=$auto$wreduce.cc:513:run$6177 [2]
      New connections: $auto$wreduce.cc:513:run$6177 [1:0] = 2'00
    Consolidated identical input bits for $mux cell $flatten\gen_r_arbiter[2].u_rr.$procmux$4889:
      Old ports: A={ 1'0 $auto$wreduce.cc:513:run$6193 [2:0] }, B=4'0010, Y=$flatten\gen_r_arbiter[2].u_rr.$16\candidate_grant[3:0]
      New ports: A=$auto$wreduce.cc:513:run$6193 [2:0], B=3'010, Y=$flatten\gen_r_arbiter[2].u_rr.$16\candidate_grant[3:0] [2:0]
      New connections: $flatten\gen_r_arbiter[2].u_rr.$16\candidate_grant[3:0] [3] = 1'0
    Consolidated identical input bits for $mux cell $flatten\gen_r_arbiter[1].u_rr.$procmux$4991:
      Old ports: A=2'00, B=2'10, Y=$auto$wreduce.cc:513:run$6178 [1:0]
      New ports: A=1'0, B=1'1, Y=$auto$wreduce.cc:513:run$6178 [1]
      New connections: $auto$wreduce.cc:513:run$6178 [0] = 1'0
    Consolidated identical input bits for $mux cell $flatten\gen_r_arbiter[0].u_rr.$procmux$4844:
      Old ports: A=3'000, B=3'100, Y=$auto$wreduce.cc:513:run$6190 [2:0]
      New ports: A=1'0, B=1'1, Y=$auto$wreduce.cc:513:run$6190 [2]
      New connections: $auto$wreduce.cc:513:run$6190 [1:0] = 2'00
    Consolidated identical input bits for $mux cell $flatten\gen_r_arbiter[0].u_rr.$procmux$5260:
      Old ports: A=4'0000, B=4'1000, Y=$flatten\gen_r_arbiter[0].u_rr.$5\candidate_grant[3:0]
      New ports: A=1'0, B=1'1, Y=$flatten\gen_r_arbiter[0].u_rr.$5\candidate_grant[3:0] [3]
      New connections: $flatten\gen_r_arbiter[0].u_rr.$5\candidate_grant[3:0] [2:0] = 3'000
    Consolidated identical input bits for $mux cell $flatten\gen_r_arbiter[0].u_rr.$procmux$5161:
      Old ports: A={ 3'000 \gen_r_arbiter[0].u_rr.request [0] }, B=4'1000, Y=$flatten\gen_r_arbiter[0].u_rr.$8\candidate_grant[3:0]
      New ports: A={ 1'0 \gen_r_arbiter[0].u_rr.request [0] }, B=2'10, Y={ $flatten\gen_r_arbiter[0].u_rr.$8\candidate_grant[3:0] [3] $flatten\gen_r_arbiter[0].u_rr.$8\candidate_grant[3:0] [0] }
      New connections: $flatten\gen_r_arbiter[0].u_rr.$8\candidate_grant[3:0] [2:1] = 2'00
    Consolidated identical input bits for $mux cell $flatten\gen_r_arbiter[2].u_rr.$procmux$4844:
      Old ports: A=3'000, B=3'100, Y=$auto$wreduce.cc:513:run$6193 [2:0]
      New ports: A=1'0, B=1'1, Y=$auto$wreduce.cc:513:run$6193 [2]
      New connections: $auto$wreduce.cc:513:run$6193 [1:0] = 2'00
    Consolidated identical input bits for $mux cell $flatten\gen_r_arbiter[1].u_rr.$procmux$5161:
      Old ports: A={ 3'000 \gen_r_arbiter[1].u_rr.request [0] }, B=4'1000, Y=$flatten\gen_r_arbiter[1].u_rr.$8\candidate_grant[3:0]
      New ports: A={ 1'0 \gen_r_arbiter[1].u_rr.request [0] }, B=2'10, Y={ $flatten\gen_r_arbiter[1].u_rr.$8\candidate_grant[3:0] [3] $flatten\gen_r_arbiter[1].u_rr.$8\candidate_grant[3:0] [0] }
      New connections: $flatten\gen_r_arbiter[1].u_rr.$8\candidate_grant[3:0] [2:1] = 2'00
    Consolidated identical input bits for $mux cell $flatten\gen_r_arbiter[2].u_rr.$procmux$5260:
      Old ports: A=4'0000, B=4'1000, Y=$flatten\gen_r_arbiter[2].u_rr.$5\candidate_grant[3:0]
      New ports: A=1'0, B=1'1, Y=$flatten\gen_r_arbiter[2].u_rr.$5\candidate_grant[3:0] [3]
      New connections: $flatten\gen_r_arbiter[2].u_rr.$5\candidate_grant[3:0] [2:0] = 3'000
    Consolidated identical input bits for $mux cell $flatten\gen_r_arbiter[0].u_rr.$procmux$4991:
      Old ports: A=2'00, B=2'10, Y=$auto$wreduce.cc:513:run$6187 [1:0]
      New ports: A=1'0, B=1'1, Y=$auto$wreduce.cc:513:run$6187 [1]
      New connections: $auto$wreduce.cc:513:run$6187 [0] = 1'0
    Consolidated identical input bits for $mux cell $flatten\gen_r_arbiter[2].u_rr.$procmux$5161:
      Old ports: A={ 3'000 \gen_r_arbiter[2].u_rr.request [0] }, B=4'1000, Y=$flatten\gen_r_arbiter[2].u_rr.$8\candidate_grant[3:0]
      New ports: A={ 1'0 \gen_r_arbiter[2].u_rr.request [0] }, B=2'10, Y={ $flatten\gen_r_arbiter[2].u_rr.$8\candidate_grant[3:0] [3] $flatten\gen_r_arbiter[2].u_rr.$8\candidate_grant[3:0] [0] }
      New connections: $flatten\gen_r_arbiter[2].u_rr.$8\candidate_grant[3:0] [2:1] = 2'00
    Consolidated identical input bits for $mux cell $flatten\gen_r_arbiter[1].u_rr.$procmux$5030:
      Old ports: A={ 2'00 $auto$wreduce.cc:513:run$6178 [1:0] }, B=4'0001, Y=$flatten\gen_r_arbiter[1].u_rr.$12\candidate_grant[3:0]
      New ports: A=$auto$wreduce.cc:513:run$6178 [1:0], B=2'01, Y=$flatten\gen_r_arbiter[1].u_rr.$12\candidate_grant[3:0] [1:0]
      New connections: $flatten\gen_r_arbiter[1].u_rr.$12\candidate_grant[3:0] [3:2] = 2'00
  Optimizing cells in module \axi_r_response_router.
    Consolidated identical input bits for $mux cell $flatten\gen_r_arbiter[0].u_rr.$procmux$4889:
      Old ports: A=$auto$wreduce.cc:513:run$6190 [2:0], B=3'010, Y=$flatten\gen_r_arbiter[0].u_rr.$16\candidate_grant[3:0] [2:0]
      New ports: A={ $auto$wreduce.cc:513:run$6190 [2] 1'0 }, B=2'01, Y=$flatten\gen_r_arbiter[0].u_rr.$16\candidate_grant[3:0] [2:1]
      New connections: $flatten\gen_r_arbiter[0].u_rr.$16\candidate_grant[3:0] [0] = 1'0
    Consolidated identical input bits for $mux cell $flatten\gen_r_arbiter[1].u_rr.$procmux$5194:
      Old ports: A=$flatten\gen_r_arbiter[1].u_rr.$8\candidate_grant[3:0], B=4'0100, Y=$flatten\gen_r_arbiter[1].u_rr.$7\candidate_grant[3:0]
      New ports: A={ $flatten\gen_r_arbiter[1].u_rr.$8\candidate_grant[3:0] [3] 1'0 $flatten\gen_r_arbiter[1].u_rr.$8\candidate_grant[3:0] [0] }, B=3'010, Y={ $flatten\gen_r_arbiter[1].u_rr.$7\candidate_grant[3:0] [3:2] $flatten\gen_r_arbiter[1].u_rr.$7\candidate_grant[3:0] [0] }
      New connections: $flatten\gen_r_arbiter[1].u_rr.$7\candidate_grant[3:0] [1] = 1'0
    Consolidated identical input bits for $mux cell $flatten\gen_r_arbiter[0].u_rr.$procmux$5305:
      Old ports: A=$flatten\gen_r_arbiter[0].u_rr.$5\candidate_grant[3:0], B=4'0100, Y=$flatten\gen_r_arbiter[0].u_rr.$4\candidate_grant[3:0]
      New ports: A={ $flatten\gen_r_arbiter[0].u_rr.$5\candidate_grant[3:0] [3] 1'0 }, B=2'01, Y=$flatten\gen_r_arbiter[0].u_rr.$4\candidate_grant[3:0] [3:2]
      New connections: $flatten\gen_r_arbiter[0].u_rr.$4\candidate_grant[3:0] [1:0] = 2'00
    Consolidated identical input bits for $mux cell $flatten\gen_r_arbiter[2].u_rr.$procmux$5060:
      Old ports: A=$flatten\gen_r_arbiter[2].u_rr.$12\candidate_grant[3:0], B=4'1000, Y=$flatten\gen_r_arbiter[2].u_rr.$11\candidate_grant[3:0]
      New ports: A={ 1'0 $flatten\gen_r_arbiter[2].u_rr.$12\candidate_grant[3:0] [1:0] }, B=3'100, Y={ $flatten\gen_r_arbiter[2].u_rr.$11\candidate_grant[3:0] [3] $flatten\gen_r_arbiter[2].u_rr.$11\candidate_grant[3:0] [1:0] }
      New connections: $flatten\gen_r_arbiter[2].u_rr.$11\candidate_grant[3:0] [2] = 1'0
    Consolidated identical input bits for $mux cell $flatten\gen_r_arbiter[0].u_rr.$procmux$4925:
      Old ports: A=$flatten\gen_r_arbiter[0].u_rr.$16\candidate_grant[3:0], B=4'0001, Y=$flatten\gen_r_arbiter[0].u_rr.$15\candidate_grant[3:0]
      New ports: A=$flatten\gen_r_arbiter[0].u_rr.$16\candidate_grant[3:0] [2:0], B=3'001, Y=$flatten\gen_r_arbiter[0].u_rr.$15\candidate_grant[3:0] [2:0]
      New connections: $flatten\gen_r_arbiter[0].u_rr.$15\candidate_grant[3:0] [3] = 1'0
    Consolidated identical input bits for $mux cell $flatten\gen_r_arbiter[1].u_rr.$procmux$4889:
      Old ports: A=$auto$wreduce.cc:513:run$6177 [2:0], B=3'010, Y=$flatten\gen_r_arbiter[1].u_rr.$16\candidate_grant[3:0] [2:0]
      New ports: A={ $auto$wreduce.cc:513:run$6177 [2] 1'0 }, B=2'01, Y=$flatten\gen_r_arbiter[1].u_rr.$16\candidate_grant[3:0] [2:1]
      New connections: $flatten\gen_r_arbiter[1].u_rr.$16\candidate_grant[3:0] [0] = 1'0
    Consolidated identical input bits for $mux cell $flatten\gen_r_arbiter[2].u_rr.$procmux$4925:
      Old ports: A=$flatten\gen_r_arbiter[2].u_rr.$16\candidate_grant[3:0], B=4'0001, Y=$flatten\gen_r_arbiter[2].u_rr.$15\candidate_grant[3:0]
      New ports: A=$flatten\gen_r_arbiter[2].u_rr.$16\candidate_grant[3:0] [2:0], B=3'001, Y=$flatten\gen_r_arbiter[2].u_rr.$15\candidate_grant[3:0] [2:0]
      New connections: $flatten\gen_r_arbiter[2].u_rr.$15\candidate_grant[3:0] [3] = 1'0
    Consolidated identical input bits for $mux cell $flatten\gen_r_arbiter[2].u_rr.$procmux$4889:
      Old ports: A=$auto$wreduce.cc:513:run$6193 [2:0], B=3'010, Y=$flatten\gen_r_arbiter[2].u_rr.$16\candidate_grant[3:0] [2:0]
      New ports: A={ $auto$wreduce.cc:513:run$6193 [2] 1'0 }, B=2'01, Y=$flatten\gen_r_arbiter[2].u_rr.$16\candidate_grant[3:0] [2:1]
      New connections: $flatten\gen_r_arbiter[2].u_rr.$16\candidate_grant[3:0] [0] = 1'0
    Consolidated identical input bits for $mux cell $flatten\gen_r_arbiter[0].u_rr.$procmux$5060:
      Old ports: A=$flatten\gen_r_arbiter[0].u_rr.$12\candidate_grant[3:0], B=4'1000, Y=$flatten\gen_r_arbiter[0].u_rr.$11\candidate_grant[3:0]
      New ports: A={ 1'0 $flatten\gen_r_arbiter[0].u_rr.$12\candidate_grant[3:0] [1:0] }, B=3'100, Y={ $flatten\gen_r_arbiter[0].u_rr.$11\candidate_grant[3:0] [3] $flatten\gen_r_arbiter[0].u_rr.$11\candidate_grant[3:0] [1:0] }
      New connections: $flatten\gen_r_arbiter[0].u_rr.$11\candidate_grant[3:0] [2] = 1'0
    Consolidated identical input bits for $mux cell $flatten\gen_r_arbiter[0].u_rr.$procmux$5194:
      Old ports: A=$flatten\gen_r_arbiter[0].u_rr.$8\candidate_grant[3:0], B=4'0100, Y=$flatten\gen_r_arbiter[0].u_rr.$7\candidate_grant[3:0]
      New ports: A={ $flatten\gen_r_arbiter[0].u_rr.$8\candidate_grant[3:0] [3] 1'0 $flatten\gen_r_arbiter[0].u_rr.$8\candidate_grant[3:0] [0] }, B=3'010, Y={ $flatten\gen_r_arbiter[0].u_rr.$7\candidate_grant[3:0] [3:2] $flatten\gen_r_arbiter[0].u_rr.$7\candidate_grant[3:0] [0] }
      New connections: $flatten\gen_r_arbiter[0].u_rr.$7\candidate_grant[3:0] [1] = 1'0
    Consolidated identical input bits for $mux cell $flatten\gen_r_arbiter[2].u_rr.$procmux$5194:
      Old ports: A=$flatten\gen_r_arbiter[2].u_rr.$8\candidate_grant[3:0], B=4'0100, Y=$flatten\gen_r_arbiter[2].u_rr.$7\candidate_grant[3:0]
      New ports: A={ $flatten\gen_r_arbiter[2].u_rr.$8\candidate_grant[3:0] [3] 1'0 $flatten\gen_r_arbiter[2].u_rr.$8\candidate_grant[3:0] [0] }, B=3'010, Y={ $flatten\gen_r_arbiter[2].u_rr.$7\candidate_grant[3:0] [3:2] $flatten\gen_r_arbiter[2].u_rr.$7\candidate_grant[3:0] [0] }
      New connections: $flatten\gen_r_arbiter[2].u_rr.$7\candidate_grant[3:0] [1] = 1'0
    Consolidated identical input bits for $mux cell $flatten\gen_r_arbiter[2].u_rr.$procmux$5305:
      Old ports: A=$flatten\gen_r_arbiter[2].u_rr.$5\candidate_grant[3:0], B=4'0100, Y=$flatten\gen_r_arbiter[2].u_rr.$4\candidate_grant[3:0]
      New ports: A={ $flatten\gen_r_arbiter[2].u_rr.$5\candidate_grant[3:0] [3] 1'0 }, B=2'01, Y=$flatten\gen_r_arbiter[2].u_rr.$4\candidate_grant[3:0] [3:2]
      New connections: $flatten\gen_r_arbiter[2].u_rr.$4\candidate_grant[3:0] [1:0] = 2'00
    Consolidated identical input bits for $mux cell $flatten\gen_r_arbiter[1].u_rr.$procmux$4925:
      Old ports: A=$flatten\gen_r_arbiter[1].u_rr.$16\candidate_grant[3:0], B=4'0001, Y=$flatten\gen_r_arbiter[1].u_rr.$15\candidate_grant[3:0]
      New ports: A=$flatten\gen_r_arbiter[1].u_rr.$16\candidate_grant[3:0] [2:0], B=3'001, Y=$flatten\gen_r_arbiter[1].u_rr.$15\candidate_grant[3:0] [2:0]
      New connections: $flatten\gen_r_arbiter[1].u_rr.$15\candidate_grant[3:0] [3] = 1'0
    Consolidated identical input bits for $mux cell $flatten\gen_r_arbiter[1].u_rr.$procmux$5305:
      Old ports: A=$flatten\gen_r_arbiter[1].u_rr.$5\candidate_grant[3:0], B=4'0100, Y=$flatten\gen_r_arbiter[1].u_rr.$4\candidate_grant[3:0]
      New ports: A={ $flatten\gen_r_arbiter[1].u_rr.$5\candidate_grant[3:0] [3] 1'0 }, B=2'01, Y=$flatten\gen_r_arbiter[1].u_rr.$4\candidate_grant[3:0] [3:2]
      New connections: $flatten\gen_r_arbiter[1].u_rr.$4\candidate_grant[3:0] [1:0] = 2'00
    Consolidated identical input bits for $mux cell $flatten\gen_r_arbiter[1].u_rr.$procmux$5060:
      Old ports: A=$flatten\gen_r_arbiter[1].u_rr.$12\candidate_grant[3:0], B=4'1000, Y=$flatten\gen_r_arbiter[1].u_rr.$11\candidate_grant[3:0]
      New ports: A={ 1'0 $flatten\gen_r_arbiter[1].u_rr.$12\candidate_grant[3:0] [1:0] }, B=3'100, Y={ $flatten\gen_r_arbiter[1].u_rr.$11\candidate_grant[3:0] [3] $flatten\gen_r_arbiter[1].u_rr.$11\candidate_grant[3:0] [1:0] }
      New connections: $flatten\gen_r_arbiter[1].u_rr.$11\candidate_grant[3:0] [2] = 1'0
  Optimizing cells in module \axi_r_response_router.
    Consolidated identical input bits for $mux cell $flatten\gen_r_arbiter[0].u_rr.$procmux$5341:
      Old ports: A=$flatten\gen_r_arbiter[0].u_rr.$4\candidate_grant[3:0], B=4'0010, Y=$flatten\gen_r_arbiter[0].u_rr.$3\candidate_grant[3:0]
      New ports: A={ $flatten\gen_r_arbiter[0].u_rr.$4\candidate_grant[3:0] [3:2] 1'0 }, B=3'001, Y=$flatten\gen_r_arbiter[0].u_rr.$3\candidate_grant[3:0] [3:1]
      New connections: $flatten\gen_r_arbiter[0].u_rr.$3\candidate_grant[3:0] [0] = 1'0
    Consolidated identical input bits for $mux cell $flatten\gen_r_arbiter[2].u_rr.$procmux$5341:
      Old ports: A=$flatten\gen_r_arbiter[2].u_rr.$4\candidate_grant[3:0], B=4'0010, Y=$flatten\gen_r_arbiter[2].u_rr.$3\candidate_grant[3:0]
      New ports: A={ $flatten\gen_r_arbiter[2].u_rr.$4\candidate_grant[3:0] [3:2] 1'0 }, B=3'001, Y=$flatten\gen_r_arbiter[2].u_rr.$3\candidate_grant[3:0] [3:1]
      New connections: $flatten\gen_r_arbiter[2].u_rr.$3\candidate_grant[3:0] [0] = 1'0
    Consolidated identical input bits for $mux cell $flatten\gen_r_arbiter[1].u_rr.$procmux$5341:
      Old ports: A=$flatten\gen_r_arbiter[1].u_rr.$4\candidate_grant[3:0], B=4'0010, Y=$flatten\gen_r_arbiter[1].u_rr.$3\candidate_grant[3:0]
      New ports: A={ $flatten\gen_r_arbiter[1].u_rr.$4\candidate_grant[3:0] [3:2] 1'0 }, B=3'001, Y=$flatten\gen_r_arbiter[1].u_rr.$3\candidate_grant[3:0] [3:1]
      New connections: $flatten\gen_r_arbiter[1].u_rr.$3\candidate_grant[3:0] [0] = 1'0
  Optimizing cells in module \axi_r_response_router.
Performed a total of 37 changes.

3.32.5. Executing OPT_MERGE pass (detect identical cells).
Finding identical cells in module `\axi_r_response_router'.
Computing hashes of 863 cells of `\axi_r_response_router'.
Finding duplicate cells in `\axi_r_response_router'.
Removed a total of 0 cells.

3.32.6. Executing OPT_DFF pass (perform DFF optimizations).

3.32.7. Executing OPT_CLEAN pass (remove unused cells and wires).
Finding unused cells or wires in module \axi_r_response_router..

3.32.8. Executing OPT_EXPR pass (perform const folding).
Optimizing module axi_r_response_router.
<suppressed ~9 debug messages>

3.32.9. Rerunning OPT passes. (Maybe there is more to do..)

3.32.10. Executing OPT_MUXTREE pass (detect dead branches in mux trees).
Running muxtree optimizer on module \axi_r_response_router..
  Creating internal representation of mux trees.
  Evaluating internal representation of mux trees.
  Analyzing evaluation results.
Removed 0 multiplexer ports.
<suppressed ~7906 debug messages>

3.32.11. Executing OPT_REDUCE pass (consolidate $*mux and $reduce_* inputs).
  Optimizing cells in module \axi_r_response_router.
Performed a total of 0 changes.

3.32.12. Executing OPT_MERGE pass (detect identical cells).
Finding identical cells in module `\axi_r_response_router'.
Computing hashes of 854 cells of `\axi_r_response_router'.
Finding duplicate cells in `\axi_r_response_router'.
Removed a total of 0 cells.

3.32.13. Executing OPT_DFF pass (perform DFF optimizations).

3.32.14. Executing OPT_CLEAN pass (remove unused cells and wires).
Finding unused cells or wires in module \axi_r_response_router..
Removed 0 unused cells and 9 unused wires.
<suppressed ~1 debug messages>

3.32.15. Executing OPT_EXPR pass (perform const folding).
Optimizing module axi_r_response_router.

3.32.16. Rerunning OPT passes. (Maybe there is more to do..)

3.32.17. Executing OPT_MUXTREE pass (detect dead branches in mux trees).
Running muxtree optimizer on module \axi_r_response_router..
  Creating internal representation of mux trees.
  Evaluating internal representation of mux trees.
  Analyzing evaluation results.
Removed 0 multiplexer ports.
<suppressed ~7906 debug messages>

3.32.18. Executing OPT_REDUCE pass (consolidate $*mux and $reduce_* inputs).
  Optimizing cells in module \axi_r_response_router.
Performed a total of 0 changes.

3.32.19. Executing OPT_MERGE pass (detect identical cells).
Finding identical cells in module `\axi_r_response_router'.
Computing hashes of 854 cells of `\axi_r_response_router'.
Finding duplicate cells in `\axi_r_response_router'.
Removed a total of 0 cells.

3.32.20. Executing OPT_DFF pass (perform DFF optimizations).

3.32.21. Executing OPT_CLEAN pass (remove unused cells and wires).
Finding unused cells or wires in module \axi_r_response_router..

3.32.22. Executing OPT_EXPR pass (perform const folding).
Optimizing module axi_r_response_router.

3.32.23. Finished fast OPT passes. (There is nothing left to do.)

3.33. Executing TECHMAP pass (map to technology primitives).

3.33.1. Executing Verilog-2005 frontend: /Users/Dilan/eda/fabric-under-pressure/oss-cad-suite/libexec/../share/yosys/techmap.v
Parsing Verilog input from `/Users/Dilan/eda/fabric-under-pressure/oss-cad-suite/libexec/../share/yosys/techmap.v' to AST representation.
Generating RTLIL representation for module `\_90_simplemap_bool_ops'.
Generating RTLIL representation for module `\_90_simplemap_reduce_ops'.
Generating RTLIL representation for module `\_90_simplemap_logic_ops'.
Generating RTLIL representation for module `\_90_simplemap_compare_ops'.
Generating RTLIL representation for module `\_90_simplemap_various'.
Generating RTLIL representation for module `\_90_simplemap_registers'.
Generating RTLIL representation for module `\_90_shift_ops_shr_shl_sshl_sshr'.
Generating RTLIL representation for module `\_90_shift_shiftx'.
Generating RTLIL representation for module `\_90_fa'.
Generating RTLIL representation for module `\_90_lcu_brent_kung'.
Generating RTLIL representation for module `\_90_alu'.
Generating RTLIL representation for module `\_90_macc'.
Generating RTLIL representation for module `\_90_alumacc'.
Generating RTLIL representation for module `$__div_mod_u'.
Generating RTLIL representation for module `$__div_mod_trunc'.
Generating RTLIL representation for module `\_90_div'.
Generating RTLIL representation for module `\_90_mod'.
Generating RTLIL representation for module `$__div_mod_floor'.
Generating RTLIL representation for module `\_90_divfloor'.
Generating RTLIL representation for module `\_90_modfloor'.
Generating RTLIL representation for module `\_90_pow'.
Generating RTLIL representation for module `\_90_demux'.
Generating RTLIL representation for module `\_90_lut'.
Generating RTLIL representation for module `$connect'.
Generating RTLIL representation for module `$input_port'.
Successfully finished Verilog frontend.

3.33.2. Executing Verilog-2005 frontend: /Users/Dilan/eda/fabric-under-pressure/oss-cad-suite/libexec/../share/yosys/lattice/arith_map_ccu2c.v
Parsing Verilog input from `/Users/Dilan/eda/fabric-under-pressure/oss-cad-suite/libexec/../share/yosys/lattice/arith_map_ccu2c.v' to AST representation.
Generating RTLIL representation for module `\_80_ccu2c_alu'.
Successfully finished Verilog frontend.

3.33.3. Continuing TECHMAP pass.
Using extmapper simplemap for cells of type $ne.
Using extmapper simplemap for cells of type $adffe.
Using extmapper simplemap for cells of type $reduce_and.
Using extmapper simplemap for cells of type $reduce_bool.
Using extmapper simplemap for cells of type $reduce_or.
Using extmapper simplemap for cells of type $and.
Using extmapper simplemap for cells of type $eq.
Using extmapper simplemap for cells of type $not.
Using extmapper simplemap for cells of type $adff.
Using extmapper simplemap for cells of type $logic_not.
Using template $paramod$constmap:688eb190d56b544b0d0e6dae83339491141b3105$paramod$369ca78ef67d436c4c8adb60c4980aa33be2988e\_90_shift_shiftx for cells of type $shiftx.
Using template $paramod$constmap:c4d32ae41b7275c5f2024aa279c1dc6dccfdef49$paramod$b8f6b17185cf5ccd494495f0313896f650e70863\_90_shift_shiftx for cells of type $shiftx.
Using template $paramod$constmap:d32588ed278eeb4fd204e437352bbb0da20f89e6$paramod$d3856cf1a0cfcc1321b9bac1e0a6f7eb27fd6a9d\_90_shift_shiftx for cells of type $shiftx.
Using extmapper simplemap for cells of type $logic_and.
Using extmapper simplemap for cells of type $logic_or.
Using extmapper simplemap for cells of type $mux.
Using extmapper simplemap for cells of type $pmux.
No more expansions possible.
<suppressed ~1498 debug messages>

3.34. Executing OPT pass (performing simple optimizations).

3.34.1. Executing OPT_EXPR pass (perform const folding).
Optimizing module axi_r_response_router.
<suppressed ~2448 debug messages>

3.34.2. Executing OPT_MERGE pass (detect identical cells).
Finding identical cells in module `\axi_r_response_router'.
Computing hashes of 6586 cells of `\axi_r_response_router'.
Finding duplicate cells in `\axi_r_response_router'.
Computing hashes of 5945 cells of `\axi_r_response_router'.
Finding duplicate cells in `\axi_r_response_router'.
Computing hashes of 5582 cells of `\axi_r_response_router'.
Finding duplicate cells in `\axi_r_response_router'.
Computing hashes of 5348 cells of `\axi_r_response_router'.
Finding duplicate cells in `\axi_r_response_router'.
Computing hashes of 5144 cells of `\axi_r_response_router'.
Finding duplicate cells in `\axi_r_response_router'.
<suppressed ~4326 debug messages>
Removed a total of 1442 cells.

3.34.3. Executing OPT_DFF pass (perform DFF optimizations).

3.34.4. Executing OPT_CLEAN pass (remove unused cells and wires).
Finding unused cells or wires in module \axi_r_response_router..
Removed 650 unused cells and 968 unused wires.
<suppressed ~651 debug messages>

3.34.5. Finished fast OPT passes.

3.35. Executing OPT_CLEAN pass (remove unused cells and wires).
Finding unused cells or wires in module \axi_r_response_router..

3.36. Executing DFFLEGALIZE pass (convert FFs and LATCHes to types supported by the target).

3.37. Executing OPT_MERGE pass (detect identical cells).
Finding identical cells in module `\axi_r_response_router'.
Computing hashes of 4778 cells of `\axi_r_response_router'.
Finding duplicate cells in `\axi_r_response_router'.
Computing hashes of 4495 cells of `\axi_r_response_router'.
Finding duplicate cells in `\axi_r_response_router'.
<suppressed ~849 debug messages>
Removed a total of 283 cells.

3.38. Executing TECHMAP pass (map to technology primitives).

3.38.1. Executing Verilog-2005 frontend: /Users/Dilan/eda/fabric-under-pressure/oss-cad-suite/libexec/../share/yosys/lattice/cells_map_trellis.v
Parsing Verilog input from `/Users/Dilan/eda/fabric-under-pressure/oss-cad-suite/libexec/../share/yosys/lattice/cells_map_trellis.v' to AST representation.
Generating RTLIL representation for module `$_DFF_N_'.
Generating RTLIL representation for module `$_DFF_P_'.
Generating RTLIL representation for module `$_DFFE_NN_'.
Generating RTLIL representation for module `$_DFFE_PN_'.
Generating RTLIL representation for module `$_DFFE_NP_'.
Generating RTLIL representation for module `$_DFFE_PP_'.
Generating RTLIL representation for module `$_DFF_NP0_'.
Generating RTLIL representation for module `$_DFF_NP1_'.
Generating RTLIL representation for module `$_DFF_PP0_'.
Generating RTLIL representation for module `$_DFF_PP1_'.
Generating RTLIL representation for module `$_SDFF_NP0_'.
Generating RTLIL representation for module `$_SDFF_NP1_'.
Generating RTLIL representation for module `$_SDFF_PP0_'.
Generating RTLIL representation for module `$_SDFF_PP1_'.
Generating RTLIL representation for module `$_DFFE_NP0P_'.
Generating RTLIL representation for module `$_DFFE_NP1P_'.
Generating RTLIL representation for module `$_DFFE_PP0P_'.
Generating RTLIL representation for module `$_DFFE_PP1P_'.
Generating RTLIL representation for module `$_DFFE_NP0N_'.
Generating RTLIL representation for module `$_DFFE_NP1N_'.
Generating RTLIL representation for module `$_DFFE_PP0N_'.
Generating RTLIL representation for module `$_DFFE_PP1N_'.
Generating RTLIL representation for module `$_SDFFE_NP0P_'.
Generating RTLIL representation for module `$_SDFFE_NP1P_'.
Generating RTLIL representation for module `$_SDFFE_PP0P_'.
Generating RTLIL representation for module `$_SDFFE_PP1P_'.
Generating RTLIL representation for module `$_SDFFE_NP0N_'.
Generating RTLIL representation for module `$_SDFFE_NP1N_'.
Generating RTLIL representation for module `$_SDFFE_PP0N_'.
Generating RTLIL representation for module `$_SDFFE_PP1N_'.
Generating RTLIL representation for module `$_ALDFF_NP_'.
Generating RTLIL representation for module `$_ALDFF_PP_'.
Generating RTLIL representation for module `$_ALDFFE_NPN_'.
Generating RTLIL representation for module `$_ALDFFE_NPP_'.
Generating RTLIL representation for module `$_ALDFFE_PPN_'.
Generating RTLIL representation for module `$_ALDFFE_PPP_'.
Generating RTLIL representation for module `\FD1P3AX'.
Generating RTLIL representation for module `\FD1P3AY'.
Generating RTLIL representation for module `\FD1P3BX'.
Generating RTLIL representation for module `\FD1P3DX'.
Generating RTLIL representation for module `\FD1P3IX'.
Generating RTLIL representation for module `\FD1P3JX'.
Generating RTLIL representation for module `\FD1S3AX'.
Generating RTLIL representation for module `\FD1S3AY'.
Generating RTLIL representation for module `\FD1S3BX'.
Generating RTLIL representation for module `\FD1S3DX'.
Generating RTLIL representation for module `\FD1S3IX'.
Generating RTLIL representation for module `\FD1S3JX'.
Generating RTLIL representation for module `\IFS1P3BX'.
Generating RTLIL representation for module `\IFS1P3DX'.
Generating RTLIL representation for module `\IFS1P3IX'.
Generating RTLIL representation for module `\IFS1P3JX'.
Generating RTLIL representation for module `\OFS1P3BX'.
Generating RTLIL representation for module `\OFS1P3DX'.
Generating RTLIL representation for module `\OFS1P3IX'.
Generating RTLIL representation for module `\OFS1P3JX'.
Generating RTLIL representation for module `\IB'.
Generating RTLIL representation for module `\IBPU'.
Generating RTLIL representation for module `\IBPD'.
Generating RTLIL representation for module `\OB'.
Generating RTLIL representation for module `\OBZ'.
Generating RTLIL representation for module `\OBZPU'.
Generating RTLIL representation for module `\OBZPD'.
Generating RTLIL representation for module `\OBCO'.
Generating RTLIL representation for module `\BB'.
Generating RTLIL representation for module `\BBPU'.
Generating RTLIL representation for module `\BBPD'.
Generating RTLIL representation for module `\ILVDS'.
Generating RTLIL representation for module `\OLVDS'.
Successfully finished Verilog frontend.

3.38.2. Continuing TECHMAP pass.
Using template $_DFF_PP0_ for cells of type $_DFF_PP0_.
Using template $_DFF_PP1_ for cells of type $_DFF_PP1_.
Using template $_DFFE_PP0P_ for cells of type $_DFFE_PP0P_.
No more expansions possible.
<suppressed ~355 debug messages>

3.39. Executing OPT_EXPR pass (perform const folding).
Optimizing module axi_r_response_router.
<suppressed ~4 debug messages>

3.40. Executing SIMPLEMAP pass (map simple cells to gate primitives).

3.41. Executing LATTICE_GSR pass (implement FF init values).
Handling GSR in axi_r_response_router.

3.42. Executing ATTRMVCP pass (move or copy attributes).

3.43. Executing OPT_CLEAN pass (remove unused cells and wires).
Finding unused cells or wires in module \axi_r_response_router..
Removed 0 unused cells and 1742 unused wires.
<suppressed ~1 debug messages>

3.44. Executing CHECK pass (checking for obvious problems).
Checking module axi_r_response_router...
Found and reported 0 problems.

3.45. Executing TECHMAP pass (map to technology primitives).

3.45.1. Executing Verilog-2005 frontend: /Users/Dilan/eda/fabric-under-pressure/oss-cad-suite/libexec/../share/yosys/lattice/latches_map.v
Parsing Verilog input from `/Users/Dilan/eda/fabric-under-pressure/oss-cad-suite/libexec/../share/yosys/lattice/latches_map.v' to AST representation.
Generating RTLIL representation for module `$_DLATCH_N_'.
Generating RTLIL representation for module `$_DLATCH_P_'.
Successfully finished Verilog frontend.

3.45.2. Continuing TECHMAP pass.
No more expansions possible.
<suppressed ~4 debug messages>

3.46. Executing ABC9 pass.

3.46.1. Executing ABC9_OPS pass (helper functions for ABC9).

3.46.2. Executing ABC9_OPS pass (helper functions for ABC9).

3.46.3. Executing PROC pass (convert processes to netlists).

3.46.3.1. Executing PROC_CLEAN pass (remove empty switches from decision trees).
Cleaned up 0 empty switches.

3.46.3.2. Executing PROC_RMDEAD pass (remove dead branches from decision trees).
Marked 1 switch rules as full_case in process $proc$/Users/Dilan/eda/fabric-under-pressure/oss-cad-suite/libexec/../share/yosys/lattice/common_sim.vh:282$17349 in module $paramod$37e41664cab9052a9b41c89036e0524f666a0fee\TRELLIS_FF.
Removed a total of 0 dead cases.

3.46.3.3. Executing PROC_PRUNE pass (remove redundant assignments in processes).
Removed 0 redundant assignments.
Promoted 1 assignment to connection.

3.46.3.4. Executing PROC_INIT pass (extract init attributes).
Found init rule in `$paramod$37e41664cab9052a9b41c89036e0524f666a0fee\TRELLIS_FF.$proc$/Users/Dilan/eda/fabric-under-pressure/oss-cad-suite/libexec/../share/yosys/lattice/common_sim.vh:278$17350'.
  Set init value: \Q = 1'0

3.46.3.5. Executing PROC_ARST pass (detect async resets in processes).
Found async reset \muxlsr in `$paramod$37e41664cab9052a9b41c89036e0524f666a0fee\TRELLIS_FF.$proc$/Users/Dilan/eda/fabric-under-pressure/oss-cad-suite/libexec/../share/yosys/lattice/common_sim.vh:282$17349'.

3.46.3.6. Executing PROC_ROM pass (convert switches to ROMs).
Converted 0 switches.
<suppressed ~1 debug messages>

3.46.3.7. Executing PROC_MUX pass (convert decision trees to multiplexers).
Creating decoders for process `$paramod$37e41664cab9052a9b41c89036e0524f666a0fee\TRELLIS_FF.$proc$/Users/Dilan/eda/fabric-under-pressure/oss-cad-suite/libexec/../share/yosys/lattice/common_sim.vh:278$17350'.
Creating decoders for process `$paramod$37e41664cab9052a9b41c89036e0524f666a0fee\TRELLIS_FF.$proc$/Users/Dilan/eda/fabric-under-pressure/oss-cad-suite/libexec/../share/yosys/lattice/common_sim.vh:282$17349'.
     1/1: $0\Q[0:0]

3.46.3.8. Executing PROC_DLATCH pass (convert process syncs to latches).

3.46.3.9. Executing PROC_DFF pass (convert process syncs to FFs).
Creating register for signal `$paramod$37e41664cab9052a9b41c89036e0524f666a0fee\TRELLIS_FF.\Q' using process `$paramod$37e41664cab9052a9b41c89036e0524f666a0fee\TRELLIS_FF.$proc$/Users/Dilan/eda/fabric-under-pressure/oss-cad-suite/libexec/../share/yosys/lattice/common_sim.vh:282$17349'.
  created $adff cell `$procdff$17355' with positive edge clock and positive level reset.

3.46.3.10. Executing PROC_MEMWR pass (convert process memory writes to cells).

3.46.3.11. Executing PROC_CLEAN pass (remove empty switches from decision trees).
Removing empty process `$paramod$37e41664cab9052a9b41c89036e0524f666a0fee\TRELLIS_FF.$proc$/Users/Dilan/eda/fabric-under-pressure/oss-cad-suite/libexec/../share/yosys/lattice/common_sim.vh:278$17350'.
Found and cleaned up 1 empty switch in `$paramod$37e41664cab9052a9b41c89036e0524f666a0fee\TRELLIS_FF.$proc$/Users/Dilan/eda/fabric-under-pressure/oss-cad-suite/libexec/../share/yosys/lattice/common_sim.vh:282$17349'.
Removing empty process `$paramod$37e41664cab9052a9b41c89036e0524f666a0fee\TRELLIS_FF.$proc$/Users/Dilan/eda/fabric-under-pressure/oss-cad-suite/libexec/../share/yosys/lattice/common_sim.vh:282$17349'.
Cleaned up 1 empty switch.

3.46.4. Executing PROC pass (convert processes to netlists).

3.46.4.1. Executing PROC_CLEAN pass (remove empty switches from decision trees).
Cleaned up 0 empty switches.

3.46.4.2. Executing PROC_RMDEAD pass (remove dead branches from decision trees).
Marked 1 switch rules as full_case in process $proc$/Users/Dilan/eda/fabric-under-pressure/oss-cad-suite/libexec/../share/yosys/lattice/common_sim.vh:282$17363 in module $paramod$68581f66a8fa831820fa7633bd24ba569ae9d7e3\TRELLIS_FF.
Removed a total of 0 dead cases.

3.46.4.3. Executing PROC_PRUNE pass (remove redundant assignments in processes).
Removed 0 redundant assignments.
Promoted 1 assignment to connection.

3.46.4.4. Executing PROC_INIT pass (extract init attributes).
Found init rule in `$paramod$68581f66a8fa831820fa7633bd24ba569ae9d7e3\TRELLIS_FF.$proc$/Users/Dilan/eda/fabric-under-pressure/oss-cad-suite/libexec/../share/yosys/lattice/common_sim.vh:278$17364'.
  Set init value: \Q = 1'0

3.46.4.5. Executing PROC_ARST pass (detect async resets in processes).
Found async reset \muxlsr in `$paramod$68581f66a8fa831820fa7633bd24ba569ae9d7e3\TRELLIS_FF.$proc$/Users/Dilan/eda/fabric-under-pressure/oss-cad-suite/libexec/../share/yosys/lattice/common_sim.vh:282$17363'.

3.46.4.6. Executing PROC_ROM pass (convert switches to ROMs).
Converted 0 switches.
<suppressed ~1 debug messages>

3.46.4.7. Executing PROC_MUX pass (convert decision trees to multiplexers).
Creating decoders for process `$paramod$68581f66a8fa831820fa7633bd24ba569ae9d7e3\TRELLIS_FF.$proc$/Users/Dilan/eda/fabric-under-pressure/oss-cad-suite/libexec/../share/yosys/lattice/common_sim.vh:278$17364'.
Creating decoders for process `$paramod$68581f66a8fa831820fa7633bd24ba569ae9d7e3\TRELLIS_FF.$proc$/Users/Dilan/eda/fabric-under-pressure/oss-cad-suite/libexec/../share/yosys/lattice/common_sim.vh:282$17363'.
     1/1: $0\Q[0:0]

3.46.4.8. Executing PROC_DLATCH pass (convert process syncs to latches).

3.46.4.9. Executing PROC_DFF pass (convert process syncs to FFs).
Creating register for signal `$paramod$68581f66a8fa831820fa7633bd24ba569ae9d7e3\TRELLIS_FF.\Q' using process `$paramod$68581f66a8fa831820fa7633bd24ba569ae9d7e3\TRELLIS_FF.$proc$/Users/Dilan/eda/fabric-under-pressure/oss-cad-suite/libexec/../share/yosys/lattice/common_sim.vh:282$17363'.
  created $adff cell `$procdff$17369' with positive edge clock and positive level reset.

3.46.4.10. Executing PROC_MEMWR pass (convert process memory writes to cells).

3.46.4.11. Executing PROC_CLEAN pass (remove empty switches from decision trees).
Removing empty process `$paramod$68581f66a8fa831820fa7633bd24ba569ae9d7e3\TRELLIS_FF.$proc$/Users/Dilan/eda/fabric-under-pressure/oss-cad-suite/libexec/../share/yosys/lattice/common_sim.vh:278$17364'.
Found and cleaned up 1 empty switch in `$paramod$68581f66a8fa831820fa7633bd24ba569ae9d7e3\TRELLIS_FF.$proc$/Users/Dilan/eda/fabric-under-pressure/oss-cad-suite/libexec/../share/yosys/lattice/common_sim.vh:282$17363'.
Removing empty process `$paramod$68581f66a8fa831820fa7633bd24ba569ae9d7e3\TRELLIS_FF.$proc$/Users/Dilan/eda/fabric-under-pressure/oss-cad-suite/libexec/../share/yosys/lattice/common_sim.vh:282$17363'.
Cleaned up 1 empty switch.

3.46.5. Executing PROC pass (convert processes to netlists).

3.46.5.1. Executing PROC_CLEAN pass (remove empty switches from decision trees).
Cleaned up 0 empty switches.

3.46.5.2. Executing PROC_RMDEAD pass (remove dead branches from decision trees).
Marked 1 switch rules as full_case in process $proc$/Users/Dilan/eda/fabric-under-pressure/oss-cad-suite/libexec/../share/yosys/lattice/common_sim.vh:282$17377 in module $paramod$af6cfab7b64a03625b4e26db341709ec2a848ad1\TRELLIS_FF.
Removed a total of 0 dead cases.

3.46.5.3. Executing PROC_PRUNE pass (remove redundant assignments in processes).
Removed 0 redundant assignments.
Promoted 1 assignment to connection.

3.46.5.4. Executing PROC_INIT pass (extract init attributes).
Found init rule in `$paramod$af6cfab7b64a03625b4e26db341709ec2a848ad1\TRELLIS_FF.$proc$/Users/Dilan/eda/fabric-under-pressure/oss-cad-suite/libexec/../share/yosys/lattice/common_sim.vh:278$17378'.
  Set init value: \Q = 1'1

3.46.5.5. Executing PROC_ARST pass (detect async resets in processes).
Found async reset \muxlsr in `$paramod$af6cfab7b64a03625b4e26db341709ec2a848ad1\TRELLIS_FF.$proc$/Users/Dilan/eda/fabric-under-pressure/oss-cad-suite/libexec/../share/yosys/lattice/common_sim.vh:282$17377'.

3.46.5.6. Executing PROC_ROM pass (convert switches to ROMs).
Converted 0 switches.
<suppressed ~1 debug messages>

3.46.5.7. Executing PROC_MUX pass (convert decision trees to multiplexers).
Creating decoders for process `$paramod$af6cfab7b64a03625b4e26db341709ec2a848ad1\TRELLIS_FF.$proc$/Users/Dilan/eda/fabric-under-pressure/oss-cad-suite/libexec/../share/yosys/lattice/common_sim.vh:278$17378'.
Creating decoders for process `$paramod$af6cfab7b64a03625b4e26db341709ec2a848ad1\TRELLIS_FF.$proc$/Users/Dilan/eda/fabric-under-pressure/oss-cad-suite/libexec/../share/yosys/lattice/common_sim.vh:282$17377'.
     1/1: $0\Q[0:0]

3.46.5.8. Executing PROC_DLATCH pass (convert process syncs to latches).

3.46.5.9. Executing PROC_DFF pass (convert process syncs to FFs).
Creating register for signal `$paramod$af6cfab7b64a03625b4e26db341709ec2a848ad1\TRELLIS_FF.\Q' using process `$paramod$af6cfab7b64a03625b4e26db341709ec2a848ad1\TRELLIS_FF.$proc$/Users/Dilan/eda/fabric-under-pressure/oss-cad-suite/libexec/../share/yosys/lattice/common_sim.vh:282$17377'.
  created $adff cell `$procdff$17383' with positive edge clock and positive level reset.

3.46.5.10. Executing PROC_MEMWR pass (convert process memory writes to cells).

3.46.5.11. Executing PROC_CLEAN pass (remove empty switches from decision trees).
Removing empty process `$paramod$af6cfab7b64a03625b4e26db341709ec2a848ad1\TRELLIS_FF.$proc$/Users/Dilan/eda/fabric-under-pressure/oss-cad-suite/libexec/../share/yosys/lattice/common_sim.vh:278$17378'.
Found and cleaned up 1 empty switch in `$paramod$af6cfab7b64a03625b4e26db341709ec2a848ad1\TRELLIS_FF.$proc$/Users/Dilan/eda/fabric-under-pressure/oss-cad-suite/libexec/../share/yosys/lattice/common_sim.vh:282$17377'.
Removing empty process `$paramod$af6cfab7b64a03625b4e26db341709ec2a848ad1\TRELLIS_FF.$proc$/Users/Dilan/eda/fabric-under-pressure/oss-cad-suite/libexec/../share/yosys/lattice/common_sim.vh:282$17377'.
Cleaned up 1 empty switch.

3.46.6. Executing SCC pass (detecting logic loops).
Found 0 SCCs in module axi_r_response_router.
Found 0 SCCs.

3.46.7. Executing ABC9_OPS pass (helper functions for ABC9).

3.46.8. Executing TECHMAP pass (map to technology primitives).

3.46.8.1. Executing Verilog-2005 frontend: /Users/Dilan/eda/fabric-under-pressure/oss-cad-suite/libexec/../share/yosys/techmap.v
Parsing Verilog input from `/Users/Dilan/eda/fabric-under-pressure/oss-cad-suite/libexec/../share/yosys/techmap.v' to AST representation.
Generating RTLIL representation for module `\_90_simplemap_bool_ops'.
Generating RTLIL representation for module `\_90_simplemap_reduce_ops'.
Generating RTLIL representation for module `\_90_simplemap_logic_ops'.
Generating RTLIL representation for module `\_90_simplemap_compare_ops'.
Generating RTLIL representation for module `\_90_simplemap_various'.
Generating RTLIL representation for module `\_90_simplemap_registers'.
Generating RTLIL representation for module `\_90_shift_ops_shr_shl_sshl_sshr'.
Generating RTLIL representation for module `\_90_shift_shiftx'.
Generating RTLIL representation for module `\_90_fa'.
Generating RTLIL representation for module `\_90_lcu_brent_kung'.
Generating RTLIL representation for module `\_90_alu'.
Generating RTLIL representation for module `\_90_macc'.
Generating RTLIL representation for module `\_90_alumacc'.
Generating RTLIL representation for module `$__div_mod_u'.
Generating RTLIL representation for module `$__div_mod_trunc'.
Generating RTLIL representation for module `\_90_div'.
Generating RTLIL representation for module `\_90_mod'.
Generating RTLIL representation for module `$__div_mod_floor'.
Generating RTLIL representation for module `\_90_divfloor'.
Generating RTLIL representation for module `\_90_modfloor'.
Generating RTLIL representation for module `\_90_pow'.
Generating RTLIL representation for module `\_90_demux'.
Generating RTLIL representation for module `\_90_lut'.
Generating RTLIL representation for module `$connect'.
Generating RTLIL representation for module `$input_port'.
Successfully finished Verilog frontend.

3.46.8.2. Continuing TECHMAP pass.
No more expansions possible.
<suppressed ~171 debug messages>

3.46.9. Executing OPT pass (performing simple optimizations).

3.46.9.1. Executing OPT_EXPR pass (perform const folding).
Optimizing module $paramod$37e41664cab9052a9b41c89036e0524f666a0fee\TRELLIS_FF.
Optimizing module $paramod$68581f66a8fa831820fa7633bd24ba569ae9d7e3\TRELLIS_FF.
Optimizing module $paramod$af6cfab7b64a03625b4e26db341709ec2a848ad1\TRELLIS_FF.

3.46.9.2. Executing OPT_MERGE pass (detect identical cells).
Finding identical cells in module `$paramod$37e41664cab9052a9b41c89036e0524f666a0fee\TRELLIS_FF'.
Computing hashes of 2 cells of `$paramod$37e41664cab9052a9b41c89036e0524f666a0fee\TRELLIS_FF'.
Finding duplicate cells in `$paramod$37e41664cab9052a9b41c89036e0524f666a0fee\TRELLIS_FF'.
Finding identical cells in module `$paramod$68581f66a8fa831820fa7633bd24ba569ae9d7e3\TRELLIS_FF'.
Computing hashes of 2 cells of `$paramod$68581f66a8fa831820fa7633bd24ba569ae9d7e3\TRELLIS_FF'.
Finding duplicate cells in `$paramod$68581f66a8fa831820fa7633bd24ba569ae9d7e3\TRELLIS_FF'.
Finding identical cells in module `$paramod$af6cfab7b64a03625b4e26db341709ec2a848ad1\TRELLIS_FF'.
Computing hashes of 2 cells of `$paramod$af6cfab7b64a03625b4e26db341709ec2a848ad1\TRELLIS_FF'.
Finding duplicate cells in `$paramod$af6cfab7b64a03625b4e26db341709ec2a848ad1\TRELLIS_FF'.
Removed a total of 0 cells.

3.46.9.3. Executing OPT_MUXTREE pass (detect dead branches in mux trees).
Running muxtree optimizer on module $paramod$37e41664cab9052a9b41c89036e0524f666a0fee\TRELLIS_FF..
  Creating internal representation of mux trees.
  No muxes found in this module.
Running muxtree optimizer on module $paramod$68581f66a8fa831820fa7633bd24ba569ae9d7e3\TRELLIS_FF..
  Creating internal representation of mux trees.
  No muxes found in this module.
Running muxtree optimizer on module $paramod$af6cfab7b64a03625b4e26db341709ec2a848ad1\TRELLIS_FF..
  Creating internal representation of mux trees.
  No muxes found in this module.
Removed 0 multiplexer ports.

3.46.9.4. Executing OPT_REDUCE pass (consolidate $*mux and $reduce_* inputs).
  Optimizing cells in module $paramod$37e41664cab9052a9b41c89036e0524f666a0fee\TRELLIS_FF.
  Optimizing cells in module $paramod$68581f66a8fa831820fa7633bd24ba569ae9d7e3\TRELLIS_FF.
  Optimizing cells in module $paramod$af6cfab7b64a03625b4e26db341709ec2a848ad1\TRELLIS_FF.
Performed a total of 0 changes.

3.46.9.5. Executing OPT_MERGE pass (detect identical cells).
Finding identical cells in module `$paramod$37e41664cab9052a9b41c89036e0524f666a0fee\TRELLIS_FF'.
Computing hashes of 2 cells of `$paramod$37e41664cab9052a9b41c89036e0524f666a0fee\TRELLIS_FF'.
Finding duplicate cells in `$paramod$37e41664cab9052a9b41c89036e0524f666a0fee\TRELLIS_FF'.
Finding identical cells in module `$paramod$68581f66a8fa831820fa7633bd24ba569ae9d7e3\TRELLIS_FF'.
Computing hashes of 2 cells of `$paramod$68581f66a8fa831820fa7633bd24ba569ae9d7e3\TRELLIS_FF'.
Finding duplicate cells in `$paramod$68581f66a8fa831820fa7633bd24ba569ae9d7e3\TRELLIS_FF'.
Finding identical cells in module `$paramod$af6cfab7b64a03625b4e26db341709ec2a848ad1\TRELLIS_FF'.
Computing hashes of 2 cells of `$paramod$af6cfab7b64a03625b4e26db341709ec2a848ad1\TRELLIS_FF'.
Finding duplicate cells in `$paramod$af6cfab7b64a03625b4e26db341709ec2a848ad1\TRELLIS_FF'.
Removed a total of 0 cells.

3.46.9.6. Executing OPT_DFF pass (perform DFF optimizations).

3.46.9.7. Executing OPT_CLEAN pass (remove unused cells and wires).
Finding unused cells or wires in module $paramod$37e41664cab9052a9b41c89036e0524f666a0fee\TRELLIS_FF..
Finding unused cells or wires in module $paramod$68581f66a8fa831820fa7633bd24ba569ae9d7e3\TRELLIS_FF..
Finding unused cells or wires in module $paramod$af6cfab7b64a03625b4e26db341709ec2a848ad1\TRELLIS_FF..

3.46.9.8. Executing OPT_EXPR pass (perform const folding).
Optimizing module $paramod$37e41664cab9052a9b41c89036e0524f666a0fee\TRELLIS_FF.
Optimizing module $paramod$68581f66a8fa831820fa7633bd24ba569ae9d7e3\TRELLIS_FF.
Optimizing module $paramod$af6cfab7b64a03625b4e26db341709ec2a848ad1\TRELLIS_FF.

3.46.9.9. Finished fast OPT passes. (There is nothing left to do.)

3.46.10. Executing TECHMAP pass (map to technology primitives).

3.46.10.1. Executing Verilog-2005 frontend: /Users/Dilan/eda/fabric-under-pressure/oss-cad-suite/libexec/../share/yosys/abc9_map.v
Parsing Verilog input from `/Users/Dilan/eda/fabric-under-pressure/oss-cad-suite/libexec/../share/yosys/abc9_map.v' to AST representation.
Successfully finished Verilog frontend.

3.46.10.2. Continuing TECHMAP pass.
Using template $paramod$68581f66a8fa831820fa7633bd24ba569ae9d7e3\TRELLIS_FF for cells of type $paramod$68581f66a8fa831820fa7633bd24ba569ae9d7e3\TRELLIS_FF.
Using template $paramod$af6cfab7b64a03625b4e26db341709ec2a848ad1\TRELLIS_FF for cells of type $paramod$af6cfab7b64a03625b4e26db341709ec2a848ad1\TRELLIS_FF.
Using template $paramod$37e41664cab9052a9b41c89036e0524f666a0fee\TRELLIS_FF for cells of type $paramod$37e41664cab9052a9b41c89036e0524f666a0fee\TRELLIS_FF.
No more expansions possible.
<suppressed ~289 debug messages>

3.46.11. Executing Verilog-2005 frontend: /Users/Dilan/eda/fabric-under-pressure/oss-cad-suite/libexec/../share/yosys/abc9_model.v
Parsing Verilog input from `/Users/Dilan/eda/fabric-under-pressure/oss-cad-suite/libexec/../share/yosys/abc9_model.v' to AST representation.
Generating RTLIL representation for module `$__ABC9_DELAY'.
Generating RTLIL representation for module `$__ABC9_SCC_BREAKER'.
Generating RTLIL representation for module `$__DFF_N__$abc9_flop'.
Generating RTLIL representation for module `$__DFF_P__$abc9_flop'.
Successfully finished Verilog frontend.

3.46.12. Executing ABC9_OPS pass (helper functions for ABC9).
<suppressed ~2 debug messages>

3.46.13. Executing ABC9_OPS pass (helper functions for ABC9).

3.46.14. Executing ABC9_OPS pass (helper functions for ABC9).
<suppressed ~2 debug messages>

3.46.15. Executing TECHMAP pass (map to technology primitives).

3.46.15.1. Executing Verilog-2005 frontend: /Users/Dilan/eda/fabric-under-pressure/oss-cad-suite/libexec/../share/yosys/techmap.v
Parsing Verilog input from `/Users/Dilan/eda/fabric-under-pressure/oss-cad-suite/libexec/../share/yosys/techmap.v' to AST representation.
Generating RTLIL representation for module `\_90_simplemap_bool_ops'.
Generating RTLIL representation for module `\_90_simplemap_reduce_ops'.
Generating RTLIL representation for module `\_90_simplemap_logic_ops'.
Generating RTLIL representation for module `\_90_simplemap_compare_ops'.
Generating RTLIL representation for module `\_90_simplemap_various'.
Generating RTLIL representation for module `\_90_simplemap_registers'.
Generating RTLIL representation for module `\_90_shift_ops_shr_shl_sshl_sshr'.
Generating RTLIL representation for module `\_90_shift_shiftx'.
Generating RTLIL representation for module `\_90_fa'.
Generating RTLIL representation for module `\_90_lcu_brent_kung'.
Generating RTLIL representation for module `\_90_alu'.
Generating RTLIL representation for module `\_90_macc'.
Generating RTLIL representation for module `\_90_alumacc'.
Generating RTLIL representation for module `$__div_mod_u'.
Generating RTLIL representation for module `$__div_mod_trunc'.
Generating RTLIL representation for module `\_90_div'.
Generating RTLIL representation for module `\_90_mod'.
Generating RTLIL representation for module `$__div_mod_floor'.
Generating RTLIL representation for module `\_90_divfloor'.
Generating RTLIL representation for module `\_90_modfloor'.
Generating RTLIL representation for module `\_90_pow'.
Generating RTLIL representation for module `\_90_demux'.
Generating RTLIL representation for module `\_90_lut'.
Generating RTLIL representation for module `$connect'.
Generating RTLIL representation for module `$input_port'.
Successfully finished Verilog frontend.

3.46.15.2. Continuing TECHMAP pass.
No more expansions possible.
<suppressed ~175 debug messages>

3.46.16. Executing OPT pass (performing simple optimizations).

3.46.16.1. Executing OPT_EXPR pass (perform const folding).
Optimizing module axi_r_response_router.

3.46.16.2. Executing OPT_MERGE pass (detect identical cells).
Finding identical cells in module `\axi_r_response_router'.
Computing hashes of 0 cells of `\axi_r_response_router'.
Finding duplicate cells in `\axi_r_response_router'.
Removed a total of 0 cells.

3.46.16.3. Executing OPT_MUXTREE pass (detect dead branches in mux trees).
Running muxtree optimizer on module \axi_r_response_router..
  Creating internal representation of mux trees.
  No muxes found in this module.
Removed 0 multiplexer ports.

3.46.16.4. Executing OPT_REDUCE pass (consolidate $*mux and $reduce_* inputs).
  Optimizing cells in module \axi_r_response_router.
Performed a total of 0 changes.

3.46.16.5. Executing OPT_MERGE pass (detect identical cells).
Finding identical cells in module `\axi_r_response_router'.
Computing hashes of 0 cells of `\axi_r_response_router'.
Finding duplicate cells in `\axi_r_response_router'.
Removed a total of 0 cells.

3.46.16.6. Executing OPT_DFF pass (perform DFF optimizations).

3.46.16.7. Executing OPT_CLEAN pass (remove unused cells and wires).
Finding unused cells or wires in module \axi_r_response_router..

3.46.16.8. Executing OPT_EXPR pass (perform const folding).
Optimizing module axi_r_response_router.

3.46.16.9. Finished fast OPT passes. (There is nothing left to do.)

3.46.17. Executing AIGMAP pass (map logic to AIG).
Module axi_r_response_router: replaced 3759 cells with 24642 new cells, skipped 1020 cells.
  replaced 3 cell types:
    3130 $_MUX_
     557 $_OR_
      72 $_XOR_
  not replaced 9 cell types:
     221 $_AND_
     228 $_NOT_
       3 $scopeinfo
      39 $paramod$37e41664cab9052a9b41c89036e0524f666a0fee\TRELLIS_FF
     242 $paramod$68581f66a8fa831820fa7633bd24ba569ae9d7e3\TRELLIS_FF
       3 $paramod$af6cfab7b64a03625b4e26db341709ec2a848ad1\TRELLIS_FF
      39 $paramod$37e41664cab9052a9b41c89036e0524f666a0fee\TRELLIS_FF_$abc9_byp
     242 $paramod$68581f66a8fa831820fa7633bd24ba569ae9d7e3\TRELLIS_FF_$abc9_byp
       3 $paramod$af6cfab7b64a03625b4e26db341709ec2a848ad1\TRELLIS_FF_$abc9_byp

3.46.17.1. Executing ABC9_OPS pass (helper functions for ABC9).

3.46.17.2. Executing ABC9_OPS pass (helper functions for ABC9).
Warning: Feature 'write_xaiger2' is experimental.

3.46.17.3. Executing XAIGER2 backend.
<suppressed ~1150 debug messages>
Extracted 9145 AND gates and 0 wires from module `axi_r_response_router' to a netlist network with 917 inputs and 1756 outputs.

3.46.17.4. Executing ABC9_EXE pass (technology mapping using ABC9).

3.46.17.5. Executing ABC9.
Running ABC command: "<yosys-exe-dir>/yosys-abc" -s -f <abc-temp-dir>/abc.script 2>&1
ABC: ======== ABC command line "source <abc-temp-dir>/abc.script"
ABC: + read_lut <abc-temp-dir>/input.lut
ABC: + read_box <abc-temp-dir>/input.box
ABC: + &read <abc-temp-dir>/input.xaig
ABC: + &ps
ABC: <abc-temp-dir>/input : i/o =    633/   1188  and =    8201  lev =   62 (9.39)  mem = 0.14 MB  box = 284  bb = 284
ABC: + &scorr
ABC: Warning: The network is combinational.
ABC: + &sweep
ABC: + &dc2
ABC: + &dch -f -r
ABC: + &ps
ABC: <abc-temp-dir>/input : i/o =    633/   1188  and =    7315  lev =   36 (5.46)  mem = 0.13 MB  ch =  950  box = 284  bb = 284
ABC: cst =       0  cls =    844  lit =     950  unused =    6438  proof =     0
ABC: + &if -W 300 -v
ABC: K = 7. Memory (bytes): Truth =    0. Cut =   76. Obj =  156. Set =  780. CutMin = no
ABC: Node =    7315.  Ch =   844.  Total mem =    1.64 MB. Peak cut mem =    0.11 MB.
ABC: P:  Del = 5786.00.  Ar =    6530.0.  Edge =     7589.  Cut =    79002.  T =     0.01 sec
ABC: P:  Del = 5786.00.  Ar =    5982.0.  Edge =     6561.  Cut =    74144.  T =     0.01 sec
ABC: P:  Del = 5786.00.  Ar =    3723.0.  Edge =     6260.  Cut =   188294.  T =     0.03 sec
ABC: F:  Del = 5786.00.  Ar =    2175.0.  Edge =     5676.  Cut =    89174.  T =     0.01 sec
ABC: A:  Del = 5786.00.  Ar =    2081.0.  Edge =     5401.  Cut =    77842.  T =     0.02 sec
ABC: A:  Del = 5786.00.  Ar =    2076.0.  Edge =     5397.  Cut =    77844.  T =     0.02 sec
ABC: Total time =     0.10 sec
ABC: + &write -n <abc-temp-dir>/output.aig
ABC: + &mfs
ABC: + &ps -l
ABC: <abc-temp-dir>/input : i/o =    633/   1188  and =    4247  lev =   39 (5.00)  mem = 0.09 MB  box = 284  bb = 284
ABC: Mapping (K=7)  :  lut =   1327  edge =    5178  lev =   11 (2.00)  levB =   12  mem = 0.06 MB
ABC: LUT = 1327 : 2=90 6.8 %  3=277 20.9 %  4=709 53.4 %  5=201 15.1 %  6=24 1.8 %  7=26 2.0 %  Ave = 3.90
ABC: + &write -n <abc-temp-dir>/output.aig
ABC: + &verify
ABC: Networks are equivalent.  Time =     0.13 sec
ABC: + time
ABC: elapse: 1.53 seconds, total: 1.53 seconds

3.46.17.6. Executing AIGER frontend.
<suppressed ~10 debug messages>
Removed 6059 unused cells and 8109 unused wires.

3.46.17.7. Executing ABC_OPS_REINTEGRATE pass (reintegrate ABC mapped design into module).
ABC RESULTS:              $lut cells:     1331
ABC RESULTS:   $paramod$37e41664cab9052a9b41c89036e0524f666a0fee\TRELLIS_FF_$abc9_byp cells:       39
ABC RESULTS:   $paramod$68581f66a8fa831820fa7633bd24ba569ae9d7e3\TRELLIS_FF_$abc9_byp cells:      242
ABC RESULTS:   $paramod$af6cfab7b64a03625b4e26db341709ec2a848ad1\TRELLIS_FF_$abc9_byp cells:        3
ABC RESULTS:           input signals:      293
ABC RESULTS:          output signals:       19
<suppressed ~3642 debug messages>
Removing temp directory.

3.46.18. Executing TECHMAP pass (map to technology primitives).

3.46.18.1. Executing Verilog-2005 frontend: /Users/Dilan/eda/fabric-under-pressure/oss-cad-suite/libexec/../share/yosys/abc9_unmap.v
Parsing Verilog input from `/Users/Dilan/eda/fabric-under-pressure/oss-cad-suite/libexec/../share/yosys/abc9_unmap.v' to AST representation.
Generating RTLIL representation for module `$__DFF_x__$abc9_flop'.
Generating RTLIL representation for module `$__ABC9_SCC_BREAKER'.
Successfully finished Verilog frontend.

3.46.18.2. Continuing TECHMAP pass.
Using template $paramod$68581f66a8fa831820fa7633bd24ba569ae9d7e3\TRELLIS_FF for cells of type $paramod$68581f66a8fa831820fa7633bd24ba569ae9d7e3\TRELLIS_FF.
Using template $paramod$af6cfab7b64a03625b4e26db341709ec2a848ad1\TRELLIS_FF for cells of type $paramod$af6cfab7b64a03625b4e26db341709ec2a848ad1\TRELLIS_FF.
Using template $paramod$37e41664cab9052a9b41c89036e0524f666a0fee\TRELLIS_FF for cells of type $paramod$37e41664cab9052a9b41c89036e0524f666a0fee\TRELLIS_FF.
Using template $paramod$68581f66a8fa831820fa7633bd24ba569ae9d7e3\TRELLIS_FF_$abc9_byp for cells of type $paramod$68581f66a8fa831820fa7633bd24ba569ae9d7e3\TRELLIS_FF_$abc9_byp.
Using template $paramod$af6cfab7b64a03625b4e26db341709ec2a848ad1\TRELLIS_FF_$abc9_byp for cells of type $paramod$af6cfab7b64a03625b4e26db341709ec2a848ad1\TRELLIS_FF_$abc9_byp.
Using template $paramod$37e41664cab9052a9b41c89036e0524f666a0fee\TRELLIS_FF_$abc9_byp for cells of type $paramod$37e41664cab9052a9b41c89036e0524f666a0fee\TRELLIS_FF_$abc9_byp.
No more expansions possible.
<suppressed ~579 debug messages>
Removed 134 unused cells and 5951 unused wires.

3.47. Executing TECHMAP pass (map to technology primitives).

3.47.1. Executing Verilog-2005 frontend: /Users/Dilan/eda/fabric-under-pressure/oss-cad-suite/libexec/../share/yosys/lattice/cells_map_trellis.v
Parsing Verilog input from `/Users/Dilan/eda/fabric-under-pressure/oss-cad-suite/libexec/../share/yosys/lattice/cells_map_trellis.v' to AST representation.
Generating RTLIL representation for module `$_DFF_N_'.
Generating RTLIL representation for module `$_DFF_P_'.
Generating RTLIL representation for module `$_DFFE_NN_'.
Generating RTLIL representation for module `$_DFFE_PN_'.
Generating RTLIL representation for module `$_DFFE_NP_'.
Generating RTLIL representation for module `$_DFFE_PP_'.
Generating RTLIL representation for module `$_DFF_NP0_'.
Generating RTLIL representation for module `$_DFF_NP1_'.
Generating RTLIL representation for module `$_DFF_PP0_'.
Generating RTLIL representation for module `$_DFF_PP1_'.
Generating RTLIL representation for module `$_SDFF_NP0_'.
Generating RTLIL representation for module `$_SDFF_NP1_'.
Generating RTLIL representation for module `$_SDFF_PP0_'.
Generating RTLIL representation for module `$_SDFF_PP1_'.
Generating RTLIL representation for module `$_DFFE_NP0P_'.
Generating RTLIL representation for module `$_DFFE_NP1P_'.
Generating RTLIL representation for module `$_DFFE_PP0P_'.
Generating RTLIL representation for module `$_DFFE_PP1P_'.
Generating RTLIL representation for module `$_DFFE_NP0N_'.
Generating RTLIL representation for module `$_DFFE_NP1N_'.
Generating RTLIL representation for module `$_DFFE_PP0N_'.
Generating RTLIL representation for module `$_DFFE_PP1N_'.
Generating RTLIL representation for module `$_SDFFE_NP0P_'.
Generating RTLIL representation for module `$_SDFFE_NP1P_'.
Generating RTLIL representation for module `$_SDFFE_PP0P_'.
Generating RTLIL representation for module `$_SDFFE_PP1P_'.
Generating RTLIL representation for module `$_SDFFE_NP0N_'.
Generating RTLIL representation for module `$_SDFFE_NP1N_'.
Generating RTLIL representation for module `$_SDFFE_PP0N_'.
Generating RTLIL representation for module `$_SDFFE_PP1N_'.
Generating RTLIL representation for module `$_ALDFF_NP_'.
Generating RTLIL representation for module `$_ALDFF_PP_'.
Generating RTLIL representation for module `$_ALDFFE_NPN_'.
Generating RTLIL representation for module `$_ALDFFE_NPP_'.
Generating RTLIL representation for module `$_ALDFFE_PPN_'.
Generating RTLIL representation for module `$_ALDFFE_PPP_'.
Generating RTLIL representation for module `\FD1P3AX'.
Generating RTLIL representation for module `\FD1P3AY'.
Generating RTLIL representation for module `\FD1P3BX'.
Generating RTLIL representation for module `\FD1P3DX'.
Generating RTLIL representation for module `\FD1P3IX'.
Generating RTLIL representation for module `\FD1P3JX'.
Generating RTLIL representation for module `\FD1S3AX'.
Generating RTLIL representation for module `\FD1S3AY'.
Generating RTLIL representation for module `\FD1S3BX'.
Generating RTLIL representation for module `\FD1S3DX'.
Generating RTLIL representation for module `\FD1S3IX'.
Generating RTLIL representation for module `\FD1S3JX'.
Generating RTLIL representation for module `\IFS1P3BX'.
Generating RTLIL representation for module `\IFS1P3DX'.
Generating RTLIL representation for module `\IFS1P3IX'.
Generating RTLIL representation for module `\IFS1P3JX'.
Generating RTLIL representation for module `\OFS1P3BX'.
Generating RTLIL representation for module `\OFS1P3DX'.
Generating RTLIL representation for module `\OFS1P3IX'.
Generating RTLIL representation for module `\OFS1P3JX'.
Generating RTLIL representation for module `\IB'.
Generating RTLIL representation for module `\IBPU'.
Generating RTLIL representation for module `\IBPD'.
Generating RTLIL representation for module `\OB'.
Generating RTLIL representation for module `\OBZ'.
Generating RTLIL representation for module `\OBZPU'.
Generating RTLIL representation for module `\OBZPD'.
Generating RTLIL representation for module `\OBCO'.
Generating RTLIL representation for module `\BB'.
Generating RTLIL representation for module `\BBPU'.
Generating RTLIL representation for module `\BBPD'.
Generating RTLIL representation for module `\ILVDS'.
Generating RTLIL representation for module `\OLVDS'.
Generating RTLIL representation for module `$lut'.
Successfully finished Verilog frontend.

3.47.2. Continuing TECHMAP pass.
Using template $paramod$lut\WIDTH=32'00000000000000000000000000000010\LUT=4'0010 for cells of type $lut.
Using template $paramod$272652f6c6fbe9a75eff76e45cc7e2788835518b$lut for cells of type $lut.
Using template $paramod$9e1755e3954600257bb9b9ab192e2c0243b0f35a$lut for cells of type $lut.
Using template $paramod$30305e55a780880b9c824fe3509a4d981acb0f2b$lut for cells of type $lut.
Using template $paramod$fca001e3e0b52158a872e76e56c01ec10dfbb1de$lut for cells of type $lut.
Using template $paramod$8d7a8d6e3356de09670738ba85f2c6b874f6b06d$lut for cells of type $lut.
Using template $paramod$7d35f3eb4056e6484203c99fe42cfcf1dfaba704$lut for cells of type $lut.
Using template $paramod$lut\WIDTH=32'00000000000000000000000000000011\LUT=8'10010000 for cells of type $lut.
Using template $paramod$f45429e380905f064bb0bad3a8bdb941708e63a7$lut for cells of type $lut.
Using template $paramod$c8f16510db975553c8b0be1064e8f5234175f8a8$lut for cells of type $lut.
Using template $paramod$16894c241be5ea1f024e9339dea788b4dbe184ae$lut for cells of type $lut.
Using template $paramod$4385b611926e5c0509dba4de58311d325da0ff0d$lut for cells of type $lut.
Using template $paramod$lut\WIDTH=32'00000000000000000000000000000011\LUT=8'00000001 for cells of type $lut.
Using template $paramod$ea5280fce2698f0f291737e66fca69a1d9d058e1$lut for cells of type $lut.
Using template $paramod$ab8bb87959c5d7cfa27886cee1355b38e054a61a$lut for cells of type $lut.
Using template $paramod$9dd298ae76fb41ac94779a83c068607fbc09ce4f$lut for cells of type $lut.
Using template $paramod$lut\WIDTH=32'00000000000000000000000000000010\LUT=4'0001 for cells of type $lut.
Using template $paramod$e019cb14313283ce60b57907d30cf3eefa00a93d$lut for cells of type $lut.
Using template $paramod$lut\WIDTH=32'00000000000000000000000000000010\LUT=4'0100 for cells of type $lut.
Using template $paramod$5a08224d27f6506e23571e2fa65d9e96d4340aa2$lut for cells of type $lut.
Using template $paramod$3e169cec6f369077a59a80fe281a083ba6809078$lut for cells of type $lut.
Using template $paramod$lut\WIDTH=32'00000000000000000000000000000011\LUT=8'00000010 for cells of type $lut.
Using template $paramod$728e616c918eb05878d70b2bb240e381ea2847b9$lut for cells of type $lut.
Using template $paramod$baa9d2fb2d21010939721b85aa9f11effe0b53c4$lut for cells of type $lut.
Using template $paramod$239497b96db7e17720ca6afe567a5c67294f57b4$lut for cells of type $lut.
Using template $paramod$7e5b59d9e4c49b05c353ba4669bf91c851786e5a$lut for cells of type $lut.
Using template $paramod$d6ca727e39f31d51d29072e0f33aa09c65e37336$lut for cells of type $lut.
Using template $paramod$8e44661def013b6bf9fe6f8b049ef2c838d749f9$lut for cells of type $lut.
Using template $paramod$lut\WIDTH=32'00000000000000000000000000000011\LUT=8'10000000 for cells of type $lut.
Using template $paramod$364c9ffbffac467d60dfec81bba4e18476c15602$lut for cells of type $lut.
Using template $paramod$4b23d751b3e1d7cde9cd1766bf20ceee12e38a3d$lut for cells of type $lut.
Using template $paramod$lut\WIDTH=32'00000000000000000000000000000011\LUT=8'10001010 for cells of type $lut.
Using template $paramod$98a667e221d3b592b81c76661f13dfb89c8e0413$lut for cells of type $lut.
Using template $paramod$f49a513744a1b2b42d8e0bdec04def22d8ab476e$lut for cells of type $lut.
Using template $paramod$911a763ced2d16f6a96762dc603c3d2043f740a0$lut for cells of type $lut.
Using template $paramod$lut\WIDTH=32'00000000000000000000000000000011\LUT=8'00100000 for cells of type $lut.
Using template $paramod$lut\WIDTH=32'00000000000000000000000000000010\LUT=4'1000 for cells of type $lut.
Using template $paramod$b6f86b87109d238f7ee245cb3703e9bdaa2b39c4$lut for cells of type $lut.
Using template $paramod$a19b77ce34e34421b354b69b1774ecb850f2e4d8$lut for cells of type $lut.
Using template $paramod$lut\WIDTH=32'00000000000000000000000000000011\LUT=8'00100111 for cells of type $lut.
Using template $paramod$9ae065502339642bddef50d37794413e68e494de$lut for cells of type $lut.
Using template $paramod$ef41029c0b308dc383a32e5b715fd127f14969a4$lut for cells of type $lut.
Using template $paramod$6daa1f38743ddf86b54e83cbcf8003e7e7d78aa1$lut for cells of type $lut.
Using template $paramod$195f1f7d568abcc2f3c34c689bf3aa148ee357d8$lut for cells of type $lut.
Using template $paramod$lut\WIDTH=32'00000000000000000000000000000011\LUT=8'00010000 for cells of type $lut.
Using template $paramod$lut\WIDTH=32'00000000000000000000000000000011\LUT=8'01000000 for cells of type $lut.
Using template $paramod$52953750219effadf43093a566baf492fdd6b6c8$lut for cells of type $lut.
Using template $paramod$fda6887b37f599177ed9cb69271d882b63df7e66$lut for cells of type $lut.
Using template $paramod$9d20fff9139bb957b9e83e3d305163426edede7f$lut for cells of type $lut.
Using template $paramod$lut\WIDTH=32'00000000000000000000000000000011\LUT=8'11011000 for cells of type $lut.
Using template $paramod$c729838111e7c4864816886985e6313b44619d88$lut for cells of type $lut.
Using template $paramod$80acc4d0e174222ac1982399bf67ac031ef99109$lut for cells of type $lut.
Using template $paramod$bc051162dfb23caab98d73c4ec086fe9a67895f2$lut for cells of type $lut.
Using template $paramod$47a8214374025465e226fa66bee690ff33268a25$lut for cells of type $lut.
Using template $paramod$873c285bdccf0ac2b60d2304ea5cd14bf211d2a6$lut for cells of type $lut.
Using template $paramod$lut\WIDTH=32'00000000000000000000000000000011\LUT=8'01110000 for cells of type $lut.
Using template $paramod$4544778f557a20f48ffa9674dd9890120eeced80$lut for cells of type $lut.
Using template $paramod$60f3ce2887bfee2086fbad883da9bfae07081df1$lut for cells of type $lut.
Using template $paramod$68e749194de1db157a68a95b6bca1a2b1be9ca49$lut for cells of type $lut.
Using template $paramod$251994398653c4cf8de320f1e306e535d5d2d624$lut for cells of type $lut.
Using template $paramod$383937d21a28172b345409fac698db2f2097b514$lut for cells of type $lut.
Using template $paramod$450e031b2a529fe0d4c455910a64a2bfe7576da3$lut for cells of type $lut.
Using template $paramod$7e477120c1a90eaa96f3841e3fded8689d211a1d$lut for cells of type $lut.
Using template $paramod$571404c0889eaf57f492cb5e37f8acb5df5852f9$lut for cells of type $lut.
Using template $paramod$lut\WIDTH=32'00000000000000000000000000000011\LUT=8'00000111 for cells of type $lut.
Using template $paramod$e84e4a245515000cd6930e0f4535753ed485f71e$lut for cells of type $lut.
Using template $paramod$e304ee4d9330c3667af4a83b2e33c878966f713c$lut for cells of type $lut.
Using template $paramod$ce56ef3cd635ab10f24c48b829a9c23913bdb858$lut for cells of type $lut.
Using template $paramod$lut\WIDTH=32'00000000000000000000000000000011\LUT=8'00100011 for cells of type $lut.
Using template $paramod$a8f67f52908806662fd4d36b465e5ac0faf47cd7$lut for cells of type $lut.
Using template $paramod$c5c49020910b92ff4373b705f131c82fdde71644$lut for cells of type $lut.
Using template $paramod$5b4b4ed558983d9f3ab4c896a7a011d129b0db9a$lut for cells of type $lut.
Using template $paramod$lut\WIDTH=32'00000000000000000000000000000011\LUT=8'10101000 for cells of type $lut.
Using template $paramod$32abbd1d449a67fb913b4733374e345d4c17175b$lut for cells of type $lut.
Using template $paramod$2e666f2f489c6aec4e8a05a0f8abd213c870aff4$lut for cells of type $lut.
Using template $paramod$1231d9135d5ee17d5478ca7ed2d2ecb937bfcb21$lut for cells of type $lut.
Using template $paramod$d5c7dda3e544463bf43ed73dadb51262f5dcf2fe$lut for cells of type $lut.
Using template $paramod$9f6bc32305fc769fa11e4327bee073e3fbe84018$lut for cells of type $lut.
Using template $paramod$lut\WIDTH=32'00000000000000000000000000000011\LUT=8'10101100 for cells of type $lut.
Using template $paramod$3a76ae1ac16567d84de882ad5b89dd62763f5d7e$lut for cells of type $lut.
Using template $paramod$f5c118b1371bfc24986fe89a9f3e936c05edfbc3$lut for cells of type $lut.
Using template $paramod$6be53ab59e0a69757fc32adb071ddcb64e8c87b6$lut for cells of type $lut.
Using template $paramod$ce15874c299a587dd16825ec2d2d2759b547554e$lut for cells of type $lut.
Using template $paramod$5348912da867a611a8088b6b8b27a62d65f1de6e$lut for cells of type $lut.
Using template $paramod$lut\WIDTH=32'00000000000000000000000000000011\LUT=8'00001000 for cells of type $lut.
Using template $paramod$15efa44280f2a77bf023b68f95d9df5681d9dd99$lut for cells of type $lut.
Using template $paramod$f7f680a2cbaa0d3623bcb47c704430cfb2fc68a5$lut for cells of type $lut.
Using template $paramod$469f3f44417d70e96ae433e836e2a60ba383fa36$lut for cells of type $lut.
Using template $paramod$21052bd73cfe50e7fdb3c53219b444f5024da5f2$lut for cells of type $lut.
Using template $paramod$5de9d6c74982be8c9d83636454ddecc8ae897211$lut for cells of type $lut.
Using template $paramod$660a72f63d46a844bb0ddab189b65027c878fc6b$lut for cells of type $lut.
Using template $paramod$101238f3d8d49ab12a9b49a2f01cd503b26e9c61$lut for cells of type $lut.
Using template $paramod$lut\WIDTH=32'00000000000000000000000000000011\LUT=8'00010011 for cells of type $lut.
Using template $paramod$f026b8dbe6b2c9af4711a8139d6ec5f95a1c3eba$lut for cells of type $lut.
Using template $paramod$4745743ea1396864c17c934309fcaa0965fe028a$lut for cells of type $lut.
Using template $paramod$d3be1fc2f0d4e985bc49244552adad1e21f34e88$lut for cells of type $lut.
Using template $paramod$f4db831cba8e54c3f429e8a75968d7104ffd82f5$lut for cells of type $lut.
Using template $paramod$lut\WIDTH=32'00000000000000000000000000000011\LUT=8'11001010 for cells of type $lut.
Using template $paramod$253532b742d151c01e8e51f153c24d934b8f6185$lut for cells of type $lut.
Using template $paramod$27343b3ff8a6f11e6db0e926f63cc13378e1b0da$lut for cells of type $lut.
Using template $paramod$95aea2cdc26a553cacd65c9a1fc078227ed32d4a$lut for cells of type $lut.
Using template $paramod$848547b602c55fc3512172bf690c2420eaa92ced$lut for cells of type $lut.
Using template $paramod$128f410ad9d9d7a501a4b52c7856cbc3136569d5$lut for cells of type $lut.
Using template $paramod$eef6bfaff4152d0b287fc6df820a1c0377c361d8$lut for cells of type $lut.
Using template $paramod$lut\WIDTH=32'00000000000000000000000000000010\LUT=4'1101 for cells of type $lut.
Using template $paramod$a5b0a45037a7b290585ebae2faebf1fcfadcaec8$lut for cells of type $lut.
Using template $paramod$797bff1af8cfe688b7dddd363e9040d0abe0d93d$lut for cells of type $lut.
Using template $paramod$4a7c2b6478d35f6fd070afdf141d6ad470b02292$lut for cells of type $lut.
Using template $paramod$17293fd057ec6eaeffca0296f30d57854130ea2d$lut for cells of type $lut.
Using template $paramod$74c4da65c1a64d8ec8a7e9c9e44b289e64b1440a$lut for cells of type $lut.
Using template $paramod$242e0ea249aa9f3637e0fe54ab09226fd134788c$lut for cells of type $lut.
Using template $paramod$04b674496422df8889c01c3744b94097628ccfbc$lut for cells of type $lut.
Using template $paramod$06e7c2c500857d8d998e4af8deba8e5c1a124540$lut for cells of type $lut.
Using template $paramod$ff598e0f2d0606e86d0be88a70e7dc7c81bbb1f1$lut for cells of type $lut.
Using template $paramod$fb39f791e6499b329eec6d36e3e9a2a0e4fecf11$lut for cells of type $lut.
Using template $paramod$66e821a9e7bbd6f7b29d2da41ea9eb392cbc5ede$lut for cells of type $lut.
Using template $paramod$c1a19a87ccbbb03d43a72335db63f692ddf82cc1$lut for cells of type $lut.
Using template $paramod$784f4711405f84982df518be1f8d295ab4d5b427$lut for cells of type $lut.
Using template $paramod$0aae27145afd1348566af63c85046495acb0e0d8$lut for cells of type $lut.
Using template $paramod$6d6beead1425af15cf78b27fd9b11b41b5d4bce8$lut for cells of type $lut.
Using template $paramod$45652707a2effea3269addf4188d216b50bb65b8$lut for cells of type $lut.
Using template $paramod$lut\WIDTH=32'00000000000000000000000000000010\LUT=4'1110 for cells of type $lut.
Using template $paramod$f971f72720bb5a849dbbbc184ec27b4c99ca5b78$lut for cells of type $lut.
Using template $paramod$c28a8b7ce0535d090c4cfb52e9c74affd52b110c$lut for cells of type $lut.
Using template $paramod$2a2420bf2df78ddd7f890007a54291794d05b62e$lut for cells of type $lut.
Using template $paramod$c63c4aa50d7d197e5e49947584fd4bcdc08edf3a$lut for cells of type $lut.
Using template $paramod$a291d5dfd90c5109aeb57ebdff5487169f933673$lut for cells of type $lut.
Using template $paramod$4834046533425f54583d6bd31e49deb63455e1a5$lut for cells of type $lut.
Using template $paramod$507950124493534cb712bb66dcc3e7c84504875c$lut for cells of type $lut.
Using template $paramod$lut\WIDTH=32'00000000000000000000000000000011\LUT=8'11110010 for cells of type $lut.
Using template $paramod$c0e395c2d0dfbafa147a6aae7cfc1897ce26affb$lut for cells of type $lut.
Using template $paramod$e62ceff1885819764d2dece28511bcaa17bad9ba$lut for cells of type $lut.
Using template $paramod$ea9f0804ffa1047d479d3e00429394419ff5856b$lut for cells of type $lut.
Using template $paramod$027b71830bd0fbfb04ad11206c5a0de76ed9d3f5$lut for cells of type $lut.
Using template $paramod$58a18915a1f0515aaf70aa7d6a7ac670dac6e799$lut for cells of type $lut.
Using template $paramod$ef26adabe6060e01077b576cfe34e95e55a26aef$lut for cells of type $lut.
Using template $paramod$7ce6759c3d2b88897abf17478cf2ce405acc89db$lut for cells of type $lut.
Using template $paramod$7f8764f874a2d15f58c571ff58127fbb8bde6183$lut for cells of type $lut.
Using template $paramod$d2c95b6d679f093b7251603a32dea8dde6bc4880$lut for cells of type $lut.
Using template $paramod$c4e4e438f53deb14c1ad728c967e8024f686836f$lut for cells of type $lut.
Using template $paramod$lut\WIDTH=32'00000000000000000000000000000011\LUT=8'11111000 for cells of type $lut.
Using template $paramod$bc176983f69f3f09004e53788745c16041f200bb$lut for cells of type $lut.
Using template $paramod$20235ca863361fbc253329cfc7eeea38c77404dc$lut for cells of type $lut.
Using template $paramod$8832258d366c5094aa0e38ae783822b757d9ea61$lut for cells of type $lut.
Using template $paramod$183ec76ed3429a430a8be24b57f3de734985f568$lut for cells of type $lut.
Using template $paramod$09194da5f2c8e08bed8f609fd0e254d8629b24b3$lut for cells of type $lut.
Using template $paramod$e2d4ffb0d5b174452b3d4e303f9ffcd5b2c41c27$lut for cells of type $lut.
Using template $paramod$81d8a60fd95b1a9f9ef71c12a774ae6988cb9fd5$lut for cells of type $lut.
Using template $paramod$lut\WIDTH=32'00000000000000000000000000000010\LUT=4'0111 for cells of type $lut.
Using template $paramod$179512a187da069f3b79ef6612a41e494e7d54b6$lut for cells of type $lut.
Using template $paramod$03da3dcc7c75ea9c9148a6fc634f76a9d0cbefef$lut for cells of type $lut.
Using template $paramod$3d9832a103b665512ac82b170988f5db33f2690a$lut for cells of type $lut.
Using template $paramod$192728878b9fdb82eacf96d54b825faeb63397f5$lut for cells of type $lut.
Using template $paramod$8702d826849a5d8af6dd5fde2d287a6443f7d076$lut for cells of type $lut.
Using template $paramod$lut\WIDTH=32'00000000000000000000000000000011\LUT=8'11101100 for cells of type $lut.
Using template $paramod$lut\WIDTH=32'00000000000000000000000000000011\LUT=8'01010001 for cells of type $lut.
Using template $paramod$1f10b61984c2726e18688dbaa454bb9021339abe$lut for cells of type $lut.
Using template $paramod$600591fd4775e1c2b2623913d1e8fa17bb83c113$lut for cells of type $lut.
Using template $paramod$67b91bdcd269ee1a4ac791603a1b28295a3eb7b7$lut for cells of type $lut.
Using template $paramod$8a2ba0e6089d712b9de9182021e647fbf55fb0b8$lut for cells of type $lut.
Using template $paramod$lut\WIDTH=32'00000000000000000000000000000011\LUT=8'10101011 for cells of type $lut.
Using template $paramod$d6e6d411b16e057eae3ca70523bb1b2722704525$lut for cells of type $lut.
Using template $paramod$338ce46cf7ff44b9974887dd2adee6c4e0530bed$lut for cells of type $lut.
Using template $paramod$f8f63b209b7230e81958663ff24fef1613156af7$lut for cells of type $lut.
Using template $paramod$lut\WIDTH=32'00000000000000000000000000000011\LUT=8'01000101 for cells of type $lut.
Using template $paramod$a6ef2a845efd4ff0d96bc4fd2f06cc3516fa63ff$lut for cells of type $lut.
Using template $paramod$d2c47255d63df8f4346b7beb814d0ac045a365b5$lut for cells of type $lut.
Using template $paramod$cad45b6c9da81941161a13849773fe2ed4bc1c6f$lut for cells of type $lut.
Using template $paramod$6b0849254d6c87461fb93e37cc18f089f61eb912$lut for cells of type $lut.
Using template $paramod$79364b9974cfc81fb54c164d10340bf9c7bccd7f$lut for cells of type $lut.
Using template $paramod$adc0b354bb960519a616db7423a6274fc380540e$lut for cells of type $lut.
Using template $paramod$1bfe8f678ae4492e94b6c0ae83c32392d29d9337$lut for cells of type $lut.
Using template $paramod$46d981b5eabc08c1691f743d7a017e4435316de4$lut for cells of type $lut.
Using template $paramod$lut\WIDTH=32'00000000000000000000000000000011\LUT=8'11010000 for cells of type $lut.
Using template $paramod$4cab3b31c601551ff65536bf4f533afa0b2094ee$lut for cells of type $lut.
Using template $paramod$5cd6342b8b1615f2ee34e81b2e8af9c6ecb251a6$lut for cells of type $lut.
Using template $paramod$00c4ad8bf2b8298b54bbdc273f9ba67df573b588$lut for cells of type $lut.
Using template $paramod$5a685bf12518d67a7d34f9b7027ce42e072abdc6$lut for cells of type $lut.
Using template $paramod$lut\WIDTH=32'00000000000000000000000000000011\LUT=8'00000100 for cells of type $lut.
Using template $paramod$edceb63a1113f1e4afb77fc068dada19d27b6914$lut for cells of type $lut.
Using template $paramod$f80559c395381f78138d93509787932e26cf5210$lut for cells of type $lut.
Using template $paramod$219b71aec9a19e7a27754ed85a7d6cdad9e5ec96$lut for cells of type $lut.
Using template $paramod$ba07846b1e706d3eb2010a528b0f0417e3645924$lut for cells of type $lut.
Using template $paramod$b2e8d279775d333b39e310bd45fd5952acdde290$lut for cells of type $lut.
Using template $paramod$84ede20b325a24ebffd12c75f6d83d5bf43f41a6$lut for cells of type $lut.
Using template $paramod$ae81772526d42cf7dec11c4eea5ee8822010fac2$lut for cells of type $lut.
Using template $paramod$a5516fc31d1e552de2435200bb732b4d4ad63a9c$lut for cells of type $lut.
Using template $paramod$153c6cdaaddbc43e6ef3facd06aa851de33910ae$lut for cells of type $lut.
Using template $paramod$f9813472aa48e533b3838c6f2316dc2e78c66111$lut for cells of type $lut.
Using template $paramod$lut\WIDTH=32'00000000000000000000000000000011\LUT=8'10100010 for cells of type $lut.
Using template $paramod$e51a8a571bee774247b38f52d6e85fd62ae52cea$lut for cells of type $lut.
Using template $paramod$eaea85d27cc0950ed001348e061727a194f5cf9c$lut for cells of type $lut.
Using template $paramod$lut\WIDTH=32'00000000000000000000000000000001\LUT=2'01 for cells of type $lut.
No more expansions possible.
<suppressed ~3526 debug messages>

3.48. Executing OPT_LUT_INS pass (discard unused LUT inputs).
Optimizing LUTs in axi_r_response_router.
  Optimizing lut $abc$72368$lut$aiger$o1174.genblk1.genblk1.genblk1.genblk1.genblk1.genblk1.lut2 (4 -> 1)
  Optimizing lut $abc$72368$lut$aiger$o1174.genblk1.genblk1.genblk1.genblk1.genblk1.genblk1.lut3 (4 -> 2)
  Optimizing lut $abc$72368$lut$aiger$o1170.genblk1.genblk1.genblk1.genblk1.genblk1.genblk1.genblk1.lut2 (4 -> 1)
  Optimizing lut $abc$72368$lut$aiger$o1170.genblk1.genblk1.genblk1.genblk1.genblk1.genblk1.genblk1.lut3 (4 -> 3)
  Optimizing lut $abc$72368$lut$aiger$o1170.genblk1.genblk1.genblk1.genblk1.genblk1.genblk1.genblk1.lut4 (4 -> 2)
  Optimizing lut $abc$72368$lut$aiger$o1170.genblk1.genblk1.genblk1.genblk1.genblk1.genblk1.genblk1.lut5 (4 -> 0)
  Optimizing lut $abc$72368$lut$aiger$o1170.genblk1.genblk1.genblk1.genblk1.genblk1.genblk1.genblk1.lut6 (4 -> 1)
  Optimizing lut $abc$72368$lut$aiger$o1170.genblk1.genblk1.genblk1.genblk1.genblk1.genblk1.genblk1.lut7 (4 -> 2)
  Optimizing lut $abc$72368$lut$aiger72367$1961.genblk1.genblk1.genblk1.genblk1.genblk1.lut1 (4 -> 2)
  Optimizing lut $abc$72368$lut$aiger72367$4163.genblk1.genblk1.genblk1.genblk1.genblk1.genblk1.lut1 (4 -> 2)
  Optimizing lut $abc$72368$lut$aiger72367$4163.genblk1.genblk1.genblk1.genblk1.genblk1.genblk1.lut3 (4 -> 2)
  Optimizing lut $auto$abc_ops_reintegrate.cc:655:reintegrate$72371.genblk1.genblk1.genblk1.genblk1.genblk1.lut1 (4 -> 3)
  Optimizing lut $auto$abc_ops_reintegrate.cc:655:reintegrate$72373.genblk1.genblk1.genblk1.genblk1.genblk1.lut1 (4 -> 3)
  Optimizing lut $auto$abc_ops_reintegrate.cc:655:reintegrate$72384.genblk1.genblk1.genblk1.genblk1.genblk1.genblk1.genblk1.lut1 (4 -> 0)
  Optimizing lut $auto$abc_ops_reintegrate.cc:655:reintegrate$72384.genblk1.genblk1.genblk1.genblk1.genblk1.genblk1.genblk1.lut2 (4 -> 2)
  Optimizing lut $auto$abc_ops_reintegrate.cc:655:reintegrate$72384.genblk1.genblk1.genblk1.genblk1.genblk1.genblk1.genblk1.lut3 (4 -> 0)
  Optimizing lut $auto$abc_ops_reintegrate.cc:655:reintegrate$72384.genblk1.genblk1.genblk1.genblk1.genblk1.genblk1.genblk1.lut4 (4 -> 1)
  Optimizing lut $auto$abc_ops_reintegrate.cc:655:reintegrate$72384.genblk1.genblk1.genblk1.genblk1.genblk1.genblk1.genblk1.lut5 (4 -> 0)
  Optimizing lut $auto$abc_ops_reintegrate.cc:655:reintegrate$72384.genblk1.genblk1.genblk1.genblk1.genblk1.genblk1.genblk1.lut6 (4 -> 1)
  Optimizing lut $auto$abc_ops_reintegrate.cc:655:reintegrate$72384.genblk1.genblk1.genblk1.genblk1.genblk1.genblk1.genblk1.lut7 (4 -> 0)
  Optimizing lut $auto$abc_ops_reintegrate.cc:655:reintegrate$72390.genblk1.genblk1.genblk1.genblk1.genblk1.genblk1.lut2 (4 -> 1)
  Optimizing lut $auto$abc_ops_reintegrate.cc:655:reintegrate$72390.genblk1.genblk1.genblk1.genblk1.genblk1.genblk1.lut3 (4 -> 1)
  Optimizing lut $abc$72368$lut$aiger72367$4367.genblk1.genblk1.genblk1.genblk1.genblk1.lut1 (4 -> 0)
  Optimizing lut $abc$72368$lut$aiger$o1385.genblk1.genblk1.genblk1.genblk1.genblk1.genblk1.lut3 (4 -> 1)
  Optimizing lut $abc$72368$lut$aiger72367$4814.genblk1.genblk1.genblk1.genblk1.genblk1.genblk1.lut1 (4 -> 3)
  Optimizing lut $abc$72368$lut$aiger72367$4814.genblk1.genblk1.genblk1.genblk1.genblk1.genblk1.lut3 (4 -> 3)
  Optimizing lut $abc$72368$lut$aiger$o609.genblk1.genblk1.genblk1.genblk1.genblk1.genblk1.lut3 (4 -> 1)
  Optimizing lut $auto$abc_ops_reintegrate.cc:655:reintegrate$72396.genblk1.genblk1.genblk1.genblk1.genblk1.genblk1.genblk1.lut1 (4 -> 2)
  Optimizing lut $auto$abc_ops_reintegrate.cc:655:reintegrate$72396.genblk1.genblk1.genblk1.genblk1.genblk1.genblk1.genblk1.lut3 (4 -> 2)
  Optimizing lut $auto$abc_ops_reintegrate.cc:655:reintegrate$72396.genblk1.genblk1.genblk1.genblk1.genblk1.genblk1.genblk1.lut4 (4 -> 3)
  Optimizing lut $auto$abc_ops_reintegrate.cc:655:reintegrate$72396.genblk1.genblk1.genblk1.genblk1.genblk1.genblk1.genblk1.lut5 (4 -> 3)
  Optimizing lut $auto$abc_ops_reintegrate.cc:655:reintegrate$72396.genblk1.genblk1.genblk1.genblk1.genblk1.genblk1.genblk1.lut6 (4 -> 3)
  Optimizing lut $auto$abc_ops_reintegrate.cc:655:reintegrate$72396.genblk1.genblk1.genblk1.genblk1.genblk1.genblk1.genblk1.lut7 (4 -> 3)
  Optimizing lut $abc$72368$lut$aiger72367$4704.genblk1.genblk1.genblk1.genblk1.genblk1.genblk1.lut1 (4 -> 3)
  Optimizing lut $abc$72368$lut$aiger72367$4704.genblk1.genblk1.genblk1.genblk1.genblk1.genblk1.lut3 (4 -> 3)
  Optimizing lut $abc$72368$lut$aiger72367$4482.genblk1.genblk1.genblk1.genblk1.genblk1.genblk1.lut3 (4 -> 0)
  Optimizing lut $abc$72368$lut$aiger72367$4422.genblk1.genblk1.genblk1.genblk1.genblk1.genblk1.lut1 (4 -> 0)
  Optimizing lut $abc$72368$lut$aiger72367$4422.genblk1.genblk1.genblk1.genblk1.genblk1.genblk1.lut3 (4 -> 0)
  Optimizing lut $abc$72368$lut$aiger72367$4310.genblk1.genblk1.genblk1.genblk1.genblk1.genblk1.genblk1.lut2 (4 -> 1)
  Optimizing lut $abc$72368$lut$aiger72367$4310.genblk1.genblk1.genblk1.genblk1.genblk1.genblk1.genblk1.lut3 (4 -> 1)
  Optimizing lut $abc$72368$lut$aiger72367$4310.genblk1.genblk1.genblk1.genblk1.genblk1.genblk1.genblk1.lut5 (4 -> 3)
  Optimizing lut $abc$72368$lut$aiger72367$4310.genblk1.genblk1.genblk1.genblk1.genblk1.genblk1.genblk1.lut6 (4 -> 1)
  Optimizing lut $abc$72368$lut$aiger72367$4310.genblk1.genblk1.genblk1.genblk1.genblk1.genblk1.genblk1.lut7 (4 -> 1)
  Optimizing lut $auto$abc_ops_reintegrate.cc:655:reintegrate$72420.genblk1.genblk1.genblk1.genblk1.genblk1.genblk1.genblk1.lut2 (4 -> 0)
  Optimizing lut $auto$abc_ops_reintegrate.cc:655:reintegrate$72420.genblk1.genblk1.genblk1.genblk1.genblk1.genblk1.genblk1.lut3 (4 -> 0)
  Optimizing lut $auto$abc_ops_reintegrate.cc:655:reintegrate$72420.genblk1.genblk1.genblk1.genblk1.genblk1.genblk1.genblk1.lut5 (4 -> 3)
  Optimizing lut $auto$abc_ops_reintegrate.cc:655:reintegrate$72420.genblk1.genblk1.genblk1.genblk1.genblk1.genblk1.genblk1.lut6 (4 -> 3)
  Optimizing lut $auto$abc_ops_reintegrate.cc:655:reintegrate$72420.genblk1.genblk1.genblk1.genblk1.genblk1.genblk1.genblk1.lut7 (4 -> 2)
  Optimizing lut $abc$72368$lut$aiger72367$4143.genblk1.genblk1.genblk1.genblk1.genblk1.genblk1.genblk1.lut4 (4 -> 2)
  Optimizing lut $auto$abc_ops_reintegrate.cc:655:reintegrate$72433.genblk1.genblk1.genblk1.genblk1.genblk1.genblk1.genblk1.lut2 (4 -> 2)
  Optimizing lut $auto$abc_ops_reintegrate.cc:655:reintegrate$72433.genblk1.genblk1.genblk1.genblk1.genblk1.genblk1.genblk1.lut3 (4 -> 2)
  Optimizing lut $auto$abc_ops_reintegrate.cc:655:reintegrate$72433.genblk1.genblk1.genblk1.genblk1.genblk1.genblk1.genblk1.lut4 (4 -> 2)
  Optimizing lut $auto$abc_ops_reintegrate.cc:655:reintegrate$72433.genblk1.genblk1.genblk1.genblk1.genblk1.genblk1.genblk1.lut5 (4 -> 2)
  Optimizing lut $auto$abc_ops_reintegrate.cc:655:reintegrate$72433.genblk1.genblk1.genblk1.genblk1.genblk1.genblk1.genblk1.lut6 (4 -> 2)
  Optimizing lut $auto$abc_ops_reintegrate.cc:655:reintegrate$72433.genblk1.genblk1.genblk1.genblk1.genblk1.genblk1.genblk1.lut7 (4 -> 2)
  Optimizing lut $abc$72368$lut$aiger72367$3228.genblk1.genblk1.genblk1.genblk1.genblk1.genblk1.genblk1.lut2 (4 -> 0)
  Optimizing lut $abc$72368$lut$aiger72367$3228.genblk1.genblk1.genblk1.genblk1.genblk1.genblk1.genblk1.lut3 (4 -> 0)
  Optimizing lut $abc$72368$lut$aiger72367$3228.genblk1.genblk1.genblk1.genblk1.genblk1.genblk1.genblk1.lut5 (4 -> 3)
  Optimizing lut $abc$72368$lut$aiger72367$3228.genblk1.genblk1.genblk1.genblk1.genblk1.genblk1.genblk1.lut6 (4 -> 0)
  Optimizing lut $abc$72368$lut$aiger72367$3228.genblk1.genblk1.genblk1.genblk1.genblk1.genblk1.genblk1.lut7 (4 -> 0)
  Optimizing lut $abc$72368$lut$aiger72367$3215.genblk1.genblk1.genblk1.genblk1.genblk1.genblk1.lut1 (4 -> 0)
  Optimizing lut $abc$72368$lut$aiger72367$3215.genblk1.genblk1.genblk1.genblk1.genblk1.genblk1.lut3 (4 -> 0)
  Optimizing lut $auto$abc_ops_reintegrate.cc:655:reintegrate$72434.genblk1.genblk1.genblk1.genblk1.genblk1.genblk1.genblk1.lut1 (4 -> 0)
  Optimizing lut $auto$abc_ops_reintegrate.cc:655:reintegrate$72434.genblk1.genblk1.genblk1.genblk1.genblk1.genblk1.genblk1.lut3 (4 -> 0)
  Optimizing lut $auto$abc_ops_reintegrate.cc:655:reintegrate$72434.genblk1.genblk1.genblk1.genblk1.genblk1.genblk1.genblk1.lut4 (4 -> 3)
  Optimizing lut $auto$abc_ops_reintegrate.cc:655:reintegrate$72434.genblk1.genblk1.genblk1.genblk1.genblk1.genblk1.genblk1.lut5 (4 -> 0)
  Optimizing lut $auto$abc_ops_reintegrate.cc:655:reintegrate$72434.genblk1.genblk1.genblk1.genblk1.genblk1.genblk1.genblk1.lut6 (4 -> 3)
  Optimizing lut $auto$abc_ops_reintegrate.cc:655:reintegrate$72434.genblk1.genblk1.genblk1.genblk1.genblk1.genblk1.genblk1.lut7 (4 -> 0)
  Optimizing lut $abc$72368$lut$aiger72367$3200.genblk1.genblk1.genblk1.genblk1.genblk1.genblk1.lut2 (4 -> 0)
  Optimizing lut $abc$72368$lut$aiger72367$3200.genblk1.genblk1.genblk1.genblk1.genblk1.genblk1.lut3 (4 -> 3)
  Optimizing lut $auto$abc_ops_reintegrate.cc:655:reintegrate$72435.genblk1.genblk1.genblk1.genblk1.genblk1.genblk1.genblk1.lut4 (4 -> 1)
  Optimizing lut $auto$abc_ops_reintegrate.cc:655:reintegrate$72436.genblk1.genblk1.genblk1.genblk1.genblk1.genblk1.lut1 (4 -> 2)
  Optimizing lut $auto$abc_ops_reintegrate.cc:655:reintegrate$72436.genblk1.genblk1.genblk1.genblk1.genblk1.genblk1.lut3 (4 -> 2)
  Optimizing lut $auto$abc_ops_reintegrate.cc:655:reintegrate$72438.genblk1.genblk1.genblk1.genblk1.genblk1.genblk1.genblk1.lut4 (4 -> 1)
  Optimizing lut $abc$72368$lut$aiger72367$3149.genblk1.genblk1.genblk1.genblk1.genblk1.genblk1.genblk1.lut4 (4 -> 0)
  Optimizing lut $abc$72368$lut$aiger72367$3149.genblk1.genblk1.genblk1.genblk1.genblk1.genblk1.genblk1.lut5 (4 -> 0)
  Optimizing lut $abc$72368$lut$aiger72367$3149.genblk1.genblk1.genblk1.genblk1.genblk1.genblk1.genblk1.lut6 (4 -> 0)
  Optimizing lut $abc$72368$lut$aiger72367$3149.genblk1.genblk1.genblk1.genblk1.genblk1.genblk1.genblk1.lut7 (4 -> 0)
  Optimizing lut $auto$abc_ops_reintegrate.cc:655:reintegrate$72439.genblk1.genblk1.genblk1.genblk1.genblk1.lut1 (4 -> 3)
  Optimizing lut $abc$72368$lut$aiger72367$3128.genblk1.genblk1.genblk1.genblk1.genblk1.lut1 (4 -> 0)
  Optimizing lut $auto$abc_ops_reintegrate.cc:655:reintegrate$72441.genblk1.genblk1.genblk1.genblk1.genblk1.genblk1.lut2 (4 -> 0)
  Optimizing lut $auto$abc_ops_reintegrate.cc:655:reintegrate$72441.genblk1.genblk1.genblk1.genblk1.genblk1.genblk1.lut3 (4 -> 0)
  Optimizing lut $abc$72368$lut$aiger72367$2833.genblk1.genblk1.genblk1.genblk1.genblk1.lut1 (4 -> 3)
  Optimizing lut $auto$abc_ops_reintegrate.cc:655:reintegrate$72459.genblk1.genblk1.genblk1.genblk1.genblk1.genblk1.genblk1.lut2 (4 -> 2)
  Optimizing lut $auto$abc_ops_reintegrate.cc:655:reintegrate$72459.genblk1.genblk1.genblk1.genblk1.genblk1.genblk1.genblk1.lut3 (4 -> 2)
  Optimizing lut $auto$abc_ops_reintegrate.cc:655:reintegrate$72459.genblk1.genblk1.genblk1.genblk1.genblk1.genblk1.genblk1.lut4 (4 -> 2)
  Optimizing lut $auto$abc_ops_reintegrate.cc:655:reintegrate$72459.genblk1.genblk1.genblk1.genblk1.genblk1.genblk1.genblk1.lut5 (4 -> 2)
  Optimizing lut $auto$abc_ops_reintegrate.cc:655:reintegrate$72459.genblk1.genblk1.genblk1.genblk1.genblk1.genblk1.genblk1.lut6 (4 -> 2)
  Optimizing lut $auto$abc_ops_reintegrate.cc:655:reintegrate$72459.genblk1.genblk1.genblk1.genblk1.genblk1.genblk1.genblk1.lut7 (4 -> 2)
  Optimizing lut $abc$72368$lut$aiger72367$2600.genblk1.genblk1.genblk1.genblk1.genblk1.genblk1.lut2 (4 -> 0)
  Optimizing lut $abc$72368$lut$aiger72367$2566.genblk1.genblk1.genblk1.genblk1.genblk1.lut1 (4 -> 0)
  Optimizing lut $auto$abc_ops_reintegrate.cc:655:reintegrate$72463.genblk1.genblk1.genblk1.genblk1.genblk1.genblk1.genblk1.lut1 (4 -> 2)
  Optimizing lut $auto$abc_ops_reintegrate.cc:655:reintegrate$72463.genblk1.genblk1.genblk1.genblk1.genblk1.genblk1.genblk1.lut2 (4 -> 2)
  Optimizing lut $auto$abc_ops_reintegrate.cc:655:reintegrate$72463.genblk1.genblk1.genblk1.genblk1.genblk1.genblk1.genblk1.lut3 (4 -> 2)
  Optimizing lut $auto$abc_ops_reintegrate.cc:655:reintegrate$72463.genblk1.genblk1.genblk1.genblk1.genblk1.genblk1.genblk1.lut4 (4 -> 0)
  Optimizing lut $auto$abc_ops_reintegrate.cc:655:reintegrate$72463.genblk1.genblk1.genblk1.genblk1.genblk1.genblk1.genblk1.lut5 (4 -> 0)
  Optimizing lut $auto$abc_ops_reintegrate.cc:655:reintegrate$72463.genblk1.genblk1.genblk1.genblk1.genblk1.genblk1.genblk1.lut6 (4 -> 0)
  Optimizing lut $auto$abc_ops_reintegrate.cc:655:reintegrate$72463.genblk1.genblk1.genblk1.genblk1.genblk1.genblk1.genblk1.lut7 (4 -> 0)
  Optimizing lut $abc$72368$lut$aiger72367$2528.genblk1.genblk1.genblk1.genblk1.genblk1.genblk1.genblk1.lut2 (4 -> 1)
  Optimizing lut $abc$72368$lut$aiger72367$2528.genblk1.genblk1.genblk1.genblk1.genblk1.genblk1.genblk1.lut3 (4 -> 1)
  Optimizing lut $abc$72368$lut$aiger72367$2528.genblk1.genblk1.genblk1.genblk1.genblk1.genblk1.genblk1.lut5 (4 -> 3)
  Optimizing lut $abc$72368$lut$aiger72367$2528.genblk1.genblk1.genblk1.genblk1.genblk1.genblk1.genblk1.lut6 (4 -> 1)
  Optimizing lut $abc$72368$lut$aiger72367$2528.genblk1.genblk1.genblk1.genblk1.genblk1.genblk1.genblk1.lut7 (4 -> 1)
  Optimizing lut $abc$72368$lut$aiger$o711.genblk1.genblk1.genblk1.genblk1.genblk1.genblk1.genblk1.lut4 (4 -> 1)
  Optimizing lut $abc$72368$lut$aiger72367$2556.genblk1.genblk1.genblk1.genblk1.genblk1.genblk1.genblk1.lut4 (4 -> 2)
  Optimizing lut $auto$abc_ops_reintegrate.cc:655:reintegrate$72490.genblk1.genblk1.genblk1.genblk1.genblk1.genblk1.lut2 (4 -> 2)
  Optimizing lut $auto$abc_ops_reintegrate.cc:655:reintegrate$72490.genblk1.genblk1.genblk1.genblk1.genblk1.genblk1.lut3 (4 -> 2)
  Optimizing lut $auto$abc_ops_reintegrate.cc:655:reintegrate$72502.genblk1.genblk1.genblk1.genblk1.genblk1.genblk1.lut3 (4 -> 0)
  Optimizing lut $abc$72368$lut$aiger72367$1934.genblk1.genblk1.genblk1.genblk1.genblk1.genblk1.lut2 (4 -> 0)
  Optimizing lut $abc$72368$lut$aiger72367$1865.genblk1.genblk1.genblk1.genblk1.genblk1.genblk1.lut1 (4 -> 3)
  Optimizing lut $abc$72368$lut$aiger72367$1865.genblk1.genblk1.genblk1.genblk1.genblk1.genblk1.lut2 (4 -> 0)
  Optimizing lut $abc$72368$lut$aiger72367$1865.genblk1.genblk1.genblk1.genblk1.genblk1.genblk1.lut3 (4 -> 0)
  Optimizing lut $abc$72368$lut$aiger72367$1744.genblk1.genblk1.genblk1.genblk1.genblk1.lut1 (4 -> 3)
  Optimizing lut $abc$72368$lut$aiger72367$1433.genblk1.genblk1.genblk1.genblk1.genblk1.genblk1.genblk1.lut4 (4 -> 0)
  Optimizing lut $abc$72368$lut$aiger72367$1433.genblk1.genblk1.genblk1.genblk1.genblk1.genblk1.genblk1.lut5 (4 -> 0)
  Optimizing lut $abc$72368$lut$aiger72367$1433.genblk1.genblk1.genblk1.genblk1.genblk1.genblk1.genblk1.lut6 (4 -> 0)
  Optimizing lut $abc$72368$lut$aiger72367$1433.genblk1.genblk1.genblk1.genblk1.genblk1.genblk1.genblk1.lut7 (4 -> 0)
  Optimizing lut $abc$72368$lut$aiger72367$1133.genblk1.genblk1.genblk1.genblk1.genblk1.genblk1.genblk1.lut4 (4 -> 0)
  Optimizing lut $abc$72368$lut$aiger72367$1133.genblk1.genblk1.genblk1.genblk1.genblk1.genblk1.genblk1.lut6 (4 -> 0)
  Optimizing lut $abc$72368$lut$aiger72367$1012.genblk1.genblk1.genblk1.genblk1.genblk1.genblk1.lut2 (4 -> 0)
  Optimizing lut $abc$72368$lut$aiger72367$1012.genblk1.genblk1.genblk1.genblk1.genblk1.genblk1.lut3 (4 -> 0)
  Optimizing lut $abc$72368$lut$aiger72367$1391.genblk1.genblk1.genblk1.genblk1.genblk1.genblk1.genblk1.lut2 (4 -> 0)
  Optimizing lut $abc$72368$lut$aiger72367$1391.genblk1.genblk1.genblk1.genblk1.genblk1.genblk1.genblk1.lut3 (4 -> 0)
  Optimizing lut $abc$72368$lut$aiger72367$1391.genblk1.genblk1.genblk1.genblk1.genblk1.genblk1.genblk1.lut5 (4 -> 0)
  Optimizing lut $abc$72368$lut$aiger72367$1391.genblk1.genblk1.genblk1.genblk1.genblk1.genblk1.genblk1.lut6 (4 -> 0)
  Optimizing lut $abc$72368$lut$aiger72367$1391.genblk1.genblk1.genblk1.genblk1.genblk1.genblk1.genblk1.lut7 (4 -> 0)
  Optimizing lut $abc$72368$lut$aiger72367$1353.genblk1.genblk1.genblk1.genblk1.genblk1.genblk1.genblk1.lut1 (4 -> 2)
  Optimizing lut $abc$72368$lut$aiger72367$1353.genblk1.genblk1.genblk1.genblk1.genblk1.genblk1.genblk1.lut4 (4 -> 0)
  Optimizing lut $abc$72368$lut$aiger72367$1353.genblk1.genblk1.genblk1.genblk1.genblk1.genblk1.genblk1.lut5 (4 -> 2)
  Optimizing lut $abc$72368$lut$aiger72367$1353.genblk1.genblk1.genblk1.genblk1.genblk1.genblk1.genblk1.lut6 (4 -> 0)
  Optimizing lut $abc$72368$lut$aiger72367$1270.genblk1.genblk1.genblk1.genblk1.genblk1.lut1 (4 -> 0)
  Optimizing lut $abc$72368$lut$aiger72367$1649.genblk1.genblk1.genblk1.genblk1.genblk1.genblk1.genblk1.lut1 (4 -> 1)
  Optimizing lut $abc$72368$lut$aiger72367$1649.genblk1.genblk1.genblk1.genblk1.genblk1.genblk1.genblk1.lut2 (4 -> 0)
  Optimizing lut $abc$72368$lut$aiger72367$1649.genblk1.genblk1.genblk1.genblk1.genblk1.genblk1.genblk1.lut3 (4 -> 0)
  Optimizing lut $abc$72368$lut$aiger72367$1649.genblk1.genblk1.genblk1.genblk1.genblk1.genblk1.genblk1.lut5 (4 -> 0)
  Optimizing lut $abc$72368$lut$aiger72367$1649.genblk1.genblk1.genblk1.genblk1.genblk1.genblk1.genblk1.lut6 (4 -> 0)
  Optimizing lut $abc$72368$lut$aiger72367$1649.genblk1.genblk1.genblk1.genblk1.genblk1.genblk1.genblk1.lut7 (4 -> 0)
  Optimizing lut $abc$72368$lut$aiger72367$1611.genblk1.genblk1.genblk1.genblk1.genblk1.genblk1.genblk1.lut2 (4 -> 2)
  Optimizing lut $abc$72368$lut$aiger72367$1611.genblk1.genblk1.genblk1.genblk1.genblk1.genblk1.genblk1.lut4 (4 -> 0)
  Optimizing lut $abc$72368$lut$aiger72367$1611.genblk1.genblk1.genblk1.genblk1.genblk1.genblk1.genblk1.lut5 (4 -> 0)
  Optimizing lut $abc$72368$lut$aiger72367$1611.genblk1.genblk1.genblk1.genblk1.genblk1.genblk1.genblk1.lut6 (4 -> 2)
  Optimizing lut $abc$72368$lut$aiger72367$1454.genblk1.genblk1.genblk1.genblk1.genblk1.lut1 (4 -> 3)
  Optimizing lut $abc$72368$lut$aiger$o1170.genblk1.genblk1.genblk1.genblk1.genblk1.genblk1.genblk1.lut1 (4 -> 2)
  Optimizing lut $abc$72368$lut$aiger$o1170.genblk1.genblk1.genblk1.genblk1.genblk1.genblk1.genblk1.lut0 (4 -> 1)
  Optimizing lut $abc$72368$lut$aiger72367$5025.genblk1.genblk1.genblk1.genblk1.genblk1.lut0 (4 -> 3)
  Optimizing lut $abc$72368$lut$aiger72367$3753.genblk1.genblk1.genblk1.genblk1.genblk1.lut0 (4 -> 3)
  Optimizing lut $abc$72368$lut$aiger72367$1893.genblk1.genblk1.genblk1.genblk1.genblk1.lut0 (4 -> 0)
  Optimizing lut $abc$72368$lut$aiger72367$3576.genblk1.genblk1.genblk1.genblk1.genblk1.lut0 (4 -> 3)
  Optimizing lut $abc$72368$lut$aiger72367$1222.genblk1.genblk1.genblk1.genblk1.genblk1.lut0 (4 -> 3)
  Optimizing lut $abc$72368$lut$aiger72367$4005.genblk1.genblk1.genblk1.genblk1.genblk1.lut0 (4 -> 3)
  Optimizing lut $abc$72368$lut$aiger72367$1934.genblk1.genblk1.genblk1.genblk1.genblk1.genblk1.lut1 (4 -> 2)
  Optimizing lut $abc$72368$lut$aiger72367$5009.genblk1.genblk1.genblk1.genblk1.genblk1.lut0 (4 -> 3)
  Optimizing lut $abc$72368$lut$aiger72367$4422.genblk1.genblk1.genblk1.genblk1.genblk1.genblk1.lut0 (4 -> 0)
  Optimizing lut $abc$72368$lut$aiger72367$2859.genblk1.genblk1.genblk1.genblk1.genblk1.lut0 (4 -> 3)
  Optimizing lut $abc$72368$lut$aiger72367$4997.genblk1.genblk1.genblk1.genblk1.genblk1.lut0 (4 -> 3)
  Optimizing lut $abc$72368$lut$aiger72367$1926.genblk1.genblk1.genblk1.genblk1.genblk1.lut0 (4 -> 0)
  Optimizing lut $abc$72368$lut$aiger72367$3993.genblk1.genblk1.genblk1.genblk1.genblk1.lut0 (4 -> 3)
  Optimizing lut $abc$72368$lut$aiger72367$4984.genblk1.genblk1.genblk1.genblk1.genblk1.lut1 (4 -> 2)
  Optimizing lut $abc$72368$lut$aiger72367$4984.genblk1.genblk1.genblk1.genblk1.genblk1.lut0 (4 -> 3)
  Optimizing lut $abc$72368$lut$aiger72367$3740.genblk1.genblk1.genblk1.genblk1.genblk1.lut0 (4 -> 3)
  Optimizing lut $abc$72368$lut$aiger72367$1934.genblk1.genblk1.genblk1.genblk1.genblk1.genblk1.lut0 (4 -> 2)
  Optimizing lut $abc$72368$lut$aiger$o1160.genblk1.genblk1.genblk1.genblk1.genblk1.lut1 (4 -> 1)
  Optimizing lut $auto$abc_ops_reintegrate.cc:655:reintegrate$72502.genblk1.genblk1.genblk1.genblk1.genblk1.genblk1.lut1 (4 -> 0)
  Optimizing lut $abc$72368$lut$aiger72367$3087.genblk1.genblk1.genblk1.genblk1.genblk1.lut0 (4 -> 3)
  Optimizing lut $abc$72368$lut$aiger72367$4969.genblk1.genblk1.genblk1.genblk1.genblk1.lut0 (4 -> 3)
  Optimizing lut $abc$72368$lut$aiger72367$3981.genblk1.genblk1.genblk1.genblk1.genblk1.lut0 (4 -> 3)
  Optimizing lut $abc$72368$lut$aiger72367$1947.genblk1.genblk1.genblk1.genblk1.genblk1.genblk1.lut0 (4 -> 2)
  Optimizing lut $abc$72368$lut$aiger$o1156.genblk1.genblk1.genblk1.genblk1.genblk1.lut1 (4 -> 3)
  Optimizing lut $abc$72368$lut$aiger72367$3564.genblk1.genblk1.genblk1.genblk1.genblk1.lut0 (4 -> 3)
  Optimizing lut $abc$72368$lut$aiger72367$4957.genblk1.genblk1.genblk1.genblk1.genblk1.lut0 (4 -> 3)
  Optimizing lut $abc$72368$lut$aiger72367$1293.genblk1.genblk1.genblk1.genblk1.genblk1.lut0 (4 -> 0)
  Optimizing lut $abc$72368$lut$aiger72367$3456.genblk1.genblk1.genblk1.genblk1.genblk1.lut0 (4 -> 3)
  Optimizing lut $abc$72368$lut$aiger72367$4948.genblk1.genblk1.genblk1.genblk1.genblk1.lut0 (4 -> 3)
  Optimizing lut $abc$72368$lut$aiger72367$3003.genblk1.genblk1.genblk1.genblk1.genblk1.lut0 (4 -> 3)
  Optimizing lut $abc$72368$lut$aiger72367$1956.genblk1.genblk1.genblk1.genblk1.genblk1.lut0 (4 -> 2)
  Optimizing lut $abc$72368$lut$aiger72367$1961.genblk1.genblk1.genblk1.genblk1.genblk1.lut0 (4 -> 3)
  Optimizing lut $abc$72368$lut$aiger72367$2871.genblk1.genblk1.genblk1.genblk1.genblk1.lut0 (4 -> 3)
  Optimizing lut $auto$abc_ops_reintegrate.cc:655:reintegrate$72433.genblk1.genblk1.genblk1.genblk1.genblk1.genblk1.genblk1.lut1 (4 -> 1)
  Optimizing lut $abc$72368$lut$aiger72367$5049.genblk1.genblk1.genblk1.genblk1.genblk1.lut0 (4 -> 3)
  Optimizing lut $abc$72368$lut$aiger72367$4936.genblk1.genblk1.genblk1.genblk1.genblk1.lut0 (4 -> 3)
  Optimizing lut $abc$72368$lut$aiger$o570.genblk1.genblk1.genblk1.genblk1.genblk1.lut0 (4 -> 3)
  Optimizing lut $abc$72368$lut$aiger72367$4017.genblk1.genblk1.genblk1.genblk1.genblk1.lut0 (4 -> 3)
  Optimizing lut $abc$72368$lut$aiger72367$4921.genblk1.genblk1.genblk1.genblk1.genblk1.lut0 (4 -> 3)
  Optimizing lut $abc$72368$lut$aiger72367$4336.genblk1.genblk1.genblk1.genblk1.genblk1.lut0 (4 -> 3)
  Optimizing lut $abc$72368$lut$aiger72367$3384.genblk1.genblk1.genblk1.genblk1.genblk1.lut0 (4 -> 3)
  Optimizing lut $abc$72368$lut$aiger72367$3720.genblk1.genblk1.genblk1.genblk1.genblk1.lut0 (4 -> 3)
  Optimizing lut $abc$72368$lut$aiger72367$1342.genblk1.genblk1.genblk1.genblk1.genblk1.lut0 (4 -> 0)
  Optimizing lut $abc$72368$lut$aiger72367$4909.genblk1.genblk1.genblk1.genblk1.genblk1.lut0 (4 -> 3)
  Optimizing lut $abc$72368$lut$aiger72367$4326.genblk1.genblk1.genblk1.genblk1.genblk1.lut0 (4 -> 3)
  Optimizing lut $abc$72368$lut$aiger72367$1347.genblk1.genblk1.genblk1.genblk1.genblk1.lut0 (4 -> 3)
  Optimizing lut $abc$72368$lut$aiger72367$1353.genblk1.genblk1.genblk1.genblk1.genblk1.genblk1.genblk1.lut0 (4 -> 2)
  Optimizing lut $abc$72368$lut$aiger72367$3468.genblk1.genblk1.genblk1.genblk1.genblk1.lut0 (4 -> 3)
  Optimizing lut $auto$abc_ops_reintegrate.cc:655:reintegrate$72411.genblk1.genblk1.genblk1.genblk1.genblk1.lut1 (4 -> 0)
  Optimizing lut $abc$72368$lut$aiger72367$1997.genblk1.genblk1.genblk1.genblk1.genblk1.lut0 (4 -> 3)
  Optimizing lut $abc$72368$lut$aiger72367$4316.genblk1.genblk1.genblk1.genblk1.genblk1.lut0 (4 -> 3)
  Optimizing lut $abc$72368$lut$aiger72367$3552.genblk1.genblk1.genblk1.genblk1.genblk1.lut0 (4 -> 3)
  Optimizing lut $abc$72368$lut$aiger72367$2883.genblk1.genblk1.genblk1.genblk1.genblk1.lut0 (4 -> 3)
  Optimizing lut $abc$72368$lut$aiger72367$4889.genblk1.genblk1.genblk1.genblk1.genblk1.lut0 (4 -> 3)
  Optimizing lut $abc$72368$lut$aiger72367$3312.genblk1.genblk1.genblk1.genblk1.genblk1.lut0 (4 -> 3)
  Optimizing lut $abc$72368$lut$aiger72367$3945.genblk1.genblk1.genblk1.genblk1.genblk1.lut0 (4 -> 3)
  Optimizing lut $abc$72368$lut$aiger72367$1377.genblk1.genblk1.genblk1.genblk1.genblk1.lut0 (4 -> 0)
  Optimizing lut $abc$72368$lut$aiger72367$3200.genblk1.genblk1.genblk1.genblk1.genblk1.genblk1.lut0 (4 -> 0)
  Optimizing lut $abc$72368$lut$aiger72367$4310.genblk1.genblk1.genblk1.genblk1.genblk1.genblk1.genblk1.lut0 (4 -> 1)
  Optimizing lut $abc$72368$lut$aiger72367$3708.genblk1.genblk1.genblk1.genblk1.genblk1.lut0 (4 -> 3)
  Optimizing lut $abc$72368$lut$aiger72367$1391.genblk1.genblk1.genblk1.genblk1.genblk1.genblk1.genblk1.lut0 (4 -> 0)
  Optimizing lut $abc$72368$lut$aiger72367$3015.genblk1.genblk1.genblk1.genblk1.genblk1.lut0 (4 -> 3)
  Optimizing lut $abc$72368$lut$aiger72367$3264.genblk1.genblk1.genblk1.genblk1.genblk1.lut0 (4 -> 3)
  Optimizing lut $abc$72368$lut$aiger72367$3933.genblk1.genblk1.genblk1.genblk1.genblk1.lut0 (4 -> 3)
  Optimizing lut $abc$72368$lut$aiger72367$4856.genblk1.genblk1.genblk1.genblk1.genblk1.lut0 (4 -> 3)
  Optimizing lut $abc$72368$lut$aiger72367$3444.genblk1.genblk1.genblk1.genblk1.genblk1.lut0 (4 -> 3)
  Optimizing lut $abc$72368$lut$aiger72367$5061.genblk1.genblk1.genblk1.genblk1.genblk1.lut0 (4 -> 3)
  Optimizing lut $abc$72368$lut$aiger72367$2033.genblk1.genblk1.genblk1.genblk1.genblk1.lut0 (4 -> 3)
  Optimizing lut $abc$72368$lut$aiger72367$1426.genblk1.genblk1.genblk1.genblk1.genblk1.lut0 (4 -> 3)
  Optimizing lut $abc$72368$lut$aiger72367$2895.genblk1.genblk1.genblk1.genblk1.genblk1.lut0 (4 -> 3)
  Optimizing lut $abc$72368$lut$aiger72367$3099.genblk1.genblk1.genblk1.genblk1.genblk1.lut0 (4 -> 3)
  Optimizing lut $abc$72368$lut$aiger72367$1433.genblk1.genblk1.genblk1.genblk1.genblk1.genblk1.genblk1.lut0 (4 -> 2)
  Optimizing lut $abc$72368$lut$aiger72367$3696.genblk1.genblk1.genblk1.genblk1.genblk1.lut0 (4 -> 3)
  Optimizing lut $abc$72368$lut$aiger72367$3336.genblk1.genblk1.genblk1.genblk1.genblk1.lut0 (4 -> 3)
  Optimizing lut $abc$72368$lut$aiger72367$3540.genblk1.genblk1.genblk1.genblk1.genblk1.lut0 (4 -> 3)
  Optimizing lut $abc$72368$lut$aiger72367$3348.genblk1.genblk1.genblk1.genblk1.genblk1.lut0 (4 -> 3)
  Optimizing lut $auto$abc_ops_reintegrate.cc:655:reintegrate$72390.genblk1.genblk1.genblk1.genblk1.genblk1.genblk1.lut1 (4 -> 3)
  Optimizing lut $abc$72368$lut$aiger72367$4814.genblk1.genblk1.genblk1.genblk1.genblk1.genblk1.lut0 (4 -> 3)
  Optimizing lut $abc$72368$lut$aiger72367$3228.genblk1.genblk1.genblk1.genblk1.genblk1.genblk1.genblk1.lut0 (4 -> 0)
  Optimizing lut $abc$72368$lut$aiger72367$4263.genblk1.genblk1.genblk1.genblk1.genblk1.lut0 (4 -> 3)
  Optimizing lut $abc$72368$lut$aiger72367$3909.genblk1.genblk1.genblk1.genblk1.genblk1.lut0 (4 -> 3)
  Optimizing lut $abc$72368$lut$aiger72367$1474.genblk1.genblk1.genblk1.genblk1.genblk1.lut0 (4 -> 0)
  Optimizing lut $abc$72368$lut$aiger72367$4793.genblk1.genblk1.genblk1.genblk1.genblk1.lut0 (4 -> 3)
  Optimizing lut $abc$72368$lut$aiger72367$4253.genblk1.genblk1.genblk1.genblk1.genblk1.lut0 (4 -> 3)
  Optimizing lut $abc$72368$lut$aiger72367$3684.genblk1.genblk1.genblk1.genblk1.genblk1.lut0 (4 -> 3)
  Optimizing lut $abc$72368$lut$aiger72367$3027.genblk1.genblk1.genblk1.genblk1.genblk1.lut0 (4 -> 3)
  Optimizing lut $abc$72368$lut$aiger72367$3396.genblk1.genblk1.genblk1.genblk1.genblk1.lut0 (4 -> 3)
  Optimizing lut $abc$72368$lut$aiger72367$2907.genblk1.genblk1.genblk1.genblk1.genblk1.lut0 (4 -> 3)
  Optimizing lut $abc$72368$lut$aiger72367$3228.genblk1.genblk1.genblk1.genblk1.genblk1.genblk1.genblk1.lut1 (4 -> 0)
  Optimizing lut $abc$72368$lut$aiger72367$4243.genblk1.genblk1.genblk1.genblk1.genblk1.lut0 (4 -> 3)
  Optimizing lut $abc$72368$lut$aiger72367$5073.genblk1.genblk1.genblk1.genblk1.genblk1.lut0 (4 -> 3)
  Optimizing lut $abc$72368$lut$aiger72367$4778.genblk1.genblk1.genblk1.genblk1.genblk1.lut0 (4 -> 3)
  Optimizing lut $abc$72368$lut$aiger72367$3288.genblk1.genblk1.genblk1.genblk1.genblk1.lut0 (4 -> 3)
  Optimizing lut $abc$72368$lut$aiger72367$1523.genblk1.genblk1.genblk1.genblk1.genblk1.lut1 (4 -> 3)
  Optimizing lut $abc$72368$lut$aiger72367$4766.genblk1.genblk1.genblk1.genblk1.genblk1.lut0 (4 -> 3)
  Optimizing lut $abc$72368$lut$aiger72367$3528.genblk1.genblk1.genblk1.genblk1.genblk1.lut0 (4 -> 3)
  Optimizing lut $abc$72368$lut$aiger72367$4233.genblk1.genblk1.genblk1.genblk1.genblk1.lut0 (4 -> 3)
  Optimizing lut $abc$72368$lut$aiger72367$3372.genblk1.genblk1.genblk1.genblk1.genblk1.lut0 (4 -> 3)
  Optimizing lut $abc$72368$lut$aiger72367$3432.genblk1.genblk1.genblk1.genblk1.genblk1.lut0 (4 -> 3)
  Optimizing lut $abc$72368$lut$aiger72367$4754.genblk1.genblk1.genblk1.genblk1.genblk1.lut0 (4 -> 3)
  Optimizing lut $abc$72368$lut$aiger72367$1166.genblk1.genblk1.genblk1.genblk1.genblk1.lut0 (4 -> 3)
  Optimizing lut $abc$72368$lut$aiger72367$3672.genblk1.genblk1.genblk1.genblk1.genblk1.lut0 (4 -> 3)
  Optimizing lut $abc$72368$lut$aiger72367$3885.genblk1.genblk1.genblk1.genblk1.genblk1.lut0 (4 -> 3)
  Optimizing lut $abc$72368$lut$aiger72367$4742.genblk1.genblk1.genblk1.genblk1.genblk1.lut0 (4 -> 3)
  Optimizing lut $abc$72368$lut$aiger72367$2919.genblk1.genblk1.genblk1.genblk1.genblk1.lut0 (4 -> 3)
  Optimizing lut $auto$abc_ops_reintegrate.cc:655:reintegrate$72374.genblk1.genblk1.genblk1.genblk1.genblk1.lut1 (4 -> 0)
  Optimizing lut $abc$72368$lut$aiger72367$4446.genblk1.genblk1.genblk1.genblk1.genblk1.lut0 (4 -> 3)
  Optimizing lut $abc$72368$lut$aiger72367$4730.genblk1.genblk1.genblk1.genblk1.genblk1.lut0 (4 -> 3)
  Optimizing lut $abc$72368$lut$aiger72367$3111.genblk1.genblk1.genblk1.genblk1.genblk1.lut0 (4 -> 3)
  Optimizing lut $abc$72368$lut$aiger72367$4718.genblk1.genblk1.genblk1.genblk1.genblk1.lut0 (4 -> 3)
  Optimizing lut $abc$72368$lut$aiger72367$3039.genblk1.genblk1.genblk1.genblk1.genblk1.lut0 (4 -> 3)
  Optimizing lut $abc$72368$lut$aiger72367$3660.genblk1.genblk1.genblk1.genblk1.genblk1.lut0 (4 -> 3)
  Optimizing lut $abc$72368$lut$aiger72367$4704.genblk1.genblk1.genblk1.genblk1.genblk1.genblk1.lut0 (4 -> 3)
  Optimizing lut $abc$72368$lut$aiger72367$2134.genblk1.genblk1.genblk1.genblk1.genblk1.lut1 (4 -> 0)
  Optimizing lut $abc$72368$lut$aiger72367$4197.genblk1.genblk1.genblk1.genblk1.genblk1.lut0 (4 -> 3)
  Optimizing lut $abc$72368$lut$aiger72367$3516.genblk1.genblk1.genblk1.genblk1.genblk1.lut0 (4 -> 3)
  Optimizing lut $abc$72368$lut$aiger72367$3149.genblk1.genblk1.genblk1.genblk1.genblk1.genblk1.genblk1.lut0 (4 -> 2)
  Optimizing lut $abc$72368$lut$aiger72367$4694.genblk1.genblk1.genblk1.genblk1.genblk1.lut0 (4 -> 3)
  Optimizing lut $abc$72368$lut$aiger72367$2931.genblk1.genblk1.genblk1.genblk1.genblk1.lut0 (4 -> 3)
  Optimizing lut $abc$72368$lut$aiger72367$2157.genblk1.genblk1.genblk1.genblk1.genblk1.lut0 (4 -> 3)
  Optimizing lut $auto$abc_ops_reintegrate.cc:655:reintegrate$72420.genblk1.genblk1.genblk1.genblk1.genblk1.genblk1.genblk1.lut1 (4 -> 0)
  Optimizing lut $abc$72368$lut$aiger72367$4679.genblk1.genblk1.genblk1.genblk1.genblk1.lut0 (4 -> 3)
  Optimizing lut $abc$72368$lut$aiger72367$1605.genblk1.genblk1.genblk1.genblk1.genblk1.lut0 (4 -> 3)
  Optimizing lut $abc$72368$lut$aiger72367$1611.genblk1.genblk1.genblk1.genblk1.genblk1.genblk1.genblk1.lut0 (4 -> 2)
  Optimizing lut $abc$72368$lut$aiger72367$4667.genblk1.genblk1.genblk1.genblk1.genblk1.lut0 (4 -> 3)
  Optimizing lut $abc$72368$lut$aiger72367$1528.genblk1.genblk1.genblk1.genblk1.genblk1.lut1 (4 -> 0)
  Optimizing lut $abc$72368$lut$aiger72367$3135.genblk1.genblk1.genblk1.genblk1.genblk1.lut0 (4 -> 0)
  Optimizing lut $abc$72368$lut$aiger72367$3648.genblk1.genblk1.genblk1.genblk1.genblk1.lut0 (4 -> 3)
  Optimizing lut $abc$72368$lut$aiger72367$2528.genblk1.genblk1.genblk1.genblk1.genblk1.genblk1.genblk1.lut0 (4 -> 1)
  Optimizing lut $abc$72368$lut$aiger72367$4173.genblk1.genblk1.genblk1.genblk1.genblk1.lut0 (4 -> 3)
  Optimizing lut $abc$72368$lut$aiger72367$2528.genblk1.genblk1.genblk1.genblk1.genblk1.genblk1.genblk1.lut1 (4 -> 1)
  Optimizing lut $abc$72368$lut$aiger$o612.genblk1.genblk1.genblk1.genblk1.genblk1.lut0 (4 -> 3)
  Optimizing lut $abc$72368$lut$aiger72367$2184.genblk1.genblk1.genblk1.genblk1.genblk1.lut0 (4 -> 3)
  Optimizing lut $abc$72368$lut$aiger72367$3276.genblk1.genblk1.genblk1.genblk1.genblk1.lut0 (4 -> 3)
  Optimizing lut $abc$72368$lut$aiger72367$3849.genblk1.genblk1.genblk1.genblk1.genblk1.lut0 (4 -> 3)
  Optimizing lut $abc$72368$lut$aiger72367$3420.genblk1.genblk1.genblk1.genblk1.genblk1.lut0 (4 -> 3)
  Optimizing lut $abc$72368$lut$aiger72367$4163.genblk1.genblk1.genblk1.genblk1.genblk1.genblk1.lut0 (4 -> 2)
  Optimizing lut $abc$72368$lut$aiger72367$4643.genblk1.genblk1.genblk1.genblk1.genblk1.lut0 (4 -> 3)
  Optimizing lut $abc$72368$lut$aiger72367$2193.genblk1.genblk1.genblk1.genblk1.genblk1.lut0 (4 -> 0)
  Optimizing lut $abc$72368$lut$aiger72367$1649.genblk1.genblk1.genblk1.genblk1.genblk1.genblk1.genblk1.lut0 (4 -> 0)
  Optimizing lut $abc$72368$lut$aiger72367$2147.genblk1.genblk1.genblk1.genblk1.genblk1.lut1 (4 -> 0)
  Optimizing lut $abc$72368$lut$aiger72367$3504.genblk1.genblk1.genblk1.genblk1.genblk1.lut0 (4 -> 3)
  Optimizing lut $abc$72368$lut$aiger72367$2943.genblk1.genblk1.genblk1.genblk1.genblk1.lut0 (4 -> 3)
  Optimizing lut $auto$abc_ops_reintegrate.cc:655:reintegrate$72399.genblk1.genblk1.genblk1.genblk1.genblk1.lut1 (4 -> 0)
  Optimizing lut $abc$72368$lut$aiger72367$3837.genblk1.genblk1.genblk1.genblk1.genblk1.lut0 (4 -> 3)
  Optimizing lut $abc$72368$lut$aiger72367$3636.genblk1.genblk1.genblk1.genblk1.genblk1.lut0 (4 -> 3)
  Optimizing lut $abc$72368$lut$aiger72367$3051.genblk1.genblk1.genblk1.genblk1.genblk1.lut0 (4 -> 3)
  Optimizing lut $abc$72368$lut$aiger72367$1170.genblk1.genblk1.genblk1.genblk1.genblk1.lut1 (4 -> 0)
  Optimizing lut $abc$72368$lut$aiger72367$5037.genblk1.genblk1.genblk1.genblk1.genblk1.lut0 (4 -> 3)
  Optimizing lut $abc$72368$lut$aiger72367$1675.genblk1.genblk1.genblk1.genblk1.genblk1.lut0 (4 -> 0)
  Optimizing lut $auto$abc_ops_reintegrate.cc:655:reintegrate$72441.genblk1.genblk1.genblk1.genblk1.genblk1.genblk1.lut1 (4 -> 0)
  Optimizing lut $abc$72368$lut$aiger72367$3215.genblk1.genblk1.genblk1.genblk1.genblk1.genblk1.lut0 (4 -> 0)
  Optimizing lut $abc$72368$lut$aiger72367$4611.genblk1.genblk1.genblk1.genblk1.genblk1.lut0 (4 -> 3)
  Optimizing lut $abc$72368$lut$aiger72367$2217.genblk1.genblk1.genblk1.genblk1.genblk1.lut0 (4 -> 3)
  Optimizing lut $abc$72368$lut$aiger72367$1690.genblk1.genblk1.genblk1.genblk1.genblk1.genblk1.lut0 (4 -> 2)
  Optimizing lut $abc$72368$lut$aiger72367$4599.genblk1.genblk1.genblk1.genblk1.genblk1.lut0 (4 -> 3)
  Optimizing lut $abc$72368$lut$aiger72367$4134.genblk1.genblk1.genblk1.genblk1.genblk1.lut0 (4 -> 1)
  Optimizing lut $abc$72368$lut$aiger72367$2991.genblk1.genblk1.genblk1.genblk1.genblk1.lut0 (4 -> 3)
  Optimizing lut $abc$72368$lut$aiger72367$3324.genblk1.genblk1.genblk1.genblk1.genblk1.lut0 (4 -> 3)
  Optimizing lut $abc$72368$lut$aiger72367$4125.genblk1.genblk1.genblk1.genblk1.genblk1.lut0 (4 -> 3)
  Optimizing lut $abc$72368$lut$aiger72367$3360.genblk1.genblk1.genblk1.genblk1.genblk1.lut0 (4 -> 3)
  Optimizing lut $abc$72368$lut$aiger72367$4586.genblk1.genblk1.genblk1.genblk1.genblk1.lut0 (4 -> 3)
  Optimizing lut $abc$72368$lut$aiger72367$3624.genblk1.genblk1.genblk1.genblk1.genblk1.lut0 (4 -> 3)
  Optimizing lut $abc$72368$lut$aiger72367$2570.genblk1.genblk1.genblk1.genblk1.genblk1.lut0 (4 -> 2)
  Optimizing lut $abc$72368$lut$aiger72367$1721.genblk1.genblk1.genblk1.genblk1.genblk1.lut0 (4 -> 3)
  Optimizing lut $abc$72368$lut$aiger72367$2955.genblk1.genblk1.genblk1.genblk1.genblk1.lut0 (4 -> 3)
  Optimizing lut $abc$72368$lut$aiger72367$4574.genblk1.genblk1.genblk1.genblk1.genblk1.lut0 (4 -> 3)
  Optimizing lut $abc$72368$lut$aiger72367$3492.genblk1.genblk1.genblk1.genblk1.genblk1.lut0 (4 -> 3)
  Optimizing lut $abc$72368$lut$aiger72367$4113.genblk1.genblk1.genblk1.genblk1.genblk1.lut0 (4 -> 3)
  Optimizing lut $abc$72368$lut$aiger72367$3588.genblk1.genblk1.genblk1.genblk1.genblk1.lut0 (4 -> 3)
  Optimizing lut $abc$72368$lut$aiger72367$3813.genblk1.genblk1.genblk1.genblk1.genblk1.lut0 (4 -> 3)
  Optimizing lut $abc$72368$lut$aiger72367$4562.genblk1.genblk1.genblk1.genblk1.genblk1.lut0 (4 -> 3)
  Optimizing lut $abc$72368$lut$aiger72367$4101.genblk1.genblk1.genblk1.genblk1.genblk1.lut0 (4 -> 3)
  Optimizing lut $abc$72368$lut$aiger72367$4549.genblk1.genblk1.genblk1.genblk1.genblk1.lut0 (4 -> 3)
  Optimizing lut $abc$72368$lut$aiger72367$3408.genblk1.genblk1.genblk1.genblk1.genblk1.lut0 (4 -> 3)
  Optimizing lut $abc$72368$lut$aiger72367$3063.genblk1.genblk1.genblk1.genblk1.genblk1.lut0 (4 -> 3)
  Optimizing lut $abc$72368$lut$aiger72367$3300.genblk1.genblk1.genblk1.genblk1.genblk1.lut0 (4 -> 3)
  Optimizing lut $abc$72368$lut$aiger72367$3612.genblk1.genblk1.genblk1.genblk1.genblk1.lut0 (4 -> 3)
  Optimizing lut $abc$72368$lut$aiger72367$2600.genblk1.genblk1.genblk1.genblk1.genblk1.genblk1.lut1 (4 -> 0)
  Optimizing lut $abc$72368$lut$aiger72367$2594.genblk1.genblk1.genblk1.genblk1.genblk1.lut0 (4 -> 0)
  Optimizing lut $abc$72368$lut$aiger72367$4537.genblk1.genblk1.genblk1.genblk1.genblk1.lut0 (4 -> 3)
  Optimizing lut $abc$72368$lut$aiger72367$3801.genblk1.genblk1.genblk1.genblk1.genblk1.lut0 (4 -> 3)
  Optimizing lut $abc$72368$lut$aiger72367$4089.genblk1.genblk1.genblk1.genblk1.genblk1.lut0 (4 -> 3)
  Optimizing lut $abc$72368$lut$aiger72367$2600.genblk1.genblk1.genblk1.genblk1.genblk1.genblk1.lut0 (4 -> 0)
  Optimizing lut $abc$72368$lut$aiger72367$4522.genblk1.genblk1.genblk1.genblk1.genblk1.lut0 (4 -> 3)
  Optimizing lut $abc$72368$lut$aiger72367$2967.genblk1.genblk1.genblk1.genblk1.genblk1.lut0 (4 -> 3)
  Optimizing lut $abc$72368$lut$aiger72367$4041.genblk1.genblk1.genblk1.genblk1.genblk1.lut0 (4 -> 3)
  Optimizing lut $auto$abc_ops_reintegrate.cc:655:reintegrate$72459.genblk1.genblk1.genblk1.genblk1.genblk1.genblk1.genblk1.lut1 (4 -> 1)
  Optimizing lut $abc$72368$lut$aiger72367$3789.genblk1.genblk1.genblk1.genblk1.genblk1.lut0 (4 -> 3)
  Optimizing lut $abc$72368$lut$aiger72367$3075.genblk1.genblk1.genblk1.genblk1.genblk1.lut0 (4 -> 3)
  Optimizing lut $abc$72368$lut$aiger72367$3252.genblk1.genblk1.genblk1.genblk1.genblk1.lut0 (4 -> 3)
  Optimizing lut $auto$abc_ops_reintegrate.cc:655:reintegrate$72493.genblk1.genblk1.genblk1.genblk1.genblk1.lut0 (4 -> 0)
  Optimizing lut $abc$72368$lut$aiger72367$2979.genblk1.genblk1.genblk1.genblk1.genblk1.lut0 (4 -> 3)
  Optimizing lut $abc$72368$lut$aiger72367$1859.genblk1.genblk1.genblk1.genblk1.genblk1.lut1 (4 -> 1)
  Optimizing lut $abc$72368$lut$aiger$o1174.genblk1.genblk1.genblk1.genblk1.genblk1.genblk1.lut0 (4 -> 1)
  Optimizing lut $abc$72368$lut$aiger72367$3240.genblk1.genblk1.genblk1.genblk1.genblk1.lut0 (4 -> 3)
  Optimizing lut $auto$abc_ops_reintegrate.cc:655:reintegrate$72502.genblk1.genblk1.genblk1.genblk1.genblk1.genblk1.lut0 (4 -> 0)
  Optimizing lut $abc$72368$lut$aiger72367$1889.genblk1.genblk1.genblk1.genblk1.genblk1.lut0 (4 -> 0)
  Optimizing lut $auto$abc_ops_reintegrate.cc:655:reintegrate$72406.genblk1.genblk1.genblk1.genblk1.genblk1.lut1 (4 -> 0)
  Optimizing lut $abc$72368$lut$aiger72367$4065.genblk1.genblk1.genblk1.genblk1.genblk1.lut0 (4 -> 3)
  Optimizing lut $abc$72368$lut$aiger72367$3600.genblk1.genblk1.genblk1.genblk1.genblk1.lut0 (4 -> 3)
  Optimizing lut $abc$72368$lut$aiger72367$3480.genblk1.genblk1.genblk1.genblk1.genblk1.lut0 (4 -> 3)
  Optimizing lut $abc$72368$lut$aiger72367$4310.genblk1.genblk1.genblk1.genblk1.genblk1.genblk1.genblk1.lut1 (4 -> 1)
  Optimizing lut $auto$abc_ops_reintegrate.cc:655:reintegrate$72490.genblk1.genblk1.genblk1.genblk1.genblk1.genblk1.lut0 (4 -> 1)
  Optimizing lut $auto$abc_ops_reintegrate.cc:655:reintegrate$72390.genblk1.genblk1.genblk1.genblk1.genblk1.genblk1.lut0 (4 -> 1)
  Optimizing lut $abc$72368$lut$aiger72367$4321.genblk1.genblk1.genblk1.genblk1.genblk1.lut1 (4 -> 2)
  Optimizing lut $auto$abc_ops_reintegrate.cc:655:reintegrate$72370.genblk1.genblk1.genblk1.genblk1.genblk1.lut1 (4 -> 3)
  Optimizing lut $abc$72368$lut$aiger72367$4268.genblk1.genblk1.genblk1.genblk1.genblk1.lut1 (4 -> 2)
  Optimizing lut $abc$72368$lut$aiger72367$4258.genblk1.genblk1.genblk1.genblk1.genblk1.lut1 (4 -> 2)
  Optimizing lut $abc$72368$lut$aiger72367$4248.genblk1.genblk1.genblk1.genblk1.genblk1.lut1 (4 -> 2)
  Optimizing lut $auto$abc_ops_reintegrate.cc:655:reintegrate$72385.genblk1.genblk1.genblk1.genblk1.genblk1.lut0 (4 -> 2)
  Optimizing lut $abc$72368$lut$aiger72367$1391.genblk1.genblk1.genblk1.genblk1.genblk1.genblk1.genblk1.lut1 (4 -> 1)
  Optimizing lut $abc$72368$lut$aiger72367$4341.genblk1.genblk1.genblk1.genblk1.genblk1.lut1 (4 -> 2)
  Optimizing lut $abc$72368$lut$aiger72367$4798.genblk1.genblk1.genblk1.genblk1.genblk1.lut1 (4 -> 2)
  Optimizing lut $abc$72368$lut$aiger72367$4331.genblk1.genblk1.genblk1.genblk1.genblk1.lut1 (4 -> 2)
  Optimizing lut $auto$abc_ops_reintegrate.cc:655:reintegrate$72396.genblk1.genblk1.genblk1.genblk1.genblk1.genblk1.genblk1.lut0 (4 -> 1)
  Optimizing lut $abc$72368$lut$aiger72367$4527.genblk1.genblk1.genblk1.genblk1.genblk1.lut1 (4 -> 2)
  Optimizing lut $auto$abc_ops_reintegrate.cc:655:reintegrate$72420.genblk1.genblk1.genblk1.genblk1.genblk1.genblk1.genblk1.lut0 (4 -> 0)
  Optimizing lut $auto$abc_ops_reintegrate.cc:655:reintegrate$72434.genblk1.genblk1.genblk1.genblk1.genblk1.genblk1.genblk1.lut0 (4 -> 2)
  Optimizing lut $auto$abc_ops_reintegrate.cc:655:reintegrate$72436.genblk1.genblk1.genblk1.genblk1.genblk1.genblk1.lut0 (4 -> 2)
  Optimizing lut $abc$72368$lut$aiger72367$964.genblk1.genblk1.genblk1.genblk1.genblk1.lut0 (4 -> 3)
  Optimizing lut $abc$72368$lut$aiger72367$985.genblk1.genblk1.genblk1.genblk1.genblk1.lut1 (4 -> 3)
  Optimizing lut $abc$72368$lut$aiger72367$4482.genblk1.genblk1.genblk1.genblk1.genblk1.genblk1.lut1 (4 -> 0)
  Optimizing lut $abc$72368$lut$aiger72367$4482.genblk1.genblk1.genblk1.genblk1.genblk1.genblk1.lut0 (4 -> 0)
  Optimizing lut $abc$72368$lut$aiger72367$1817.genblk1.genblk1.genblk1.genblk1.genblk1.lut0 (4 -> 3)
Removed 0 unused cells and 3118 unused wires.

3.49. Executing AUTONAME pass.
Renamed 4320 objects in module axi_r_response_router.
<suppressed ~4320 debug messages>

3.50. Executing HIERARCHY pass (managing design hierarchy).
Attribute `top' found on module `axi_r_response_router'. Setting top module to axi_r_response_router.

3.50.1. Analyzing design hierarchy..
Top module:  \axi_r_response_router

3.50.2. Analyzing design hierarchy..
Top module:  \axi_r_response_router
Removed 0 unused modules.

3.51. Printing statistics.

=== axi_r_response_router ===

        +----------Local Count, excluding submodules.
        |
     1825 wires
     4303 wire bits
     1825 public wires
     4303 public wire bits
       28 ports
      642 port bits
     2525 submodules
      102   L6MUX21
     1786   LUT4
      353   PFUMX
      284   TRELLIS_FF

=== design hierarchy ===

        +----------Count including submodules.
        |
        - axi_r_response_router

        +----------Count including submodules.
        |
     1825 wires
     4303 wire bits
     1825 public wires
     4303 public wire bits
       28 ports
      642 port bits
        - memories
        - memory bits
        - processes
        - cells
     2525 submodules
      102   L6MUX21
     1786   LUT4
      353   PFUMX
      284   TRELLIS_FF

3.52. Executing CHECK pass (checking for obvious problems).
Checking module axi_r_response_router...
Found and reported 0 problems.

3.53. Executing JSON backend.

4. Printing statistics.

=== axi_r_response_router ===

        +----------Local Count, excluding submodules.
        |
     1825 wires
     4303 wire bits
     1825 public wires
     4303 public wire bits
       28 ports
      642 port bits
     2525 cells
      102   L6MUX21
     1786   LUT4
      353   PFUMX
      284   TRELLIS_FF

Warnings: 1 unique messages, 1 total
Warnings: 1 experimental features used (not excluded with -x).
End of script. Logfile hash: 107974dcc7, time: 2.81s, user: 1.15s, system: 0.08s, MEM: 100.30 MB peak
Yosys 0.69+75 (git sha1 f0b945f63-dirty, Release, Clang /usr/local/osxcross/target/bin/aarch64-apple-darwin25.5-clang++ 21.1.8)
Time spent: 56% 1x abc9_exe (1 sec), 10% 22x read_verilog (0 sec), ...
