
-- Running command `read_verilog -sv /Users/Dilan/Projects/fabric-under-pressure/rtl/axi_rr_arbiter_4.sv /Users/Dilan/Projects/fabric-under-pressure/rtl/axi_b_response_router.sv; synth_ecp5 -top axi_b_response_router -json /Users/Dilan/Projects/fabric-under-pressure/results/raw/b_response_router_repair/axi_b_response_router_ecp5.json; stat' --

1. Executing Verilog-2005 frontend: /Users/Dilan/Projects/fabric-under-pressure/rtl/axi_rr_arbiter_4.sv
Parsing SystemVerilog input from `/Users/Dilan/Projects/fabric-under-pressure/rtl/axi_rr_arbiter_4.sv' to AST representation.
Generating RTLIL representation for module `\axi_rr_arbiter_4'.
Successfully finished Verilog frontend.

2. Executing Verilog-2005 frontend: /Users/Dilan/Projects/fabric-under-pressure/rtl/axi_b_response_router.sv
Parsing SystemVerilog input from `/Users/Dilan/Projects/fabric-under-pressure/rtl/axi_b_response_router.sv' to AST representation.
Generating RTLIL representation for module `\axi_b_response_router'.
Successfully finished Verilog frontend.

3. Executing SYNTH_LATTICE pass.

3.1. Executing Verilog-2005 frontend: /Users/Dilan/eda/fabric-under-pressure/oss-cad-suite/libexec/../share/yosys/lattice/cells_sim_ecp5.v
Parsing Verilog input from `/Users/Dilan/eda/fabric-under-pressure/oss-cad-suite/libexec/../share/yosys/lattice/cells_sim_ecp5.v' to AST representation.
Generating RTLIL representation for module `\LUT4'.
Generating RTLIL representation for module `\$__ABC9_LUT5'.
Generating RTLIL representation for module `\$__ABC9_LUT6'.
Generating RTLIL representation for module `\$__ABC9_LUT7'.
Generating RTLIL representation for module `\L6MUX21'.
Generating RTLIL representation for module `\TRELLIS_RAM16X2'.
Generating RTLIL representation for module `\PFUMX'.
Generating RTLIL representation for module `\TRELLIS_DPR16X4'.
Generating RTLIL representation for module `\DPR16X4C'.
Generating RTLIL representation for module `\LUT2'.
Generating RTLIL representation for module `\TRELLIS_FF'.
Generating RTLIL representation for module `\TRELLIS_IO'.
Generating RTLIL representation for module `\INV'.
Generating RTLIL representation for module `\TRELLIS_COMB'.
Generating RTLIL representation for module `\VLO'.
Generating RTLIL representation for module `\VHI'.
Generating RTLIL representation for module `\FD1P3AX'.
Generating RTLIL representation for module `\FD1P3AY'.
Generating RTLIL representation for module `\FD1P3BX'.
Generating RTLIL representation for module `\FD1P3DX'.
Generating RTLIL representation for module `\FD1P3IX'.
Generating RTLIL representation for module `\FD1P3JX'.
Generating RTLIL representation for module `\FD1S3AX'.
Generating RTLIL representation for module `\FD1S3AY'.
Generating RTLIL representation for module `\FD1S3BX'.
Generating RTLIL representation for module `\FD1S3DX'.
Generating RTLIL representation for module `\FD1S3IX'.
Generating RTLIL representation for module `\FD1S3JX'.
Generating RTLIL representation for module `\IFS1P3BX'.
Generating RTLIL representation for module `\IFS1P3DX'.
Generating RTLIL representation for module `\IFS1P3IX'.
Generating RTLIL representation for module `\IFS1P3JX'.
Generating RTLIL representation for module `\OFS1P3BX'.
Generating RTLIL representation for module `\OFS1P3DX'.
Generating RTLIL representation for module `\OFS1P3IX'.
Generating RTLIL representation for module `\OFS1P3JX'.
Generating RTLIL representation for module `\IB'.
Generating RTLIL representation for module `\IBPU'.
Generating RTLIL representation for module `\IBPD'.
Generating RTLIL representation for module `\OB'.
Generating RTLIL representation for module `\OBZ'.
Generating RTLIL representation for module `\OBZPU'.
Generating RTLIL representation for module `\OBZPD'.
Generating RTLIL representation for module `\OBCO'.
Generating RTLIL representation for module `\BB'.
Generating RTLIL representation for module `\BBPU'.
Generating RTLIL representation for module `\BBPD'.
Generating RTLIL representation for module `\ILVDS'.
Generating RTLIL representation for module `\OLVDS'.
Generating RTLIL representation for module `\CCU2C'.
Generating RTLIL representation for module `\DP16KD'.
Replacing existing blackbox module `\FD1P3AX' at /Users/Dilan/eda/fabric-under-pressure/oss-cad-suite/libexec/../share/yosys/lattice/cells_ff.vh:2.1-2.261.
Generating RTLIL representation for module `\FD1P3AX'.
Replacing existing blackbox module `\FD1P3AY' at /Users/Dilan/eda/fabric-under-pressure/oss-cad-suite/libexec/../share/yosys/lattice/cells_ff.vh:3.1-3.261.
Generating RTLIL representation for module `\FD1P3AY'.
Replacing existing blackbox module `\FD1P3BX' at /Users/Dilan/eda/fabric-under-pressure/oss-cad-suite/libexec/../share/yosys/lattice/cells_ff.vh:4.1-4.261.
Generating RTLIL representation for module `\FD1P3BX'.
Replacing existing blackbox module `\FD1P3DX' at /Users/Dilan/eda/fabric-under-pressure/oss-cad-suite/libexec/../share/yosys/lattice/cells_ff.vh:5.1-5.261.
Generating RTLIL representation for module `\FD1P3DX'.
Replacing existing blackbox module `\FD1P3IX' at /Users/Dilan/eda/fabric-under-pressure/oss-cad-suite/libexec/../share/yosys/lattice/cells_ff.vh:6.1-6.261.
Generating RTLIL representation for module `\FD1P3IX'.
Replacing existing blackbox module `\FD1P3JX' at /Users/Dilan/eda/fabric-under-pressure/oss-cad-suite/libexec/../share/yosys/lattice/cells_ff.vh:7.1-7.261.
Generating RTLIL representation for module `\FD1P3JX'.
Replacing existing blackbox module `\FD1S3AX' at /Users/Dilan/eda/fabric-under-pressure/oss-cad-suite/libexec/../share/yosys/lattice/cells_ff.vh:8.1-8.261.
Generating RTLIL representation for module `\FD1S3AX'.
Replacing existing blackbox module `\FD1S3AY' at /Users/Dilan/eda/fabric-under-pressure/oss-cad-suite/libexec/../share/yosys/lattice/cells_ff.vh:9.1-9.261.
Generating RTLIL representation for module `\FD1S3AY'.
Replacing existing blackbox module `\FD1S3BX' at /Users/Dilan/eda/fabric-under-pressure/oss-cad-suite/libexec/../share/yosys/lattice/cells_ff.vh:10.1-10.261.
Generating RTLIL representation for module `\FD1S3BX'.
Replacing existing blackbox module `\FD1S3DX' at /Users/Dilan/eda/fabric-under-pressure/oss-cad-suite/libexec/../share/yosys/lattice/cells_ff.vh:11.1-11.261.
Generating RTLIL representation for module `\FD1S3DX'.
Replacing existing blackbox module `\FD1S3IX' at /Users/Dilan/eda/fabric-under-pressure/oss-cad-suite/libexec/../share/yosys/lattice/cells_ff.vh:12.1-12.261.
Generating RTLIL representation for module `\FD1S3IX'.
Replacing existing blackbox module `\FD1S3JX' at /Users/Dilan/eda/fabric-under-pressure/oss-cad-suite/libexec/../share/yosys/lattice/cells_ff.vh:13.1-13.261.
Generating RTLIL representation for module `\FD1S3JX'.
Replacing existing blackbox module `\IFS1P3BX' at /Users/Dilan/eda/fabric-under-pressure/oss-cad-suite/libexec/../share/yosys/lattice/cells_ff.vh:26.1-26.301.
Generating RTLIL representation for module `\IFS1P3BX'.
Replacing existing blackbox module `\IFS1P3DX' at /Users/Dilan/eda/fabric-under-pressure/oss-cad-suite/libexec/../share/yosys/lattice/cells_ff.vh:27.1-27.301.
Generating RTLIL representation for module `\IFS1P3DX'.
Replacing existing blackbox module `\IFS1P3IX' at /Users/Dilan/eda/fabric-under-pressure/oss-cad-suite/libexec/../share/yosys/lattice/cells_ff.vh:28.1-28.301.
Generating RTLIL representation for module `\IFS1P3IX'.
Replacing existing blackbox module `\IFS1P3JX' at /Users/Dilan/eda/fabric-under-pressure/oss-cad-suite/libexec/../share/yosys/lattice/cells_ff.vh:29.1-29.301.
Generating RTLIL representation for module `\IFS1P3JX'.
Replacing existing blackbox module `\OFS1P3BX' at /Users/Dilan/eda/fabric-under-pressure/oss-cad-suite/libexec/../share/yosys/lattice/cells_ff.vh:31.1-31.302.
Generating RTLIL representation for module `\OFS1P3BX'.
Replacing existing blackbox module `\OFS1P3DX' at /Users/Dilan/eda/fabric-under-pressure/oss-cad-suite/libexec/../share/yosys/lattice/cells_ff.vh:32.1-32.302.
Generating RTLIL representation for module `\OFS1P3DX'.
Replacing existing blackbox module `\OFS1P3IX' at /Users/Dilan/eda/fabric-under-pressure/oss-cad-suite/libexec/../share/yosys/lattice/cells_ff.vh:33.1-33.302.
Generating RTLIL representation for module `\OFS1P3IX'.
Replacing existing blackbox module `\OFS1P3JX' at /Users/Dilan/eda/fabric-under-pressure/oss-cad-suite/libexec/../share/yosys/lattice/cells_ff.vh:34.1-34.302.
Generating RTLIL representation for module `\OFS1P3JX'.
Replacing existing blackbox module `\IB' at /Users/Dilan/eda/fabric-under-pressure/oss-cad-suite/libexec/../share/yosys/lattice/cells_io.vh:2.1-2.157.
Generating RTLIL representation for module `\IB'.
Replacing existing blackbox module `\IBPU' at /Users/Dilan/eda/fabric-under-pressure/oss-cad-suite/libexec/../share/yosys/lattice/cells_io.vh:3.1-3.157.
Generating RTLIL representation for module `\IBPU'.
Replacing existing blackbox module `\IBPD' at /Users/Dilan/eda/fabric-under-pressure/oss-cad-suite/libexec/../share/yosys/lattice/cells_io.vh:4.1-4.157.
Generating RTLIL representation for module `\IBPD'.
Replacing existing blackbox module `\OB' at /Users/Dilan/eda/fabric-under-pressure/oss-cad-suite/libexec/../share/yosys/lattice/cells_io.vh:5.1-5.157.
Generating RTLIL representation for module `\OB'.
Replacing existing blackbox module `\OBZ' at /Users/Dilan/eda/fabric-under-pressure/oss-cad-suite/libexec/../share/yosys/lattice/cells_io.vh:6.1-6.164.
Generating RTLIL representation for module `\OBZ'.
Replacing existing blackbox module `\OBZPU' at /Users/Dilan/eda/fabric-under-pressure/oss-cad-suite/libexec/../share/yosys/lattice/cells_io.vh:7.1-7.164.
Generating RTLIL representation for module `\OBZPU'.
Replacing existing blackbox module `\OBZPD' at /Users/Dilan/eda/fabric-under-pressure/oss-cad-suite/libexec/../share/yosys/lattice/cells_io.vh:8.1-8.164.
Generating RTLIL representation for module `\OBZPD'.
Replacing existing blackbox module `\OBCO' at /Users/Dilan/eda/fabric-under-pressure/oss-cad-suite/libexec/../share/yosys/lattice/cells_io.vh:9.1-9.90.
Generating RTLIL representation for module `\OBCO'.
Replacing existing blackbox module `\BB' at /Users/Dilan/eda/fabric-under-pressure/oss-cad-suite/libexec/../share/yosys/lattice/cells_io.vh:10.1-10.179.
Generating RTLIL representation for module `\BB'.
Replacing existing blackbox module `\BBPU' at /Users/Dilan/eda/fabric-under-pressure/oss-cad-suite/libexec/../share/yosys/lattice/cells_io.vh:11.1-11.179.
Generating RTLIL representation for module `\BBPU'.
Replacing existing blackbox module `\BBPD' at /Users/Dilan/eda/fabric-under-pressure/oss-cad-suite/libexec/../share/yosys/lattice/cells_io.vh:12.1-12.179.
Generating RTLIL representation for module `\BBPD'.
Replacing existing blackbox module `\ILVDS' at /Users/Dilan/eda/fabric-under-pressure/oss-cad-suite/libexec/../share/yosys/lattice/cells_io.vh:13.1-13.139.
Generating RTLIL representation for module `\ILVDS'.
Replacing existing blackbox module `\OLVDS' at /Users/Dilan/eda/fabric-under-pressure/oss-cad-suite/libexec/../share/yosys/lattice/cells_io.vh:14.1-14.146.
Generating RTLIL representation for module `\OLVDS'.
Successfully finished Verilog frontend.

3.2. Executing Verilog-2005 frontend: /Users/Dilan/eda/fabric-under-pressure/oss-cad-suite/libexec/../share/yosys/lattice/cells_bb_ecp5.v
Parsing Verilog input from `/Users/Dilan/eda/fabric-under-pressure/oss-cad-suite/libexec/../share/yosys/lattice/cells_bb_ecp5.v' to AST representation.
Generating RTLIL representation for module `\GSR'.
Generating RTLIL representation for module `\PUR'.
Generating RTLIL representation for module `\SGSR'.
Generating RTLIL representation for module `\PDPW16KD'.
Generating RTLIL representation for module `\MULT18X18D'.
Generating RTLIL representation for module `\ALU54B'.
Generating RTLIL representation for module `\CLKDIVF'.
Generating RTLIL representation for module `\PCSCLKDIV'.
Generating RTLIL representation for module `\DCSC'.
Generating RTLIL representation for module `\DCCA'.
Generating RTLIL representation for module `\ECLKSYNCB'.
Generating RTLIL representation for module `\ECLKBRIDGECS'.
Generating RTLIL representation for module `\DELAYF'.
Generating RTLIL representation for module `\DELAYG'.
Generating RTLIL representation for module `\USRMCLK'.
Generating RTLIL representation for module `\DQSBUFM'.
Generating RTLIL representation for module `\DDRDLLA'.
Generating RTLIL representation for module `\DLLDELD'.
Generating RTLIL representation for module `\IDDRX1F'.
Generating RTLIL representation for module `\IDDRX2F'.
Generating RTLIL representation for module `\IDDR71B'.
Generating RTLIL representation for module `\IDDRX2DQA'.
Generating RTLIL representation for module `\ODDRX1F'.
Generating RTLIL representation for module `\ODDRX2F'.
Generating RTLIL representation for module `\ODDR71B'.
Generating RTLIL representation for module `\OSHX2A'.
Generating RTLIL representation for module `\TSHX2DQA'.
Generating RTLIL representation for module `\TSHX2DQSA'.
Generating RTLIL representation for module `\ODDRX2DQA'.
Generating RTLIL representation for module `\ODDRX2DQSB'.
Generating RTLIL representation for module `\EHXPLLL'.
Generating RTLIL representation for module `\DTR'.
Generating RTLIL representation for module `\OSCG'.
Generating RTLIL representation for module `\EXTREFB'.
Generating RTLIL representation for module `\JTAGG'.
Generating RTLIL representation for module `\DCUA'.
Successfully finished Verilog frontend.

3.3. Executing HIERARCHY pass (managing design hierarchy).

3.3.1. Analyzing design hierarchy..
Top module:  \axi_b_response_router
Used module:     \axi_rr_arbiter_4

3.3.2. Analyzing design hierarchy..
Top module:  \axi_b_response_router
Used module:     \axi_rr_arbiter_4
Removed 0 unused modules.

3.4. Executing PROC pass (convert processes to netlists).

3.4.1. Executing PROC_CLEAN pass (remove empty switches from decision trees).
Found and cleaned up 32 empty switches in `\axi_b_response_router.$proc$/Users/Dilan/Projects/fabric-under-pressure/rtl/axi_b_response_router.sv:79$60'.
Cleaned up 32 empty switches.

3.4.2. Executing PROC_RMDEAD pass (remove dead branches from decision trees).
Marked 7 switch rules as full_case in process $proc$/Users/Dilan/Projects/fabric-under-pressure/rtl/axi_b_response_router.sv:182$308 in module axi_b_response_router.
Marked 3 switch rules as full_case in process $proc$/Users/Dilan/Projects/fabric-under-pressure/rtl/axi_b_response_router.sv:153$304 in module axi_b_response_router.
Marked 40 switch rules as full_case in process $proc$/Users/Dilan/Projects/fabric-under-pressure/rtl/axi_b_response_router.sv:79$60 in module axi_b_response_router.
Marked 1 switch rules as full_case in process $proc$/Users/Dilan/Projects/fabric-under-pressure/rtl/axi_rr_arbiter_4.sv:86$19 in module axi_rr_arbiter_4.
Marked 4 switch rules as full_case in process $proc$/Users/Dilan/Projects/fabric-under-pressure/rtl/axi_rr_arbiter_4.sv:65$4 in module axi_rr_arbiter_4.
Marked 17 switch rules as full_case in process $proc$/Users/Dilan/Projects/fabric-under-pressure/rtl/axi_rr_arbiter_4.sv:33$3 in module axi_rr_arbiter_4.
Removed a total of 0 dead cases.

3.4.3. Executing PROC_PRUNE pass (remove redundant assignments in processes).
Removed 4 redundant assignments.
Promoted 113 assignments to connections.

3.4.4. Executing PROC_INIT pass (extract init attributes).

3.4.5. Executing PROC_ARST pass (detect async resets in processes).
Found async reset \ARESETn in `\axi_b_response_router.$proc$/Users/Dilan/Projects/fabric-under-pressure/rtl/axi_b_response_router.sv:182$308'.
Found async reset \ARESETn in `\axi_rr_arbiter_4.$proc$/Users/Dilan/Projects/fabric-under-pressure/rtl/axi_rr_arbiter_4.sv:86$19'.

3.4.6. Executing PROC_ROM pass (convert switches to ROMs).
Converted 0 switches.
<suppressed ~73 debug messages>

3.4.7. Executing PROC_MUX pass (convert decision trees to multiplexers).
Creating decoders for process `\axi_b_response_router.$proc$/Users/Dilan/Projects/fabric-under-pressure/rtl/axi_b_response_router.sv:224$310'.
Creating decoders for process `\axi_b_response_router.$proc$/Users/Dilan/Projects/fabric-under-pressure/rtl/axi_b_response_router.sv:182$308'.
     1/13: $0\slot_source_q[5:0] [5:4]
     2/13: $0\slot_source_q[5:0] [3:2]
     3/13: $0\slot_bresp_q[5:0] [3:2]
     4/13: $0\slot_bid_q[11:0] [7:4]
     5/13: $0\slot_valid[2:0] [1]
     6/13: $0\slot_source_q[5:0] [1:0]
     7/13: $0\slot_bresp_q[5:0] [1:0]
     8/13: $0\slot_bid_q[11:0] [3:0]
     9/13: $0\slot_valid[2:0] [0]
    10/13: $0\slot_bid_q[11:0] [11:8]
    11/13: $0\slot_valid[2:0] [2]
    12/13: $0\slot_bresp_q[5:0] [5:4]
    13/13: $1\seq_m[31:0]
Creating decoders for process `\axi_b_response_router.$proc$/Users/Dilan/Projects/fabric-under-pressure/rtl/axi_b_response_router.sv:153$304'.
     1/3: $3\arbiter_request[11:8]
     2/3: $2\arbiter_request[7:4]
     3/3: $1\arbiter_request[3:0]
Creating decoders for process `\axi_b_response_router.$proc$/Users/Dilan/Projects/fabric-under-pressure/rtl/axi_b_response_router.sv:145$297'.
Creating decoders for process `\axi_b_response_router.$proc$/Users/Dilan/Projects/fabric-under-pressure/rtl/axi_b_response_router.sv:79$60'.
     1/216: $20\target_bready[3:3]
     2/216: $19\target_bready[3:3]
     3/216: $18\target_bready[3:3]
     4/216: $17\target_bready[3:3]
     5/216: $2\manager_for$func$/Users/Dilan/Projects/fabric-under-pressure/rtl/axi_b_response_router.sv:127$59.$result[1:0]$291
     6/216: $16\target_bready[3:3]
     7/216: $1\manager_for$func$/Users/Dilan/Projects/fabric-under-pressure/rtl/axi_b_response_router.sv:127$59.$result[1:0]$290
     8/216: $15\target_bready[2:2]
     9/216: $14\target_bready[2:2]
    10/216: $13\target_bready[2:2]
    11/216: $12\target_bready[2:2]
    12/216: $2\manager_for$func$/Users/Dilan/Projects/fabric-under-pressure/rtl/axi_b_response_router.sv:127$58.$result[1:0]$286
    13/216: $11\target_bready[2:2]
    14/216: $1\manager_for$func$/Users/Dilan/Projects/fabric-under-pressure/rtl/axi_b_response_router.sv:127$58.$result[1:0]$285
    15/216: $10\target_bready[1:1]
    16/216: $9\target_bready[1:1]
    17/216: $8\target_bready[1:1]
    18/216: $7\target_bready[1:1]
    19/216: $2\manager_for$func$/Users/Dilan/Projects/fabric-under-pressure/rtl/axi_b_response_router.sv:127$57.$result[1:0]$281
    20/216: $6\target_bready[1:1]
    21/216: $1\manager_for$func$/Users/Dilan/Projects/fabric-under-pressure/rtl/axi_b_response_router.sv:127$57.$result[1:0]$280
    22/216: $5\target_bready[0:0]
    23/216: $4\target_bready[0:0]
    24/216: $3\target_bready[0:0]
    25/216: $2\target_bready[0:0]
    26/216: $2\manager_for$func$/Users/Dilan/Projects/fabric-under-pressure/rtl/axi_b_response_router.sv:127$56.$result[1:0]$276
    27/216: $1\target_bready[0:0]
    28/216: $1\manager_for$func$/Users/Dilan/Projects/fabric-under-pressure/rtl/axi_b_response_router.sv:127$56.$result[1:0]$275
    29/216: $20\nonbusy_id_violation[3:3]
    30/216: $20\validated_response[3:3]
    31/216: $36\raw_candidate_request[11:11]
    32/216: $3\busy_for$func$/Users/Dilan/Projects/fabric-under-pressure/rtl/axi_b_response_router.sv:105$55.$result[0:0]$252
    33/216: $3\id_for$func$/Users/Dilan/Projects/fabric-under-pressure/rtl/axi_b_response_router.sv:105$54.$result[3:0]$251
    34/216: $19\nonbusy_id_violation[3:3]
    35/216: $19\validated_response[3:3]
    36/216: $35\raw_candidate_request[7:7]
    37/216: $3\busy_for$func$/Users/Dilan/Projects/fabric-under-pressure/rtl/axi_b_response_router.sv:97$53.$result[0:0]$246
    38/216: $3\id_for$func$/Users/Dilan/Projects/fabric-under-pressure/rtl/axi_b_response_router.sv:97$52.$result[3:0]$245
    39/216: $18\nonbusy_id_violation[3:3]
    40/216: $18\validated_response[3:3]
    41/216: $34\raw_candidate_request[3:3]
    42/216: $3\busy_for$func$/Users/Dilan/Projects/fabric-under-pressure/rtl/axi_b_response_router.sv:89$51.$result[0:0]$240
    43/216: $3\id_for$func$/Users/Dilan/Projects/fabric-under-pressure/rtl/axi_b_response_router.sv:89$50.$result[3:0]$239
    44/216: $17\validated_response[3:3]
    45/216: $31\raw_candidate_request[3:3]
    46/216: $17\nonbusy_id_violation[3:3]
    47/216: $2\busy_for$func$/Users/Dilan/Projects/fabric-under-pressure/rtl/axi_b_response_router.sv:89$51.$result[0:0]$231
    48/216: $2\busy_for$func$/Users/Dilan/Projects/fabric-under-pressure/rtl/axi_b_response_router.sv:89$51.id[3:0]$232
    49/216: $2\id_for$func$/Users/Dilan/Projects/fabric-under-pressure/rtl/axi_b_response_router.sv:89$50.$result[3:0]$230
    50/216: $2\busy_for$func$/Users/Dilan/Projects/fabric-under-pressure/rtl/axi_b_response_router.sv:105$55.id[3:0]$238
    51/216: $2\busy_for$func$/Users/Dilan/Projects/fabric-under-pressure/rtl/axi_b_response_router.sv:105$55.$result[0:0]$237
    52/216: $2\id_for$func$/Users/Dilan/Projects/fabric-under-pressure/rtl/axi_b_response_router.sv:105$54.$result[3:0]$236
    53/216: $2\busy_for$func$/Users/Dilan/Projects/fabric-under-pressure/rtl/axi_b_response_router.sv:97$53.id[3:0]$235
    54/216: $2\busy_for$func$/Users/Dilan/Projects/fabric-under-pressure/rtl/axi_b_response_router.sv:97$53.$result[0:0]$234
    55/216: $2\id_for$func$/Users/Dilan/Projects/fabric-under-pressure/rtl/axi_b_response_router.sv:97$52.$result[3:0]$233
    56/216: $33\raw_candidate_request[11:11]
    57/216: $32\raw_candidate_request[7:7]
    58/216: $8\invalid_manager_violation[3:3]
    59/216: $2\manager_for$func$/Users/Dilan/Projects/fabric-under-pressure/rtl/axi_b_response_router.sv:87$49.$result[1:0]$229
    60/216: $1\busy_for$func$/Users/Dilan/Projects/fabric-under-pressure/rtl/axi_b_response_router.sv:105$55.id[3:0]$228
    61/216: $1\busy_for$func$/Users/Dilan/Projects/fabric-under-pressure/rtl/axi_b_response_router.sv:105$55.$result[0:0]$227
    62/216: $1\id_for$func$/Users/Dilan/Projects/fabric-under-pressure/rtl/axi_b_response_router.sv:105$54.$result[3:0]$226
    63/216: $1\busy_for$func$/Users/Dilan/Projects/fabric-under-pressure/rtl/axi_b_response_router.sv:97$53.id[3:0]$225
    64/216: $1\busy_for$func$/Users/Dilan/Projects/fabric-under-pressure/rtl/axi_b_response_router.sv:97$53.$result[0:0]$224
    65/216: $1\id_for$func$/Users/Dilan/Projects/fabric-under-pressure/rtl/axi_b_response_router.sv:97$52.$result[3:0]$223
    66/216: $1\busy_for$func$/Users/Dilan/Projects/fabric-under-pressure/rtl/axi_b_response_router.sv:89$51.id[3:0]$222
    67/216: $1\busy_for$func$/Users/Dilan/Projects/fabric-under-pressure/rtl/axi_b_response_router.sv:89$51.$result[0:0]$221
    68/216: $1\id_for$func$/Users/Dilan/Projects/fabric-under-pressure/rtl/axi_b_response_router.sv:89$50.$result[3:0]$220
    69/216: $16\validated_response[3:3]
    70/216: $30\raw_candidate_request[11:11]
    71/216: $29\raw_candidate_request[7:7]
    72/216: $28\raw_candidate_request[3:3]
    73/216: $16\nonbusy_id_violation[3:3]
    74/216: $7\invalid_manager_violation[3:3]
    75/216: $1\manager_for$func$/Users/Dilan/Projects/fabric-under-pressure/rtl/axi_b_response_router.sv:87$49.$result[1:0]$219
    76/216: $15\nonbusy_id_violation[2:2]
    77/216: $15\validated_response[2:2]
    78/216: $27\raw_candidate_request[10:10]
    79/216: $3\busy_for$func$/Users/Dilan/Projects/fabric-under-pressure/rtl/axi_b_response_router.sv:105$48.$result[0:0]$214
    80/216: $3\id_for$func$/Users/Dilan/Projects/fabric-under-pressure/rtl/axi_b_response_router.sv:105$47.$result[3:0]$213
    81/216: $14\nonbusy_id_violation[2:2]
    82/216: $14\validated_response[2:2]
    83/216: $26\raw_candidate_request[6:6]
    84/216: $3\busy_for$func$/Users/Dilan/Projects/fabric-under-pressure/rtl/axi_b_response_router.sv:97$46.$result[0:0]$208
    85/216: $3\id_for$func$/Users/Dilan/Projects/fabric-under-pressure/rtl/axi_b_response_router.sv:97$45.$result[3:0]$207
    86/216: $13\nonbusy_id_violation[2:2]
    87/216: $13\validated_response[2:2]
    88/216: $25\raw_candidate_request[2:2]
    89/216: $3\busy_for$func$/Users/Dilan/Projects/fabric-under-pressure/rtl/axi_b_response_router.sv:89$44.$result[0:0]$202
    90/216: $3\id_for$func$/Users/Dilan/Projects/fabric-under-pressure/rtl/axi_b_response_router.sv:89$43.$result[3:0]$201
    91/216: $12\validated_response[2:2]
    92/216: $22\raw_candidate_request[2:2]
    93/216: $12\nonbusy_id_violation[2:2]
    94/216: $2\busy_for$func$/Users/Dilan/Projects/fabric-under-pressure/rtl/axi_b_response_router.sv:89$44.$result[0:0]$193
    95/216: $2\busy_for$func$/Users/Dilan/Projects/fabric-under-pressure/rtl/axi_b_response_router.sv:89$44.id[3:0]$194
    96/216: $2\id_for$func$/Users/Dilan/Projects/fabric-under-pressure/rtl/axi_b_response_router.sv:89$43.$result[3:0]$192
    97/216: $2\busy_for$func$/Users/Dilan/Projects/fabric-under-pressure/rtl/axi_b_response_router.sv:105$48.id[3:0]$200
    98/216: $2\busy_for$func$/Users/Dilan/Projects/fabric-under-pressure/rtl/axi_b_response_router.sv:105$48.$result[0:0]$199
    99/216: $2\id_for$func$/Users/Dilan/Projects/fabric-under-pressure/rtl/axi_b_response_router.sv:105$47.$result[3:0]$198
   100/216: $2\busy_for$func$/Users/Dilan/Projects/fabric-under-pressure/rtl/axi_b_response_router.sv:97$46.id[3:0]$197
   101/216: $2\busy_for$func$/Users/Dilan/Projects/fabric-under-pressure/rtl/axi_b_response_router.sv:97$46.$result[0:0]$196
   102/216: $2\id_for$func$/Users/Dilan/Projects/fabric-under-pressure/rtl/axi_b_response_router.sv:97$45.$result[3:0]$195
   103/216: $24\raw_candidate_request[10:10]
   104/216: $23\raw_candidate_request[6:6]
   105/216: $6\invalid_manager_violation[2:2]
   106/216: $2\manager_for$func$/Users/Dilan/Projects/fabric-under-pressure/rtl/axi_b_response_router.sv:87$42.$result[1:0]$191
   107/216: $1\busy_for$func$/Users/Dilan/Projects/fabric-under-pressure/rtl/axi_b_response_router.sv:105$48.id[3:0]$190
   108/216: $1\busy_for$func$/Users/Dilan/Projects/fabric-under-pressure/rtl/axi_b_response_router.sv:105$48.$result[0:0]$189
   109/216: $1\id_for$func$/Users/Dilan/Projects/fabric-under-pressure/rtl/axi_b_response_router.sv:105$47.$result[3:0]$188
   110/216: $1\busy_for$func$/Users/Dilan/Projects/fabric-under-pressure/rtl/axi_b_response_router.sv:97$46.id[3:0]$187
   111/216: $1\busy_for$func$/Users/Dilan/Projects/fabric-under-pressure/rtl/axi_b_response_router.sv:97$46.$result[0:0]$186
   112/216: $1\id_for$func$/Users/Dilan/Projects/fabric-under-pressure/rtl/axi_b_response_router.sv:97$45.$result[3:0]$185
   113/216: $1\busy_for$func$/Users/Dilan/Projects/fabric-under-pressure/rtl/axi_b_response_router.sv:89$44.id[3:0]$184
   114/216: $1\busy_for$func$/Users/Dilan/Projects/fabric-under-pressure/rtl/axi_b_response_router.sv:89$44.$result[0:0]$183
   115/216: $1\id_for$func$/Users/Dilan/Projects/fabric-under-pressure/rtl/axi_b_response_router.sv:89$43.$result[3:0]$182
   116/216: $11\validated_response[2:2]
   117/216: $21\raw_candidate_request[10:10]
   118/216: $20\raw_candidate_request[6:6]
   119/216: $19\raw_candidate_request[2:2]
   120/216: $11\nonbusy_id_violation[2:2]
   121/216: $5\invalid_manager_violation[2:2]
   122/216: $1\manager_for$func$/Users/Dilan/Projects/fabric-under-pressure/rtl/axi_b_response_router.sv:87$42.$result[1:0]$181
   123/216: $10\nonbusy_id_violation[1:1]
   124/216: $10\validated_response[1:1]
   125/216: $18\raw_candidate_request[9:9]
   126/216: $3\busy_for$func$/Users/Dilan/Projects/fabric-under-pressure/rtl/axi_b_response_router.sv:105$41.$result[0:0]$176
   127/216: $3\id_for$func$/Users/Dilan/Projects/fabric-under-pressure/rtl/axi_b_response_router.sv:105$40.$result[3:0]$175
   128/216: $9\nonbusy_id_violation[1:1]
   129/216: $9\validated_response[1:1]
   130/216: $17\raw_candidate_request[5:5]
   131/216: $3\busy_for$func$/Users/Dilan/Projects/fabric-under-pressure/rtl/axi_b_response_router.sv:97$39.$result[0:0]$170
   132/216: $3\id_for$func$/Users/Dilan/Projects/fabric-under-pressure/rtl/axi_b_response_router.sv:97$38.$result[3:0]$169
   133/216: $8\nonbusy_id_violation[1:1]
   134/216: $8\validated_response[1:1]
   135/216: $16\raw_candidate_request[1:1]
   136/216: $3\busy_for$func$/Users/Dilan/Projects/fabric-under-pressure/rtl/axi_b_response_router.sv:89$37.$result[0:0]$164
   137/216: $3\id_for$func$/Users/Dilan/Projects/fabric-under-pressure/rtl/axi_b_response_router.sv:89$36.$result[3:0]$163
   138/216: $7\validated_response[1:1]
   139/216: $13\raw_candidate_request[1:1]
   140/216: $7\nonbusy_id_violation[1:1]
   141/216: $2\busy_for$func$/Users/Dilan/Projects/fabric-under-pressure/rtl/axi_b_response_router.sv:89$37.$result[0:0]$155
   142/216: $2\busy_for$func$/Users/Dilan/Projects/fabric-under-pressure/rtl/axi_b_response_router.sv:89$37.id[3:0]$156
   143/216: $2\id_for$func$/Users/Dilan/Projects/fabric-under-pressure/rtl/axi_b_response_router.sv:89$36.$result[3:0]$154
   144/216: $2\busy_for$func$/Users/Dilan/Projects/fabric-under-pressure/rtl/axi_b_response_router.sv:105$41.id[3:0]$162
   145/216: $2\busy_for$func$/Users/Dilan/Projects/fabric-under-pressure/rtl/axi_b_response_router.sv:105$41.$result[0:0]$161
   146/216: $2\id_for$func$/Users/Dilan/Projects/fabric-under-pressure/rtl/axi_b_response_router.sv:105$40.$result[3:0]$160
   147/216: $2\busy_for$func$/Users/Dilan/Projects/fabric-under-pressure/rtl/axi_b_response_router.sv:97$39.id[3:0]$159
   148/216: $2\busy_for$func$/Users/Dilan/Projects/fabric-under-pressure/rtl/axi_b_response_router.sv:97$39.$result[0:0]$158
   149/216: $2\id_for$func$/Users/Dilan/Projects/fabric-under-pressure/rtl/axi_b_response_router.sv:97$38.$result[3:0]$157
   150/216: $15\raw_candidate_request[9:9]
   151/216: $14\raw_candidate_request[5:5]
   152/216: $4\invalid_manager_violation[1:1]
   153/216: $2\manager_for$func$/Users/Dilan/Projects/fabric-under-pressure/rtl/axi_b_response_router.sv:87$35.$result[1:0]$153
   154/216: $1\busy_for$func$/Users/Dilan/Projects/fabric-under-pressure/rtl/axi_b_response_router.sv:105$41.id[3:0]$152
   155/216: $1\busy_for$func$/Users/Dilan/Projects/fabric-under-pressure/rtl/axi_b_response_router.sv:105$41.$result[0:0]$151
   156/216: $1\id_for$func$/Users/Dilan/Projects/fabric-under-pressure/rtl/axi_b_response_router.sv:105$40.$result[3:0]$150
   157/216: $1\busy_for$func$/Users/Dilan/Projects/fabric-under-pressure/rtl/axi_b_response_router.sv:97$39.id[3:0]$149
   158/216: $1\busy_for$func$/Users/Dilan/Projects/fabric-under-pressure/rtl/axi_b_response_router.sv:97$39.$result[0:0]$148
   159/216: $1\id_for$func$/Users/Dilan/Projects/fabric-under-pressure/rtl/axi_b_response_router.sv:97$38.$result[3:0]$147
   160/216: $1\busy_for$func$/Users/Dilan/Projects/fabric-under-pressure/rtl/axi_b_response_router.sv:89$37.id[3:0]$146
   161/216: $1\busy_for$func$/Users/Dilan/Projects/fabric-under-pressure/rtl/axi_b_response_router.sv:89$37.$result[0:0]$145
   162/216: $1\id_for$func$/Users/Dilan/Projects/fabric-under-pressure/rtl/axi_b_response_router.sv:89$36.$result[3:0]$144
   163/216: $6\validated_response[1:1]
   164/216: $12\raw_candidate_request[9:9]
   165/216: $11\raw_candidate_request[5:5]
   166/216: $10\raw_candidate_request[1:1]
   167/216: $6\nonbusy_id_violation[1:1]
   168/216: $3\invalid_manager_violation[1:1]
   169/216: $1\manager_for$func$/Users/Dilan/Projects/fabric-under-pressure/rtl/axi_b_response_router.sv:87$35.$result[1:0]$143
   170/216: $5\nonbusy_id_violation[0:0]
   171/216: $5\validated_response[0:0]
   172/216: $9\raw_candidate_request[8:8]
   173/216: $3\busy_for$func$/Users/Dilan/Projects/fabric-under-pressure/rtl/axi_b_response_router.sv:105$34.$result[0:0]$138
   174/216: $3\id_for$func$/Users/Dilan/Projects/fabric-under-pressure/rtl/axi_b_response_router.sv:105$33.$result[3:0]$137
   175/216: $4\nonbusy_id_violation[0:0]
   176/216: $4\validated_response[0:0]
   177/216: $8\raw_candidate_request[4:4]
   178/216: $3\busy_for$func$/Users/Dilan/Projects/fabric-under-pressure/rtl/axi_b_response_router.sv:97$32.$result[0:0]$132
   179/216: $3\id_for$func$/Users/Dilan/Projects/fabric-under-pressure/rtl/axi_b_response_router.sv:97$31.$result[3:0]$131
   180/216: $3\nonbusy_id_violation[0:0]
   181/216: $3\validated_response[0:0]
   182/216: $7\raw_candidate_request[0:0]
   183/216: $3\busy_for$func$/Users/Dilan/Projects/fabric-under-pressure/rtl/axi_b_response_router.sv:89$30.$result[0:0]$126
   184/216: $3\id_for$func$/Users/Dilan/Projects/fabric-under-pressure/rtl/axi_b_response_router.sv:89$29.$result[3:0]$125
   185/216: $2\validated_response[0:0]
   186/216: $4\raw_candidate_request[0:0]
   187/216: $2\nonbusy_id_violation[0:0]
   188/216: $2\busy_for$func$/Users/Dilan/Projects/fabric-under-pressure/rtl/axi_b_response_router.sv:89$30.$result[0:0]$117
   189/216: $2\busy_for$func$/Users/Dilan/Projects/fabric-under-pressure/rtl/axi_b_response_router.sv:89$30.id[3:0]$118
   190/216: $2\id_for$func$/Users/Dilan/Projects/fabric-under-pressure/rtl/axi_b_response_router.sv:89$29.$result[3:0]$116
   191/216: $2\busy_for$func$/Users/Dilan/Projects/fabric-under-pressure/rtl/axi_b_response_router.sv:105$34.id[3:0]$124
   192/216: $2\busy_for$func$/Users/Dilan/Projects/fabric-under-pressure/rtl/axi_b_response_router.sv:105$34.$result[0:0]$123
   193/216: $2\id_for$func$/Users/Dilan/Projects/fabric-under-pressure/rtl/axi_b_response_router.sv:105$33.$result[3:0]$122
   194/216: $2\busy_for$func$/Users/Dilan/Projects/fabric-under-pressure/rtl/axi_b_response_router.sv:97$32.id[3:0]$121
   195/216: $2\busy_for$func$/Users/Dilan/Projects/fabric-under-pressure/rtl/axi_b_response_router.sv:97$32.$result[0:0]$120
   196/216: $2\id_for$func$/Users/Dilan/Projects/fabric-under-pressure/rtl/axi_b_response_router.sv:97$31.$result[3:0]$119
   197/216: $6\raw_candidate_request[8:8]
   198/216: $5\raw_candidate_request[4:4]
   199/216: $2\invalid_manager_violation[0:0]
   200/216: $2\manager_for$func$/Users/Dilan/Projects/fabric-under-pressure/rtl/axi_b_response_router.sv:87$28.$result[1:0]$115
   201/216: $1\busy_for$func$/Users/Dilan/Projects/fabric-under-pressure/rtl/axi_b_response_router.sv:105$34.id[3:0]$114
   202/216: $1\busy_for$func$/Users/Dilan/Projects/fabric-under-pressure/rtl/axi_b_response_router.sv:105$34.$result[0:0]$113
   203/216: $1\id_for$func$/Users/Dilan/Projects/fabric-under-pressure/rtl/axi_b_response_router.sv:105$33.$result[3:0]$112
   204/216: $1\busy_for$func$/Users/Dilan/Projects/fabric-under-pressure/rtl/axi_b_response_router.sv:97$32.id[3:0]$111
   205/216: $1\busy_for$func$/Users/Dilan/Projects/fabric-under-pressure/rtl/axi_b_response_router.sv:97$32.$result[0:0]$110
   206/216: $1\id_for$func$/Users/Dilan/Projects/fabric-under-pressure/rtl/axi_b_response_router.sv:97$31.$result[3:0]$109
   207/216: $1\busy_for$func$/Users/Dilan/Projects/fabric-under-pressure/rtl/axi_b_response_router.sv:89$30.id[3:0]$108
   208/216: $1\busy_for$func$/Users/Dilan/Projects/fabric-under-pressure/rtl/axi_b_response_router.sv:89$30.$result[0:0]$107
   209/216: $1\id_for$func$/Users/Dilan/Projects/fabric-under-pressure/rtl/axi_b_response_router.sv:89$29.$result[3:0]$106
   210/216: $1\validated_response[0:0]
   211/216: $3\raw_candidate_request[8:8]
   212/216: $2\raw_candidate_request[4:4]
   213/216: $1\raw_candidate_request[0:0]
   214/216: $1\nonbusy_id_violation[0:0]
   215/216: $1\invalid_manager_violation[0:0]
   216/216: $1\manager_for$func$/Users/Dilan/Projects/fabric-under-pressure/rtl/axi_b_response_router.sv:87$28.$result[1:0]$105
Creating decoders for process `\axi_rr_arbiter_4.$proc$/Users/Dilan/Projects/fabric-under-pressure/rtl/axi_rr_arbiter_4.sv:100$21'.
Creating decoders for process `\axi_rr_arbiter_4.$proc$/Users/Dilan/Projects/fabric-under-pressure/rtl/axi_rr_arbiter_4.sv:86$19'.
     1/4: $0\selected_q[1:0]
     2/4: $0\grant_valid_q[0:0]
     3/4: $0\grant_q[3:0]
     4/4: $0\pointer_q[1:0]
Creating decoders for process `\axi_rr_arbiter_4.$proc$/Users/Dilan/Projects/fabric-under-pressure/rtl/axi_rr_arbiter_4.sv:65$4'.
     1/20: $3\next_pointer$func$/Users/Dilan/Projects/fabric-under-pressure/rtl/axi_rr_arbiter_4.sv:74$2.$result[1:0]$18
     2/20: $3\next_pointer$func$/Users/Dilan/Projects/fabric-under-pressure/rtl/axi_rr_arbiter_4.sv:73$1.$result[1:0]$17
     3/20: $2\selected_d[1:0]
     4/20: $2\grant_valid_d[0:0]
     5/20: $2\grant_d[3:0]
     6/20: $2\selection_pointer[1:0]
     7/20: $2\next_pointer$func$/Users/Dilan/Projects/fabric-under-pressure/rtl/axi_rr_arbiter_4.sv:74$2.$result[1:0]$15
     8/20: $2\next_pointer$func$/Users/Dilan/Projects/fabric-under-pressure/rtl/axi_rr_arbiter_4.sv:74$2.source[1:0]$16
     9/20: $2\pointer_d[1:0]
    10/20: $2\next_pointer$func$/Users/Dilan/Projects/fabric-under-pressure/rtl/axi_rr_arbiter_4.sv:73$1.$result[1:0]$13
    11/20: $2\next_pointer$func$/Users/Dilan/Projects/fabric-under-pressure/rtl/axi_rr_arbiter_4.sv:73$1.source[1:0]$14
    12/20: $1\next_pointer$func$/Users/Dilan/Projects/fabric-under-pressure/rtl/axi_rr_arbiter_4.sv:74$2.source[1:0]$12
    13/20: $1\next_pointer$func$/Users/Dilan/Projects/fabric-under-pressure/rtl/axi_rr_arbiter_4.sv:74$2.$result[1:0]$11
    14/20: $1\next_pointer$func$/Users/Dilan/Projects/fabric-under-pressure/rtl/axi_rr_arbiter_4.sv:73$1.source[1:0]$10
    15/20: $1\next_pointer$func$/Users/Dilan/Projects/fabric-under-pressure/rtl/axi_rr_arbiter_4.sv:73$1.$result[1:0]$9
    16/20: $1\selection_pointer[1:0]
    17/20: $1\selected_d[1:0]
    18/20: $1\grant_valid_d[0:0]
    19/20: $1\grant_d[3:0]
    20/20: $1\pointer_d[1:0]
Creating decoders for process `\axi_rr_arbiter_4.$proc$/Users/Dilan/Projects/fabric-under-pressure/rtl/axi_rr_arbiter_4.sv:33$3'.
     1/51: $17\candidate_valid[0:0]
     2/51: $17\candidate_source[1:0]
     3/51: $17\candidate_grant[3:0]
     4/51: $16\candidate_valid[0:0]
     5/51: $16\candidate_source[1:0]
     6/51: $16\candidate_grant[3:0]
     7/51: $15\candidate_valid[0:0]
     8/51: $15\candidate_source[1:0]
     9/51: $15\candidate_grant[3:0]
    10/51: $14\candidate_valid[0:0]
    11/51: $14\candidate_source[1:0]
    12/51: $14\candidate_grant[3:0]
    13/51: $13\candidate_valid[0:0]
    14/51: $13\candidate_source[1:0]
    15/51: $13\candidate_grant[3:0]
    16/51: $12\candidate_valid[0:0]
    17/51: $12\candidate_source[1:0]
    18/51: $12\candidate_grant[3:0]
    19/51: $11\candidate_valid[0:0]
    20/51: $11\candidate_source[1:0]
    21/51: $11\candidate_grant[3:0]
    22/51: $10\candidate_valid[0:0]
    23/51: $10\candidate_source[1:0]
    24/51: $10\candidate_grant[3:0]
    25/51: $9\candidate_valid[0:0]
    26/51: $9\candidate_source[1:0]
    27/51: $9\candidate_grant[3:0]
    28/51: $8\candidate_valid[0:0]
    29/51: $8\candidate_source[1:0]
    30/51: $8\candidate_grant[3:0]
    31/51: $7\candidate_valid[0:0]
    32/51: $7\candidate_source[1:0]
    33/51: $7\candidate_grant[3:0]
    34/51: $6\candidate_valid[0:0]
    35/51: $6\candidate_source[1:0]
    36/51: $6\candidate_grant[3:0]
    37/51: $5\candidate_valid[0:0]
    38/51: $5\candidate_source[1:0]
    39/51: $5\candidate_grant[3:0]
    40/51: $4\candidate_valid[0:0]
    41/51: $4\candidate_source[1:0]
    42/51: $4\candidate_grant[3:0]
    43/51: $3\candidate_valid[0:0]
    44/51: $3\candidate_source[1:0]
    45/51: $3\candidate_grant[3:0]
    46/51: $2\candidate_valid[0:0]
    47/51: $2\candidate_source[1:0]
    48/51: $2\candidate_grant[3:0]
    49/51: $1\candidate_source[1:0]
    50/51: $1\candidate_valid[0:0]
    51/51: $1\candidate_grant[3:0]

3.4.8. Executing PROC_DLATCH pass (convert process syncs to latches).
No latch inferred for signal `\axi_b_response_router.\slot_source_target' from process `\axi_b_response_router.$proc$/Users/Dilan/Projects/fabric-under-pressure/rtl/axi_b_response_router.sv:224$310'.
No latch inferred for signal `\axi_b_response_router.\arbiter_request' from process `\axi_b_response_router.$proc$/Users/Dilan/Projects/fabric-under-pressure/rtl/axi_b_response_router.sv:153$304'.
No latch inferred for signal `\axi_b_response_router.\arb_m' from process `\axi_b_response_router.$proc$/Users/Dilan/Projects/fabric-under-pressure/rtl/axi_b_response_router.sv:153$304'.
No latch inferred for signal `\axi_b_response_router.\response_admit_fire' from process `\axi_b_response_router.$proc$/Users/Dilan/Projects/fabric-under-pressure/rtl/axi_b_response_router.sv:145$297'.
No latch inferred for signal `\axi_b_response_router.\response_m' from process `\axi_b_response_router.$proc$/Users/Dilan/Projects/fabric-under-pressure/rtl/axi_b_response_router.sv:145$297'.
No latch inferred for signal `\axi_b_response_router.\target_bready' from process `\axi_b_response_router.$proc$/Users/Dilan/Projects/fabric-under-pressure/rtl/axi_b_response_router.sv:79$60'.
No latch inferred for signal `\axi_b_response_router.\target_b_fire' from process `\axi_b_response_router.$proc$/Users/Dilan/Projects/fabric-under-pressure/rtl/axi_b_response_router.sv:79$60'.
No latch inferred for signal `\axi_b_response_router.\manager_bvalid' from process `\axi_b_response_router.$proc$/Users/Dilan/Projects/fabric-under-pressure/rtl/axi_b_response_router.sv:79$60'.
No latch inferred for signal `\axi_b_response_router.\manager_bid' from process `\axi_b_response_router.$proc$/Users/Dilan/Projects/fabric-under-pressure/rtl/axi_b_response_router.sv:79$60'.
No latch inferred for signal `\axi_b_response_router.\manager_bresp' from process `\axi_b_response_router.$proc$/Users/Dilan/Projects/fabric-under-pressure/rtl/axi_b_response_router.sv:79$60'.
No latch inferred for signal `\axi_b_response_router.\manager_b_fire' from process `\axi_b_response_router.$proc$/Users/Dilan/Projects/fabric-under-pressure/rtl/axi_b_response_router.sv:79$60'.
No latch inferred for signal `\axi_b_response_router.\b_complete_fire' from process `\axi_b_response_router.$proc$/Users/Dilan/Projects/fabric-under-pressure/rtl/axi_b_response_router.sv:79$60'.
No latch inferred for signal `\axi_b_response_router.\b_complete_id' from process `\axi_b_response_router.$proc$/Users/Dilan/Projects/fabric-under-pressure/rtl/axi_b_response_router.sv:79$60'.
No latch inferred for signal `\axi_b_response_router.\invalid_manager_violation' from process `\axi_b_response_router.$proc$/Users/Dilan/Projects/fabric-under-pressure/rtl/axi_b_response_router.sv:79$60'.
No latch inferred for signal `\axi_b_response_router.\nonbusy_id_violation' from process `\axi_b_response_router.$proc$/Users/Dilan/Projects/fabric-under-pressure/rtl/axi_b_response_router.sv:79$60'.
No latch inferred for signal `\axi_b_response_router.\raw_candidate_request' from process `\axi_b_response_router.$proc$/Users/Dilan/Projects/fabric-under-pressure/rtl/axi_b_response_router.sv:79$60'.
No latch inferred for signal `\axi_b_response_router.\arb_ready' from process `\axi_b_response_router.$proc$/Users/Dilan/Projects/fabric-under-pressure/rtl/axi_b_response_router.sv:79$60'.
No latch inferred for signal `\axi_b_response_router.\slot_can_accept' from process `\axi_b_response_router.$proc$/Users/Dilan/Projects/fabric-under-pressure/rtl/axi_b_response_router.sv:79$60'.
No latch inferred for signal `\axi_b_response_router.\validated_response' from process `\axi_b_response_router.$proc$/Users/Dilan/Projects/fabric-under-pressure/rtl/axi_b_response_router.sv:79$60'.
No latch inferred for signal `\axi_b_response_router.\comb_m' from process `\axi_b_response_router.$proc$/Users/Dilan/Projects/fabric-under-pressure/rtl/axi_b_response_router.sv:79$60'.
No latch inferred for signal `\axi_b_response_router.\comb_t' from process `\axi_b_response_router.$proc$/Users/Dilan/Projects/fabric-under-pressure/rtl/axi_b_response_router.sv:79$60'.
No latch inferred for signal `\axi_rr_arbiter_4.\grant' from process `\axi_rr_arbiter_4.$proc$/Users/Dilan/Projects/fabric-under-pressure/rtl/axi_rr_arbiter_4.sv:100$21'.
No latch inferred for signal `\axi_rr_arbiter_4.\grant_valid' from process `\axi_rr_arbiter_4.$proc$/Users/Dilan/Projects/fabric-under-pressure/rtl/axi_rr_arbiter_4.sv:100$21'.
No latch inferred for signal `\axi_rr_arbiter_4.\selected_source' from process `\axi_rr_arbiter_4.$proc$/Users/Dilan/Projects/fabric-under-pressure/rtl/axi_rr_arbiter_4.sv:100$21'.
No latch inferred for signal `\axi_rr_arbiter_4.\pointer' from process `\axi_rr_arbiter_4.$proc$/Users/Dilan/Projects/fabric-under-pressure/rtl/axi_rr_arbiter_4.sv:100$21'.
No latch inferred for signal `\axi_rr_arbiter_4.\pointer_d' from process `\axi_rr_arbiter_4.$proc$/Users/Dilan/Projects/fabric-under-pressure/rtl/axi_rr_arbiter_4.sv:65$4'.
No latch inferred for signal `\axi_rr_arbiter_4.\grant_d' from process `\axi_rr_arbiter_4.$proc$/Users/Dilan/Projects/fabric-under-pressure/rtl/axi_rr_arbiter_4.sv:65$4'.
No latch inferred for signal `\axi_rr_arbiter_4.\grant_valid_d' from process `\axi_rr_arbiter_4.$proc$/Users/Dilan/Projects/fabric-under-pressure/rtl/axi_rr_arbiter_4.sv:65$4'.
No latch inferred for signal `\axi_rr_arbiter_4.\selected_d' from process `\axi_rr_arbiter_4.$proc$/Users/Dilan/Projects/fabric-under-pressure/rtl/axi_rr_arbiter_4.sv:65$4'.
No latch inferred for signal `\axi_rr_arbiter_4.\selection_pointer' from process `\axi_rr_arbiter_4.$proc$/Users/Dilan/Projects/fabric-under-pressure/rtl/axi_rr_arbiter_4.sv:65$4'.
No latch inferred for signal `\axi_rr_arbiter_4.\candidate_grant' from process `\axi_rr_arbiter_4.$proc$/Users/Dilan/Projects/fabric-under-pressure/rtl/axi_rr_arbiter_4.sv:33$3'.
No latch inferred for signal `\axi_rr_arbiter_4.\candidate_valid' from process `\axi_rr_arbiter_4.$proc$/Users/Dilan/Projects/fabric-under-pressure/rtl/axi_rr_arbiter_4.sv:33$3'.
No latch inferred for signal `\axi_rr_arbiter_4.\candidate_source' from process `\axi_rr_arbiter_4.$proc$/Users/Dilan/Projects/fabric-under-pressure/rtl/axi_rr_arbiter_4.sv:33$3'.

3.4.9. Executing PROC_DFF pass (convert process syncs to FFs).
Creating register for signal `\axi_b_response_router.\slot_valid' using process `\axi_b_response_router.$proc$/Users/Dilan/Projects/fabric-under-pressure/rtl/axi_b_response_router.sv:182$308'.
  created $adff cell `$procdff$2687' with positive edge clock and positive level reset.
Creating register for signal `\axi_b_response_router.\slot_bid_q' using process `\axi_b_response_router.$proc$/Users/Dilan/Projects/fabric-under-pressure/rtl/axi_b_response_router.sv:182$308'.
  created $adff cell `$procdff$2692' with positive edge clock and positive level reset.
Creating register for signal `\axi_b_response_router.\slot_bresp_q' using process `\axi_b_response_router.$proc$/Users/Dilan/Projects/fabric-under-pressure/rtl/axi_b_response_router.sv:182$308'.
  created $adff cell `$procdff$2697' with positive edge clock and positive level reset.
Creating register for signal `\axi_b_response_router.\slot_source_q' using process `\axi_b_response_router.$proc$/Users/Dilan/Projects/fabric-under-pressure/rtl/axi_b_response_router.sv:182$308'.
  created $adff cell `$procdff$2702' with positive edge clock and positive level reset.
Creating register for signal `\axi_b_response_router.\seq_m' using process `\axi_b_response_router.$proc$/Users/Dilan/Projects/fabric-under-pressure/rtl/axi_b_response_router.sv:182$308'.
  created $dff cell `$procdff$2709' with positive edge clock.
Creating register for signal `\axi_rr_arbiter_4.\pointer_q' using process `\axi_rr_arbiter_4.$proc$/Users/Dilan/Projects/fabric-under-pressure/rtl/axi_rr_arbiter_4.sv:86$19'.
  created $adff cell `$procdff$2714' with positive edge clock and positive level reset.
Creating register for signal `\axi_rr_arbiter_4.\grant_q' using process `\axi_rr_arbiter_4.$proc$/Users/Dilan/Projects/fabric-under-pressure/rtl/axi_rr_arbiter_4.sv:86$19'.
  created $adff cell `$procdff$2719' with positive edge clock and positive level reset.
Creating register for signal `\axi_rr_arbiter_4.\grant_valid_q' using process `\axi_rr_arbiter_4.$proc$/Users/Dilan/Projects/fabric-under-pressure/rtl/axi_rr_arbiter_4.sv:86$19'.
  created $adff cell `$procdff$2724' with positive edge clock and positive level reset.
Creating register for signal `\axi_rr_arbiter_4.\selected_q' using process `\axi_rr_arbiter_4.$proc$/Users/Dilan/Projects/fabric-under-pressure/rtl/axi_rr_arbiter_4.sv:86$19'.
  created $adff cell `$procdff$2729' with positive edge clock and positive level reset.

3.4.10. Executing PROC_MEMWR pass (convert process memory writes to cells).

3.4.11. Executing PROC_CLEAN pass (remove empty switches from decision trees).
Removing empty process `axi_b_response_router.$proc$/Users/Dilan/Projects/fabric-under-pressure/rtl/axi_b_response_router.sv:224$310'.
Found and cleaned up 9 empty switches in `\axi_b_response_router.$proc$/Users/Dilan/Projects/fabric-under-pressure/rtl/axi_b_response_router.sv:182$308'.
Removing empty process `axi_b_response_router.$proc$/Users/Dilan/Projects/fabric-under-pressure/rtl/axi_b_response_router.sv:182$308'.
Found and cleaned up 3 empty switches in `\axi_b_response_router.$proc$/Users/Dilan/Projects/fabric-under-pressure/rtl/axi_b_response_router.sv:153$304'.
Removing empty process `axi_b_response_router.$proc$/Users/Dilan/Projects/fabric-under-pressure/rtl/axi_b_response_router.sv:153$304'.
Removing empty process `axi_b_response_router.$proc$/Users/Dilan/Projects/fabric-under-pressure/rtl/axi_b_response_router.sv:145$297'.
Found and cleaned up 40 empty switches in `\axi_b_response_router.$proc$/Users/Dilan/Projects/fabric-under-pressure/rtl/axi_b_response_router.sv:79$60'.
Removing empty process `axi_b_response_router.$proc$/Users/Dilan/Projects/fabric-under-pressure/rtl/axi_b_response_router.sv:79$60'.
Removing empty process `axi_rr_arbiter_4.$proc$/Users/Dilan/Projects/fabric-under-pressure/rtl/axi_rr_arbiter_4.sv:100$21'.
Removing empty process `axi_rr_arbiter_4.$proc$/Users/Dilan/Projects/fabric-under-pressure/rtl/axi_rr_arbiter_4.sv:86$19'.
Found and cleaned up 4 empty switches in `\axi_rr_arbiter_4.$proc$/Users/Dilan/Projects/fabric-under-pressure/rtl/axi_rr_arbiter_4.sv:65$4'.
Removing empty process `axi_rr_arbiter_4.$proc$/Users/Dilan/Projects/fabric-under-pressure/rtl/axi_rr_arbiter_4.sv:65$4'.
Found and cleaned up 17 empty switches in `\axi_rr_arbiter_4.$proc$/Users/Dilan/Projects/fabric-under-pressure/rtl/axi_rr_arbiter_4.sv:33$3'.
Removing empty process `axi_rr_arbiter_4.$proc$/Users/Dilan/Projects/fabric-under-pressure/rtl/axi_rr_arbiter_4.sv:33$3'.
Cleaned up 73 empty switches.

3.4.12. Executing OPT_EXPR pass (perform const folding).
Optimizing module axi_b_response_router.
<suppressed ~159 debug messages>
Optimizing module axi_rr_arbiter_4.
<suppressed ~37 debug messages>

3.5. Executing CHECK pass (checking for obvious problems).
Checking module axi_b_response_router...
Checking module axi_rr_arbiter_4...
Found and reported 0 problems.

3.6. Executing FLATTEN pass (flatten design).
Deleting now unused module axi_rr_arbiter_4.
<suppressed ~3 debug messages>

3.7. Executing TRIBUF pass.

3.8. Executing DEMINOUT pass (demote inout ports to input or output).

3.9. Executing OPT_EXPR pass (perform const folding).
Optimizing module axi_b_response_router.

3.10. Executing CHECK pass (checking for obvious problems).
Checking module axi_b_response_router...
Found and reported 0 problems.

3.11. Executing OPT_CLEAN pass (remove unused cells and wires).
Finding unused cells or wires in module \axi_b_response_router..
Removed 235 unused cells and 1680 unused wires.
<suppressed ~237 debug messages>

3.12. Executing OPT pass (performing simple optimizations).

3.12.1. Executing OPT_EXPR pass (perform const folding).
Optimizing module axi_b_response_router.

3.12.2. Executing OPT_MERGE pass (detect identical cells).
Finding identical cells in module `\axi_b_response_router'.
Computing hashes of 1373 cells of `\axi_b_response_router'.
Finding duplicate cells in `\axi_b_response_router'.
Computing hashes of 995 cells of `\axi_b_response_router'.
Finding duplicate cells in `\axi_b_response_router'.
<suppressed ~1134 debug messages>
Removed a total of 378 cells.

3.12.3. Executing OPT_MUXTREE pass (detect dead branches in mux trees).
Running muxtree optimizer on module \axi_b_response_router..
  Creating internal representation of mux trees.
  Evaluating internal representation of mux trees.
      Replacing known input bits on port A of cell $flatten\gen_b_arbiter[0].u_rr.$procmux$2032: \gen_b_arbiter[0].u_rr.grant_valid_q -> 1'1
      Replacing known input bits on port A of cell $flatten\gen_b_arbiter[2].u_rr.$procmux$2032: \gen_b_arbiter[2].u_rr.grant_valid_q -> 1'1
      Replacing known input bits on port A of cell $flatten\gen_b_arbiter[1].u_rr.$procmux$2032: \gen_b_arbiter[1].u_rr.grant_valid_q -> 1'1
  Analyzing evaluation results.
    dead port 2/2 on $mux $flatten\gen_b_arbiter[0].u_rr.$procmux$2034.
    dead port 2/2 on $mux $flatten\gen_b_arbiter[0].u_rr.$procmux$2040.
    dead port 2/2 on $mux $flatten\gen_b_arbiter[0].u_rr.$procmux$2046.
    dead port 2/2 on $mux $flatten\gen_b_arbiter[2].u_rr.$procmux$2452.
    dead port 1/2 on $mux $flatten\gen_b_arbiter[1].u_rr.$procmux$2112.
    dead port 1/2 on $mux $flatten\gen_b_arbiter[2].u_rr.$procmux$2450.
    dead port 2/2 on $mux $flatten\gen_b_arbiter[0].u_rr.$procmux$2064.
    dead port 1/2 on $mux $flatten\gen_b_arbiter[2].u_rr.$procmux$2447.
    dead port 2/2 on $mux $flatten\gen_b_arbiter[2].u_rr.$procmux$2439.
    dead port 1/2 on $mux $flatten\gen_b_arbiter[1].u_rr.$procmux$2115.
    dead port 1/2 on $mux $flatten\gen_b_arbiter[2].u_rr.$procmux$2437.
    dead port 1/2 on $mux $flatten\gen_b_arbiter[2].u_rr.$procmux$2434.
    dead port 2/2 on $mux $flatten\gen_b_arbiter[2].u_rr.$procmux$2426.
    dead port 1/2 on $mux $flatten\gen_b_arbiter[0].u_rr.$procmux$2109.
    dead port 1/2 on $mux $flatten\gen_b_arbiter[0].u_rr.$procmux$2112.
    dead port 1/2 on $mux $flatten\gen_b_arbiter[0].u_rr.$procmux$2115.
    dead port 1/4 on $pmux $flatten\gen_b_arbiter[0].u_rr.$procmux$2118.
    dead port 2/4 on $pmux $flatten\gen_b_arbiter[0].u_rr.$procmux$2118.
    dead port 3/4 on $pmux $flatten\gen_b_arbiter[0].u_rr.$procmux$2118.
    dead port 1/2 on $mux $flatten\gen_b_arbiter[0].u_rr.$procmux$2126.
    dead port 1/2 on $mux $flatten\gen_b_arbiter[0].u_rr.$procmux$2129.
    dead port 1/2 on $mux $flatten\gen_b_arbiter[0].u_rr.$procmux$2132.
    dead port 1/4 on $pmux $flatten\gen_b_arbiter[0].u_rr.$procmux$2135.
    dead port 2/4 on $pmux $flatten\gen_b_arbiter[0].u_rr.$procmux$2135.
    dead port 3/4 on $pmux $flatten\gen_b_arbiter[0].u_rr.$procmux$2135.
    dead port 1/4 on $pmux $flatten\gen_b_arbiter[1].u_rr.$procmux$2118.
    dead port 2/4 on $pmux $flatten\gen_b_arbiter[1].u_rr.$procmux$2118.
    dead port 3/4 on $pmux $flatten\gen_b_arbiter[1].u_rr.$procmux$2118.
    dead port 1/2 on $mux $flatten\gen_b_arbiter[0].u_rr.$procmux$2143.
    dead port 1/2 on $mux $flatten\gen_b_arbiter[0].u_rr.$procmux$2146.
    dead port 1/2 on $mux $flatten\gen_b_arbiter[0].u_rr.$procmux$2149.
    dead port 1/4 on $pmux $flatten\gen_b_arbiter[0].u_rr.$procmux$2152.
    dead port 2/4 on $pmux $flatten\gen_b_arbiter[0].u_rr.$procmux$2152.
    dead port 3/4 on $pmux $flatten\gen_b_arbiter[0].u_rr.$procmux$2152.
    dead port 1/2 on $mux $flatten\gen_b_arbiter[1].u_rr.$procmux$2126.
    dead port 1/2 on $mux $flatten\gen_b_arbiter[0].u_rr.$procmux$2160.
    dead port 1/2 on $mux $flatten\gen_b_arbiter[0].u_rr.$procmux$2163.
    dead port 1/2 on $mux $flatten\gen_b_arbiter[1].u_rr.$procmux$2129.
    dead port 1/4 on $pmux $flatten\gen_b_arbiter[0].u_rr.$procmux$2166.
    dead port 2/4 on $pmux $flatten\gen_b_arbiter[0].u_rr.$procmux$2166.
    dead port 3/4 on $pmux $flatten\gen_b_arbiter[0].u_rr.$procmux$2166.
    dead port 1/2 on $mux $flatten\gen_b_arbiter[1].u_rr.$procmux$2132.
    dead port 1/2 on $mux $flatten\gen_b_arbiter[2].u_rr.$procmux$2618.
    dead port 1/2 on $mux $flatten\gen_b_arbiter[0].u_rr.$procmux$2174.
    dead port 1/2 on $mux $flatten\gen_b_arbiter[0].u_rr.$procmux$2177.
    dead port 1/4 on $pmux $flatten\gen_b_arbiter[1].u_rr.$procmux$2135.
    dead port 2/4 on $pmux $flatten\gen_b_arbiter[1].u_rr.$procmux$2135.
    dead port 3/4 on $pmux $flatten\gen_b_arbiter[1].u_rr.$procmux$2135.
    dead port 1/4 on $pmux $flatten\gen_b_arbiter[0].u_rr.$procmux$2180.
    dead port 2/4 on $pmux $flatten\gen_b_arbiter[0].u_rr.$procmux$2180.
    dead port 3/4 on $pmux $flatten\gen_b_arbiter[0].u_rr.$procmux$2180.
    dead port 1/2 on $mux $flatten\gen_b_arbiter[2].u_rr.$procmux$2562.
    dead port 2/2 on $mux $flatten\gen_b_arbiter[2].u_rr.$procmux$2620.
    dead port 1/2 on $mux $flatten\gen_b_arbiter[0].u_rr.$procmux$2188.
    dead port 1/2 on $mux $flatten\gen_b_arbiter[0].u_rr.$procmux$2191.
    dead port 1/4 on $pmux $flatten\gen_b_arbiter[0].u_rr.$procmux$2194.
    dead port 2/4 on $pmux $flatten\gen_b_arbiter[0].u_rr.$procmux$2194.
    dead port 3/4 on $pmux $flatten\gen_b_arbiter[0].u_rr.$procmux$2194.
    dead port 1/2 on $mux $flatten\gen_b_arbiter[1].u_rr.$procmux$2143.
    dead port 1/2 on $mux $flatten\gen_b_arbiter[1].u_rr.$procmux$2146.
    dead port 1/2 on $mux $flatten\gen_b_arbiter[0].u_rr.$procmux$2202.
    dead port 1/2 on $mux $flatten\gen_b_arbiter[1].u_rr.$procmux$2149.
    dead port 1/4 on $pmux $flatten\gen_b_arbiter[0].u_rr.$procmux$2205.
    dead port 2/4 on $pmux $flatten\gen_b_arbiter[0].u_rr.$procmux$2205.
    dead port 3/4 on $pmux $flatten\gen_b_arbiter[0].u_rr.$procmux$2205.
    dead port 1/4 on $pmux $flatten\gen_b_arbiter[1].u_rr.$procmux$2152.
    dead port 2/4 on $pmux $flatten\gen_b_arbiter[1].u_rr.$procmux$2152.
    dead port 3/4 on $pmux $flatten\gen_b_arbiter[1].u_rr.$procmux$2152.
    dead port 1/2 on $mux $flatten\gen_b_arbiter[0].u_rr.$procmux$2213.
    dead port 1/2 on $mux $flatten\gen_b_arbiter[2].u_rr.$procmux$2629.
    dead port 1/4 on $pmux $flatten\gen_b_arbiter[0].u_rr.$procmux$2216.
    dead port 2/4 on $pmux $flatten\gen_b_arbiter[0].u_rr.$procmux$2216.
    dead port 3/4 on $pmux $flatten\gen_b_arbiter[0].u_rr.$procmux$2216.
    dead port 1/2 on $mux $flatten\gen_b_arbiter[2].u_rr.$procmux$2565.
    dead port 1/2 on $mux $flatten\gen_b_arbiter[0].u_rr.$procmux$2224.
    dead port 1/2 on $mux $flatten\gen_b_arbiter[1].u_rr.$procmux$2160.
    dead port 1/4 on $pmux $flatten\gen_b_arbiter[0].u_rr.$procmux$2227.
    dead port 2/4 on $pmux $flatten\gen_b_arbiter[0].u_rr.$procmux$2227.
    dead port 3/4 on $pmux $flatten\gen_b_arbiter[0].u_rr.$procmux$2227.
    dead port 1/2 on $mux $flatten\gen_b_arbiter[1].u_rr.$procmux$2163.
    dead port 2/2 on $mux $flatten\gen_b_arbiter[2].u_rr.$procmux$2631.
    dead port 1/4 on $pmux $flatten\gen_b_arbiter[1].u_rr.$procmux$2166.
    dead port 2/4 on $pmux $flatten\gen_b_arbiter[1].u_rr.$procmux$2166.
    dead port 3/4 on $pmux $flatten\gen_b_arbiter[1].u_rr.$procmux$2166.
    dead port 1/4 on $pmux $flatten\gen_b_arbiter[0].u_rr.$procmux$2235.
    dead port 2/4 on $pmux $flatten\gen_b_arbiter[0].u_rr.$procmux$2235.
    dead port 3/4 on $pmux $flatten\gen_b_arbiter[0].u_rr.$procmux$2235.
    dead port 1/2 on $mux $flatten\gen_b_arbiter[2].u_rr.$procmux$2640.
    dead port 1/4 on $pmux $flatten\gen_b_arbiter[0].u_rr.$procmux$2243.
    dead port 2/4 on $pmux $flatten\gen_b_arbiter[0].u_rr.$procmux$2243.
    dead port 3/4 on $pmux $flatten\gen_b_arbiter[0].u_rr.$procmux$2243.
    dead port 1/2 on $mux $flatten\gen_b_arbiter[1].u_rr.$procmux$2174.
    dead port 1/2 on $mux $flatten\gen_b_arbiter[1].u_rr.$procmux$2177.
    dead port 1/4 on $pmux $flatten\gen_b_arbiter[0].u_rr.$procmux$2251.
    dead port 2/4 on $pmux $flatten\gen_b_arbiter[0].u_rr.$procmux$2251.
    dead port 3/4 on $pmux $flatten\gen_b_arbiter[0].u_rr.$procmux$2251.
    dead port 1/4 on $pmux $flatten\gen_b_arbiter[1].u_rr.$procmux$2180.
    dead port 2/4 on $pmux $flatten\gen_b_arbiter[1].u_rr.$procmux$2180.
    dead port 3/4 on $pmux $flatten\gen_b_arbiter[1].u_rr.$procmux$2180.
    dead port 2/2 on $mux $flatten\gen_b_arbiter[2].u_rr.$procmux$2642.
    dead port 1/2 on $mux $flatten\gen_b_arbiter[0].u_rr.$procmux$2260.
    dead port 1/2 on $mux $flatten\gen_b_arbiter[0].u_rr.$procmux$2263.
    dead port 1/2 on $mux $flatten\gen_b_arbiter[0].u_rr.$procmux$2266.
    dead port 2/2 on $mux $flatten\gen_b_arbiter[0].u_rr.$procmux$2268.
    dead port 1/2 on $mux $flatten\gen_b_arbiter[0].u_rr.$procmux$2275.
    dead port 1/2 on $mux $flatten\gen_b_arbiter[0].u_rr.$procmux$2278.
    dead port 1/2 on $mux $flatten\gen_b_arbiter[0].u_rr.$procmux$2281.
    dead port 2/2 on $mux $flatten\gen_b_arbiter[0].u_rr.$procmux$2283.
    dead port 1/2 on $mux $flatten\gen_b_arbiter[0].u_rr.$procmux$2290.
    dead port 1/2 on $mux $flatten\gen_b_arbiter[0].u_rr.$procmux$2293.
    dead port 1/2 on $mux $flatten\gen_b_arbiter[0].u_rr.$procmux$2296.
    dead port 1/2 on $mux $flatten\gen_b_arbiter[1].u_rr.$procmux$2188.
    dead port 2/2 on $mux $flatten\gen_b_arbiter[0].u_rr.$procmux$2298.
    dead port 1/2 on $mux $flatten\gen_b_arbiter[0].u_rr.$procmux$2305.
    dead port 1/2 on $mux $flatten\gen_b_arbiter[0].u_rr.$procmux$2308.
    dead port 1/2 on $mux $flatten\gen_b_arbiter[1].u_rr.$procmux$2191.
    dead port 2/2 on $mux $flatten\gen_b_arbiter[0].u_rr.$procmux$2310.
    dead port 1/2 on $mux $flatten\gen_b_arbiter[0].u_rr.$procmux$2317.
    dead port 1/2 on $mux $flatten\gen_b_arbiter[0].u_rr.$procmux$2320.
    dead port 2/2 on $mux $flatten\gen_b_arbiter[2].u_rr.$procmux$2567.
    dead port 2/2 on $mux $flatten\gen_b_arbiter[0].u_rr.$procmux$2322.
    dead port 1/2 on $mux $flatten\gen_b_arbiter[0].u_rr.$procmux$2329.
    dead port 1/2 on $mux $flatten\gen_b_arbiter[0].u_rr.$procmux$2332.
    dead port 1/4 on $pmux $flatten\gen_b_arbiter[1].u_rr.$procmux$2194.
    dead port 2/4 on $pmux $flatten\gen_b_arbiter[1].u_rr.$procmux$2194.
    dead port 3/4 on $pmux $flatten\gen_b_arbiter[1].u_rr.$procmux$2194.
    dead port 2/2 on $mux $flatten\gen_b_arbiter[0].u_rr.$procmux$2334.
    dead port 1/2 on $mux $flatten\gen_b_arbiter[0].u_rr.$procmux$2341.
    dead port 2/2 on $mux $flatten\gen_b_arbiter[2].u_rr.$procmux$2650.
    dead port 2/2 on $mux $flatten\gen_b_arbiter[0].u_rr.$procmux$2343.
    dead port 1/2 on $mux $flatten\gen_b_arbiter[0].u_rr.$procmux$2350.
    dead port 2/2 on $mux $flatten\gen_b_arbiter[0].u_rr.$procmux$2352.
    dead port 1/2 on $mux $flatten\gen_b_arbiter[0].u_rr.$procmux$2359.
    dead port 2/2 on $mux $flatten\gen_b_arbiter[0].u_rr.$procmux$2361.
    dead port 1/2 on $mux $flatten\gen_b_arbiter[1].u_rr.$procmux$2202.
    dead port 2/2 on $mux $flatten\gen_b_arbiter[0].u_rr.$procmux$2367.
    dead port 2/2 on $mux $flatten\gen_b_arbiter[0].u_rr.$procmux$2373.
    dead port 1/4 on $pmux $flatten\gen_b_arbiter[1].u_rr.$procmux$2205.
    dead port 2/4 on $pmux $flatten\gen_b_arbiter[1].u_rr.$procmux$2205.
    dead port 3/4 on $pmux $flatten\gen_b_arbiter[1].u_rr.$procmux$2205.
    dead port 2/2 on $mux $flatten\gen_b_arbiter[0].u_rr.$procmux$2379.
    dead port 1/2 on $mux $flatten\gen_b_arbiter[0].u_rr.$procmux$2387.
    dead port 1/2 on $mux $flatten\gen_b_arbiter[0].u_rr.$procmux$2390.
    dead port 1/2 on $mux $flatten\gen_b_arbiter[0].u_rr.$procmux$2393.
    dead port 2/2 on $mux $flatten\gen_b_arbiter[2].u_rr.$procmux$2658.
    dead port 2/2 on $mux $flatten\gen_b_arbiter[0].u_rr.$procmux$2395.
    dead port 1/2 on $mux $flatten\gen_b_arbiter[0].u_rr.$procmux$2402.
    dead port 1/2 on $mux $flatten\gen_b_arbiter[0].u_rr.$procmux$2405.
    dead port 1/2 on $mux $flatten\gen_b_arbiter[0].u_rr.$procmux$2408.
    dead port 2/2 on $mux $flatten\gen_b_arbiter[0].u_rr.$procmux$2410.
    dead port 1/2 on $mux $flatten\gen_b_arbiter[0].u_rr.$procmux$2418.
    dead port 1/2 on $mux $flatten\gen_b_arbiter[0].u_rr.$procmux$2421.
    dead port 1/2 on $mux $flatten\gen_b_arbiter[0].u_rr.$procmux$2424.
    dead port 2/2 on $mux $flatten\gen_b_arbiter[0].u_rr.$procmux$2426.
    dead port 1/2 on $mux $flatten\gen_b_arbiter[0].u_rr.$procmux$2434.
    dead port 1/2 on $mux $flatten\gen_b_arbiter[0].u_rr.$procmux$2437.
    dead port 1/2 on $mux $flatten\gen_b_arbiter[1].u_rr.$procmux$2213.
    dead port 2/2 on $mux $flatten\gen_b_arbiter[0].u_rr.$procmux$2439.
    dead port 1/2 on $mux $flatten\gen_b_arbiter[0].u_rr.$procmux$2447.
    dead port 1/2 on $mux $flatten\gen_b_arbiter[0].u_rr.$procmux$2450.
    dead port 1/2 on $mux $flatten\gen_b_arbiter[2].u_rr.$procmux$2576.
    dead port 2/2 on $mux $flatten\gen_b_arbiter[0].u_rr.$procmux$2452.
    dead port 1/2 on $mux $flatten\gen_b_arbiter[0].u_rr.$procmux$2460.
    dead port 1/2 on $mux $flatten\gen_b_arbiter[0].u_rr.$procmux$2463.
    dead port 1/4 on $pmux $flatten\gen_b_arbiter[1].u_rr.$procmux$2216.
    dead port 2/4 on $pmux $flatten\gen_b_arbiter[1].u_rr.$procmux$2216.
    dead port 3/4 on $pmux $flatten\gen_b_arbiter[1].u_rr.$procmux$2216.
    dead port 2/2 on $mux $flatten\gen_b_arbiter[0].u_rr.$procmux$2465.
    dead port 1/2 on $mux $flatten\gen_b_arbiter[0].u_rr.$procmux$2473.
    dead port 2/2 on $mux $flatten\gen_b_arbiter[2].u_rr.$procmux$2666.
    dead port 2/2 on $mux $flatten\gen_b_arbiter[0].u_rr.$procmux$2475.
    dead port 1/2 on $mux $flatten\gen_b_arbiter[0].u_rr.$procmux$2483.
    dead port 2/2 on $mux $flatten\gen_b_arbiter[0].u_rr.$procmux$2485.
    dead port 1/2 on $mux $flatten\gen_b_arbiter[0].u_rr.$procmux$2493.
    dead port 2/2 on $mux $flatten\gen_b_arbiter[0].u_rr.$procmux$2495.
    dead port 1/2 on $mux $flatten\gen_b_arbiter[1].u_rr.$procmux$2224.
    dead port 2/2 on $mux $flatten\gen_b_arbiter[0].u_rr.$procmux$2502.
    dead port 2/2 on $mux $flatten\gen_b_arbiter[0].u_rr.$procmux$2509.
    dead port 1/4 on $pmux $flatten\gen_b_arbiter[1].u_rr.$procmux$2227.
    dead port 2/4 on $pmux $flatten\gen_b_arbiter[1].u_rr.$procmux$2227.
    dead port 3/4 on $pmux $flatten\gen_b_arbiter[1].u_rr.$procmux$2227.
    dead port 2/2 on $mux $flatten\gen_b_arbiter[0].u_rr.$procmux$2516.
    dead port 1/2 on $mux $flatten\gen_b_arbiter[0].u_rr.$procmux$2525.
    dead port 1/2 on $mux $flatten\gen_b_arbiter[0].u_rr.$procmux$2528.
    dead port 1/2 on $mux $flatten\gen_b_arbiter[0].u_rr.$procmux$2531.
    dead port 2/2 on $mux $flatten\gen_b_arbiter[0].u_rr.$procmux$2533.
    dead port 1/2 on $mux $flatten\gen_b_arbiter[0].u_rr.$procmux$2542.
    dead port 1/2 on $mux $flatten\gen_b_arbiter[0].u_rr.$procmux$2545.
    dead port 1/2 on $mux $flatten\gen_b_arbiter[0].u_rr.$procmux$2548.
    dead port 1/2 on $mux $flatten\gen_b_arbiter[2].u_rr.$procmux$2579.
    dead port 2/2 on $mux $flatten\gen_b_arbiter[0].u_rr.$procmux$2550.
    dead port 1/2 on $mux $flatten\gen_b_arbiter[0].u_rr.$procmux$2559.
    dead port 1/2 on $mux $flatten\gen_b_arbiter[0].u_rr.$procmux$2562.
    dead port 1/2 on $mux $flatten\gen_b_arbiter[0].u_rr.$procmux$2565.
    dead port 2/2 on $mux $flatten\gen_b_arbiter[0].u_rr.$procmux$2567.
    dead port 1/2 on $mux $flatten\gen_b_arbiter[0].u_rr.$procmux$2576.
    dead port 1/2 on $mux $flatten\gen_b_arbiter[0].u_rr.$procmux$2579.
    dead port 2/2 on $mux $flatten\gen_b_arbiter[2].u_rr.$procmux$2550.
    dead port 2/2 on $mux $flatten\gen_b_arbiter[0].u_rr.$procmux$2581.
    dead port 1/2 on $mux $flatten\gen_b_arbiter[0].u_rr.$procmux$2590.
    dead port 1/2 on $mux $flatten\gen_b_arbiter[0].u_rr.$procmux$2593.
    dead port 1/4 on $pmux $flatten\gen_b_arbiter[1].u_rr.$procmux$2235.
    dead port 2/4 on $pmux $flatten\gen_b_arbiter[1].u_rr.$procmux$2235.
    dead port 3/4 on $pmux $flatten\gen_b_arbiter[1].u_rr.$procmux$2235.
    dead port 2/2 on $mux $flatten\gen_b_arbiter[0].u_rr.$procmux$2595.
    dead port 1/2 on $mux $flatten\gen_b_arbiter[0].u_rr.$procmux$2604.
    dead port 1/2 on $mux $flatten\gen_b_arbiter[0].u_rr.$procmux$2607.
    dead port 2/2 on $mux $flatten\gen_b_arbiter[0].u_rr.$procmux$2609.
    dead port 1/2 on $mux $flatten\gen_b_arbiter[0].u_rr.$procmux$2618.
    dead port 2/2 on $mux $flatten\gen_b_arbiter[2].u_rr.$procmux$2581.
    dead port 2/2 on $mux $flatten\gen_b_arbiter[0].u_rr.$procmux$2620.
    dead port 1/2 on $mux $flatten\gen_b_arbiter[0].u_rr.$procmux$2629.
    dead port 2/2 on $mux $flatten\gen_b_arbiter[0].u_rr.$procmux$2631.
    dead port 1/2 on $mux $flatten\gen_b_arbiter[0].u_rr.$procmux$2640.
    dead port 2/2 on $mux $flatten\gen_b_arbiter[0].u_rr.$procmux$2642.
    dead port 1/4 on $pmux $flatten\gen_b_arbiter[1].u_rr.$procmux$2243.
    dead port 2/4 on $pmux $flatten\gen_b_arbiter[1].u_rr.$procmux$2243.
    dead port 3/4 on $pmux $flatten\gen_b_arbiter[1].u_rr.$procmux$2243.
    dead port 2/2 on $mux $flatten\gen_b_arbiter[0].u_rr.$procmux$2650.
    dead port 1/2 on $mux $flatten\gen_b_arbiter[2].u_rr.$procmux$2590.
    dead port 2/2 on $mux $flatten\gen_b_arbiter[0].u_rr.$procmux$2658.
    dead port 2/2 on $mux $flatten\gen_b_arbiter[0].u_rr.$procmux$2666.
    dead port 1/2 on $mux $flatten\gen_b_arbiter[2].u_rr.$procmux$2593.
    dead port 1/4 on $pmux $flatten\gen_b_arbiter[1].u_rr.$procmux$2251.
    dead port 2/4 on $pmux $flatten\gen_b_arbiter[1].u_rr.$procmux$2251.
    dead port 3/4 on $pmux $flatten\gen_b_arbiter[1].u_rr.$procmux$2251.
    dead port 2/2 on $mux $flatten\gen_b_arbiter[2].u_rr.$procmux$2509.
    dead port 1/2 on $mux $flatten\gen_b_arbiter[1].u_rr.$procmux$2260.
    dead port 1/2 on $mux $flatten\gen_b_arbiter[1].u_rr.$procmux$2263.
    dead port 1/2 on $mux $flatten\gen_b_arbiter[1].u_rr.$procmux$2266.
    dead port 1/2 on $mux $flatten\gen_b_arbiter[2].u_rr.$procmux$2424.
    dead port 1/2 on $mux $flatten\gen_b_arbiter[2].u_rr.$procmux$2421.
    dead port 1/2 on $mux $flatten\gen_b_arbiter[2].u_rr.$procmux$2418.
    dead port 1/2 on $mux $flatten\gen_b_arbiter[2].u_rr.$procmux$2393.
    dead port 1/2 on $mux $flatten\gen_b_arbiter[2].u_rr.$procmux$2390.
    dead port 1/2 on $mux $flatten\gen_b_arbiter[2].u_rr.$procmux$2387.
    dead port 2/2 on $mux $procmux$1949.
    dead port 2/2 on $mux $procmux$1941.
    dead port 2/2 on $mux $flatten\gen_b_arbiter[1].u_rr.$procmux$2268.
    dead port 2/2 on $mux $procmux$1934.
    dead port 2/2 on $mux $flatten\gen_b_arbiter[2].u_rr.$procmux$2379.
    dead port 1/2 on $mux $flatten\gen_b_arbiter[1].u_rr.$procmux$2275.
    dead port 2/2 on $mux $flatten\gen_b_arbiter[2].u_rr.$procmux$2373.
    dead port 1/2 on $mux $flatten\gen_b_arbiter[1].u_rr.$procmux$2278.
    dead port 2/2 on $mux $flatten\gen_b_arbiter[2].u_rr.$procmux$2367.
    dead port 1/2 on $mux $flatten\gen_b_arbiter[1].u_rr.$procmux$2281.
    dead port 2/2 on $mux $flatten\gen_b_arbiter[2].u_rr.$procmux$2361.
    dead port 1/2 on $mux $flatten\gen_b_arbiter[2].u_rr.$procmux$2359.
    dead port 2/2 on $mux $flatten\gen_b_arbiter[2].u_rr.$procmux$2352.
    dead port 2/2 on $mux $flatten\gen_b_arbiter[1].u_rr.$procmux$2283.
    dead port 1/2 on $mux $flatten\gen_b_arbiter[2].u_rr.$procmux$2350.
    dead port 2/2 on $mux $flatten\gen_b_arbiter[2].u_rr.$procmux$2343.
    dead port 1/2 on $mux $flatten\gen_b_arbiter[2].u_rr.$procmux$2341.
    dead port 2/2 on $mux $flatten\gen_b_arbiter[2].u_rr.$procmux$2334.
    dead port 1/2 on $mux $flatten\gen_b_arbiter[1].u_rr.$procmux$2290.
    dead port 1/2 on $mux $flatten\gen_b_arbiter[2].u_rr.$procmux$2332.
    dead port 1/2 on $mux $flatten\gen_b_arbiter[2].u_rr.$procmux$2329.
    dead port 2/2 on $mux $procmux$1865.
    dead port 1/2 on $mux $flatten\gen_b_arbiter[1].u_rr.$procmux$2293.
    dead port 1/2 on $mux $flatten\gen_b_arbiter[1].u_rr.$procmux$2296.
    dead port 2/2 on $mux $flatten\gen_b_arbiter[2].u_rr.$procmux$2595.
    dead port 2/2 on $mux $procmux$1857.
    dead port 2/2 on $mux $flatten\gen_b_arbiter[1].u_rr.$procmux$2298.
    dead port 2/2 on $mux $procmux$1849.
    dead port 1/2 on $mux $flatten\gen_b_arbiter[1].u_rr.$procmux$2305.
    dead port 1/2 on $mux $flatten\gen_b_arbiter[1].u_rr.$procmux$2308.
    dead port 2/2 on $mux $flatten\gen_b_arbiter[1].u_rr.$procmux$2310.
    dead port 2/2 on $mux $procmux$1825.
    dead port 2/2 on $mux $procmux$1823.
    dead port 2/2 on $mux $procmux$1814.
    dead port 2/2 on $mux $procmux$1812.
    dead port 1/2 on $mux $flatten\gen_b_arbiter[1].u_rr.$procmux$2317.
    dead port 2/2 on $mux $procmux$1803.
    dead port 2/2 on $mux $procmux$1801.
    dead port 1/2 on $mux $flatten\gen_b_arbiter[1].u_rr.$procmux$2320.
    dead port 2/2 on $mux $flatten\gen_b_arbiter[1].u_rr.$procmux$2322.
    dead port 2/2 on $mux $procmux$1778.
    dead port 2/2 on $mux $procmux$1776.
    dead port 2/2 on $mux $procmux$1768.
    dead port 2/2 on $mux $procmux$1766.
    dead port 1/2 on $mux $flatten\gen_b_arbiter[1].u_rr.$procmux$2329.
    dead port 2/2 on $mux $procmux$1758.
    dead port 2/2 on $mux $procmux$1756.
    dead port 1/2 on $mux $flatten\gen_b_arbiter[1].u_rr.$procmux$2332.
    dead port 2/2 on $mux $flatten\gen_b_arbiter[2].u_rr.$procmux$2502.
    dead port 2/2 on $mux $flatten\gen_b_arbiter[1].u_rr.$procmux$2334.
    dead port 2/2 on $mux $procmux$1736.
    dead port 2/2 on $mux $procmux$1734.
    dead port 2/2 on $mux $procmux$1727.
    dead port 2/2 on $mux $procmux$1725.
    dead port 1/2 on $mux $flatten\gen_b_arbiter[1].u_rr.$procmux$2341.
    dead port 2/2 on $mux $procmux$1718.
    dead port 2/2 on $mux $procmux$1716.
    dead port 2/2 on $mux $flatten\gen_b_arbiter[2].u_rr.$procmux$2322.
    dead port 2/2 on $mux $flatten\gen_b_arbiter[1].u_rr.$procmux$2343.
    dead port 1/2 on $mux $flatten\gen_b_arbiter[2].u_rr.$procmux$2320.
    dead port 1/2 on $mux $flatten\gen_b_arbiter[2].u_rr.$procmux$2317.
    dead port 2/2 on $mux $flatten\gen_b_arbiter[2].u_rr.$procmux$2310.
    dead port 1/2 on $mux $flatten\gen_b_arbiter[2].u_rr.$procmux$2308.
    dead port 1/2 on $mux $flatten\gen_b_arbiter[2].u_rr.$procmux$2305.
    dead port 2/2 on $mux $procmux$1658.
    dead port 2/2 on $mux $procmux$1650.
    dead port 1/2 on $mux $flatten\gen_b_arbiter[1].u_rr.$procmux$2350.
    dead port 2/2 on $mux $procmux$1643.
    dead port 2/2 on $mux $flatten\gen_b_arbiter[2].u_rr.$procmux$2298.
    dead port 2/2 on $mux $flatten\gen_b_arbiter[1].u_rr.$procmux$2352.
    dead port 1/2 on $mux $flatten\gen_b_arbiter[2].u_rr.$procmux$2296.
    dead port 1/2 on $mux $flatten\gen_b_arbiter[2].u_rr.$procmux$2293.
    dead port 1/2 on $mux $flatten\gen_b_arbiter[2].u_rr.$procmux$2290.
    dead port 2/2 on $mux $flatten\gen_b_arbiter[2].u_rr.$procmux$2283.
    dead port 1/2 on $mux $flatten\gen_b_arbiter[2].u_rr.$procmux$2281.
    dead port 1/2 on $mux $flatten\gen_b_arbiter[2].u_rr.$procmux$2278.
    dead port 1/2 on $mux $flatten\gen_b_arbiter[2].u_rr.$procmux$2275.
    dead port 2/2 on $mux $flatten\gen_b_arbiter[2].u_rr.$procmux$2268.
    dead port 1/2 on $mux $flatten\gen_b_arbiter[1].u_rr.$procmux$2359.
    dead port 1/2 on $mux $flatten\gen_b_arbiter[2].u_rr.$procmux$2266.
    dead port 1/2 on $mux $flatten\gen_b_arbiter[2].u_rr.$procmux$2263.
    dead port 1/2 on $mux $flatten\gen_b_arbiter[2].u_rr.$procmux$2260.
    dead port 2/2 on $mux $flatten\gen_b_arbiter[1].u_rr.$procmux$2361.
    dead port 1/4 on $pmux $flatten\gen_b_arbiter[2].u_rr.$procmux$2251.
    dead port 2/4 on $pmux $flatten\gen_b_arbiter[2].u_rr.$procmux$2251.
    dead port 3/4 on $pmux $flatten\gen_b_arbiter[2].u_rr.$procmux$2251.
    dead port 2/2 on $mux $flatten\gen_b_arbiter[1].u_rr.$procmux$2367.
    dead port 1/4 on $pmux $flatten\gen_b_arbiter[2].u_rr.$procmux$2243.
    dead port 2/4 on $pmux $flatten\gen_b_arbiter[2].u_rr.$procmux$2243.
    dead port 3/4 on $pmux $flatten\gen_b_arbiter[2].u_rr.$procmux$2243.
    dead port 2/2 on $mux $procmux$1574.
    dead port 2/2 on $mux $flatten\gen_b_arbiter[1].u_rr.$procmux$2373.
    dead port 2/2 on $mux $procmux$1566.
    dead port 2/2 on $mux $procmux$1558.
    dead port 2/2 on $mux $flatten\gen_b_arbiter[1].u_rr.$procmux$2379.
    dead port 1/2 on $mux $flatten\gen_b_arbiter[1].u_rr.$procmux$2387.
    dead port 1/2 on $mux $flatten\gen_b_arbiter[1].u_rr.$procmux$2390.
    dead port 1/2 on $mux $flatten\gen_b_arbiter[1].u_rr.$procmux$2393.
    dead port 2/2 on $mux $procmux$1534.
    dead port 2/2 on $mux $procmux$1532.
    dead port 2/2 on $mux $flatten\gen_b_arbiter[1].u_rr.$procmux$2009.
    dead port 2/2 on $mux $procmux$1523.
    dead port 2/2 on $mux $procmux$1521.
    dead port 2/2 on $mux $flatten\gen_b_arbiter[1].u_rr.$procmux$2395.
    dead port 2/2 on $mux $procmux$1512.
    dead port 2/2 on $mux $procmux$1510.
    dead port 1/2 on $mux $flatten\gen_b_arbiter[1].u_rr.$procmux$2402.
    dead port 1/2 on $mux $flatten\gen_b_arbiter[1].u_rr.$procmux$2405.
    dead port 1/2 on $mux $flatten\gen_b_arbiter[1].u_rr.$procmux$2408.
    dead port 2/2 on $mux $procmux$1487.
    dead port 2/2 on $mux $procmux$1485.
    dead port 2/2 on $mux $flatten\gen_b_arbiter[1].u_rr.$procmux$2011.
    dead port 2/2 on $mux $procmux$1477.
    dead port 2/2 on $mux $procmux$1475.
    dead port 2/2 on $mux $flatten\gen_b_arbiter[1].u_rr.$procmux$2410.
    dead port 2/2 on $mux $procmux$1467.
    dead port 2/2 on $mux $procmux$1465.
    dead port 1/2 on $mux $flatten\gen_b_arbiter[1].u_rr.$procmux$2418.
    dead port 1/2 on $mux $flatten\gen_b_arbiter[1].u_rr.$procmux$2421.
    dead port 2/2 on $mux $procmux$1445.
    dead port 2/2 on $mux $procmux$1443.
    dead port 1/2 on $mux $flatten\gen_b_arbiter[1].u_rr.$procmux$2424.
    dead port 2/2 on $mux $procmux$1436.
    dead port 2/2 on $mux $procmux$1434.
    dead port 2/2 on $mux $procmux$1427.
    dead port 2/2 on $mux $procmux$1425.
    dead port 2/2 on $mux $flatten\gen_b_arbiter[1].u_rr.$procmux$2426.
    dead port 1/2 on $mux $flatten\gen_b_arbiter[1].u_rr.$procmux$2434.
    dead port 1/4 on $pmux $flatten\gen_b_arbiter[2].u_rr.$procmux$2235.
    dead port 2/4 on $pmux $flatten\gen_b_arbiter[2].u_rr.$procmux$2235.
    dead port 3/4 on $pmux $flatten\gen_b_arbiter[2].u_rr.$procmux$2235.
    dead port 1/2 on $mux $flatten\gen_b_arbiter[1].u_rr.$procmux$2437.
    dead port 2/2 on $mux $flatten\gen_b_arbiter[1].u_rr.$procmux$2439.
    dead port 1/4 on $pmux $flatten\gen_b_arbiter[2].u_rr.$procmux$2227.
    dead port 2/4 on $pmux $flatten\gen_b_arbiter[2].u_rr.$procmux$2227.
    dead port 3/4 on $pmux $flatten\gen_b_arbiter[2].u_rr.$procmux$2227.
    dead port 2/2 on $mux $procmux$1367.
    dead port 2/2 on $mux $procmux$1359.
    dead port 1/2 on $mux $flatten\gen_b_arbiter[1].u_rr.$procmux$2447.
    dead port 2/2 on $mux $procmux$1352.
    dead port 1/2 on $mux $flatten\gen_b_arbiter[1].u_rr.$procmux$2450.
    dead port 1/2 on $mux $flatten\gen_b_arbiter[2].u_rr.$procmux$2224.
    dead port 1/2 on $mux $flatten\gen_b_arbiter[2].u_rr.$procmux$2604.
    dead port 2/2 on $mux $flatten\gen_b_arbiter[1].u_rr.$procmux$2452.
    dead port 1/4 on $pmux $flatten\gen_b_arbiter[2].u_rr.$procmux$2216.
    dead port 2/4 on $pmux $flatten\gen_b_arbiter[2].u_rr.$procmux$2216.
    dead port 3/4 on $pmux $flatten\gen_b_arbiter[2].u_rr.$procmux$2216.
    dead port 1/2 on $mux $flatten\gen_b_arbiter[2].u_rr.$procmux$2213.
    dead port 1/2 on $mux $flatten\gen_b_arbiter[1].u_rr.$procmux$2460.
    dead port 1/2 on $mux $flatten\gen_b_arbiter[1].u_rr.$procmux$2463.
    dead port 1/4 on $pmux $flatten\gen_b_arbiter[2].u_rr.$procmux$2205.
    dead port 2/4 on $pmux $flatten\gen_b_arbiter[2].u_rr.$procmux$2205.
    dead port 3/4 on $pmux $flatten\gen_b_arbiter[2].u_rr.$procmux$2205.
    dead port 1/2 on $mux $flatten\gen_b_arbiter[2].u_rr.$procmux$2607.
    dead port 1/2 on $mux $flatten\gen_b_arbiter[2].u_rr.$procmux$2202.
    dead port 2/2 on $mux $flatten\gen_b_arbiter[1].u_rr.$procmux$2465.
    dead port 1/4 on $pmux $flatten\gen_b_arbiter[2].u_rr.$procmux$2194.
    dead port 2/4 on $pmux $flatten\gen_b_arbiter[2].u_rr.$procmux$2194.
    dead port 3/4 on $pmux $flatten\gen_b_arbiter[2].u_rr.$procmux$2194.
    dead port 1/2 on $mux $flatten\gen_b_arbiter[1].u_rr.$procmux$2473.
    dead port 1/2 on $mux $flatten\gen_b_arbiter[2].u_rr.$procmux$2191.
    dead port 1/2 on $mux $flatten\gen_b_arbiter[2].u_rr.$procmux$2188.
    dead port 2/2 on $mux $flatten\gen_b_arbiter[1].u_rr.$procmux$2020.
    dead port 2/2 on $mux $flatten\gen_b_arbiter[1].u_rr.$procmux$2475.
    dead port 1/4 on $pmux $flatten\gen_b_arbiter[2].u_rr.$procmux$2180.
    dead port 2/4 on $pmux $flatten\gen_b_arbiter[2].u_rr.$procmux$2180.
    dead port 3/4 on $pmux $flatten\gen_b_arbiter[2].u_rr.$procmux$2180.
    dead port 1/2 on $mux $flatten\gen_b_arbiter[2].u_rr.$procmux$2177.
    dead port 1/2 on $mux $flatten\gen_b_arbiter[2].u_rr.$procmux$2174.
    dead port 2/2 on $mux $procmux$1283.
    dead port 1/2 on $mux $flatten\gen_b_arbiter[1].u_rr.$procmux$2483.
    dead port 2/2 on $mux $flatten\gen_b_arbiter[1].u_rr.$procmux$2022.
    dead port 2/2 on $mux $flatten\gen_b_arbiter[1].u_rr.$procmux$2485.
    dead port 2/2 on $mux $procmux$1275.
    dead port 2/2 on $mux $procmux$1267.
    dead port 1/2 on $mux $flatten\gen_b_arbiter[1].u_rr.$procmux$2493.
    dead port 2/2 on $mux $flatten\gen_b_arbiter[1].u_rr.$procmux$2495.
    dead port 2/2 on $mux $flatten\gen_b_arbiter[1].u_rr.$procmux$2028.
    dead port 2/2 on $mux $procmux$1243.
    dead port 2/2 on $mux $procmux$1241.
    dead port 2/2 on $mux $flatten\gen_b_arbiter[1].u_rr.$procmux$2502.
    dead port 2/2 on $mux $procmux$1232.
    dead port 2/2 on $mux $procmux$1230.
    dead port 2/2 on $mux $procmux$1221.
    dead port 2/2 on $mux $procmux$1219.
    dead port 2/2 on $mux $flatten\gen_b_arbiter[1].u_rr.$procmux$2509.
    dead port 2/2 on $mux $procmux$1196.
    dead port 2/2 on $mux $procmux$1194.
    dead port 2/2 on $mux $flatten\gen_b_arbiter[1].u_rr.$procmux$2034.
    dead port 2/2 on $mux $procmux$1186.
    dead port 2/2 on $mux $procmux$1184.
    dead port 2/2 on $mux $flatten\gen_b_arbiter[1].u_rr.$procmux$2516.
    dead port 2/2 on $mux $procmux$1176.
    dead port 2/2 on $mux $procmux$1174.
    dead port 1/2 on $mux $flatten\gen_b_arbiter[1].u_rr.$procmux$2525.
    dead port 1/2 on $mux $flatten\gen_b_arbiter[1].u_rr.$procmux$2528.
    dead port 2/2 on $mux $procmux$1154.
    dead port 2/2 on $mux $procmux$1152.
    dead port 1/2 on $mux $flatten\gen_b_arbiter[1].u_rr.$procmux$2531.
    dead port 2/2 on $mux $procmux$1145.
    dead port 2/2 on $mux $procmux$1143.
    dead port 2/2 on $mux $procmux$1136.
    dead port 2/2 on $mux $procmux$1134.
    dead port 2/2 on $mux $flatten\gen_b_arbiter[1].u_rr.$procmux$2533.
    dead port 1/2 on $mux $flatten\gen_b_arbiter[1].u_rr.$procmux$2542.
    dead port 1/4 on $pmux $flatten\gen_b_arbiter[2].u_rr.$procmux$2166.
    dead port 2/4 on $pmux $flatten\gen_b_arbiter[2].u_rr.$procmux$2166.
    dead port 3/4 on $pmux $flatten\gen_b_arbiter[2].u_rr.$procmux$2166.
    dead port 1/2 on $mux $flatten\gen_b_arbiter[1].u_rr.$procmux$2545.
    dead port 1/2 on $mux $flatten\gen_b_arbiter[2].u_rr.$procmux$2163.
    dead port 1/2 on $mux $flatten\gen_b_arbiter[2].u_rr.$procmux$2160.
    dead port 1/2 on $mux $flatten\gen_b_arbiter[1].u_rr.$procmux$2548.
    dead port 2/2 on $mux $flatten\gen_b_arbiter[1].u_rr.$procmux$2040.
    dead port 2/2 on $mux $procmux$1076.
    dead port 2/2 on $mux $procmux$1068.
    dead port 2/2 on $mux $flatten\gen_b_arbiter[1].u_rr.$procmux$2550.
    dead port 2/2 on $mux $procmux$1061.
    dead port 1/4 on $pmux $flatten\gen_b_arbiter[2].u_rr.$procmux$2152.
    dead port 2/4 on $pmux $flatten\gen_b_arbiter[2].u_rr.$procmux$2152.
    dead port 3/4 on $pmux $flatten\gen_b_arbiter[2].u_rr.$procmux$2152.
    dead port 1/2 on $mux $flatten\gen_b_arbiter[1].u_rr.$procmux$2559.
    dead port 1/2 on $mux $flatten\gen_b_arbiter[2].u_rr.$procmux$2149.
    dead port 1/2 on $mux $flatten\gen_b_arbiter[2].u_rr.$procmux$2146.
    dead port 1/2 on $mux $flatten\gen_b_arbiter[2].u_rr.$procmux$2143.
    dead port 1/2 on $mux $flatten\gen_b_arbiter[1].u_rr.$procmux$2562.
    dead port 1/2 on $mux $flatten\gen_b_arbiter[1].u_rr.$procmux$2565.
    dead port 1/4 on $pmux $flatten\gen_b_arbiter[2].u_rr.$procmux$2135.
    dead port 2/4 on $pmux $flatten\gen_b_arbiter[2].u_rr.$procmux$2135.
    dead port 3/4 on $pmux $flatten\gen_b_arbiter[2].u_rr.$procmux$2135.
    dead port 1/2 on $mux $flatten\gen_b_arbiter[2].u_rr.$procmux$2132.
    dead port 1/2 on $mux $flatten\gen_b_arbiter[2].u_rr.$procmux$2129.
    dead port 1/2 on $mux $flatten\gen_b_arbiter[2].u_rr.$procmux$2126.
    dead port 2/2 on $mux $flatten\gen_b_arbiter[1].u_rr.$procmux$2567.
    dead port 1/4 on $pmux $flatten\gen_b_arbiter[2].u_rr.$procmux$2118.
    dead port 2/4 on $pmux $flatten\gen_b_arbiter[2].u_rr.$procmux$2118.
    dead port 3/4 on $pmux $flatten\gen_b_arbiter[2].u_rr.$procmux$2118.
    dead port 1/2 on $mux $flatten\gen_b_arbiter[1].u_rr.$procmux$2576.
    dead port 1/2 on $mux $flatten\gen_b_arbiter[2].u_rr.$procmux$2115.
    dead port 1/2 on $mux $flatten\gen_b_arbiter[2].u_rr.$procmux$2112.
    dead port 1/2 on $mux $flatten\gen_b_arbiter[2].u_rr.$procmux$2109.
    dead port 2/2 on $mux $procmux$992.
    dead port 1/2 on $mux $flatten\gen_b_arbiter[1].u_rr.$procmux$2579.
    dead port 2/2 on $mux $flatten\gen_b_arbiter[1].u_rr.$procmux$2046.
    dead port 2/2 on $mux $flatten\gen_b_arbiter[1].u_rr.$procmux$2581.
    dead port 2/2 on $mux $procmux$984.
    dead port 2/2 on $mux $procmux$976.
    dead port 1/2 on $mux $flatten\gen_b_arbiter[1].u_rr.$procmux$2590.
    dead port 1/2 on $mux $flatten\gen_b_arbiter[1].u_rr.$procmux$2593.
    dead port 2/2 on $mux $flatten\gen_b_arbiter[1].u_rr.$procmux$2595.
    dead port 2/2 on $mux $procmux$952.
    dead port 2/2 on $mux $procmux$950.
    dead port 1/2 on $mux $flatten\gen_b_arbiter[1].u_rr.$procmux$2604.
    dead port 2/2 on $mux $procmux$941.
    dead port 2/2 on $mux $procmux$939.
    dead port 1/2 on $mux $flatten\gen_b_arbiter[1].u_rr.$procmux$2607.
    dead port 2/2 on $mux $procmux$930.
    dead port 2/2 on $mux $procmux$928.
    dead port 2/2 on $mux $flatten\gen_b_arbiter[2].u_rr.$procmux$2495.
    dead port 2/2 on $mux $flatten\gen_b_arbiter[1].u_rr.$procmux$2609.
    dead port 2/2 on $mux $procmux$905.
    dead port 2/2 on $mux $procmux$903.
    dead port 1/2 on $mux $flatten\gen_b_arbiter[1].u_rr.$procmux$2618.
    dead port 2/2 on $mux $procmux$895.
    dead port 2/2 on $mux $procmux$893.
    dead port 1/2 on $mux $flatten\gen_b_arbiter[2].u_rr.$procmux$2559.
    dead port 2/2 on $mux $procmux$885.
    dead port 2/2 on $mux $procmux$883.
    dead port 2/2 on $mux $flatten\gen_b_arbiter[1].u_rr.$procmux$2620.
    dead port 1/2 on $mux $flatten\gen_b_arbiter[1].u_rr.$procmux$2629.
    dead port 2/2 on $mux $procmux$863.
    dead port 2/2 on $mux $procmux$861.
    dead port 1/2 on $mux $flatten\gen_b_arbiter[2].u_rr.$procmux$2493.
    dead port 2/2 on $mux $procmux$854.
    dead port 2/2 on $mux $procmux$852.
    dead port 2/2 on $mux $flatten\gen_b_arbiter[1].u_rr.$procmux$2631.
    dead port 2/2 on $mux $procmux$845.
    dead port 2/2 on $mux $procmux$843.
    dead port 2/2 on $mux $procmux$827.
    dead port 2/2 on $mux $procmux$819.
    dead port 2/2 on $mux $procmux$817.
    dead port 1/2 on $mux $flatten\gen_b_arbiter[1].u_rr.$procmux$2640.
    dead port 2/2 on $mux $procmux$808.
    dead port 2/2 on $mux $procmux$806.
    dead port 2/2 on $mux $procmux$798.
    dead port 2/2 on $mux $procmux$796.
    dead port 2/2 on $mux $flatten\gen_b_arbiter[1].u_rr.$procmux$2642.
    dead port 2/2 on $mux $procmux$780.
    dead port 2/2 on $mux $procmux$772.
    dead port 2/2 on $mux $procmux$770.
    dead port 2/2 on $mux $flatten\gen_b_arbiter[1].u_rr.$procmux$2064.
    dead port 2/2 on $mux $procmux$761.
    dead port 2/2 on $mux $procmux$759.
    dead port 2/2 on $mux $flatten\gen_b_arbiter[1].u_rr.$procmux$2650.
    dead port 2/2 on $mux $procmux$751.
    dead port 2/2 on $mux $procmux$749.
    dead port 2/2 on $mux $flatten\gen_b_arbiter[2].u_rr.$procmux$2516.
    dead port 2/2 on $mux $procmux$733.
    dead port 2/2 on $mux $procmux$725.
    dead port 2/2 on $mux $procmux$723.
    dead port 2/2 on $mux $procmux$714.
    dead port 2/2 on $mux $procmux$712.
    dead port 2/2 on $mux $flatten\gen_b_arbiter[1].u_rr.$procmux$2658.
    dead port 2/2 on $mux $procmux$704.
    dead port 2/2 on $mux $procmux$702.
    dead port 2/2 on $mux $procmux$686.
    dead port 2/2 on $mux $procmux$678.
    dead port 2/2 on $mux $procmux$676.
    dead port 2/2 on $mux $flatten\gen_b_arbiter[2].u_rr.$procmux$2485.
    dead port 2/2 on $mux $procmux$667.
    dead port 2/2 on $mux $procmux$665.
    dead port 2/2 on $mux $flatten\gen_b_arbiter[1].u_rr.$procmux$2666.
    dead port 2/2 on $mux $procmux$657.
    dead port 2/2 on $mux $procmux$655.
    dead port 2/2 on $mux $flatten\gen_b_arbiter[2].u_rr.$procmux$2609.
    dead port 1/2 on $mux $flatten\gen_b_arbiter[2].u_rr.$procmux$2483.
    dead port 2/2 on $mux $flatten\gen_b_arbiter[2].u_rr.$procmux$2475.
    dead port 1/2 on $mux $flatten\gen_b_arbiter[2].u_rr.$procmux$2473.
    dead port 2/2 on $mux $flatten\gen_b_arbiter[2].u_rr.$procmux$2465.
    dead port 1/2 on $mux $flatten\gen_b_arbiter[2].u_rr.$procmux$2463.
    dead port 1/2 on $mux $flatten\gen_b_arbiter[2].u_rr.$procmux$2548.
    dead port 2/2 on $mux $flatten\gen_b_arbiter[0].u_rr.$procmux$2009.
    dead port 1/2 on $mux $flatten\gen_b_arbiter[2].u_rr.$procmux$2460.
    dead port 1/2 on $mux $flatten\gen_b_arbiter[2].u_rr.$procmux$2525.
    dead port 1/2 on $mux $flatten\gen_b_arbiter[2].u_rr.$procmux$2528.
    dead port 1/2 on $mux $flatten\gen_b_arbiter[2].u_rr.$procmux$2531.
    dead port 2/2 on $mux $flatten\gen_b_arbiter[0].u_rr.$procmux$2011.
    dead port 2/2 on $mux $flatten\gen_b_arbiter[2].u_rr.$procmux$2064.
    dead port 2/2 on $mux $flatten\gen_b_arbiter[2].u_rr.$procmux$2533.
    dead port 1/2 on $mux $flatten\gen_b_arbiter[2].u_rr.$procmux$2542.
    dead port 1/2 on $mux $flatten\gen_b_arbiter[2].u_rr.$procmux$2545.
    dead port 2/2 on $mux $flatten\gen_b_arbiter[2].u_rr.$procmux$2046.
    dead port 2/2 on $mux $flatten\gen_b_arbiter[2].u_rr.$procmux$2040.
    dead port 2/2 on $mux $flatten\gen_b_arbiter[2].u_rr.$procmux$2410.
    dead port 2/2 on $mux $flatten\gen_b_arbiter[2].u_rr.$procmux$2034.
    dead port 2/2 on $mux $flatten\gen_b_arbiter[2].u_rr.$procmux$2395.
    dead port 2/2 on $mux $flatten\gen_b_arbiter[2].u_rr.$procmux$2009.
    dead port 1/2 on $mux $flatten\gen_b_arbiter[2].u_rr.$procmux$2402.
    dead port 2/2 on $mux $flatten\gen_b_arbiter[2].u_rr.$procmux$2028.
    dead port 1/2 on $mux $flatten\gen_b_arbiter[2].u_rr.$procmux$2405.
    dead port 1/2 on $mux $flatten\gen_b_arbiter[2].u_rr.$procmux$2408.
    dead port 2/2 on $mux $flatten\gen_b_arbiter[2].u_rr.$procmux$2022.
    dead port 1/2 on $mux $flatten\gen_b_arbiter[1].u_rr.$procmux$2109.
    dead port 2/2 on $mux $flatten\gen_b_arbiter[2].u_rr.$procmux$2020.
    dead port 2/2 on $mux $flatten\gen_b_arbiter[0].u_rr.$procmux$2020.
    dead port 2/2 on $mux $flatten\gen_b_arbiter[0].u_rr.$procmux$2022.
    dead port 2/2 on $mux $flatten\gen_b_arbiter[0].u_rr.$procmux$2028.
    dead port 2/2 on $mux $flatten\gen_b_arbiter[2].u_rr.$procmux$2011.
Removed 583 multiplexer ports.
<suppressed ~2000 debug messages>

3.12.4. Executing OPT_REDUCE pass (consolidate $*mux and $reduce_* inputs).
  Optimizing cells in module \axi_b_response_router.
    New ctrl vector for $pmux cell $procmux$1363: $auto$opt_reduce.cc:137:opt_pmux$2734
    New ctrl vector for $pmux cell $procmux$1072: $auto$opt_reduce.cc:137:opt_pmux$2736
    New ctrl vector for $pmux cell $procmux$1654: $auto$opt_reduce.cc:137:opt_pmux$2738
    New ctrl vector for $pmux cell $procmux$1945: $auto$opt_reduce.cc:137:opt_pmux$2740
  Optimizing cells in module \axi_b_response_router.
Performed a total of 4 changes.

3.12.5. Executing OPT_MERGE pass (detect identical cells).
Finding identical cells in module `\axi_b_response_router'.
Computing hashes of 488 cells of `\axi_b_response_router'.
Finding duplicate cells in `\axi_b_response_router'.
Computing hashes of 470 cells of `\axi_b_response_router'.
Finding duplicate cells in `\axi_b_response_router'.
Computing hashes of 464 cells of `\axi_b_response_router'.
Finding duplicate cells in `\axi_b_response_router'.
Computing hashes of 458 cells of `\axi_b_response_router'.
Finding duplicate cells in `\axi_b_response_router'.
<suppressed ~90 debug messages>
Removed a total of 30 cells.

3.12.6. Executing OPT_DFF pass (perform DFF optimizations).

3.12.7. Executing OPT_CLEAN pass (remove unused cells and wires).
Finding unused cells or wires in module \axi_b_response_router..
Removed 0 unused cells and 916 unused wires.
<suppressed ~1 debug messages>

3.12.8. Executing OPT_EXPR pass (perform const folding).
Optimizing module axi_b_response_router.

3.12.9. Rerunning OPT passes. (Maybe there is more to do..)

3.12.10. Executing OPT_MUXTREE pass (detect dead branches in mux trees).
Running muxtree optimizer on module \axi_b_response_router..
  Creating internal representation of mux trees.
  Evaluating internal representation of mux trees.
  Analyzing evaluation results.
Removed 0 multiplexer ports.
<suppressed ~793 debug messages>

3.12.11. Executing OPT_REDUCE pass (consolidate $*mux and $reduce_* inputs).
  Optimizing cells in module \axi_b_response_router.
Performed a total of 0 changes.

3.12.12. Executing OPT_MERGE pass (detect identical cells).
Finding identical cells in module `\axi_b_response_router'.
Computing hashes of 458 cells of `\axi_b_response_router'.
Finding duplicate cells in `\axi_b_response_router'.
Removed a total of 0 cells.

3.12.13. Executing OPT_DFF pass (perform DFF optimizations).

3.12.14. Executing OPT_CLEAN pass (remove unused cells and wires).
Finding unused cells or wires in module \axi_b_response_router..

3.12.15. Executing OPT_EXPR pass (perform const folding).
Optimizing module axi_b_response_router.

3.12.16. Finished fast OPT passes. (There is nothing left to do.)

3.13. Executing FSM pass (extract and optimize FSM).

3.13.1. Executing FSM_DETECT pass (finding FSMs in design).
Found FSM state register axi_b_response_router.gen_b_arbiter[1].u_rr.pointer_q.
Found FSM state register axi_b_response_router.gen_b_arbiter[0].u_rr.pointer_q.
Not marking axi_b_response_router.gen_b_arbiter[1].u_rr.grant_q as FSM state register:
    Users of register don't seem to benefit from recoding.
Found FSM state register axi_b_response_router.gen_b_arbiter[1].u_rr.selected_q.
Not marking axi_b_response_router.gen_b_arbiter[0].u_rr.grant_q as FSM state register:
    Users of register don't seem to benefit from recoding.
Found FSM state register axi_b_response_router.gen_b_arbiter[0].u_rr.selected_q.
Found FSM state register axi_b_response_router.gen_b_arbiter[2].u_rr.selected_q.
Not marking axi_b_response_router.gen_b_arbiter[2].u_rr.grant_q as FSM state register:
    Users of register don't seem to benefit from recoding.
Found FSM state register axi_b_response_router.gen_b_arbiter[2].u_rr.pointer_q.

3.13.2. Executing FSM_EXTRACT pass (extracting FSM from design).
Extracting FSM `\gen_b_arbiter[1].u_rr.pointer_q' from module `\axi_b_response_router'.
  found $adff cell for state register: $flatten\gen_b_arbiter[1].u_rr.$procdff$2714
  root of input selection tree: \gen_b_arbiter[1].u_rr.pointer_d
  found reset state: 2'00 (from async reset)
  found ctrl input: \gen_b_arbiter[1].u_rr.grant_valid_q
  found ctrl input: \gen_b_arbiter[1].u_rr.downstream_ready
  found ctrl input: $flatten\gen_b_arbiter[1].u_rr.$procmux$2006_CMP
  found ctrl input: $flatten\gen_b_arbiter[1].u_rr.$procmux$2007_CMP
  found ctrl input: $flatten\gen_b_arbiter[1].u_rr.$procmux$2008_CMP
  found state code: 2'11
  found state code: 2'10
  found state code: 2'01
  ctrl inputs: { \gen_b_arbiter[1].u_rr.downstream_ready \gen_b_arbiter[1].u_rr.grant_valid_q $flatten\gen_b_arbiter[1].u_rr.$procmux$2006_CMP $flatten\gen_b_arbiter[1].u_rr.$procmux$2007_CMP $flatten\gen_b_arbiter[1].u_rr.$procmux$2008_CMP }
  ctrl outputs: \gen_b_arbiter[1].u_rr.pointer_d
  transition:       2'00 5'-0--- ->       2'00 2'00
  transition:       2'00 5'01--- ->       2'00 2'00
  transition:       2'00 5'11000 ->       2'00 2'00
  transition:       2'00 5'11--1 ->       2'01 2'01
  transition:       2'00 5'11-1- ->       2'10 2'10
  transition:       2'00 5'111-- ->       2'11 2'11
  transition:       2'10 5'-0--- ->       2'10 2'10
  transition:       2'10 5'01--- ->       2'10 2'10
  transition:       2'10 5'11000 ->       2'00 2'00
  transition:       2'10 5'11--1 ->       2'01 2'01
  transition:       2'10 5'11-1- ->       2'10 2'10
  transition:       2'10 5'111-- ->       2'11 2'11
  transition:       2'01 5'-0--- ->       2'01 2'01
  transition:       2'01 5'01--- ->       2'01 2'01
  transition:       2'01 5'11000 ->       2'00 2'00
  transition:       2'01 5'11--1 ->       2'01 2'01
  transition:       2'01 5'11-1- ->       2'10 2'10
  transition:       2'01 5'111-- ->       2'11 2'11
  transition:       2'11 5'-0--- ->       2'11 2'11
  transition:       2'11 5'01--- ->       2'11 2'11
  transition:       2'11 5'11000 ->       2'00 2'00
  transition:       2'11 5'11--1 ->       2'01 2'01
  transition:       2'11 5'11-1- ->       2'10 2'10
  transition:       2'11 5'111-- ->       2'11 2'11
Extracting FSM `\gen_b_arbiter[0].u_rr.pointer_q' from module `\axi_b_response_router'.
  found $adff cell for state register: $flatten\gen_b_arbiter[0].u_rr.$procdff$2714
  root of input selection tree: \gen_b_arbiter[0].u_rr.pointer_d
  found reset state: 2'00 (from async reset)
  found ctrl input: \gen_b_arbiter[0].u_rr.grant_valid_q
  found ctrl input: \gen_b_arbiter[0].u_rr.downstream_ready
  found ctrl input: $flatten\gen_b_arbiter[0].u_rr.$procmux$2006_CMP
  found ctrl input: $flatten\gen_b_arbiter[0].u_rr.$procmux$2007_CMP
  found ctrl input: $flatten\gen_b_arbiter[0].u_rr.$procmux$2008_CMP
  found state code: 2'11
  found state code: 2'10
  found state code: 2'01
  ctrl inputs: { \gen_b_arbiter[0].u_rr.downstream_ready \gen_b_arbiter[0].u_rr.grant_valid_q $flatten\gen_b_arbiter[0].u_rr.$procmux$2006_CMP $flatten\gen_b_arbiter[0].u_rr.$procmux$2007_CMP $flatten\gen_b_arbiter[0].u_rr.$procmux$2008_CMP }
  ctrl outputs: \gen_b_arbiter[0].u_rr.pointer_d
  transition:       2'00 5'-0--- ->       2'00 2'00
  transition:       2'00 5'01--- ->       2'00 2'00
  transition:       2'00 5'11000 ->       2'00 2'00
  transition:       2'00 5'11--1 ->       2'01 2'01
  transition:       2'00 5'11-1- ->       2'10 2'10
  transition:       2'00 5'111-- ->       2'11 2'11
  transition:       2'10 5'-0--- ->       2'10 2'10
  transition:       2'10 5'01--- ->       2'10 2'10
  transition:       2'10 5'11000 ->       2'00 2'00
  transition:       2'10 5'11--1 ->       2'01 2'01
  transition:       2'10 5'11-1- ->       2'10 2'10
  transition:       2'10 5'111-- ->       2'11 2'11
  transition:       2'01 5'-0--- ->       2'01 2'01
  transition:       2'01 5'01--- ->       2'01 2'01
  transition:       2'01 5'11000 ->       2'00 2'00
  transition:       2'01 5'11--1 ->       2'01 2'01
  transition:       2'01 5'11-1- ->       2'10 2'10
  transition:       2'01 5'111-- ->       2'11 2'11
  transition:       2'11 5'-0--- ->       2'11 2'11
  transition:       2'11 5'01--- ->       2'11 2'11
  transition:       2'11 5'11000 ->       2'00 2'00
  transition:       2'11 5'11--1 ->       2'01 2'01
  transition:       2'11 5'11-1- ->       2'10 2'10
  transition:       2'11 5'111-- ->       2'11 2'11
Extracting FSM `\gen_b_arbiter[1].u_rr.selected_q' from module `\axi_b_response_router'.
  found $adff cell for state register: $flatten\gen_b_arbiter[1].u_rr.$procdff$2729
  root of input selection tree: \gen_b_arbiter[1].u_rr.selected_d
  found reset state: 2'00 (from async reset)
  found ctrl input: \gen_b_arbiter[1].u_rr.grant_valid_q
  found ctrl input: $flatten\gen_b_arbiter[1].u_rr.$procmux$2119_CMP
  found ctrl input: $flatten\gen_b_arbiter[1].u_rr.$procmux$2120_CMP
  found ctrl input: $flatten\gen_b_arbiter[1].u_rr.$procmux$2121_CMP
  found ctrl input: \gen_b_arbiter[1].u_rr.request [3]
  found ctrl input: \gen_b_arbiter[1].u_rr.request [0]
  found ctrl input: \gen_b_arbiter[1].u_rr.request [1]
  found ctrl input: \gen_b_arbiter[1].u_rr.request [2]
  found state code: 2'10
  found state code: 2'01
  found state code: 2'11
  found ctrl input: \gen_b_arbiter[1].u_rr.downstream_ready
  found ctrl output: $flatten\gen_b_arbiter[1].u_rr.$procmux$2008_CMP
  found ctrl output: $flatten\gen_b_arbiter[1].u_rr.$procmux$2007_CMP
  found ctrl output: $flatten\gen_b_arbiter[1].u_rr.$procmux$2006_CMP
  ctrl inputs: { \gen_b_arbiter[1].u_rr.request \gen_b_arbiter[1].u_rr.downstream_ready \gen_b_arbiter[1].u_rr.grant_valid_q $flatten\gen_b_arbiter[1].u_rr.$procmux$2119_CMP $flatten\gen_b_arbiter[1].u_rr.$procmux$2120_CMP $flatten\gen_b_arbiter[1].u_rr.$procmux$2121_CMP }
  ctrl outputs: { \gen_b_arbiter[1].u_rr.selected_d $flatten\gen_b_arbiter[1].u_rr.$procmux$2006_CMP $flatten\gen_b_arbiter[1].u_rr.$procmux$2007_CMP $flatten\gen_b_arbiter[1].u_rr.$procmux$2008_CMP }
  transition:       2'00 9'0000-0000 ->       2'00 5'00001
  transition:       2'00 9'0100-0000 ->       2'10 5'10001
  transition:       2'00 9'0-10-0000 ->       2'01 5'01001
  transition:       2'00 9'0--1-0000 ->       2'00 5'00001
  transition:       2'00 9'1----0000 ->       2'11 5'11001
  transition:       2'00 9'0000-0--1 ->       2'00 5'00001
  transition:       2'00 9'1000-0--1 ->       2'11 5'11001
  transition:       2'00 9'-100-0--1 ->       2'10 5'10001
  transition:       2'00 9'--10-0--1 ->       2'01 5'01001
  transition:       2'00 9'---1-0--1 ->       2'00 5'00001
  transition:       2'00 9'000--0-1- ->       2'00 5'00001
  transition:       2'00 9'100--0-1- ->       2'11 5'11001
  transition:       2'00 9'-10--0-1- ->       2'10 5'10001
  transition:       2'00 9'--1--0-1- ->       2'01 5'01001
  transition:       2'00 9'0000-01-- ->       2'00 5'00001
  transition:       2'00 9'0010-01-- ->       2'01 5'01001
  transition:       2'00 9'00-1-01-- ->       2'00 5'00001
  transition:       2'00 9'10---01-- ->       2'11 5'11001
  transition:       2'00 9'-1---01-- ->       2'10 5'10001
  transition:       2'00 9'----01--- ->       2'00 5'00001
  transition:       2'00 9'000011000 ->       2'00 5'00001
  transition:       2'00 9'010011000 ->       2'10 5'10001
  transition:       2'00 9'0-1011000 ->       2'01 5'01001
  transition:       2'00 9'0--111000 ->       2'00 5'00001
  transition:       2'00 9'1---11000 ->       2'11 5'11001
  transition:       2'00 9'000011--1 ->       2'00 5'00001
  transition:       2'00 9'100011--1 ->       2'11 5'11001
  transition:       2'00 9'-10011--1 ->       2'10 5'10001
  transition:       2'00 9'--1011--1 ->       2'01 5'01001
  transition:       2'00 9'---111--1 ->       2'00 5'00001
  transition:       2'00 9'000-11-1- ->       2'00 5'00001
  transition:       2'00 9'100-11-1- ->       2'11 5'11001
  transition:       2'00 9'-10-11-1- ->       2'10 5'10001
  transition:       2'00 9'--1-11-1- ->       2'01 5'01001
  transition:       2'00 9'0000111-- ->       2'00 5'00001
  transition:       2'00 9'0010111-- ->       2'01 5'01001
  transition:       2'00 9'00-1111-- ->       2'00 5'00001
  transition:       2'00 9'10--111-- ->       2'11 5'11001
  transition:       2'00 9'-1--111-- ->       2'10 5'10001
  transition:       2'10 9'0000-0000 ->       2'00 5'00100
  transition:       2'10 9'0100-0000 ->       2'10 5'10100
  transition:       2'10 9'0-10-0000 ->       2'01 5'01100
  transition:       2'10 9'0--1-0000 ->       2'00 5'00100
  transition:       2'10 9'1----0000 ->       2'11 5'11100
  transition:       2'10 9'0000-0--1 ->       2'00 5'00100
  transition:       2'10 9'1000-0--1 ->       2'11 5'11100
  transition:       2'10 9'-100-0--1 ->       2'10 5'10100
  transition:       2'10 9'--10-0--1 ->       2'01 5'01100
  transition:       2'10 9'---1-0--1 ->       2'00 5'00100
  transition:       2'10 9'000--0-1- ->       2'00 5'00100
  transition:       2'10 9'100--0-1- ->       2'11 5'11100
  transition:       2'10 9'-10--0-1- ->       2'10 5'10100
  transition:       2'10 9'--1--0-1- ->       2'01 5'01100
  transition:       2'10 9'0000-01-- ->       2'00 5'00100
  transition:       2'10 9'0010-01-- ->       2'01 5'01100
  transition:       2'10 9'00-1-01-- ->       2'00 5'00100
  transition:       2'10 9'10---01-- ->       2'11 5'11100
  transition:       2'10 9'-1---01-- ->       2'10 5'10100
  transition:       2'10 9'----01--- ->       2'10 5'10100
  transition:       2'10 9'000011000 ->       2'00 5'00100
  transition:       2'10 9'010011000 ->       2'10 5'10100
  transition:       2'10 9'0-1011000 ->       2'01 5'01100
  transition:       2'10 9'0--111000 ->       2'00 5'00100
  transition:       2'10 9'1---11000 ->       2'11 5'11100
  transition:       2'10 9'000011--1 ->       2'00 5'00100
  transition:       2'10 9'100011--1 ->       2'11 5'11100
  transition:       2'10 9'-10011--1 ->       2'10 5'10100
  transition:       2'10 9'--1011--1 ->       2'01 5'01100
  transition:       2'10 9'---111--1 ->       2'00 5'00100
  transition:       2'10 9'000-11-1- ->       2'00 5'00100
  transition:       2'10 9'100-11-1- ->       2'11 5'11100
  transition:       2'10 9'-10-11-1- ->       2'10 5'10100
  transition:       2'10 9'--1-11-1- ->       2'01 5'01100
  transition:       2'10 9'0000111-- ->       2'00 5'00100
  transition:       2'10 9'0010111-- ->       2'01 5'01100
  transition:       2'10 9'00-1111-- ->       2'00 5'00100
  transition:       2'10 9'10--111-- ->       2'11 5'11100
  transition:       2'10 9'-1--111-- ->       2'10 5'10100
  transition:       2'01 9'0000-0000 ->       2'00 5'00010
  transition:       2'01 9'0100-0000 ->       2'10 5'10010
  transition:       2'01 9'0-10-0000 ->       2'01 5'01010
  transition:       2'01 9'0--1-0000 ->       2'00 5'00010
  transition:       2'01 9'1----0000 ->       2'11 5'11010
  transition:       2'01 9'0000-0--1 ->       2'00 5'00010
  transition:       2'01 9'1000-0--1 ->       2'11 5'11010
  transition:       2'01 9'-100-0--1 ->       2'10 5'10010
  transition:       2'01 9'--10-0--1 ->       2'01 5'01010
  transition:       2'01 9'---1-0--1 ->       2'00 5'00010
  transition:       2'01 9'000--0-1- ->       2'00 5'00010
  transition:       2'01 9'100--0-1- ->       2'11 5'11010
  transition:       2'01 9'-10--0-1- ->       2'10 5'10010
  transition:       2'01 9'--1--0-1- ->       2'01 5'01010
  transition:       2'01 9'0000-01-- ->       2'00 5'00010
  transition:       2'01 9'0010-01-- ->       2'01 5'01010
  transition:       2'01 9'00-1-01-- ->       2'00 5'00010
  transition:       2'01 9'10---01-- ->       2'11 5'11010
  transition:       2'01 9'-1---01-- ->       2'10 5'10010
  transition:       2'01 9'----01--- ->       2'01 5'01010
  transition:       2'01 9'000011000 ->       2'00 5'00010
  transition:       2'01 9'010011000 ->       2'10 5'10010
  transition:       2'01 9'0-1011000 ->       2'01 5'01010
  transition:       2'01 9'0--111000 ->       2'00 5'00010
  transition:       2'01 9'1---11000 ->       2'11 5'11010
  transition:       2'01 9'000011--1 ->       2'00 5'00010
  transition:       2'01 9'100011--1 ->       2'11 5'11010
  transition:       2'01 9'-10011--1 ->       2'10 5'10010
  transition:       2'01 9'--1011--1 ->       2'01 5'01010
  transition:       2'01 9'---111--1 ->       2'00 5'00010
  transition:       2'01 9'000-11-1- ->       2'00 5'00010
  transition:       2'01 9'100-11-1- ->       2'11 5'11010
  transition:       2'01 9'-10-11-1- ->       2'10 5'10010
  transition:       2'01 9'--1-11-1- ->       2'01 5'01010
  transition:       2'01 9'0000111-- ->       2'00 5'00010
  transition:       2'01 9'0010111-- ->       2'01 5'01010
  transition:       2'01 9'00-1111-- ->       2'00 5'00010
  transition:       2'01 9'10--111-- ->       2'11 5'11010
  transition:       2'01 9'-1--111-- ->       2'10 5'10010
  transition:       2'11 9'0000-0000 ->       2'00 5'00000
  transition:       2'11 9'0100-0000 ->       2'10 5'10000
  transition:       2'11 9'0-10-0000 ->       2'01 5'01000
  transition:       2'11 9'0--1-0000 ->       2'00 5'00000
  transition:       2'11 9'1----0000 ->       2'11 5'11000
  transition:       2'11 9'0000-0--1 ->       2'00 5'00000
  transition:       2'11 9'1000-0--1 ->       2'11 5'11000
  transition:       2'11 9'-100-0--1 ->       2'10 5'10000
  transition:       2'11 9'--10-0--1 ->       2'01 5'01000
  transition:       2'11 9'---1-0--1 ->       2'00 5'00000
  transition:       2'11 9'000--0-1- ->       2'00 5'00000
  transition:       2'11 9'100--0-1- ->       2'11 5'11000
  transition:       2'11 9'-10--0-1- ->       2'10 5'10000
  transition:       2'11 9'--1--0-1- ->       2'01 5'01000
  transition:       2'11 9'0000-01-- ->       2'00 5'00000
  transition:       2'11 9'0010-01-- ->       2'01 5'01000
  transition:       2'11 9'00-1-01-- ->       2'00 5'00000
  transition:       2'11 9'10---01-- ->       2'11 5'11000
  transition:       2'11 9'-1---01-- ->       2'10 5'10000
  transition:       2'11 9'----01--- ->       2'11 5'11000
  transition:       2'11 9'000011000 ->       2'00 5'00000
  transition:       2'11 9'010011000 ->       2'10 5'10000
  transition:       2'11 9'0-1011000 ->       2'01 5'01000
  transition:       2'11 9'0--111000 ->       2'00 5'00000
  transition:       2'11 9'1---11000 ->       2'11 5'11000
  transition:       2'11 9'000011--1 ->       2'00 5'00000
  transition:       2'11 9'100011--1 ->       2'11 5'11000
  transition:       2'11 9'-10011--1 ->       2'10 5'10000
  transition:       2'11 9'--1011--1 ->       2'01 5'01000
  transition:       2'11 9'---111--1 ->       2'00 5'00000
  transition:       2'11 9'000-11-1- ->       2'00 5'00000
  transition:       2'11 9'100-11-1- ->       2'11 5'11000
  transition:       2'11 9'-10-11-1- ->       2'10 5'10000
  transition:       2'11 9'--1-11-1- ->       2'01 5'01000
  transition:       2'11 9'0000111-- ->       2'00 5'00000
  transition:       2'11 9'0010111-- ->       2'01 5'01000
  transition:       2'11 9'00-1111-- ->       2'00 5'00000
  transition:       2'11 9'10--111-- ->       2'11 5'11000
  transition:       2'11 9'-1--111-- ->       2'10 5'10000
Extracting FSM `\gen_b_arbiter[0].u_rr.selected_q' from module `\axi_b_response_router'.
  found $adff cell for state register: $flatten\gen_b_arbiter[0].u_rr.$procdff$2729
  root of input selection tree: \gen_b_arbiter[0].u_rr.selected_d
  found reset state: 2'00 (from async reset)
  found ctrl input: \gen_b_arbiter[0].u_rr.grant_valid_q
  found ctrl input: $flatten\gen_b_arbiter[0].u_rr.$procmux$2119_CMP
  found ctrl input: $flatten\gen_b_arbiter[0].u_rr.$procmux$2120_CMP
  found ctrl input: $flatten\gen_b_arbiter[0].u_rr.$procmux$2121_CMP
  found ctrl input: \gen_b_arbiter[0].u_rr.request [3]
  found ctrl input: \gen_b_arbiter[0].u_rr.request [0]
  found ctrl input: \gen_b_arbiter[0].u_rr.request [1]
  found ctrl input: \gen_b_arbiter[0].u_rr.request [2]
  found state code: 2'10
  found state code: 2'01
  found state code: 2'11
  found ctrl input: \gen_b_arbiter[0].u_rr.downstream_ready
  found ctrl output: $flatten\gen_b_arbiter[0].u_rr.$procmux$2008_CMP
  found ctrl output: $flatten\gen_b_arbiter[0].u_rr.$procmux$2007_CMP
  found ctrl output: $flatten\gen_b_arbiter[0].u_rr.$procmux$2006_CMP
  ctrl inputs: { \gen_b_arbiter[0].u_rr.request \gen_b_arbiter[0].u_rr.downstream_ready \gen_b_arbiter[0].u_rr.grant_valid_q $flatten\gen_b_arbiter[0].u_rr.$procmux$2119_CMP $flatten\gen_b_arbiter[0].u_rr.$procmux$2120_CMP $flatten\gen_b_arbiter[0].u_rr.$procmux$2121_CMP }
  ctrl outputs: { \gen_b_arbiter[0].u_rr.selected_d $flatten\gen_b_arbiter[0].u_rr.$procmux$2006_CMP $flatten\gen_b_arbiter[0].u_rr.$procmux$2007_CMP $flatten\gen_b_arbiter[0].u_rr.$procmux$2008_CMP }
  transition:       2'00 9'0000-0000 ->       2'00 5'00001
  transition:       2'00 9'0100-0000 ->       2'10 5'10001
  transition:       2'00 9'0-10-0000 ->       2'01 5'01001
  transition:       2'00 9'0--1-0000 ->       2'00 5'00001
  transition:       2'00 9'1----0000 ->       2'11 5'11001
  transition:       2'00 9'0000-0--1 ->       2'00 5'00001
  transition:       2'00 9'1000-0--1 ->       2'11 5'11001
  transition:       2'00 9'-100-0--1 ->       2'10 5'10001
  transition:       2'00 9'--10-0--1 ->       2'01 5'01001
  transition:       2'00 9'---1-0--1 ->       2'00 5'00001
  transition:       2'00 9'000--0-1- ->       2'00 5'00001
  transition:       2'00 9'100--0-1- ->       2'11 5'11001
  transition:       2'00 9'-10--0-1- ->       2'10 5'10001
  transition:       2'00 9'--1--0-1- ->       2'01 5'01001
  transition:       2'00 9'0000-01-- ->       2'00 5'00001
  transition:       2'00 9'0010-01-- ->       2'01 5'01001
  transition:       2'00 9'00-1-01-- ->       2'00 5'00001
  transition:       2'00 9'10---01-- ->       2'11 5'11001
  transition:       2'00 9'-1---01-- ->       2'10 5'10001
  transition:       2'00 9'----01--- ->       2'00 5'00001
  transition:       2'00 9'000011000 ->       2'00 5'00001
  transition:       2'00 9'010011000 ->       2'10 5'10001
  transition:       2'00 9'0-1011000 ->       2'01 5'01001
  transition:       2'00 9'0--111000 ->       2'00 5'00001
  transition:       2'00 9'1---11000 ->       2'11 5'11001
  transition:       2'00 9'000011--1 ->       2'00 5'00001
  transition:       2'00 9'100011--1 ->       2'11 5'11001
  transition:       2'00 9'-10011--1 ->       2'10 5'10001
  transition:       2'00 9'--1011--1 ->       2'01 5'01001
  transition:       2'00 9'---111--1 ->       2'00 5'00001
  transition:       2'00 9'000-11-1- ->       2'00 5'00001
  transition:       2'00 9'100-11-1- ->       2'11 5'11001
  transition:       2'00 9'-10-11-1- ->       2'10 5'10001
  transition:       2'00 9'--1-11-1- ->       2'01 5'01001
  transition:       2'00 9'0000111-- ->       2'00 5'00001
  transition:       2'00 9'0010111-- ->       2'01 5'01001
  transition:       2'00 9'00-1111-- ->       2'00 5'00001
  transition:       2'00 9'10--111-- ->       2'11 5'11001
  transition:       2'00 9'-1--111-- ->       2'10 5'10001
  transition:       2'10 9'0000-0000 ->       2'00 5'00100
  transition:       2'10 9'0100-0000 ->       2'10 5'10100
  transition:       2'10 9'0-10-0000 ->       2'01 5'01100
  transition:       2'10 9'0--1-0000 ->       2'00 5'00100
  transition:       2'10 9'1----0000 ->       2'11 5'11100
  transition:       2'10 9'0000-0--1 ->       2'00 5'00100
  transition:       2'10 9'1000-0--1 ->       2'11 5'11100
  transition:       2'10 9'-100-0--1 ->       2'10 5'10100
  transition:       2'10 9'--10-0--1 ->       2'01 5'01100
  transition:       2'10 9'---1-0--1 ->       2'00 5'00100
  transition:       2'10 9'000--0-1- ->       2'00 5'00100
  transition:       2'10 9'100--0-1- ->       2'11 5'11100
  transition:       2'10 9'-10--0-1- ->       2'10 5'10100
  transition:       2'10 9'--1--0-1- ->       2'01 5'01100
  transition:       2'10 9'0000-01-- ->       2'00 5'00100
  transition:       2'10 9'0010-01-- ->       2'01 5'01100
  transition:       2'10 9'00-1-01-- ->       2'00 5'00100
  transition:       2'10 9'10---01-- ->       2'11 5'11100
  transition:       2'10 9'-1---01-- ->       2'10 5'10100
  transition:       2'10 9'----01--- ->       2'10 5'10100
  transition:       2'10 9'000011000 ->       2'00 5'00100
  transition:       2'10 9'010011000 ->       2'10 5'10100
  transition:       2'10 9'0-1011000 ->       2'01 5'01100
  transition:       2'10 9'0--111000 ->       2'00 5'00100
  transition:       2'10 9'1---11000 ->       2'11 5'11100
  transition:       2'10 9'000011--1 ->       2'00 5'00100
  transition:       2'10 9'100011--1 ->       2'11 5'11100
  transition:       2'10 9'-10011--1 ->       2'10 5'10100
  transition:       2'10 9'--1011--1 ->       2'01 5'01100
  transition:       2'10 9'---111--1 ->       2'00 5'00100
  transition:       2'10 9'000-11-1- ->       2'00 5'00100
  transition:       2'10 9'100-11-1- ->       2'11 5'11100
  transition:       2'10 9'-10-11-1- ->       2'10 5'10100
  transition:       2'10 9'--1-11-1- ->       2'01 5'01100
  transition:       2'10 9'0000111-- ->       2'00 5'00100
  transition:       2'10 9'0010111-- ->       2'01 5'01100
  transition:       2'10 9'00-1111-- ->       2'00 5'00100
  transition:       2'10 9'10--111-- ->       2'11 5'11100
  transition:       2'10 9'-1--111-- ->       2'10 5'10100
  transition:       2'01 9'0000-0000 ->       2'00 5'00010
  transition:       2'01 9'0100-0000 ->       2'10 5'10010
  transition:       2'01 9'0-10-0000 ->       2'01 5'01010
  transition:       2'01 9'0--1-0000 ->       2'00 5'00010
  transition:       2'01 9'1----0000 ->       2'11 5'11010
  transition:       2'01 9'0000-0--1 ->       2'00 5'00010
  transition:       2'01 9'1000-0--1 ->       2'11 5'11010
  transition:       2'01 9'-100-0--1 ->       2'10 5'10010
  transition:       2'01 9'--10-0--1 ->       2'01 5'01010
  transition:       2'01 9'---1-0--1 ->       2'00 5'00010
  transition:       2'01 9'000--0-1- ->       2'00 5'00010
  transition:       2'01 9'100--0-1- ->       2'11 5'11010
  transition:       2'01 9'-10--0-1- ->       2'10 5'10010
  transition:       2'01 9'--1--0-1- ->       2'01 5'01010
  transition:       2'01 9'0000-01-- ->       2'00 5'00010
  transition:       2'01 9'0010-01-- ->       2'01 5'01010
  transition:       2'01 9'00-1-01-- ->       2'00 5'00010
  transition:       2'01 9'10---01-- ->       2'11 5'11010
  transition:       2'01 9'-1---01-- ->       2'10 5'10010
  transition:       2'01 9'----01--- ->       2'01 5'01010
  transition:       2'01 9'000011000 ->       2'00 5'00010
  transition:       2'01 9'010011000 ->       2'10 5'10010
  transition:       2'01 9'0-1011000 ->       2'01 5'01010
  transition:       2'01 9'0--111000 ->       2'00 5'00010
  transition:       2'01 9'1---11000 ->       2'11 5'11010
  transition:       2'01 9'000011--1 ->       2'00 5'00010
  transition:       2'01 9'100011--1 ->       2'11 5'11010
  transition:       2'01 9'-10011--1 ->       2'10 5'10010
  transition:       2'01 9'--1011--1 ->       2'01 5'01010
  transition:       2'01 9'---111--1 ->       2'00 5'00010
  transition:       2'01 9'000-11-1- ->       2'00 5'00010
  transition:       2'01 9'100-11-1- ->       2'11 5'11010
  transition:       2'01 9'-10-11-1- ->       2'10 5'10010
  transition:       2'01 9'--1-11-1- ->       2'01 5'01010
  transition:       2'01 9'0000111-- ->       2'00 5'00010
  transition:       2'01 9'0010111-- ->       2'01 5'01010
  transition:       2'01 9'00-1111-- ->       2'00 5'00010
  transition:       2'01 9'10--111-- ->       2'11 5'11010
  transition:       2'01 9'-1--111-- ->       2'10 5'10010
  transition:       2'11 9'0000-0000 ->       2'00 5'00000
  transition:       2'11 9'0100-0000 ->       2'10 5'10000
  transition:       2'11 9'0-10-0000 ->       2'01 5'01000
  transition:       2'11 9'0--1-0000 ->       2'00 5'00000
  transition:       2'11 9'1----0000 ->       2'11 5'11000
  transition:       2'11 9'0000-0--1 ->       2'00 5'00000
  transition:       2'11 9'1000-0--1 ->       2'11 5'11000
  transition:       2'11 9'-100-0--1 ->       2'10 5'10000
  transition:       2'11 9'--10-0--1 ->       2'01 5'01000
  transition:       2'11 9'---1-0--1 ->       2'00 5'00000
  transition:       2'11 9'000--0-1- ->       2'00 5'00000
  transition:       2'11 9'100--0-1- ->       2'11 5'11000
  transition:       2'11 9'-10--0-1- ->       2'10 5'10000
  transition:       2'11 9'--1--0-1- ->       2'01 5'01000
  transition:       2'11 9'0000-01-- ->       2'00 5'00000
  transition:       2'11 9'0010-01-- ->       2'01 5'01000
  transition:       2'11 9'00-1-01-- ->       2'00 5'00000
  transition:       2'11 9'10---01-- ->       2'11 5'11000
  transition:       2'11 9'-1---01-- ->       2'10 5'10000
  transition:       2'11 9'----01--- ->       2'11 5'11000
  transition:       2'11 9'000011000 ->       2'00 5'00000
  transition:       2'11 9'010011000 ->       2'10 5'10000
  transition:       2'11 9'0-1011000 ->       2'01 5'01000
  transition:       2'11 9'0--111000 ->       2'00 5'00000
  transition:       2'11 9'1---11000 ->       2'11 5'11000
  transition:       2'11 9'000011--1 ->       2'00 5'00000
  transition:       2'11 9'100011--1 ->       2'11 5'11000
  transition:       2'11 9'-10011--1 ->       2'10 5'10000
  transition:       2'11 9'--1011--1 ->       2'01 5'01000
  transition:       2'11 9'---111--1 ->       2'00 5'00000
  transition:       2'11 9'000-11-1- ->       2'00 5'00000
  transition:       2'11 9'100-11-1- ->       2'11 5'11000
  transition:       2'11 9'-10-11-1- ->       2'10 5'10000
  transition:       2'11 9'--1-11-1- ->       2'01 5'01000
  transition:       2'11 9'0000111-- ->       2'00 5'00000
  transition:       2'11 9'0010111-- ->       2'01 5'01000
  transition:       2'11 9'00-1111-- ->       2'00 5'00000
  transition:       2'11 9'10--111-- ->       2'11 5'11000
  transition:       2'11 9'-1--111-- ->       2'10 5'10000
Extracting FSM `\gen_b_arbiter[2].u_rr.selected_q' from module `\axi_b_response_router'.
  found $adff cell for state register: $flatten\gen_b_arbiter[2].u_rr.$procdff$2729
  root of input selection tree: \gen_b_arbiter[2].u_rr.selected_d
  found reset state: 2'00 (from async reset)
  found ctrl input: \gen_b_arbiter[2].u_rr.grant_valid_q
  found ctrl input: $flatten\gen_b_arbiter[2].u_rr.$procmux$2119_CMP
  found ctrl input: $flatten\gen_b_arbiter[2].u_rr.$procmux$2120_CMP
  found ctrl input: $flatten\gen_b_arbiter[2].u_rr.$procmux$2121_CMP
  found ctrl input: \gen_b_arbiter[2].u_rr.request [3]
  found ctrl input: \gen_b_arbiter[2].u_rr.request [0]
  found ctrl input: \gen_b_arbiter[2].u_rr.request [1]
  found ctrl input: \gen_b_arbiter[2].u_rr.request [2]
  found state code: 2'10
  found state code: 2'01
  found state code: 2'11
  found ctrl input: \gen_b_arbiter[2].u_rr.downstream_ready
  found ctrl output: $flatten\gen_b_arbiter[2].u_rr.$procmux$2006_CMP
  found ctrl output: $flatten\gen_b_arbiter[2].u_rr.$procmux$2007_CMP
  found ctrl output: $flatten\gen_b_arbiter[2].u_rr.$procmux$2008_CMP
  ctrl inputs: { \gen_b_arbiter[2].u_rr.request \gen_b_arbiter[2].u_rr.downstream_ready \gen_b_arbiter[2].u_rr.grant_valid_q $flatten\gen_b_arbiter[2].u_rr.$procmux$2119_CMP $flatten\gen_b_arbiter[2].u_rr.$procmux$2120_CMP $flatten\gen_b_arbiter[2].u_rr.$procmux$2121_CMP }
  ctrl outputs: { \gen_b_arbiter[2].u_rr.selected_d $flatten\gen_b_arbiter[2].u_rr.$procmux$2006_CMP $flatten\gen_b_arbiter[2].u_rr.$procmux$2007_CMP $flatten\gen_b_arbiter[2].u_rr.$procmux$2008_CMP }
  transition:       2'00 9'0000-0000 ->       2'00 5'00001
  transition:       2'00 9'0100-0000 ->       2'10 5'10001
  transition:       2'00 9'0-10-0000 ->       2'01 5'01001
  transition:       2'00 9'0--1-0000 ->       2'00 5'00001
  transition:       2'00 9'1----0000 ->       2'11 5'11001
  transition:       2'00 9'0000-0--1 ->       2'00 5'00001
  transition:       2'00 9'1000-0--1 ->       2'11 5'11001
  transition:       2'00 9'-100-0--1 ->       2'10 5'10001
  transition:       2'00 9'--10-0--1 ->       2'01 5'01001
  transition:       2'00 9'---1-0--1 ->       2'00 5'00001
  transition:       2'00 9'000--0-1- ->       2'00 5'00001
  transition:       2'00 9'100--0-1- ->       2'11 5'11001
  transition:       2'00 9'-10--0-1- ->       2'10 5'10001
  transition:       2'00 9'--1--0-1- ->       2'01 5'01001
  transition:       2'00 9'0000-01-- ->       2'00 5'00001
  transition:       2'00 9'0010-01-- ->       2'01 5'01001
  transition:       2'00 9'00-1-01-- ->       2'00 5'00001
  transition:       2'00 9'10---01-- ->       2'11 5'11001
  transition:       2'00 9'-1---01-- ->       2'10 5'10001
  transition:       2'00 9'----01--- ->       2'00 5'00001
  transition:       2'00 9'000-11--0 ->       2'00 5'00001
  transition:       2'00 9'100-11--0 ->       2'11 5'11001
  transition:       2'00 9'-10-11--0 ->       2'10 5'10001
  transition:       2'00 9'--1-11--0 ->       2'01 5'01001
  transition:       2'10 9'0000-0000 ->       2'00 5'00100
  transition:       2'10 9'0100-0000 ->       2'10 5'10100
  transition:       2'10 9'0-10-0000 ->       2'01 5'01100
  transition:       2'10 9'0--1-0000 ->       2'00 5'00100
  transition:       2'10 9'1----0000 ->       2'11 5'11100
  transition:       2'10 9'0000-0--1 ->       2'00 5'00100
  transition:       2'10 9'1000-0--1 ->       2'11 5'11100
  transition:       2'10 9'-100-0--1 ->       2'10 5'10100
  transition:       2'10 9'--10-0--1 ->       2'01 5'01100
  transition:       2'10 9'---1-0--1 ->       2'00 5'00100
  transition:       2'10 9'000--0-1- ->       2'00 5'00100
  transition:       2'10 9'100--0-1- ->       2'11 5'11100
  transition:       2'10 9'-10--0-1- ->       2'10 5'10100
  transition:       2'10 9'--1--0-1- ->       2'01 5'01100
  transition:       2'10 9'0000-01-- ->       2'00 5'00100
  transition:       2'10 9'0010-01-- ->       2'01 5'01100
  transition:       2'10 9'00-1-01-- ->       2'00 5'00100
  transition:       2'10 9'10---01-- ->       2'11 5'11100
  transition:       2'10 9'-1---01-- ->       2'10 5'10100
  transition:       2'10 9'----01--- ->       2'10 5'10100
  transition:       2'10 9'000011--- ->       2'00 5'00100
  transition:       2'10 9'010011--- ->       2'10 5'10100
  transition:       2'10 9'0-1011--- ->       2'01 5'01100
  transition:       2'10 9'0--111--- ->       2'00 5'00100
  transition:       2'10 9'1---11--- ->       2'11 5'11100
  transition:       2'01 9'0000-0000 ->       2'00 5'00010
  transition:       2'01 9'0100-0000 ->       2'10 5'10010
  transition:       2'01 9'0-10-0000 ->       2'01 5'01010
  transition:       2'01 9'0--1-0000 ->       2'00 5'00010
  transition:       2'01 9'1----0000 ->       2'11 5'11010
  transition:       2'01 9'0000-0--1 ->       2'00 5'00010
  transition:       2'01 9'1000-0--1 ->       2'11 5'11010
  transition:       2'01 9'-100-0--1 ->       2'10 5'10010
  transition:       2'01 9'--10-0--1 ->       2'01 5'01010
  transition:       2'01 9'---1-0--1 ->       2'00 5'00010
  transition:       2'01 9'000--0-1- ->       2'00 5'00010
  transition:       2'01 9'100--0-1- ->       2'11 5'11010
  transition:       2'01 9'-10--0-1- ->       2'10 5'10010
  transition:       2'01 9'--1--0-1- ->       2'01 5'01010
  transition:       2'01 9'0000-01-- ->       2'00 5'00010
  transition:       2'01 9'0010-01-- ->       2'01 5'01010
  transition:       2'01 9'00-1-01-- ->       2'00 5'00010
  transition:       2'01 9'10---01-- ->       2'11 5'11010
  transition:       2'01 9'-1---01-- ->       2'10 5'10010
  transition:       2'01 9'----01--- ->       2'01 5'01010
  transition:       2'01 9'000011-00 ->       2'00 5'00010
  transition:       2'01 9'001011-00 ->       2'01 5'01010
  transition:       2'01 9'00-111-00 ->       2'00 5'00010
  transition:       2'01 9'10--11-00 ->       2'11 5'11010
  transition:       2'01 9'-1--11-00 ->       2'10 5'10010
  transition:       2'11 9'0000-0000 ->       2'00 5'00000
  transition:       2'11 9'0100-0000 ->       2'10 5'10000
  transition:       2'11 9'0-10-0000 ->       2'01 5'01000
  transition:       2'11 9'0--1-0000 ->       2'00 5'00000
  transition:       2'11 9'1----0000 ->       2'11 5'11000
  transition:       2'11 9'0000-0--1 ->       2'00 5'00000
  transition:       2'11 9'1000-0--1 ->       2'11 5'11000
  transition:       2'11 9'-100-0--1 ->       2'10 5'10000
  transition:       2'11 9'--10-0--1 ->       2'01 5'01000
  transition:       2'11 9'---1-0--1 ->       2'00 5'00000
  transition:       2'11 9'000--0-1- ->       2'00 5'00000
  transition:       2'11 9'100--0-1- ->       2'11 5'11000
  transition:       2'11 9'-10--0-1- ->       2'10 5'10000
  transition:       2'11 9'--1--0-1- ->       2'01 5'01000
  transition:       2'11 9'0000-01-- ->       2'00 5'00000
  transition:       2'11 9'0010-01-- ->       2'01 5'01000
  transition:       2'11 9'00-1-01-- ->       2'00 5'00000
  transition:       2'11 9'10---01-- ->       2'11 5'11000
  transition:       2'11 9'-1---01-- ->       2'10 5'10000
  transition:       2'11 9'----01--- ->       2'11 5'11000
  transition:       2'11 9'000011--- ->       2'00 5'00000
  transition:       2'11 9'100011--- ->       2'11 5'11000
  transition:       2'11 9'-10011--- ->       2'10 5'10000
  transition:       2'11 9'--1011--- ->       2'01 5'01000
  transition:       2'11 9'---111--- ->       2'00 5'00000
Extracting FSM `\gen_b_arbiter[2].u_rr.pointer_q' from module `\axi_b_response_router'.
  found $adff cell for state register: $flatten\gen_b_arbiter[2].u_rr.$procdff$2714
  root of input selection tree: \gen_b_arbiter[2].u_rr.pointer_d
  found reset state: 2'00 (from async reset)
  found ctrl input: \gen_b_arbiter[2].u_rr.grant_valid_q
  found ctrl input: \gen_b_arbiter[2].u_rr.downstream_ready
  found ctrl input: $flatten\gen_b_arbiter[2].u_rr.$procmux$2006_CMP
  found ctrl input: $flatten\gen_b_arbiter[2].u_rr.$procmux$2007_CMP
  found ctrl input: $flatten\gen_b_arbiter[2].u_rr.$procmux$2008_CMP
  found state code: 2'11
  found state code: 2'10
  found state code: 2'01
  ctrl inputs: { \gen_b_arbiter[2].u_rr.downstream_ready \gen_b_arbiter[2].u_rr.grant_valid_q $flatten\gen_b_arbiter[2].u_rr.$procmux$2006_CMP $flatten\gen_b_arbiter[2].u_rr.$procmux$2007_CMP $flatten\gen_b_arbiter[2].u_rr.$procmux$2008_CMP }
  ctrl outputs: \gen_b_arbiter[2].u_rr.pointer_d
  transition:       2'00 5'-0--- ->       2'00 2'00
  transition:       2'00 5'01--- ->       2'00 2'00
  transition:       2'00 5'11000 ->       2'00 2'00
  transition:       2'00 5'11--1 ->       2'01 2'01
  transition:       2'00 5'11-1- ->       2'10 2'10
  transition:       2'00 5'111-- ->       2'11 2'11
  transition:       2'10 5'-0--- ->       2'10 2'10
  transition:       2'10 5'01--- ->       2'10 2'10
  transition:       2'10 5'11000 ->       2'00 2'00
  transition:       2'10 5'11--1 ->       2'01 2'01
  transition:       2'10 5'11-1- ->       2'10 2'10
  transition:       2'10 5'111-- ->       2'11 2'11
  transition:       2'01 5'-0--- ->       2'01 2'01
  transition:       2'01 5'01--- ->       2'01 2'01
  transition:       2'01 5'11000 ->       2'00 2'00
  transition:       2'01 5'11--1 ->       2'01 2'01
  transition:       2'01 5'11-1- ->       2'10 2'10
  transition:       2'01 5'111-- ->       2'11 2'11
  transition:       2'11 5'-0--- ->       2'11 2'11
  transition:       2'11 5'01--- ->       2'11 2'11
  transition:       2'11 5'11000 ->       2'00 2'00
  transition:       2'11 5'11--1 ->       2'01 2'01
  transition:       2'11 5'11-1- ->       2'10 2'10
  transition:       2'11 5'111-- ->       2'11 2'11

3.13.3. Executing FSM_OPT pass (simple optimizations of FSMs).
Optimizing FSM `$fsm$\gen_b_arbiter[2].u_rr.pointer_q$2760' from module `\axi_b_response_router'.
Optimizing FSM `$fsm$\gen_b_arbiter[2].u_rr.selected_q$2755' from module `\axi_b_response_router'.
Optimizing FSM `$fsm$\gen_b_arbiter[0].u_rr.selected_q$2750' from module `\axi_b_response_router'.
Optimizing FSM `$fsm$\gen_b_arbiter[1].u_rr.selected_q$2745' from module `\axi_b_response_router'.
Optimizing FSM `$fsm$\gen_b_arbiter[0].u_rr.pointer_q$2743' from module `\axi_b_response_router'.
Optimizing FSM `$fsm$\gen_b_arbiter[1].u_rr.pointer_q$2741' from module `\axi_b_response_router'.

3.13.4. Executing OPT_CLEAN pass (remove unused cells and wires).
Finding unused cells or wires in module \axi_b_response_router..
Removed 69 unused cells and 79 unused wires.
<suppressed ~83 debug messages>

3.13.5. Executing FSM_OPT pass (simple optimizations of FSMs).
Optimizing FSM `$fsm$\gen_b_arbiter[1].u_rr.pointer_q$2741' from module `\axi_b_response_router'.
Optimizing FSM `$fsm$\gen_b_arbiter[0].u_rr.pointer_q$2743' from module `\axi_b_response_router'.
Optimizing FSM `$fsm$\gen_b_arbiter[1].u_rr.selected_q$2745' from module `\axi_b_response_router'.
  Removing unused output signal \gen_b_arbiter[1].u_rr.selected_d [0].
  Removing unused output signal \gen_b_arbiter[1].u_rr.selected_d [1].
Optimizing FSM `$fsm$\gen_b_arbiter[0].u_rr.selected_q$2750' from module `\axi_b_response_router'.
  Removing unused output signal \gen_b_arbiter[0].u_rr.selected_d [0].
  Removing unused output signal \gen_b_arbiter[0].u_rr.selected_d [1].
Optimizing FSM `$fsm$\gen_b_arbiter[2].u_rr.selected_q$2755' from module `\axi_b_response_router'.
  Removing unused output signal \gen_b_arbiter[2].u_rr.selected_d [0].
  Removing unused output signal \gen_b_arbiter[2].u_rr.selected_d [1].
Optimizing FSM `$fsm$\gen_b_arbiter[2].u_rr.pointer_q$2760' from module `\axi_b_response_router'.

3.13.6. Executing FSM_RECODE pass (re-assigning FSM state encoding).
Recoding FSM `$fsm$\gen_b_arbiter[1].u_rr.pointer_q$2741' from module `\axi_b_response_router' using `auto' encoding:
  mapping auto encoding to `one-hot` for this FSM.
  00 -> ---1
  10 -> --1-
  01 -> -1--
  11 -> 1---
Recoding FSM `$fsm$\gen_b_arbiter[0].u_rr.pointer_q$2743' from module `\axi_b_response_router' using `auto' encoding:
  mapping auto encoding to `one-hot` for this FSM.
  00 -> ---1
  10 -> --1-
  01 -> -1--
  11 -> 1---
Recoding FSM `$fsm$\gen_b_arbiter[1].u_rr.selected_q$2745' from module `\axi_b_response_router' using `auto' encoding:
  mapping auto encoding to `one-hot` for this FSM.
  00 -> ---1
  10 -> --1-
  01 -> -1--
  11 -> 1---
Recoding FSM `$fsm$\gen_b_arbiter[0].u_rr.selected_q$2750' from module `\axi_b_response_router' using `auto' encoding:
  mapping auto encoding to `one-hot` for this FSM.
  00 -> ---1
  10 -> --1-
  01 -> -1--
  11 -> 1---
Recoding FSM `$fsm$\gen_b_arbiter[2].u_rr.selected_q$2755' from module `\axi_b_response_router' using `auto' encoding:
  mapping auto encoding to `one-hot` for this FSM.
  00 -> ---1
  10 -> --1-
  01 -> -1--
  11 -> 1---
Recoding FSM `$fsm$\gen_b_arbiter[2].u_rr.pointer_q$2760' from module `\axi_b_response_router' using `auto' encoding:
  mapping auto encoding to `one-hot` for this FSM.
  00 -> ---1
  10 -> --1-
  01 -> -1--
  11 -> 1---

3.13.7. Executing FSM_INFO pass (dumping all available information on FSM cells).

FSM `$fsm$\gen_b_arbiter[1].u_rr.pointer_q$2741' from module `axi_b_response_router':
-------------------------------------

  Information on FSM $fsm$\gen_b_arbiter[1].u_rr.pointer_q$2741 (\gen_b_arbiter[1].u_rr.pointer_q):

  Number of input signals:    5
  Number of output signals:   2
  Number of state bits:       4

  Input signals:
    0: $flatten\gen_b_arbiter[1].u_rr.$procmux$2008_CMP
    1: $flatten\gen_b_arbiter[1].u_rr.$procmux$2007_CMP
    2: $flatten\gen_b_arbiter[1].u_rr.$procmux$2006_CMP
    3: \gen_b_arbiter[1].u_rr.grant_valid_q
    4: \gen_b_arbiter[1].u_rr.downstream_ready

  Output signals:
    0: \gen_b_arbiter[1].u_rr.pointer_d [0]
    1: \gen_b_arbiter[1].u_rr.pointer_d [1]

  State encoding:
    0:     4'---1  <RESET STATE>
    1:     4'--1-
    2:     4'-1--
    3:     4'1---

  Transition Table (state_in, ctrl_in, state_out, ctrl_out):
      0:     0 5'11000   ->     0 2'00
      1:     0 5'-0---   ->     0 2'00
      2:     0 5'01---   ->     0 2'00
      3:     0 5'11-1-   ->     1 2'10
      4:     0 5'11--1   ->     2 2'01
      5:     0 5'111--   ->     3 2'11
      6:     1 5'11000   ->     0 2'00
      7:     1 5'11-1-   ->     1 2'10
      8:     1 5'-0---   ->     1 2'10
      9:     1 5'01---   ->     1 2'10
     10:     1 5'11--1   ->     2 2'01
     11:     1 5'111--   ->     3 2'11
     12:     2 5'11000   ->     0 2'00
     13:     2 5'11-1-   ->     1 2'10
     14:     2 5'11--1   ->     2 2'01
     15:     2 5'-0---   ->     2 2'01
     16:     2 5'01---   ->     2 2'01
     17:     2 5'111--   ->     3 2'11
     18:     3 5'11000   ->     0 2'00
     19:     3 5'11-1-   ->     1 2'10
     20:     3 5'11--1   ->     2 2'01
     21:     3 5'111--   ->     3 2'11
     22:     3 5'-0---   ->     3 2'11
     23:     3 5'01---   ->     3 2'11

-------------------------------------

FSM `$fsm$\gen_b_arbiter[0].u_rr.pointer_q$2743' from module `axi_b_response_router':
-------------------------------------

  Information on FSM $fsm$\gen_b_arbiter[0].u_rr.pointer_q$2743 (\gen_b_arbiter[0].u_rr.pointer_q):

  Number of input signals:    5
  Number of output signals:   2
  Number of state bits:       4

  Input signals:
    0: $flatten\gen_b_arbiter[0].u_rr.$procmux$2008_CMP
    1: $flatten\gen_b_arbiter[0].u_rr.$procmux$2007_CMP
    2: $flatten\gen_b_arbiter[0].u_rr.$procmux$2006_CMP
    3: \gen_b_arbiter[0].u_rr.grant_valid_q
    4: \gen_b_arbiter[0].u_rr.downstream_ready

  Output signals:
    0: \gen_b_arbiter[0].u_rr.pointer_d [0]
    1: \gen_b_arbiter[0].u_rr.pointer_d [1]

  State encoding:
    0:     4'---1  <RESET STATE>
    1:     4'--1-
    2:     4'-1--
    3:     4'1---

  Transition Table (state_in, ctrl_in, state_out, ctrl_out):
      0:     0 5'11000   ->     0 2'00
      1:     0 5'-0---   ->     0 2'00
      2:     0 5'01---   ->     0 2'00
      3:     0 5'11-1-   ->     1 2'10
      4:     0 5'11--1   ->     2 2'01
      5:     0 5'111--   ->     3 2'11
      6:     1 5'11000   ->     0 2'00
      7:     1 5'11-1-   ->     1 2'10
      8:     1 5'-0---   ->     1 2'10
      9:     1 5'01---   ->     1 2'10
     10:     1 5'11--1   ->     2 2'01
     11:     1 5'111--   ->     3 2'11
     12:     2 5'11000   ->     0 2'00
     13:     2 5'11-1-   ->     1 2'10
     14:     2 5'11--1   ->     2 2'01
     15:     2 5'-0---   ->     2 2'01
     16:     2 5'01---   ->     2 2'01
     17:     2 5'111--   ->     3 2'11
     18:     3 5'11000   ->     0 2'00
     19:     3 5'11-1-   ->     1 2'10
     20:     3 5'11--1   ->     2 2'01
     21:     3 5'111--   ->     3 2'11
     22:     3 5'-0---   ->     3 2'11
     23:     3 5'01---   ->     3 2'11

-------------------------------------

FSM `$fsm$\gen_b_arbiter[1].u_rr.selected_q$2745' from module `axi_b_response_router':
-------------------------------------

  Information on FSM $fsm$\gen_b_arbiter[1].u_rr.selected_q$2745 (\gen_b_arbiter[1].u_rr.selected_q):

  Number of input signals:    9
  Number of output signals:   3
  Number of state bits:       4

  Input signals:
    0: $flatten\gen_b_arbiter[1].u_rr.$procmux$2121_CMP
    1: $flatten\gen_b_arbiter[1].u_rr.$procmux$2120_CMP
    2: $flatten\gen_b_arbiter[1].u_rr.$procmux$2119_CMP
    3: \gen_b_arbiter[1].u_rr.grant_valid_q
    4: \gen_b_arbiter[1].u_rr.downstream_ready
    5: \gen_b_arbiter[1].u_rr.request [0]
    6: \gen_b_arbiter[1].u_rr.request [1]
    7: \gen_b_arbiter[1].u_rr.request [2]
    8: \gen_b_arbiter[1].u_rr.request [3]

  Output signals:
    0: $flatten\gen_b_arbiter[1].u_rr.$procmux$2008_CMP
    1: $flatten\gen_b_arbiter[1].u_rr.$procmux$2007_CMP
    2: $flatten\gen_b_arbiter[1].u_rr.$procmux$2006_CMP

  State encoding:
    0:     4'---1  <RESET STATE>
    1:     4'--1-
    2:     4'-1--
    3:     4'1---

  Transition Table (state_in, ctrl_in, state_out, ctrl_out):
      0:     0 9'0000-0000   ->     0 3'001
      1:     0 9'0--1-0000   ->     0 3'001
      2:     0 9'000011000   ->     0 3'001
      3:     0 9'0--111000   ->     0 3'001
      4:     0 9'0000-0--1   ->     0 3'001
      5:     0 9'---1-0--1   ->     0 3'001
      6:     0 9'000011--1   ->     0 3'001
      7:     0 9'---111--1   ->     0 3'001
      8:     0 9'000--0-1-   ->     0 3'001
      9:     0 9'000-11-1-   ->     0 3'001
     10:     0 9'0000-01--   ->     0 3'001
     11:     0 9'00-1-01--   ->     0 3'001
     12:     0 9'0000111--   ->     0 3'001
     13:     0 9'00-1111--   ->     0 3'001
     14:     0 9'----01---   ->     0 3'001
     15:     0 9'0100-0000   ->     1 3'001
     16:     0 9'010011000   ->     1 3'001
     17:     0 9'-100-0--1   ->     1 3'001
     18:     0 9'-10011--1   ->     1 3'001
     19:     0 9'-10--0-1-   ->     1 3'001
     20:     0 9'-10-11-1-   ->     1 3'001
     21:     0 9'-1---01--   ->     1 3'001
     22:     0 9'-1--111--   ->     1 3'001
     23:     0 9'0-10-0000   ->     2 3'001
     24:     0 9'0-1011000   ->     2 3'001
     25:     0 9'--10-0--1   ->     2 3'001
     26:     0 9'--1011--1   ->     2 3'001
     27:     0 9'--1--0-1-   ->     2 3'001
     28:     0 9'--1-11-1-   ->     2 3'001
     29:     0 9'0010-01--   ->     2 3'001
     30:     0 9'0010111--   ->     2 3'001
     31:     0 9'1----0000   ->     3 3'001
     32:     0 9'1---11000   ->     3 3'001
     33:     0 9'1000-0--1   ->     3 3'001
     34:     0 9'100011--1   ->     3 3'001
     35:     0 9'100--0-1-   ->     3 3'001
     36:     0 9'100-11-1-   ->     3 3'001
     37:     0 9'10---01--   ->     3 3'001
     38:     0 9'10--111--   ->     3 3'001
     39:     1 9'0000-0000   ->     0 3'100
     40:     1 9'0--1-0000   ->     0 3'100
     41:     1 9'000011000   ->     0 3'100
     42:     1 9'0--111000   ->     0 3'100
     43:     1 9'0000-0--1   ->     0 3'100
     44:     1 9'---1-0--1   ->     0 3'100
     45:     1 9'000011--1   ->     0 3'100
     46:     1 9'---111--1   ->     0 3'100
     47:     1 9'000--0-1-   ->     0 3'100
     48:     1 9'000-11-1-   ->     0 3'100
     49:     1 9'0000-01--   ->     0 3'100
     50:     1 9'00-1-01--   ->     0 3'100
     51:     1 9'0000111--   ->     0 3'100
     52:     1 9'00-1111--   ->     0 3'100
     53:     1 9'0100-0000   ->     1 3'100
     54:     1 9'010011000   ->     1 3'100
     55:     1 9'-100-0--1   ->     1 3'100
     56:     1 9'-10011--1   ->     1 3'100
     57:     1 9'-10--0-1-   ->     1 3'100
     58:     1 9'-10-11-1-   ->     1 3'100
     59:     1 9'-1---01--   ->     1 3'100
     60:     1 9'-1--111--   ->     1 3'100
     61:     1 9'----01---   ->     1 3'100
     62:     1 9'0-10-0000   ->     2 3'100
     63:     1 9'0-1011000   ->     2 3'100
     64:     1 9'--10-0--1   ->     2 3'100
     65:     1 9'--1011--1   ->     2 3'100
     66:     1 9'--1--0-1-   ->     2 3'100
     67:     1 9'--1-11-1-   ->     2 3'100
     68:     1 9'0010-01--   ->     2 3'100
     69:     1 9'0010111--   ->     2 3'100
     70:     1 9'1----0000   ->     3 3'100
     71:     1 9'1---11000   ->     3 3'100
     72:     1 9'1000-0--1   ->     3 3'100
     73:     1 9'100011--1   ->     3 3'100
     74:     1 9'100--0-1-   ->     3 3'100
     75:     1 9'100-11-1-   ->     3 3'100
     76:     1 9'10---01--   ->     3 3'100
     77:     1 9'10--111--   ->     3 3'100
     78:     2 9'0000-0000   ->     0 3'010
     79:     2 9'0--1-0000   ->     0 3'010
     80:     2 9'000011000   ->     0 3'010
     81:     2 9'0--111000   ->     0 3'010
     82:     2 9'0000-0--1   ->     0 3'010
     83:     2 9'---1-0--1   ->     0 3'010
     84:     2 9'000011--1   ->     0 3'010
     85:     2 9'---111--1   ->     0 3'010
     86:     2 9'000--0-1-   ->     0 3'010
     87:     2 9'000-11-1-   ->     0 3'010
     88:     2 9'0000-01--   ->     0 3'010
     89:     2 9'00-1-01--   ->     0 3'010
     90:     2 9'0000111--   ->     0 3'010
     91:     2 9'00-1111--   ->     0 3'010
     92:     2 9'0100-0000   ->     1 3'010
     93:     2 9'010011000   ->     1 3'010
     94:     2 9'-100-0--1   ->     1 3'010
     95:     2 9'-10011--1   ->     1 3'010
     96:     2 9'-10--0-1-   ->     1 3'010
     97:     2 9'-10-11-1-   ->     1 3'010
     98:     2 9'-1---01--   ->     1 3'010
     99:     2 9'-1--111--   ->     1 3'010
    100:     2 9'0-10-0000   ->     2 3'010
    101:     2 9'0-1011000   ->     2 3'010
    102:     2 9'--10-0--1   ->     2 3'010
    103:     2 9'--1011--1   ->     2 3'010
    104:     2 9'--1--0-1-   ->     2 3'010
    105:     2 9'--1-11-1-   ->     2 3'010
    106:     2 9'0010-01--   ->     2 3'010
    107:     2 9'0010111--   ->     2 3'010
    108:     2 9'----01---   ->     2 3'010
    109:     2 9'1----0000   ->     3 3'010
    110:     2 9'1---11000   ->     3 3'010
    111:     2 9'1000-0--1   ->     3 3'010
    112:     2 9'100011--1   ->     3 3'010
    113:     2 9'100--0-1-   ->     3 3'010
    114:     2 9'100-11-1-   ->     3 3'010
    115:     2 9'10---01--   ->     3 3'010
    116:     2 9'10--111--   ->     3 3'010
    117:     3 9'0000-0000   ->     0 3'000
    118:     3 9'0--1-0000   ->     0 3'000
    119:     3 9'000011000   ->     0 3'000
    120:     3 9'0--111000   ->     0 3'000
    121:     3 9'0000-0--1   ->     0 3'000
    122:     3 9'---1-0--1   ->     0 3'000
    123:     3 9'000011--1   ->     0 3'000
    124:     3 9'---111--1   ->     0 3'000
    125:     3 9'000--0-1-   ->     0 3'000
    126:     3 9'000-11-1-   ->     0 3'000
    127:     3 9'0000-01--   ->     0 3'000
    128:     3 9'00-1-01--   ->     0 3'000
    129:     3 9'0000111--   ->     0 3'000
    130:     3 9'00-1111--   ->     0 3'000
    131:     3 9'0100-0000   ->     1 3'000
    132:     3 9'010011000   ->     1 3'000
    133:     3 9'-100-0--1   ->     1 3'000
    134:     3 9'-10011--1   ->     1 3'000
    135:     3 9'-10--0-1-   ->     1 3'000
    136:     3 9'-10-11-1-   ->     1 3'000
    137:     3 9'-1---01--   ->     1 3'000
    138:     3 9'-1--111--   ->     1 3'000
    139:     3 9'0-10-0000   ->     2 3'000
    140:     3 9'0-1011000   ->     2 3'000
    141:     3 9'--10-0--1   ->     2 3'000
    142:     3 9'--1011--1   ->     2 3'000
    143:     3 9'--1--0-1-   ->     2 3'000
    144:     3 9'--1-11-1-   ->     2 3'000
    145:     3 9'0010-01--   ->     2 3'000
    146:     3 9'0010111--   ->     2 3'000
    147:     3 9'1----0000   ->     3 3'000
    148:     3 9'1---11000   ->     3 3'000
    149:     3 9'1000-0--1   ->     3 3'000
    150:     3 9'100011--1   ->     3 3'000
    151:     3 9'100--0-1-   ->     3 3'000
    152:     3 9'100-11-1-   ->     3 3'000
    153:     3 9'10---01--   ->     3 3'000
    154:     3 9'10--111--   ->     3 3'000
    155:     3 9'----01---   ->     3 3'000

-------------------------------------

FSM `$fsm$\gen_b_arbiter[0].u_rr.selected_q$2750' from module `axi_b_response_router':
-------------------------------------

  Information on FSM $fsm$\gen_b_arbiter[0].u_rr.selected_q$2750 (\gen_b_arbiter[0].u_rr.selected_q):

  Number of input signals:    9
  Number of output signals:   3
  Number of state bits:       4

  Input signals:
    0: $flatten\gen_b_arbiter[0].u_rr.$procmux$2121_CMP
    1: $flatten\gen_b_arbiter[0].u_rr.$procmux$2120_CMP
    2: $flatten\gen_b_arbiter[0].u_rr.$procmux$2119_CMP
    3: \gen_b_arbiter[0].u_rr.grant_valid_q
    4: \gen_b_arbiter[0].u_rr.downstream_ready
    5: \gen_b_arbiter[0].u_rr.request [0]
    6: \gen_b_arbiter[0].u_rr.request [1]
    7: \gen_b_arbiter[0].u_rr.request [2]
    8: \gen_b_arbiter[0].u_rr.request [3]

  Output signals:
    0: $flatten\gen_b_arbiter[0].u_rr.$procmux$2008_CMP
    1: $flatten\gen_b_arbiter[0].u_rr.$procmux$2007_CMP
    2: $flatten\gen_b_arbiter[0].u_rr.$procmux$2006_CMP

  State encoding:
    0:     4'---1  <RESET STATE>
    1:     4'--1-
    2:     4'-1--
    3:     4'1---

  Transition Table (state_in, ctrl_in, state_out, ctrl_out):
      0:     0 9'0000-0000   ->     0 3'001
      1:     0 9'0--1-0000   ->     0 3'001
      2:     0 9'000011000   ->     0 3'001
      3:     0 9'0--111000   ->     0 3'001
      4:     0 9'0000-0--1   ->     0 3'001
      5:     0 9'---1-0--1   ->     0 3'001
      6:     0 9'000011--1   ->     0 3'001
      7:     0 9'---111--1   ->     0 3'001
      8:     0 9'000--0-1-   ->     0 3'001
      9:     0 9'000-11-1-   ->     0 3'001
     10:     0 9'0000-01--   ->     0 3'001
     11:     0 9'00-1-01--   ->     0 3'001
     12:     0 9'0000111--   ->     0 3'001
     13:     0 9'00-1111--   ->     0 3'001
     14:     0 9'----01---   ->     0 3'001
     15:     0 9'0100-0000   ->     1 3'001
     16:     0 9'010011000   ->     1 3'001
     17:     0 9'-100-0--1   ->     1 3'001
     18:     0 9'-10011--1   ->     1 3'001
     19:     0 9'-10--0-1-   ->     1 3'001
     20:     0 9'-10-11-1-   ->     1 3'001
     21:     0 9'-1---01--   ->     1 3'001
     22:     0 9'-1--111--   ->     1 3'001
     23:     0 9'0-10-0000   ->     2 3'001
     24:     0 9'0-1011000   ->     2 3'001
     25:     0 9'--10-0--1   ->     2 3'001
     26:     0 9'--1011--1   ->     2 3'001
     27:     0 9'--1--0-1-   ->     2 3'001
     28:     0 9'--1-11-1-   ->     2 3'001
     29:     0 9'0010-01--   ->     2 3'001
     30:     0 9'0010111--   ->     2 3'001
     31:     0 9'1----0000   ->     3 3'001
     32:     0 9'1---11000   ->     3 3'001
     33:     0 9'1000-0--1   ->     3 3'001
     34:     0 9'100011--1   ->     3 3'001
     35:     0 9'100--0-1-   ->     3 3'001
     36:     0 9'100-11-1-   ->     3 3'001
     37:     0 9'10---01--   ->     3 3'001
     38:     0 9'10--111--   ->     3 3'001
     39:     1 9'0000-0000   ->     0 3'100
     40:     1 9'0--1-0000   ->     0 3'100
     41:     1 9'000011000   ->     0 3'100
     42:     1 9'0--111000   ->     0 3'100
     43:     1 9'0000-0--1   ->     0 3'100
     44:     1 9'---1-0--1   ->     0 3'100
     45:     1 9'000011--1   ->     0 3'100
     46:     1 9'---111--1   ->     0 3'100
     47:     1 9'000--0-1-   ->     0 3'100
     48:     1 9'000-11-1-   ->     0 3'100
     49:     1 9'0000-01--   ->     0 3'100
     50:     1 9'00-1-01--   ->     0 3'100
     51:     1 9'0000111--   ->     0 3'100
     52:     1 9'00-1111--   ->     0 3'100
     53:     1 9'0100-0000   ->     1 3'100
     54:     1 9'010011000   ->     1 3'100
     55:     1 9'-100-0--1   ->     1 3'100
     56:     1 9'-10011--1   ->     1 3'100
     57:     1 9'-10--0-1-   ->     1 3'100
     58:     1 9'-10-11-1-   ->     1 3'100
     59:     1 9'-1---01--   ->     1 3'100
     60:     1 9'-1--111--   ->     1 3'100
     61:     1 9'----01---   ->     1 3'100
     62:     1 9'0-10-0000   ->     2 3'100
     63:     1 9'0-1011000   ->     2 3'100
     64:     1 9'--10-0--1   ->     2 3'100
     65:     1 9'--1011--1   ->     2 3'100
     66:     1 9'--1--0-1-   ->     2 3'100
     67:     1 9'--1-11-1-   ->     2 3'100
     68:     1 9'0010-01--   ->     2 3'100
     69:     1 9'0010111--   ->     2 3'100
     70:     1 9'1----0000   ->     3 3'100
     71:     1 9'1---11000   ->     3 3'100
     72:     1 9'1000-0--1   ->     3 3'100
     73:     1 9'100011--1   ->     3 3'100
     74:     1 9'100--0-1-   ->     3 3'100
     75:     1 9'100-11-1-   ->     3 3'100
     76:     1 9'10---01--   ->     3 3'100
     77:     1 9'10--111--   ->     3 3'100
     78:     2 9'0000-0000   ->     0 3'010
     79:     2 9'0--1-0000   ->     0 3'010
     80:     2 9'000011000   ->     0 3'010
     81:     2 9'0--111000   ->     0 3'010
     82:     2 9'0000-0--1   ->     0 3'010
     83:     2 9'---1-0--1   ->     0 3'010
     84:     2 9'000011--1   ->     0 3'010
     85:     2 9'---111--1   ->     0 3'010
     86:     2 9'000--0-1-   ->     0 3'010
     87:     2 9'000-11-1-   ->     0 3'010
     88:     2 9'0000-01--   ->     0 3'010
     89:     2 9'00-1-01--   ->     0 3'010
     90:     2 9'0000111--   ->     0 3'010
     91:     2 9'00-1111--   ->     0 3'010
     92:     2 9'0100-0000   ->     1 3'010
     93:     2 9'010011000   ->     1 3'010
     94:     2 9'-100-0--1   ->     1 3'010
     95:     2 9'-10011--1   ->     1 3'010
     96:     2 9'-10--0-1-   ->     1 3'010
     97:     2 9'-10-11-1-   ->     1 3'010
     98:     2 9'-1---01--   ->     1 3'010
     99:     2 9'-1--111--   ->     1 3'010
    100:     2 9'0-10-0000   ->     2 3'010
    101:     2 9'0-1011000   ->     2 3'010
    102:     2 9'--10-0--1   ->     2 3'010
    103:     2 9'--1011--1   ->     2 3'010
    104:     2 9'--1--0-1-   ->     2 3'010
    105:     2 9'--1-11-1-   ->     2 3'010
    106:     2 9'0010-01--   ->     2 3'010
    107:     2 9'0010111--   ->     2 3'010
    108:     2 9'----01---   ->     2 3'010
    109:     2 9'1----0000   ->     3 3'010
    110:     2 9'1---11000   ->     3 3'010
    111:     2 9'1000-0--1   ->     3 3'010
    112:     2 9'100011--1   ->     3 3'010
    113:     2 9'100--0-1-   ->     3 3'010
    114:     2 9'100-11-1-   ->     3 3'010
    115:     2 9'10---01--   ->     3 3'010
    116:     2 9'10--111--   ->     3 3'010
    117:     3 9'0000-0000   ->     0 3'000
    118:     3 9'0--1-0000   ->     0 3'000
    119:     3 9'000011000   ->     0 3'000
    120:     3 9'0--111000   ->     0 3'000
    121:     3 9'0000-0--1   ->     0 3'000
    122:     3 9'---1-0--1   ->     0 3'000
    123:     3 9'000011--1   ->     0 3'000
    124:     3 9'---111--1   ->     0 3'000
    125:     3 9'000--0-1-   ->     0 3'000
    126:     3 9'000-11-1-   ->     0 3'000
    127:     3 9'0000-01--   ->     0 3'000
    128:     3 9'00-1-01--   ->     0 3'000
    129:     3 9'0000111--   ->     0 3'000
    130:     3 9'00-1111--   ->     0 3'000
    131:     3 9'0100-0000   ->     1 3'000
    132:     3 9'010011000   ->     1 3'000
    133:     3 9'-100-0--1   ->     1 3'000
    134:     3 9'-10011--1   ->     1 3'000
    135:     3 9'-10--0-1-   ->     1 3'000
    136:     3 9'-10-11-1-   ->     1 3'000
    137:     3 9'-1---01--   ->     1 3'000
    138:     3 9'-1--111--   ->     1 3'000
    139:     3 9'0-10-0000   ->     2 3'000
    140:     3 9'0-1011000   ->     2 3'000
    141:     3 9'--10-0--1   ->     2 3'000
    142:     3 9'--1011--1   ->     2 3'000
    143:     3 9'--1--0-1-   ->     2 3'000
    144:     3 9'--1-11-1-   ->     2 3'000
    145:     3 9'0010-01--   ->     2 3'000
    146:     3 9'0010111--   ->     2 3'000
    147:     3 9'1----0000   ->     3 3'000
    148:     3 9'1---11000   ->     3 3'000
    149:     3 9'1000-0--1   ->     3 3'000
    150:     3 9'100011--1   ->     3 3'000
    151:     3 9'100--0-1-   ->     3 3'000
    152:     3 9'100-11-1-   ->     3 3'000
    153:     3 9'10---01--   ->     3 3'000
    154:     3 9'10--111--   ->     3 3'000
    155:     3 9'----01---   ->     3 3'000

-------------------------------------

FSM `$fsm$\gen_b_arbiter[2].u_rr.selected_q$2755' from module `axi_b_response_router':
-------------------------------------

  Information on FSM $fsm$\gen_b_arbiter[2].u_rr.selected_q$2755 (\gen_b_arbiter[2].u_rr.selected_q):

  Number of input signals:    9
  Number of output signals:   3
  Number of state bits:       4

  Input signals:
    0: $flatten\gen_b_arbiter[2].u_rr.$procmux$2121_CMP
    1: $flatten\gen_b_arbiter[2].u_rr.$procmux$2120_CMP
    2: $flatten\gen_b_arbiter[2].u_rr.$procmux$2119_CMP
    3: \gen_b_arbiter[2].u_rr.grant_valid_q
    4: \gen_b_arbiter[2].u_rr.downstream_ready
    5: \gen_b_arbiter[2].u_rr.request [0]
    6: \gen_b_arbiter[2].u_rr.request [1]
    7: \gen_b_arbiter[2].u_rr.request [2]
    8: \gen_b_arbiter[2].u_rr.request [3]

  Output signals:
    0: $flatten\gen_b_arbiter[2].u_rr.$procmux$2008_CMP
    1: $flatten\gen_b_arbiter[2].u_rr.$procmux$2007_CMP
    2: $flatten\gen_b_arbiter[2].u_rr.$procmux$2006_CMP

  State encoding:
    0:     4'---1  <RESET STATE>
    1:     4'--1-
    2:     4'-1--
    3:     4'1---

  Transition Table (state_in, ctrl_in, state_out, ctrl_out):
      0:     0 9'0000-0000   ->     0 3'001
      1:     0 9'0--1-0000   ->     0 3'001
      2:     0 9'000-11--0   ->     0 3'001
      3:     0 9'0000-0--1   ->     0 3'001
      4:     0 9'---1-0--1   ->     0 3'001
      5:     0 9'000--0-1-   ->     0 3'001
      6:     0 9'0000-01--   ->     0 3'001
      7:     0 9'00-1-01--   ->     0 3'001
      8:     0 9'----01---   ->     0 3'001
      9:     0 9'0100-0000   ->     1 3'001
     10:     0 9'-10-11--0   ->     1 3'001
     11:     0 9'-100-0--1   ->     1 3'001
     12:     0 9'-10--0-1-   ->     1 3'001
     13:     0 9'-1---01--   ->     1 3'001
     14:     0 9'0-10-0000   ->     2 3'001
     15:     0 9'--1-11--0   ->     2 3'001
     16:     0 9'--10-0--1   ->     2 3'001
     17:     0 9'--1--0-1-   ->     2 3'001
     18:     0 9'0010-01--   ->     2 3'001
     19:     0 9'1----0000   ->     3 3'001
     20:     0 9'100-11--0   ->     3 3'001
     21:     0 9'1000-0--1   ->     3 3'001
     22:     0 9'100--0-1-   ->     3 3'001
     23:     0 9'10---01--   ->     3 3'001
     24:     1 9'0000-0000   ->     0 3'100
     25:     1 9'0--1-0000   ->     0 3'100
     26:     1 9'0000-0--1   ->     0 3'100
     27:     1 9'---1-0--1   ->     0 3'100
     28:     1 9'000--0-1-   ->     0 3'100
     29:     1 9'0000-01--   ->     0 3'100
     30:     1 9'00-1-01--   ->     0 3'100
     31:     1 9'000011---   ->     0 3'100
     32:     1 9'0--111---   ->     0 3'100
     33:     1 9'0100-0000   ->     1 3'100
     34:     1 9'-100-0--1   ->     1 3'100
     35:     1 9'-10--0-1-   ->     1 3'100
     36:     1 9'-1---01--   ->     1 3'100
     37:     1 9'----01---   ->     1 3'100
     38:     1 9'010011---   ->     1 3'100
     39:     1 9'0-10-0000   ->     2 3'100
     40:     1 9'--10-0--1   ->     2 3'100
     41:     1 9'--1--0-1-   ->     2 3'100
     42:     1 9'0010-01--   ->     2 3'100
     43:     1 9'0-1011---   ->     2 3'100
     44:     1 9'1----0000   ->     3 3'100
     45:     1 9'1000-0--1   ->     3 3'100
     46:     1 9'100--0-1-   ->     3 3'100
     47:     1 9'10---01--   ->     3 3'100
     48:     1 9'1---11---   ->     3 3'100
     49:     2 9'0000-0000   ->     0 3'010
     50:     2 9'0--1-0000   ->     0 3'010
     51:     2 9'000011-00   ->     0 3'010
     52:     2 9'00-111-00   ->     0 3'010
     53:     2 9'0000-0--1   ->     0 3'010
     54:     2 9'---1-0--1   ->     0 3'010
     55:     2 9'000--0-1-   ->     0 3'010
     56:     2 9'0000-01--   ->     0 3'010
     57:     2 9'00-1-01--   ->     0 3'010
     58:     2 9'0100-0000   ->     1 3'010
     59:     2 9'-1--11-00   ->     1 3'010
     60:     2 9'-100-0--1   ->     1 3'010
     61:     2 9'-10--0-1-   ->     1 3'010
     62:     2 9'-1---01--   ->     1 3'010
     63:     2 9'0-10-0000   ->     2 3'010
     64:     2 9'001011-00   ->     2 3'010
     65:     2 9'--10-0--1   ->     2 3'010
     66:     2 9'--1--0-1-   ->     2 3'010
     67:     2 9'0010-01--   ->     2 3'010
     68:     2 9'----01---   ->     2 3'010
     69:     2 9'1----0000   ->     3 3'010
     70:     2 9'10--11-00   ->     3 3'010
     71:     2 9'1000-0--1   ->     3 3'010
     72:     2 9'100--0-1-   ->     3 3'010
     73:     2 9'10---01--   ->     3 3'010
     74:     3 9'0000-0000   ->     0 3'000
     75:     3 9'0--1-0000   ->     0 3'000
     76:     3 9'0000-0--1   ->     0 3'000
     77:     3 9'---1-0--1   ->     0 3'000
     78:     3 9'000--0-1-   ->     0 3'000
     79:     3 9'0000-01--   ->     0 3'000
     80:     3 9'00-1-01--   ->     0 3'000
     81:     3 9'000011---   ->     0 3'000
     82:     3 9'---111---   ->     0 3'000
     83:     3 9'0100-0000   ->     1 3'000
     84:     3 9'-100-0--1   ->     1 3'000
     85:     3 9'-10--0-1-   ->     1 3'000
     86:     3 9'-1---01--   ->     1 3'000
     87:     3 9'-10011---   ->     1 3'000
     88:     3 9'0-10-0000   ->     2 3'000
     89:     3 9'--10-0--1   ->     2 3'000
     90:     3 9'--1--0-1-   ->     2 3'000
     91:     3 9'0010-01--   ->     2 3'000
     92:     3 9'--1011---   ->     2 3'000
     93:     3 9'1----0000   ->     3 3'000
     94:     3 9'1000-0--1   ->     3 3'000
     95:     3 9'100--0-1-   ->     3 3'000
     96:     3 9'10---01--   ->     3 3'000
     97:     3 9'----01---   ->     3 3'000
     98:     3 9'100011---   ->     3 3'000

-------------------------------------

FSM `$fsm$\gen_b_arbiter[2].u_rr.pointer_q$2760' from module `axi_b_response_router':
-------------------------------------

  Information on FSM $fsm$\gen_b_arbiter[2].u_rr.pointer_q$2760 (\gen_b_arbiter[2].u_rr.pointer_q):

  Number of input signals:    5
  Number of output signals:   2
  Number of state bits:       4

  Input signals:
    0: $flatten\gen_b_arbiter[2].u_rr.$procmux$2008_CMP
    1: $flatten\gen_b_arbiter[2].u_rr.$procmux$2007_CMP
    2: $flatten\gen_b_arbiter[2].u_rr.$procmux$2006_CMP
    3: \gen_b_arbiter[2].u_rr.grant_valid_q
    4: \gen_b_arbiter[2].u_rr.downstream_ready

  Output signals:
    0: \gen_b_arbiter[2].u_rr.pointer_d [0]
    1: \gen_b_arbiter[2].u_rr.pointer_d [1]

  State encoding:
    0:     4'---1  <RESET STATE>
    1:     4'--1-
    2:     4'-1--
    3:     4'1---

  Transition Table (state_in, ctrl_in, state_out, ctrl_out):
      0:     0 5'11000   ->     0 2'00
      1:     0 5'-0---   ->     0 2'00
      2:     0 5'01---   ->     0 2'00
      3:     0 5'11-1-   ->     1 2'10
      4:     0 5'11--1   ->     2 2'01
      5:     0 5'111--   ->     3 2'11
      6:     1 5'11000   ->     0 2'00
      7:     1 5'11-1-   ->     1 2'10
      8:     1 5'-0---   ->     1 2'10
      9:     1 5'01---   ->     1 2'10
     10:     1 5'11--1   ->     2 2'01
     11:     1 5'111--   ->     3 2'11
     12:     2 5'11000   ->     0 2'00
     13:     2 5'11-1-   ->     1 2'10
     14:     2 5'11--1   ->     2 2'01
     15:     2 5'-0---   ->     2 2'01
     16:     2 5'01---   ->     2 2'01
     17:     2 5'111--   ->     3 2'11
     18:     3 5'11000   ->     0 2'00
     19:     3 5'11-1-   ->     1 2'10
     20:     3 5'11--1   ->     2 2'01
     21:     3 5'111--   ->     3 2'11
     22:     3 5'-0---   ->     3 2'11
     23:     3 5'01---   ->     3 2'11

-------------------------------------

3.13.8. Executing FSM_MAP pass (mapping FSMs to basic logic).
Mapping FSM `$fsm$\gen_b_arbiter[1].u_rr.pointer_q$2741' from module `\axi_b_response_router'.
Mapping FSM `$fsm$\gen_b_arbiter[0].u_rr.pointer_q$2743' from module `\axi_b_response_router'.
Mapping FSM `$fsm$\gen_b_arbiter[1].u_rr.selected_q$2745' from module `\axi_b_response_router'.
Mapping FSM `$fsm$\gen_b_arbiter[0].u_rr.selected_q$2750' from module `\axi_b_response_router'.
Mapping FSM `$fsm$\gen_b_arbiter[2].u_rr.selected_q$2755' from module `\axi_b_response_router'.
Mapping FSM `$fsm$\gen_b_arbiter[2].u_rr.pointer_q$2760' from module `\axi_b_response_router'.

3.14. Executing OPT pass (performing simple optimizations).

3.14.1. Executing OPT_EXPR pass (perform const folding).
Optimizing module axi_b_response_router.
<suppressed ~21 debug messages>

3.14.2. Executing OPT_MERGE pass (detect identical cells).
Finding identical cells in module `\axi_b_response_router'.
Computing hashes of 687 cells of `\axi_b_response_router'.
Finding duplicate cells in `\axi_b_response_router'.
Computing hashes of 627 cells of `\axi_b_response_router'.
Finding duplicate cells in `\axi_b_response_router'.
<suppressed ~180 debug messages>
Removed a total of 60 cells.

3.14.3. Executing OPT_MUXTREE pass (detect dead branches in mux trees).
Running muxtree optimizer on module \axi_b_response_router..
  Creating internal representation of mux trees.
  Evaluating internal representation of mux trees.
  Analyzing evaluation results.
Removed 0 multiplexer ports.
<suppressed ~613 debug messages>

3.14.4. Executing OPT_REDUCE pass (consolidate $*mux and $reduce_* inputs).
  Optimizing cells in module \axi_b_response_router.
Performed a total of 0 changes.

3.14.5. Executing OPT_MERGE pass (detect identical cells).
Finding identical cells in module `\axi_b_response_router'.
Computing hashes of 627 cells of `\axi_b_response_router'.
Finding duplicate cells in `\axi_b_response_router'.
Removed a total of 0 cells.

3.14.6. Executing OPT_DFF pass (perform DFF optimizations).
Adding EN signal on $procdff$2697 ($adff) from module axi_b_response_router (D = $0\slot_bresp_q[5:0] [1:0], Q = \slot_bresp_q [1:0]).
Adding EN signal on $procdff$2697 ($adff) from module axi_b_response_router (D = $0\slot_bresp_q[5:0] [3:2], Q = \slot_bresp_q [3:2]).
Adding EN signal on $procdff$2697 ($adff) from module axi_b_response_router (D = $0\slot_bresp_q[5:0] [5:4], Q = \slot_bresp_q [5:4]).
Adding EN signal on $procdff$2692 ($adff) from module axi_b_response_router (D = $0\slot_bid_q[11:0] [3:0], Q = \slot_bid_q [3:0]).
Adding EN signal on $procdff$2692 ($adff) from module axi_b_response_router (D = $0\slot_bid_q[11:0] [7:4], Q = \slot_bid_q [7:4]).
Adding EN signal on $procdff$2692 ($adff) from module axi_b_response_router (D = $0\slot_bid_q[11:0] [11:8], Q = \slot_bid_q [11:8]).
Adding EN signal on $procdff$2687 ($adff) from module axi_b_response_router (D = $0\slot_valid[2:0] [0], Q = \slot_valid [0]).
Adding EN signal on $procdff$2687 ($adff) from module axi_b_response_router (D = $0\slot_valid[2:0] [1], Q = \slot_valid [1]).
Adding EN signal on $procdff$2687 ($adff) from module axi_b_response_router (D = $0\slot_valid[2:0] [2], Q = \slot_valid [2]).
Adding EN signal on $procdff$2702 ($adff) from module axi_b_response_router (D = $0\slot_source_q[5:0] [1:0], Q = \slot_source_q [1:0]).
Adding EN signal on $procdff$2702 ($adff) from module axi_b_response_router (D = $0\slot_source_q[5:0] [3:2], Q = \slot_source_q [3:2]).
Adding EN signal on $procdff$2702 ($adff) from module axi_b_response_router (D = $0\slot_source_q[5:0] [5:4], Q = \slot_source_q [5:4]).
Adding EN signal on $flatten\gen_b_arbiter[1].u_rr.$procdff$2719 ($adff) from module axi_b_response_router (D = \gen_b_arbiter[1].u_rr.grant_d, Q = \gen_b_arbiter[1].u_rr.grant_q).
Adding EN signal on $flatten\gen_b_arbiter[0].u_rr.$procdff$2719 ($adff) from module axi_b_response_router (D = \gen_b_arbiter[0].u_rr.grant_d, Q = \gen_b_arbiter[0].u_rr.grant_q).
Adding EN signal on $flatten\gen_b_arbiter[2].u_rr.$procdff$2719 ($adff) from module axi_b_response_router (D = \gen_b_arbiter[2].u_rr.grant_d, Q = \gen_b_arbiter[2].u_rr.grant_q).

3.14.7. Executing OPT_CLEAN pass (remove unused cells and wires).
Finding unused cells or wires in module \axi_b_response_router..
Removed 0 unused cells and 84 unused wires.
<suppressed ~4 debug messages>

3.14.8. Executing OPT_EXPR pass (perform const folding).
Optimizing module axi_b_response_router.
<suppressed ~12 debug messages>

3.14.9. Rerunning OPT passes. (Maybe there is more to do..)

3.14.10. Executing OPT_MUXTREE pass (detect dead branches in mux trees).
Running muxtree optimizer on module \axi_b_response_router..
  Creating internal representation of mux trees.
  Evaluating internal representation of mux trees.
  Analyzing evaluation results.
Removed 0 multiplexer ports.
<suppressed ~613 debug messages>

3.14.11. Executing OPT_REDUCE pass (consolidate $*mux and $reduce_* inputs).
  Optimizing cells in module \axi_b_response_router.
Performed a total of 0 changes.

3.14.12. Executing OPT_MERGE pass (detect identical cells).
Finding identical cells in module `\axi_b_response_router'.
Computing hashes of 650 cells of `\axi_b_response_router'.
Finding duplicate cells in `\axi_b_response_router'.
Computing hashes of 641 cells of `\axi_b_response_router'.
Finding duplicate cells in `\axi_b_response_router'.
<suppressed ~27 debug messages>
Removed a total of 9 cells.

3.14.13. Executing OPT_DFF pass (perform DFF optimizations).

3.14.14. Executing OPT_CLEAN pass (remove unused cells and wires).
Finding unused cells or wires in module \axi_b_response_router..
Removed 0 unused cells and 9 unused wires.
<suppressed ~1 debug messages>

3.14.15. Executing OPT_EXPR pass (perform const folding).
Optimizing module axi_b_response_router.

3.14.16. Rerunning OPT passes. (Maybe there is more to do..)

3.14.17. Executing OPT_MUXTREE pass (detect dead branches in mux trees).
Running muxtree optimizer on module \axi_b_response_router..
  Creating internal representation of mux trees.
  Evaluating internal representation of mux trees.
  Analyzing evaluation results.
Removed 0 multiplexer ports.
<suppressed ~613 debug messages>

3.14.18. Executing OPT_REDUCE pass (consolidate $*mux and $reduce_* inputs).
  Optimizing cells in module \axi_b_response_router.
Performed a total of 0 changes.

3.14.19. Executing OPT_MERGE pass (detect identical cells).
Finding identical cells in module `\axi_b_response_router'.
Computing hashes of 641 cells of `\axi_b_response_router'.
Finding duplicate cells in `\axi_b_response_router'.
Removed a total of 0 cells.

3.14.20. Executing OPT_DFF pass (perform DFF optimizations).

3.14.21. Executing OPT_CLEAN pass (remove unused cells and wires).
Finding unused cells or wires in module \axi_b_response_router..

3.14.22. Executing OPT_EXPR pass (perform const folding).
Optimizing module axi_b_response_router.

3.14.23. Finished fast OPT passes. (There is nothing left to do.)

3.15. Executing WREDUCE pass (reducing word size of cells).
Removed top 1 bits (of 2) from port B of cell axi_b_response_router.$auto$simple.cc:194:make_patterns_logic$3384 ($ne).
Removed top 1 bits (of 2) from port B of cell axi_b_response_router.$auto$simple.cc:194:make_patterns_logic$3381 ($ne).
Removed top 1 bits (of 2) from port B of cell axi_b_response_router.$auto$simple.cc:194:make_patterns_logic$3378 ($ne).
Removed top 1 bits (of 2) from port B of cell axi_b_response_router.$auto$fsm_map.cc:77:implement_pattern_cache$3334 ($eq).
Removed top 1 bits (of 5) from port B of cell axi_b_response_router.$auto$fsm_map.cc:77:implement_pattern_cache$3221 ($eq).
Removed top 2 bits (of 6) from port B of cell axi_b_response_router.$auto$fsm_map.cc:77:implement_pattern_cache$3215 ($eq).
Removed top 2 bits (of 8) from port B of cell axi_b_response_router.$auto$fsm_map.cc:77:implement_pattern_cache$3205 ($eq).
Removed top 1 bits (of 7) from port B of cell axi_b_response_router.$auto$fsm_map.cc:77:implement_pattern_cache$3203 ($eq).
Removed top 1 bits (of 6) from port B of cell axi_b_response_router.$auto$fsm_map.cc:77:implement_pattern_cache$3194 ($eq).
Removed top 1 bits (of 8) from port B of cell axi_b_response_router.$auto$fsm_map.cc:77:implement_pattern_cache$3174 ($eq).
Removed top 1 bits (of 4) from port B of cell axi_b_response_router.$auto$fsm_map.cc:77:implement_pattern_cache$3165 ($eq).
Removed top 4 bits (of 6) from port B of cell axi_b_response_router.$auto$fsm_map.cc:77:implement_pattern_cache$3159 ($eq).
Removed top 2 bits (of 5) from port B of cell axi_b_response_router.$auto$fsm_map.cc:77:implement_pattern_cache$3153 ($eq).
Removed top 5 bits (of 6) from port B of cell axi_b_response_router.$auto$fsm_map.cc:77:implement_pattern_cache$3151 ($eq).
Removed top 4 bits (of 5) from port B of cell axi_b_response_router.$auto$fsm_map.cc:77:implement_pattern_cache$3149 ($eq).
Removed top 5 bits (of 6) from port B of cell axi_b_response_router.$auto$fsm_map.cc:77:implement_pattern_cache$3145 ($eq).
Removed top 3 bits (of 6) from port B of cell axi_b_response_router.$auto$fsm_map.cc:77:implement_pattern_cache$3141 ($eq).
Removed top 2 bits (of 7) from port B of cell axi_b_response_router.$auto$fsm_map.cc:77:implement_pattern_cache$3137 ($eq).
Removed top 4 bits (of 8) from port B of cell axi_b_response_router.$auto$fsm_map.cc:77:implement_pattern_cache$3135 ($eq).
Removed top 1 bits (of 6) from port B of cell axi_b_response_router.$auto$fsm_map.cc:77:implement_pattern_cache$3133 ($eq).
Removed top 1 bits (of 2) from port B of cell axi_b_response_router.$auto$fsm_map.cc:77:implement_pattern_cache$3122 ($eq).
Removed top 2 bits (of 7) from port B of cell axi_b_response_router.$auto$fsm_map.cc:77:implement_pattern_cache$3099 ($eq).
Removed top 2 bits (of 6) from port B of cell axi_b_response_router.$auto$fsm_map.cc:77:implement_pattern_cache$3097 ($eq).
Removed top 1 bits (of 8) from port B of cell axi_b_response_router.$auto$fsm_map.cc:77:implement_pattern_cache$3087 ($eq).
Removed top 1 bits (of 7) from port B of cell axi_b_response_router.$auto$fsm_map.cc:77:implement_pattern_cache$3085 ($eq).
Removed top 1 bits (of 9) from port B of cell axi_b_response_router.$auto$fsm_map.cc:77:implement_pattern_cache$3066 ($eq).
Removed top 1 bits (of 8) from port B of cell axi_b_response_router.$auto$fsm_map.cc:77:implement_pattern_cache$3064 ($eq).
Removed top 2 bits (of 6) from port B of cell axi_b_response_router.$auto$fsm_map.cc:77:implement_pattern_cache$3057 ($eq).
Removed top 4 bits (of 7) from port B of cell axi_b_response_router.$auto$fsm_map.cc:77:implement_pattern_cache$3055 ($eq).
Removed top 2 bits (of 5) from port B of cell axi_b_response_router.$auto$fsm_map.cc:77:implement_pattern_cache$3053 ($eq).
Removed top 5 bits (of 6) from port B of cell axi_b_response_router.$auto$fsm_map.cc:77:implement_pattern_cache$3051 ($eq).
Removed top 3 bits (of 6) from port B of cell axi_b_response_router.$auto$fsm_map.cc:77:implement_pattern_cache$3049 ($eq).
Removed top 4 bits (of 5) from port B of cell axi_b_response_router.$auto$fsm_map.cc:77:implement_pattern_cache$3047 ($eq).
Removed top 4 bits (of 7) from port B of cell axi_b_response_router.$auto$fsm_map.cc:77:implement_pattern_cache$3043 ($eq).
Removed top 5 bits (of 6) from port B of cell axi_b_response_router.$auto$fsm_map.cc:77:implement_pattern_cache$3039 ($eq).
Removed top 1 bits (of 7) from port B of cell axi_b_response_router.$auto$fsm_map.cc:77:implement_pattern_cache$3037 ($eq).
Removed top 4 bits (of 9) from port B of cell axi_b_response_router.$auto$fsm_map.cc:77:implement_pattern_cache$3035 ($eq).
Removed top 1 bits (of 6) from port B of cell axi_b_response_router.$auto$fsm_map.cc:77:implement_pattern_cache$3033 ($eq).
Removed top 1 bits (of 2) from port B of cell axi_b_response_router.$auto$fsm_map.cc:77:implement_pattern_cache$3022 ($eq).
Removed top 2 bits (of 7) from port B of cell axi_b_response_router.$auto$fsm_map.cc:77:implement_pattern_cache$2999 ($eq).
Removed top 2 bits (of 6) from port B of cell axi_b_response_router.$auto$fsm_map.cc:77:implement_pattern_cache$2997 ($eq).
Removed top 1 bits (of 8) from port B of cell axi_b_response_router.$auto$fsm_map.cc:77:implement_pattern_cache$2987 ($eq).
Removed top 1 bits (of 7) from port B of cell axi_b_response_router.$auto$fsm_map.cc:77:implement_pattern_cache$2985 ($eq).
Removed top 1 bits (of 9) from port B of cell axi_b_response_router.$auto$fsm_map.cc:77:implement_pattern_cache$2966 ($eq).
Removed top 1 bits (of 8) from port B of cell axi_b_response_router.$auto$fsm_map.cc:77:implement_pattern_cache$2964 ($eq).
Removed top 2 bits (of 6) from port B of cell axi_b_response_router.$auto$fsm_map.cc:77:implement_pattern_cache$2957 ($eq).
Removed top 4 bits (of 7) from port B of cell axi_b_response_router.$auto$fsm_map.cc:77:implement_pattern_cache$2955 ($eq).
Removed top 2 bits (of 5) from port B of cell axi_b_response_router.$auto$fsm_map.cc:77:implement_pattern_cache$2953 ($eq).
Removed top 5 bits (of 6) from port B of cell axi_b_response_router.$auto$fsm_map.cc:77:implement_pattern_cache$2951 ($eq).
Removed top 3 bits (of 6) from port B of cell axi_b_response_router.$auto$fsm_map.cc:77:implement_pattern_cache$2949 ($eq).
Removed top 4 bits (of 5) from port B of cell axi_b_response_router.$auto$fsm_map.cc:77:implement_pattern_cache$2947 ($eq).
Removed top 4 bits (of 7) from port B of cell axi_b_response_router.$auto$fsm_map.cc:77:implement_pattern_cache$2943 ($eq).
Removed top 5 bits (of 6) from port B of cell axi_b_response_router.$auto$fsm_map.cc:77:implement_pattern_cache$2939 ($eq).
Removed top 1 bits (of 7) from port B of cell axi_b_response_router.$auto$fsm_map.cc:77:implement_pattern_cache$2937 ($eq).
Removed top 4 bits (of 9) from port B of cell axi_b_response_router.$auto$fsm_map.cc:77:implement_pattern_cache$2935 ($eq).
Removed top 1 bits (of 6) from port B of cell axi_b_response_router.$auto$fsm_map.cc:77:implement_pattern_cache$2933 ($eq).
Removed top 15 bits (of 16) from port Y of cell axi_b_response_router.$shr$/Users/Dilan/Projects/fabric-under-pressure/rtl/axi_b_response_router.sv:49$127 ($shr).
Removed top 15 bits (of 16) from port Y of cell axi_b_response_router.$shr$/Users/Dilan/Projects/fabric-under-pressure/rtl/axi_b_response_router.sv:50$133 ($shr).
Removed top 15 bits (of 16) from port Y of cell axi_b_response_router.$shr$/Users/Dilan/Projects/fabric-under-pressure/rtl/axi_b_response_router.sv:51$139 ($shr).
Removed top 15 bits (of 16) from port Y of cell axi_b_response_router.$shr$/Users/Dilan/Projects/fabric-under-pressure/rtl/axi_b_response_router.sv:49$165 ($shr).
Removed top 15 bits (of 16) from port Y of cell axi_b_response_router.$shr$/Users/Dilan/Projects/fabric-under-pressure/rtl/axi_b_response_router.sv:50$171 ($shr).
Removed top 15 bits (of 16) from port Y of cell axi_b_response_router.$shr$/Users/Dilan/Projects/fabric-under-pressure/rtl/axi_b_response_router.sv:51$177 ($shr).
Removed top 15 bits (of 16) from port Y of cell axi_b_response_router.$shr$/Users/Dilan/Projects/fabric-under-pressure/rtl/axi_b_response_router.sv:49$203 ($shr).
Removed top 15 bits (of 16) from port Y of cell axi_b_response_router.$shr$/Users/Dilan/Projects/fabric-under-pressure/rtl/axi_b_response_router.sv:50$209 ($shr).
Removed top 15 bits (of 16) from port Y of cell axi_b_response_router.$shr$/Users/Dilan/Projects/fabric-under-pressure/rtl/axi_b_response_router.sv:51$215 ($shr).
Removed top 15 bits (of 16) from port Y of cell axi_b_response_router.$shr$/Users/Dilan/Projects/fabric-under-pressure/rtl/axi_b_response_router.sv:49$241 ($shr).
Removed top 15 bits (of 16) from port Y of cell axi_b_response_router.$shr$/Users/Dilan/Projects/fabric-under-pressure/rtl/axi_b_response_router.sv:50$247 ($shr).
Removed top 15 bits (of 16) from port Y of cell axi_b_response_router.$shr$/Users/Dilan/Projects/fabric-under-pressure/rtl/axi_b_response_router.sv:51$253 ($shr).
Removed top 1 bits (of 2) from port B of cell axi_b_response_router.$procmux$684_CMP0 ($eq).
Removed top 1 bits (of 2) from port B of cell axi_b_response_router.$procmux$731_CMP0 ($eq).
Removed top 1 bits (of 2) from port B of cell axi_b_response_router.$procmux$778_CMP0 ($eq).
Removed top 1 bits (of 2) from port B of cell axi_b_response_router.$procmux$825_CMP0 ($eq).
Removed top 1 bits (of 2) from port B of cell axi_b_response_router.$procmux$1074_CMP0 ($eq).
Removed top 1 bits (of 2) from port B of cell axi_b_response_router.$procmux$1365_CMP0 ($eq).
Removed top 1 bits (of 2) from port B of cell axi_b_response_router.$procmux$1656_CMP0 ($eq).
Removed top 1 bits (of 2) from port B of cell axi_b_response_router.$procmux$1947_CMP0 ($eq).
Removed top 3 bits (of 4) from mux cell axi_b_response_router.$flatten\gen_b_arbiter[0].u_rr.$procmux$2415 ($mux).
Removed top 2 bits (of 4) from mux cell axi_b_response_router.$flatten\gen_b_arbiter[0].u_rr.$procmux$2287 ($mux).
Removed top 1 bits (of 4) from mux cell axi_b_response_router.$flatten\gen_b_arbiter[0].u_rr.$procmux$2140 ($mux).
Removed top 1 bits (of 2) from port B of cell axi_b_response_router.$flatten\gen_b_arbiter[0].u_rr.$procmux$2120_CMP0 ($eq).
Removed top 3 bits (of 4) from mux cell axi_b_response_router.$flatten\gen_b_arbiter[1].u_rr.$procmux$2415 ($mux).
Removed top 2 bits (of 4) from mux cell axi_b_response_router.$flatten\gen_b_arbiter[1].u_rr.$procmux$2287 ($mux).
Removed top 1 bits (of 4) from mux cell axi_b_response_router.$flatten\gen_b_arbiter[1].u_rr.$procmux$2140 ($mux).
Removed top 1 bits (of 2) from port B of cell axi_b_response_router.$flatten\gen_b_arbiter[1].u_rr.$procmux$2120_CMP0 ($eq).
Removed top 1 bits (of 2) from port B of cell axi_b_response_router.$flatten\gen_b_arbiter[2].u_rr.$procmux$2671_CMP0 ($eq).
Removed top 3 bits (of 4) from mux cell axi_b_response_router.$flatten\gen_b_arbiter[2].u_rr.$procmux$2415 ($mux).
Removed top 2 bits (of 4) from mux cell axi_b_response_router.$flatten\gen_b_arbiter[2].u_rr.$procmux$2287 ($mux).
Removed top 1 bits (of 4) from mux cell axi_b_response_router.$flatten\gen_b_arbiter[2].u_rr.$procmux$2140 ($mux).
Removed top 3 bits (of 4) from wire axi_b_response_router.$flatten\gen_b_arbiter[0].u_rr.$9\candidate_grant[3:0].
Removed top 1 bits (of 4) from wire axi_b_response_router.$flatten\gen_b_arbiter[1].u_rr.$17\candidate_grant[3:0].
Removed top 15 bits (of 16) from wire axi_b_response_router.$and$/Users/Dilan/Projects/fabric-under-pressure/rtl/axi_b_response_router.sv:51$254_Y.
Removed top 15 bits (of 16) from wire axi_b_response_router.$shr$/Users/Dilan/Projects/fabric-under-pressure/rtl/axi_b_response_router.sv:51$253_Y.
Removed top 15 bits (of 16) from wire axi_b_response_router.$and$/Users/Dilan/Projects/fabric-under-pressure/rtl/axi_b_response_router.sv:50$248_Y.
Removed top 15 bits (of 16) from wire axi_b_response_router.$shr$/Users/Dilan/Projects/fabric-under-pressure/rtl/axi_b_response_router.sv:50$247_Y.
Removed top 15 bits (of 16) from wire axi_b_response_router.$and$/Users/Dilan/Projects/fabric-under-pressure/rtl/axi_b_response_router.sv:49$242_Y.
Removed top 15 bits (of 16) from wire axi_b_response_router.$shr$/Users/Dilan/Projects/fabric-under-pressure/rtl/axi_b_response_router.sv:49$241_Y.
Removed top 15 bits (of 16) from wire axi_b_response_router.$and$/Users/Dilan/Projects/fabric-under-pressure/rtl/axi_b_response_router.sv:51$216_Y.
Removed top 15 bits (of 16) from wire axi_b_response_router.$shr$/Users/Dilan/Projects/fabric-under-pressure/rtl/axi_b_response_router.sv:51$215_Y.
Removed top 15 bits (of 16) from wire axi_b_response_router.$and$/Users/Dilan/Projects/fabric-under-pressure/rtl/axi_b_response_router.sv:50$210_Y.
Removed top 15 bits (of 16) from wire axi_b_response_router.$shr$/Users/Dilan/Projects/fabric-under-pressure/rtl/axi_b_response_router.sv:50$209_Y.
Removed top 15 bits (of 16) from wire axi_b_response_router.$and$/Users/Dilan/Projects/fabric-under-pressure/rtl/axi_b_response_router.sv:49$204_Y.
Removed top 15 bits (of 16) from wire axi_b_response_router.$shr$/Users/Dilan/Projects/fabric-under-pressure/rtl/axi_b_response_router.sv:49$203_Y.
Removed top 2 bits (of 4) from wire axi_b_response_router.$flatten\gen_b_arbiter[0].u_rr.$13\candidate_grant[3:0].
Removed top 15 bits (of 16) from wire axi_b_response_router.$and$/Users/Dilan/Projects/fabric-under-pressure/rtl/axi_b_response_router.sv:51$178_Y.
Removed top 15 bits (of 16) from wire axi_b_response_router.$shr$/Users/Dilan/Projects/fabric-under-pressure/rtl/axi_b_response_router.sv:51$177_Y.
Removed top 15 bits (of 16) from wire axi_b_response_router.$and$/Users/Dilan/Projects/fabric-under-pressure/rtl/axi_b_response_router.sv:50$172_Y.
Removed top 15 bits (of 16) from wire axi_b_response_router.$shr$/Users/Dilan/Projects/fabric-under-pressure/rtl/axi_b_response_router.sv:50$171_Y.
Removed top 15 bits (of 16) from wire axi_b_response_router.$and$/Users/Dilan/Projects/fabric-under-pressure/rtl/axi_b_response_router.sv:49$166_Y.
Removed top 15 bits (of 16) from wire axi_b_response_router.$shr$/Users/Dilan/Projects/fabric-under-pressure/rtl/axi_b_response_router.sv:49$165_Y.
Removed top 3 bits (of 4) from wire axi_b_response_router.$flatten\gen_b_arbiter[1].u_rr.$9\candidate_grant[3:0].
Removed top 15 bits (of 16) from wire axi_b_response_router.$and$/Users/Dilan/Projects/fabric-under-pressure/rtl/axi_b_response_router.sv:51$140_Y.
Removed top 15 bits (of 16) from wire axi_b_response_router.$shr$/Users/Dilan/Projects/fabric-under-pressure/rtl/axi_b_response_router.sv:51$139_Y.
Removed top 15 bits (of 16) from wire axi_b_response_router.$and$/Users/Dilan/Projects/fabric-under-pressure/rtl/axi_b_response_router.sv:50$134_Y.
Removed top 15 bits (of 16) from wire axi_b_response_router.$shr$/Users/Dilan/Projects/fabric-under-pressure/rtl/axi_b_response_router.sv:50$133_Y.
Removed top 15 bits (of 16) from wire axi_b_response_router.$and$/Users/Dilan/Projects/fabric-under-pressure/rtl/axi_b_response_router.sv:49$128_Y.
Removed top 15 bits (of 16) from wire axi_b_response_router.$shr$/Users/Dilan/Projects/fabric-under-pressure/rtl/axi_b_response_router.sv:49$127_Y.
Removed top 2 bits (of 4) from wire axi_b_response_router.$flatten\gen_b_arbiter[1].u_rr.$13\candidate_grant[3:0].
Removed top 1 bits (of 4) from wire axi_b_response_router.$flatten\gen_b_arbiter[2].u_rr.$17\candidate_grant[3:0].
Removed top 2 bits (of 4) from wire axi_b_response_router.$flatten\gen_b_arbiter[2].u_rr.$13\candidate_grant[3:0].
Removed top 3 bits (of 4) from wire axi_b_response_router.$flatten\gen_b_arbiter[2].u_rr.$9\candidate_grant[3:0].
Removed top 1 bits (of 4) from wire axi_b_response_router.$flatten\gen_b_arbiter[0].u_rr.$17\candidate_grant[3:0].

3.16. Executing PEEPOPT pass (run peephole optimizers).

3.17. Executing OPT_CLEAN pass (remove unused cells and wires).
Finding unused cells or wires in module \axi_b_response_router..
Removed 0 unused cells and 45 unused wires.
<suppressed ~1 debug messages>

3.18. Executing SHARE pass (SAT-based resource sharing).

3.19. Executing TECHMAP pass (map to technology primitives).

3.19.1. Executing Verilog-2005 frontend: /Users/Dilan/eda/fabric-under-pressure/oss-cad-suite/libexec/../share/yosys/cmp2lut.v
Parsing Verilog input from `/Users/Dilan/eda/fabric-under-pressure/oss-cad-suite/libexec/../share/yosys/cmp2lut.v' to AST representation.
Generating RTLIL representation for module `\_90_lut_cmp_'.
Successfully finished Verilog frontend.

3.19.2. Continuing TECHMAP pass.
No more expansions possible.
<suppressed ~6 debug messages>

3.20. Executing OPT_EXPR pass (perform const folding).
Optimizing module axi_b_response_router.

3.21. Executing OPT_CLEAN pass (remove unused cells and wires).
Finding unused cells or wires in module \axi_b_response_router..

3.22. Executing TECHMAP pass (map to technology primitives).

3.22.1. Executing Verilog-2005 frontend: /Users/Dilan/eda/fabric-under-pressure/oss-cad-suite/libexec/../share/yosys/mul2dsp.v
Parsing Verilog input from `/Users/Dilan/eda/fabric-under-pressure/oss-cad-suite/libexec/../share/yosys/mul2dsp.v' to AST representation.
Generating RTLIL representation for module `\_80_mul'.
Generating RTLIL representation for module `\_90_soft_mul'.
Successfully finished Verilog frontend.

3.22.2. Continuing TECHMAP pass.
No more expansions possible.
<suppressed ~4 debug messages>

3.23. Executing TECHMAP pass (map to technology primitives).

3.23.1. Executing Verilog-2005 frontend: /Users/Dilan/eda/fabric-under-pressure/oss-cad-suite/libexec/../share/yosys/lattice/dsp_map_18x18.v
Parsing Verilog input from `/Users/Dilan/eda/fabric-under-pressure/oss-cad-suite/libexec/../share/yosys/lattice/dsp_map_18x18.v' to AST representation.
Generating RTLIL representation for module `$__MUL18X18'.
Successfully finished Verilog frontend.

3.23.2. Continuing TECHMAP pass.
No more expansions possible.
<suppressed ~3 debug messages>

3.24. Executing ALUMACC pass (create $alu and $macc cells).
Extracting $alu and $macc cells in module axi_b_response_router:
  created 0 $alu and 0 $macc cells.

3.25. Executing OPT pass (performing simple optimizations).

3.25.1. Executing OPT_EXPR pass (perform const folding).
Optimizing module axi_b_response_router.

3.25.2. Executing OPT_MERGE pass (detect identical cells).
Finding identical cells in module `\axi_b_response_router'.
Computing hashes of 641 cells of `\axi_b_response_router'.
Finding duplicate cells in `\axi_b_response_router'.
Removed a total of 0 cells.

3.25.3. Executing OPT_MUXTREE pass (detect dead branches in mux trees).
Running muxtree optimizer on module \axi_b_response_router..
  Creating internal representation of mux trees.
  Evaluating internal representation of mux trees.
  Analyzing evaluation results.
Removed 0 multiplexer ports.
<suppressed ~613 debug messages>

3.25.4. Executing OPT_REDUCE pass (consolidate $*mux and $reduce_* inputs).
  Optimizing cells in module \axi_b_response_router.
Performed a total of 0 changes.

3.25.5. Executing OPT_MERGE pass (detect identical cells).
Finding identical cells in module `\axi_b_response_router'.
Computing hashes of 641 cells of `\axi_b_response_router'.
Finding duplicate cells in `\axi_b_response_router'.
Computing hashes of 638 cells of `\axi_b_response_router'.
Finding duplicate cells in `\axi_b_response_router'.
<suppressed ~9 debug messages>
Removed a total of 3 cells.

3.25.6. Executing OPT_DFF pass (perform DFF optimizations).

3.25.7. Executing OPT_CLEAN pass (remove unused cells and wires).
Finding unused cells or wires in module \axi_b_response_router..
Removed 0 unused cells and 3 unused wires.
<suppressed ~1 debug messages>

3.25.8. Executing OPT_EXPR pass (perform const folding).
Optimizing module axi_b_response_router.

3.25.9. Rerunning OPT passes. (Maybe there is more to do..)

3.25.10. Executing OPT_MUXTREE pass (detect dead branches in mux trees).
Running muxtree optimizer on module \axi_b_response_router..
  Creating internal representation of mux trees.
  Evaluating internal representation of mux trees.
  Analyzing evaluation results.
Removed 0 multiplexer ports.
<suppressed ~619 debug messages>

3.25.11. Executing OPT_REDUCE pass (consolidate $*mux and $reduce_* inputs).
  Optimizing cells in module \axi_b_response_router.
Performed a total of 0 changes.

3.25.12. Executing OPT_MERGE pass (detect identical cells).
Finding identical cells in module `\axi_b_response_router'.
Computing hashes of 638 cells of `\axi_b_response_router'.
Finding duplicate cells in `\axi_b_response_router'.
Removed a total of 0 cells.

3.25.13. Executing OPT_DFF pass (perform DFF optimizations).

3.25.14. Executing OPT_CLEAN pass (remove unused cells and wires).
Finding unused cells or wires in module \axi_b_response_router..

3.25.15. Executing OPT_EXPR pass (perform const folding).
Optimizing module axi_b_response_router.

3.25.16. Finished fast OPT passes. (There is nothing left to do.)

3.26. Executing MEMORY pass.

3.26.1. Executing OPT_MEM pass (optimize memories).
Performed a total of 0 transformations.

3.26.2. Executing OPT_MEM_PRIORITY pass (removing unnecessary memory write priority relations).
Performed a total of 0 transformations.

3.26.3. Executing OPT_MEM_FEEDBACK pass (finding memory read-to-write feedback paths).

3.26.4. Executing MEMORY_BMUX2ROM pass (converting muxes to ROMs).

3.26.5. Executing MEMORY_DFF pass (merging $dff cells to $memrd).

3.26.6. Executing OPT_CLEAN pass (remove unused cells and wires).
Finding unused cells or wires in module \axi_b_response_router..

3.26.7. Executing MEMORY_SHARE pass (consolidating $memrd/$memwr cells).

3.26.8. Executing OPT_MEM_WIDEN pass (optimize memories where all ports are wide).
Performed a total of 0 transformations.

3.26.9. Executing OPT_CLEAN pass (remove unused cells and wires).
Finding unused cells or wires in module \axi_b_response_router..

3.26.10. Executing MEMORY_COLLECT pass (generating $mem cells).

3.27. Executing OPT_CLEAN pass (remove unused cells and wires).
Finding unused cells or wires in module \axi_b_response_router..

3.28. Executing MEMORY_LIBMAP pass (mapping memories to cells).

3.29. Executing TECHMAP pass (map to technology primitives).

3.29.1. Executing Verilog-2005 frontend: /Users/Dilan/eda/fabric-under-pressure/oss-cad-suite/libexec/../share/yosys/lattice/lutrams_map_trellis.v
Parsing Verilog input from `/Users/Dilan/eda/fabric-under-pressure/oss-cad-suite/libexec/../share/yosys/lattice/lutrams_map_trellis.v' to AST representation.
Generating RTLIL representation for module `$__TRELLIS_DPR16X4_'.
Successfully finished Verilog frontend.

3.29.2. Executing Verilog-2005 frontend: /Users/Dilan/eda/fabric-under-pressure/oss-cad-suite/libexec/../share/yosys/lattice/brams_map_16kd.v
Parsing Verilog input from `/Users/Dilan/eda/fabric-under-pressure/oss-cad-suite/libexec/../share/yosys/lattice/brams_map_16kd.v' to AST representation.
Generating RTLIL representation for module `$__DP16KD_'.
Generating RTLIL representation for module `$__PDPW16KD_'.
Successfully finished Verilog frontend.

3.29.3. Continuing TECHMAP pass.
No more expansions possible.
<suppressed ~5 debug messages>

3.30. Executing OPT pass (performing simple optimizations).

3.30.1. Executing OPT_EXPR pass (perform const folding).
Optimizing module axi_b_response_router.
<suppressed ~98 debug messages>

3.30.2. Executing OPT_MERGE pass (detect identical cells).
Finding identical cells in module `\axi_b_response_router'.
Computing hashes of 540 cells of `\axi_b_response_router'.
Finding duplicate cells in `\axi_b_response_router'.
Computing hashes of 528 cells of `\axi_b_response_router'.
Finding duplicate cells in `\axi_b_response_router'.
<suppressed ~36 debug messages>
Removed a total of 12 cells.

3.30.3. Executing OPT_DFF pass (perform DFF optimizations).

3.30.4. Executing OPT_CLEAN pass (remove unused cells and wires).
Finding unused cells or wires in module \axi_b_response_router..
Removed 0 unused cells and 107 unused wires.
<suppressed ~1 debug messages>

3.30.5. Finished fast OPT passes.

3.31. Executing MEMORY_MAP pass (converting memories to logic and flip-flops).

3.32. Executing OPT pass (performing simple optimizations).

3.32.1. Executing OPT_EXPR pass (perform const folding).
Optimizing module axi_b_response_router.

3.32.2. Executing OPT_MERGE pass (detect identical cells).
Finding identical cells in module `\axi_b_response_router'.
Computing hashes of 528 cells of `\axi_b_response_router'.
Finding duplicate cells in `\axi_b_response_router'.
Removed a total of 0 cells.

3.32.3. Executing OPT_MUXTREE pass (detect dead branches in mux trees).
Running muxtree optimizer on module \axi_b_response_router..
  Creating internal representation of mux trees.
  Evaluating internal representation of mux trees.
  Analyzing evaluation results.
Removed 0 multiplexer ports.
<suppressed ~315 debug messages>

3.32.4. Executing OPT_REDUCE pass (consolidate $*mux and $reduce_* inputs).
  Optimizing cells in module \axi_b_response_router.
    Consolidated identical input bits for $mux cell $flatten\gen_b_arbiter[0].u_rr.$procmux$2185:
      Old ports: A={ 1'0 $auto$wreduce.cc:513:run$3417 [2:0] }, B=4'0010, Y=$flatten\gen_b_arbiter[0].u_rr.$16\candidate_grant[3:0]
      New ports: A=$auto$wreduce.cc:513:run$3417 [2:0], B=3'010, Y=$flatten\gen_b_arbiter[0].u_rr.$16\candidate_grant[3:0] [2:0]
      New connections: $flatten\gen_b_arbiter[0].u_rr.$16\candidate_grant[3:0] [3] = 1'0
    Consolidated identical input bits for $mux cell $flatten\gen_b_arbiter[1].u_rr.$procmux$2326:
      Old ports: A={ 2'00 $auto$wreduce.cc:513:run$3413 [1:0] }, B=4'0001, Y=$flatten\gen_b_arbiter[1].u_rr.$12\candidate_grant[3:0]
      New ports: A=$auto$wreduce.cc:513:run$3413 [1:0], B=2'01, Y=$flatten\gen_b_arbiter[1].u_rr.$12\candidate_grant[3:0] [1:0]
      New connections: $flatten\gen_b_arbiter[1].u_rr.$12\candidate_grant[3:0] [3:2] = 2'00
    Consolidated identical input bits for $mux cell $flatten\gen_b_arbiter[2].u_rr.$procmux$2326:
      Old ports: A={ 2'00 $auto$wreduce.cc:513:run$3415 [1:0] }, B=4'0001, Y=$flatten\gen_b_arbiter[2].u_rr.$12\candidate_grant[3:0]
      New ports: A=$auto$wreduce.cc:513:run$3415 [1:0], B=2'01, Y=$flatten\gen_b_arbiter[2].u_rr.$12\candidate_grant[3:0] [1:0]
      New connections: $flatten\gen_b_arbiter[2].u_rr.$12\candidate_grant[3:0] [3:2] = 2'00
    Consolidated identical input bits for $mux cell $flatten\gen_b_arbiter[1].u_rr.$procmux$2140:
      Old ports: A=3'000, B=3'100, Y=$auto$wreduce.cc:513:run$3386 [2:0]
      New ports: A=1'0, B=1'1, Y=$auto$wreduce.cc:513:run$3386 [2]
      New connections: $auto$wreduce.cc:513:run$3386 [1:0] = 2'00
    Consolidated identical input bits for $mux cell $flatten\gen_b_arbiter[0].u_rr.$procmux$2140:
      Old ports: A=3'000, B=3'100, Y=$auto$wreduce.cc:513:run$3417 [2:0]
      New ports: A=1'0, B=1'1, Y=$auto$wreduce.cc:513:run$3417 [2]
      New connections: $auto$wreduce.cc:513:run$3417 [1:0] = 2'00
    Consolidated identical input bits for $mux cell $flatten\gen_b_arbiter[1].u_rr.$procmux$2556:
      Old ports: A=4'0000, B=4'1000, Y=$flatten\gen_b_arbiter[1].u_rr.$5\candidate_grant[3:0]
      New ports: A=1'0, B=1'1, Y=$flatten\gen_b_arbiter[1].u_rr.$5\candidate_grant[3:0] [3]
      New connections: $flatten\gen_b_arbiter[1].u_rr.$5\candidate_grant[3:0] [2:0] = 3'000
    Consolidated identical input bits for $mux cell $flatten\gen_b_arbiter[2].u_rr.$procmux$2140:
      Old ports: A=3'000, B=3'100, Y=$auto$wreduce.cc:513:run$3414 [2:0]
      New ports: A=1'0, B=1'1, Y=$auto$wreduce.cc:513:run$3414 [2]
      New connections: $auto$wreduce.cc:513:run$3414 [1:0] = 2'00
    Consolidated identical input bits for $mux cell $flatten\gen_b_arbiter[0].u_rr.$procmux$2556:
      Old ports: A=4'0000, B=4'1000, Y=$flatten\gen_b_arbiter[0].u_rr.$5\candidate_grant[3:0]
      New ports: A=1'0, B=1'1, Y=$flatten\gen_b_arbiter[0].u_rr.$5\candidate_grant[3:0] [3]
      New connections: $flatten\gen_b_arbiter[0].u_rr.$5\candidate_grant[3:0] [2:0] = 3'000
    Consolidated identical input bits for $mux cell $flatten\gen_b_arbiter[1].u_rr.$procmux$2457:
      Old ports: A={ 3'000 \gen_b_arbiter[1].u_rr.request [0] }, B=4'1000, Y=$flatten\gen_b_arbiter[1].u_rr.$8\candidate_grant[3:0]
      New ports: A={ 1'0 \gen_b_arbiter[1].u_rr.request [0] }, B=2'10, Y={ $flatten\gen_b_arbiter[1].u_rr.$8\candidate_grant[3:0] [3] $flatten\gen_b_arbiter[1].u_rr.$8\candidate_grant[3:0] [0] }
      New connections: $flatten\gen_b_arbiter[1].u_rr.$8\candidate_grant[3:0] [2:1] = 2'00
    Consolidated identical input bits for $mux cell $flatten\gen_b_arbiter[1].u_rr.$procmux$2185:
      Old ports: A={ 1'0 $auto$wreduce.cc:513:run$3386 [2:0] }, B=4'0010, Y=$flatten\gen_b_arbiter[1].u_rr.$16\candidate_grant[3:0]
      New ports: A=$auto$wreduce.cc:513:run$3386 [2:0], B=3'010, Y=$flatten\gen_b_arbiter[1].u_rr.$16\candidate_grant[3:0] [2:0]
      New connections: $flatten\gen_b_arbiter[1].u_rr.$16\candidate_grant[3:0] [3] = 1'0
    Consolidated identical input bits for $mux cell $flatten\gen_b_arbiter[0].u_rr.$procmux$2287:
      Old ports: A=2'00, B=2'10, Y=$auto$wreduce.cc:513:run$3399 [1:0]
      New ports: A=1'0, B=1'1, Y=$auto$wreduce.cc:513:run$3399 [1]
      New connections: $auto$wreduce.cc:513:run$3399 [0] = 1'0
    Consolidated identical input bits for $mux cell $flatten\gen_b_arbiter[2].u_rr.$procmux$2287:
      Old ports: A=2'00, B=2'10, Y=$auto$wreduce.cc:513:run$3415 [1:0]
      New ports: A=1'0, B=1'1, Y=$auto$wreduce.cc:513:run$3415 [1]
      New connections: $auto$wreduce.cc:513:run$3415 [0] = 1'0
    Consolidated identical input bits for $mux cell $flatten\gen_b_arbiter[2].u_rr.$procmux$2556:
      Old ports: A=4'0000, B=4'1000, Y=$flatten\gen_b_arbiter[2].u_rr.$5\candidate_grant[3:0]
      New ports: A=1'0, B=1'1, Y=$flatten\gen_b_arbiter[2].u_rr.$5\candidate_grant[3:0] [3]
      New connections: $flatten\gen_b_arbiter[2].u_rr.$5\candidate_grant[3:0] [2:0] = 3'000
    Consolidated identical input bits for $mux cell $flatten\gen_b_arbiter[1].u_rr.$procmux$2287:
      Old ports: A=2'00, B=2'10, Y=$auto$wreduce.cc:513:run$3413 [1:0]
      New ports: A=1'0, B=1'1, Y=$auto$wreduce.cc:513:run$3413 [1]
      New connections: $auto$wreduce.cc:513:run$3413 [0] = 1'0
    Consolidated identical input bits for $mux cell $flatten\gen_b_arbiter[0].u_rr.$procmux$2457:
      Old ports: A={ 3'000 \gen_b_arbiter[0].u_rr.request [0] }, B=4'1000, Y=$flatten\gen_b_arbiter[0].u_rr.$8\candidate_grant[3:0]
      New ports: A={ 1'0 \gen_b_arbiter[0].u_rr.request [0] }, B=2'10, Y={ $flatten\gen_b_arbiter[0].u_rr.$8\candidate_grant[3:0] [3] $flatten\gen_b_arbiter[0].u_rr.$8\candidate_grant[3:0] [0] }
      New connections: $flatten\gen_b_arbiter[0].u_rr.$8\candidate_grant[3:0] [2:1] = 2'00
    Consolidated identical input bits for $mux cell $flatten\gen_b_arbiter[2].u_rr.$procmux$2457:
      Old ports: A={ 3'000 \gen_b_arbiter[2].u_rr.request [0] }, B=4'1000, Y=$flatten\gen_b_arbiter[2].u_rr.$8\candidate_grant[3:0]
      New ports: A={ 1'0 \gen_b_arbiter[2].u_rr.request [0] }, B=2'10, Y={ $flatten\gen_b_arbiter[2].u_rr.$8\candidate_grant[3:0] [3] $flatten\gen_b_arbiter[2].u_rr.$8\candidate_grant[3:0] [0] }
      New connections: $flatten\gen_b_arbiter[2].u_rr.$8\candidate_grant[3:0] [2:1] = 2'00
    Consolidated identical input bits for $mux cell $flatten\gen_b_arbiter[2].u_rr.$procmux$2185:
      Old ports: A={ 1'0 $auto$wreduce.cc:513:run$3414 [2:0] }, B=4'0010, Y=$flatten\gen_b_arbiter[2].u_rr.$16\candidate_grant[3:0]
      New ports: A=$auto$wreduce.cc:513:run$3414 [2:0], B=3'010, Y=$flatten\gen_b_arbiter[2].u_rr.$16\candidate_grant[3:0] [2:0]
      New connections: $flatten\gen_b_arbiter[2].u_rr.$16\candidate_grant[3:0] [3] = 1'0
    Consolidated identical input bits for $mux cell $flatten\gen_b_arbiter[0].u_rr.$procmux$2326:
      Old ports: A={ 2'00 $auto$wreduce.cc:513:run$3399 [1:0] }, B=4'0001, Y=$flatten\gen_b_arbiter[0].u_rr.$12\candidate_grant[3:0]
      New ports: A=$auto$wreduce.cc:513:run$3399 [1:0], B=2'01, Y=$flatten\gen_b_arbiter[0].u_rr.$12\candidate_grant[3:0] [1:0]
      New connections: $flatten\gen_b_arbiter[0].u_rr.$12\candidate_grant[3:0] [3:2] = 2'00
  Optimizing cells in module \axi_b_response_router.
    Consolidated identical input bits for $mux cell $flatten\gen_b_arbiter[0].u_rr.$procmux$2185:
      Old ports: A=$auto$wreduce.cc:513:run$3417 [2:0], B=3'010, Y=$flatten\gen_b_arbiter[0].u_rr.$16\candidate_grant[3:0] [2:0]
      New ports: A={ $auto$wreduce.cc:513:run$3417 [2] 1'0 }, B=2'01, Y=$flatten\gen_b_arbiter[0].u_rr.$16\candidate_grant[3:0] [2:1]
      New connections: $flatten\gen_b_arbiter[0].u_rr.$16\candidate_grant[3:0] [0] = 1'0
    Consolidated identical input bits for $mux cell $flatten\gen_b_arbiter[0].u_rr.$procmux$2601:
      Old ports: A=$flatten\gen_b_arbiter[0].u_rr.$5\candidate_grant[3:0], B=4'0100, Y=$flatten\gen_b_arbiter[0].u_rr.$4\candidate_grant[3:0]
      New ports: A={ $flatten\gen_b_arbiter[0].u_rr.$5\candidate_grant[3:0] [3] 1'0 }, B=2'01, Y=$flatten\gen_b_arbiter[0].u_rr.$4\candidate_grant[3:0] [3:2]
      New connections: $flatten\gen_b_arbiter[0].u_rr.$4\candidate_grant[3:0] [1:0] = 2'00
    Consolidated identical input bits for $mux cell $flatten\gen_b_arbiter[2].u_rr.$procmux$2221:
      Old ports: A=$flatten\gen_b_arbiter[2].u_rr.$16\candidate_grant[3:0], B=4'0001, Y=$flatten\gen_b_arbiter[2].u_rr.$15\candidate_grant[3:0]
      New ports: A=$flatten\gen_b_arbiter[2].u_rr.$16\candidate_grant[3:0] [2:0], B=3'001, Y=$flatten\gen_b_arbiter[2].u_rr.$15\candidate_grant[3:0] [2:0]
      New connections: $flatten\gen_b_arbiter[2].u_rr.$15\candidate_grant[3:0] [3] = 1'0
    Consolidated identical input bits for $mux cell $flatten\gen_b_arbiter[1].u_rr.$procmux$2601:
      Old ports: A=$flatten\gen_b_arbiter[1].u_rr.$5\candidate_grant[3:0], B=4'0100, Y=$flatten\gen_b_arbiter[1].u_rr.$4\candidate_grant[3:0]
      New ports: A={ $flatten\gen_b_arbiter[1].u_rr.$5\candidate_grant[3:0] [3] 1'0 }, B=2'01, Y=$flatten\gen_b_arbiter[1].u_rr.$4\candidate_grant[3:0] [3:2]
      New connections: $flatten\gen_b_arbiter[1].u_rr.$4\candidate_grant[3:0] [1:0] = 2'00
    Consolidated identical input bits for $mux cell $flatten\gen_b_arbiter[1].u_rr.$procmux$2185:
      Old ports: A=$auto$wreduce.cc:513:run$3386 [2:0], B=3'010, Y=$flatten\gen_b_arbiter[1].u_rr.$16\candidate_grant[3:0] [2:0]
      New ports: A={ $auto$wreduce.cc:513:run$3386 [2] 1'0 }, B=2'01, Y=$flatten\gen_b_arbiter[1].u_rr.$16\candidate_grant[3:0] [2:1]
      New connections: $flatten\gen_b_arbiter[1].u_rr.$16\candidate_grant[3:0] [0] = 1'0
    Consolidated identical input bits for $mux cell $flatten\gen_b_arbiter[1].u_rr.$procmux$2356:
      Old ports: A=$flatten\gen_b_arbiter[1].u_rr.$12\candidate_grant[3:0], B=4'1000, Y=$flatten\gen_b_arbiter[1].u_rr.$11\candidate_grant[3:0]
      New ports: A={ 1'0 $flatten\gen_b_arbiter[1].u_rr.$12\candidate_grant[3:0] [1:0] }, B=3'100, Y={ $flatten\gen_b_arbiter[1].u_rr.$11\candidate_grant[3:0] [3] $flatten\gen_b_arbiter[1].u_rr.$11\candidate_grant[3:0] [1:0] }
      New connections: $flatten\gen_b_arbiter[1].u_rr.$11\candidate_grant[3:0] [2] = 1'0
    Consolidated identical input bits for $mux cell $flatten\gen_b_arbiter[0].u_rr.$procmux$2356:
      Old ports: A=$flatten\gen_b_arbiter[0].u_rr.$12\candidate_grant[3:0], B=4'1000, Y=$flatten\gen_b_arbiter[0].u_rr.$11\candidate_grant[3:0]
      New ports: A={ 1'0 $flatten\gen_b_arbiter[0].u_rr.$12\candidate_grant[3:0] [1:0] }, B=3'100, Y={ $flatten\gen_b_arbiter[0].u_rr.$11\candidate_grant[3:0] [3] $flatten\gen_b_arbiter[0].u_rr.$11\candidate_grant[3:0] [1:0] }
      New connections: $flatten\gen_b_arbiter[0].u_rr.$11\candidate_grant[3:0] [2] = 1'0
    Consolidated identical input bits for $mux cell $flatten\gen_b_arbiter[1].u_rr.$procmux$2490:
      Old ports: A=$flatten\gen_b_arbiter[1].u_rr.$8\candidate_grant[3:0], B=4'0100, Y=$flatten\gen_b_arbiter[1].u_rr.$7\candidate_grant[3:0]
      New ports: A={ $flatten\gen_b_arbiter[1].u_rr.$8\candidate_grant[3:0] [3] 1'0 $flatten\gen_b_arbiter[1].u_rr.$8\candidate_grant[3:0] [0] }, B=3'010, Y={ $flatten\gen_b_arbiter[1].u_rr.$7\candidate_grant[3:0] [3:2] $flatten\gen_b_arbiter[1].u_rr.$7\candidate_grant[3:0] [0] }
      New connections: $flatten\gen_b_arbiter[1].u_rr.$7\candidate_grant[3:0] [1] = 1'0
    Consolidated identical input bits for $mux cell $flatten\gen_b_arbiter[2].u_rr.$procmux$2490:
      Old ports: A=$flatten\gen_b_arbiter[2].u_rr.$8\candidate_grant[3:0], B=4'0100, Y=$flatten\gen_b_arbiter[2].u_rr.$7\candidate_grant[3:0]
      New ports: A={ $flatten\gen_b_arbiter[2].u_rr.$8\candidate_grant[3:0] [3] 1'0 $flatten\gen_b_arbiter[2].u_rr.$8\candidate_grant[3:0] [0] }, B=3'010, Y={ $flatten\gen_b_arbiter[2].u_rr.$7\candidate_grant[3:0] [3:2] $flatten\gen_b_arbiter[2].u_rr.$7\candidate_grant[3:0] [0] }
      New connections: $flatten\gen_b_arbiter[2].u_rr.$7\candidate_grant[3:0] [1] = 1'0
    Consolidated identical input bits for $mux cell $flatten\gen_b_arbiter[0].u_rr.$procmux$2221:
      Old ports: A=$flatten\gen_b_arbiter[0].u_rr.$16\candidate_grant[3:0], B=4'0001, Y=$flatten\gen_b_arbiter[0].u_rr.$15\candidate_grant[3:0]
      New ports: A=$flatten\gen_b_arbiter[0].u_rr.$16\candidate_grant[3:0] [2:0], B=3'001, Y=$flatten\gen_b_arbiter[0].u_rr.$15\candidate_grant[3:0] [2:0]
      New connections: $flatten\gen_b_arbiter[0].u_rr.$15\candidate_grant[3:0] [3] = 1'0
    Consolidated identical input bits for $mux cell $flatten\gen_b_arbiter[2].u_rr.$procmux$2185:
      Old ports: A=$auto$wreduce.cc:513:run$3414 [2:0], B=3'010, Y=$flatten\gen_b_arbiter[2].u_rr.$16\candidate_grant[3:0] [2:0]
      New ports: A={ $auto$wreduce.cc:513:run$3414 [2] 1'0 }, B=2'01, Y=$flatten\gen_b_arbiter[2].u_rr.$16\candidate_grant[3:0] [2:1]
      New connections: $flatten\gen_b_arbiter[2].u_rr.$16\candidate_grant[3:0] [0] = 1'0
    Consolidated identical input bits for $mux cell $flatten\gen_b_arbiter[0].u_rr.$procmux$2490:
      Old ports: A=$flatten\gen_b_arbiter[0].u_rr.$8\candidate_grant[3:0], B=4'0100, Y=$flatten\gen_b_arbiter[0].u_rr.$7\candidate_grant[3:0]
      New ports: A={ $flatten\gen_b_arbiter[0].u_rr.$8\candidate_grant[3:0] [3] 1'0 $flatten\gen_b_arbiter[0].u_rr.$8\candidate_grant[3:0] [0] }, B=3'010, Y={ $flatten\gen_b_arbiter[0].u_rr.$7\candidate_grant[3:0] [3:2] $flatten\gen_b_arbiter[0].u_rr.$7\candidate_grant[3:0] [0] }
      New connections: $flatten\gen_b_arbiter[0].u_rr.$7\candidate_grant[3:0] [1] = 1'0
    Consolidated identical input bits for $mux cell $flatten\gen_b_arbiter[2].u_rr.$procmux$2601:
      Old ports: A=$flatten\gen_b_arbiter[2].u_rr.$5\candidate_grant[3:0], B=4'0100, Y=$flatten\gen_b_arbiter[2].u_rr.$4\candidate_grant[3:0]
      New ports: A={ $flatten\gen_b_arbiter[2].u_rr.$5\candidate_grant[3:0] [3] 1'0 }, B=2'01, Y=$flatten\gen_b_arbiter[2].u_rr.$4\candidate_grant[3:0] [3:2]
      New connections: $flatten\gen_b_arbiter[2].u_rr.$4\candidate_grant[3:0] [1:0] = 2'00
    Consolidated identical input bits for $mux cell $flatten\gen_b_arbiter[1].u_rr.$procmux$2221:
      Old ports: A=$flatten\gen_b_arbiter[1].u_rr.$16\candidate_grant[3:0], B=4'0001, Y=$flatten\gen_b_arbiter[1].u_rr.$15\candidate_grant[3:0]
      New ports: A=$flatten\gen_b_arbiter[1].u_rr.$16\candidate_grant[3:0] [2:0], B=3'001, Y=$flatten\gen_b_arbiter[1].u_rr.$15\candidate_grant[3:0] [2:0]
      New connections: $flatten\gen_b_arbiter[1].u_rr.$15\candidate_grant[3:0] [3] = 1'0
    Consolidated identical input bits for $mux cell $flatten\gen_b_arbiter[2].u_rr.$procmux$2356:
      Old ports: A=$flatten\gen_b_arbiter[2].u_rr.$12\candidate_grant[3:0], B=4'1000, Y=$flatten\gen_b_arbiter[2].u_rr.$11\candidate_grant[3:0]
      New ports: A={ 1'0 $flatten\gen_b_arbiter[2].u_rr.$12\candidate_grant[3:0] [1:0] }, B=3'100, Y={ $flatten\gen_b_arbiter[2].u_rr.$11\candidate_grant[3:0] [3] $flatten\gen_b_arbiter[2].u_rr.$11\candidate_grant[3:0] [1:0] }
      New connections: $flatten\gen_b_arbiter[2].u_rr.$11\candidate_grant[3:0] [2] = 1'0
  Optimizing cells in module \axi_b_response_router.
    Consolidated identical input bits for $mux cell $flatten\gen_b_arbiter[0].u_rr.$procmux$2637:
      Old ports: A=$flatten\gen_b_arbiter[0].u_rr.$4\candidate_grant[3:0], B=4'0010, Y=$flatten\gen_b_arbiter[0].u_rr.$3\candidate_grant[3:0]
      New ports: A={ $flatten\gen_b_arbiter[0].u_rr.$4\candidate_grant[3:0] [3:2] 1'0 }, B=3'001, Y=$flatten\gen_b_arbiter[0].u_rr.$3\candidate_grant[3:0] [3:1]
      New connections: $flatten\gen_b_arbiter[0].u_rr.$3\candidate_grant[3:0] [0] = 1'0
    Consolidated identical input bits for $mux cell $flatten\gen_b_arbiter[1].u_rr.$procmux$2637:
      Old ports: A=$flatten\gen_b_arbiter[1].u_rr.$4\candidate_grant[3:0], B=4'0010, Y=$flatten\gen_b_arbiter[1].u_rr.$3\candidate_grant[3:0]
      New ports: A={ $flatten\gen_b_arbiter[1].u_rr.$4\candidate_grant[3:0] [3:2] 1'0 }, B=3'001, Y=$flatten\gen_b_arbiter[1].u_rr.$3\candidate_grant[3:0] [3:1]
      New connections: $flatten\gen_b_arbiter[1].u_rr.$3\candidate_grant[3:0] [0] = 1'0
    Consolidated identical input bits for $mux cell $flatten\gen_b_arbiter[2].u_rr.$procmux$2637:
      Old ports: A=$flatten\gen_b_arbiter[2].u_rr.$4\candidate_grant[3:0], B=4'0010, Y=$flatten\gen_b_arbiter[2].u_rr.$3\candidate_grant[3:0]
      New ports: A={ $flatten\gen_b_arbiter[2].u_rr.$4\candidate_grant[3:0] [3:2] 1'0 }, B=3'001, Y=$flatten\gen_b_arbiter[2].u_rr.$3\candidate_grant[3:0] [3:1]
      New connections: $flatten\gen_b_arbiter[2].u_rr.$3\candidate_grant[3:0] [0] = 1'0
  Optimizing cells in module \axi_b_response_router.
Performed a total of 36 changes.

3.32.5. Executing OPT_MERGE pass (detect identical cells).
Finding identical cells in module `\axi_b_response_router'.
Computing hashes of 528 cells of `\axi_b_response_router'.
Finding duplicate cells in `\axi_b_response_router'.
Removed a total of 0 cells.

3.32.6. Executing OPT_DFF pass (perform DFF optimizations).

3.32.7. Executing OPT_CLEAN pass (remove unused cells and wires).
Finding unused cells or wires in module \axi_b_response_router..

3.32.8. Executing OPT_EXPR pass (perform const folding).
Optimizing module axi_b_response_router.
<suppressed ~9 debug messages>

3.32.9. Rerunning OPT passes. (Maybe there is more to do..)

3.32.10. Executing OPT_MUXTREE pass (detect dead branches in mux trees).
Running muxtree optimizer on module \axi_b_response_router..
  Creating internal representation of mux trees.
  Evaluating internal representation of mux trees.
  Analyzing evaluation results.
Removed 0 multiplexer ports.
<suppressed ~306 debug messages>

3.32.11. Executing OPT_REDUCE pass (consolidate $*mux and $reduce_* inputs).
  Optimizing cells in module \axi_b_response_router.
Performed a total of 0 changes.

3.32.12. Executing OPT_MERGE pass (detect identical cells).
Finding identical cells in module `\axi_b_response_router'.
Computing hashes of 519 cells of `\axi_b_response_router'.
Finding duplicate cells in `\axi_b_response_router'.
Removed a total of 0 cells.

3.32.13. Executing OPT_DFF pass (perform DFF optimizations).

3.32.14. Executing OPT_CLEAN pass (remove unused cells and wires).
Finding unused cells or wires in module \axi_b_response_router..
Removed 0 unused cells and 9 unused wires.
<suppressed ~1 debug messages>

3.32.15. Executing OPT_EXPR pass (perform const folding).
Optimizing module axi_b_response_router.

3.32.16. Rerunning OPT passes. (Maybe there is more to do..)

3.32.17. Executing OPT_MUXTREE pass (detect dead branches in mux trees).
Running muxtree optimizer on module \axi_b_response_router..
  Creating internal representation of mux trees.
  Evaluating internal representation of mux trees.
  Analyzing evaluation results.
Removed 0 multiplexer ports.
<suppressed ~306 debug messages>

3.32.18. Executing OPT_REDUCE pass (consolidate $*mux and $reduce_* inputs).
  Optimizing cells in module \axi_b_response_router.
Performed a total of 0 changes.

3.32.19. Executing OPT_MERGE pass (detect identical cells).
Finding identical cells in module `\axi_b_response_router'.
Computing hashes of 519 cells of `\axi_b_response_router'.
Finding duplicate cells in `\axi_b_response_router'.
Removed a total of 0 cells.

3.32.20. Executing OPT_DFF pass (perform DFF optimizations).

3.32.21. Executing OPT_CLEAN pass (remove unused cells and wires).
Finding unused cells or wires in module \axi_b_response_router..

3.32.22. Executing OPT_EXPR pass (perform const folding).
Optimizing module axi_b_response_router.

3.32.23. Finished fast OPT passes. (There is nothing left to do.)

3.33. Executing TECHMAP pass (map to technology primitives).

3.33.1. Executing Verilog-2005 frontend: /Users/Dilan/eda/fabric-under-pressure/oss-cad-suite/libexec/../share/yosys/techmap.v
Parsing Verilog input from `/Users/Dilan/eda/fabric-under-pressure/oss-cad-suite/libexec/../share/yosys/techmap.v' to AST representation.
Generating RTLIL representation for module `\_90_simplemap_bool_ops'.
Generating RTLIL representation for module `\_90_simplemap_reduce_ops'.
Generating RTLIL representation for module `\_90_simplemap_logic_ops'.
Generating RTLIL representation for module `\_90_simplemap_compare_ops'.
Generating RTLIL representation for module `\_90_simplemap_various'.
Generating RTLIL representation for module `\_90_simplemap_registers'.
Generating RTLIL representation for module `\_90_shift_ops_shr_shl_sshl_sshr'.
Generating RTLIL representation for module `\_90_shift_shiftx'.
Generating RTLIL representation for module `\_90_fa'.
Generating RTLIL representation for module `\_90_lcu_brent_kung'.
Generating RTLIL representation for module `\_90_alu'.
Generating RTLIL representation for module `\_90_macc'.
Generating RTLIL representation for module `\_90_alumacc'.
Generating RTLIL representation for module `$__div_mod_u'.
Generating RTLIL representation for module `$__div_mod_trunc'.
Generating RTLIL representation for module `\_90_div'.
Generating RTLIL representation for module `\_90_mod'.
Generating RTLIL representation for module `$__div_mod_floor'.
Generating RTLIL representation for module `\_90_divfloor'.
Generating RTLIL representation for module `\_90_modfloor'.
Generating RTLIL representation for module `\_90_pow'.
Generating RTLIL representation for module `\_90_demux'.
Generating RTLIL representation for module `\_90_lut'.
Generating RTLIL representation for module `$connect'.
Generating RTLIL representation for module `$input_port'.
Successfully finished Verilog frontend.

3.33.2. Executing Verilog-2005 frontend: /Users/Dilan/eda/fabric-under-pressure/oss-cad-suite/libexec/../share/yosys/lattice/arith_map_ccu2c.v
Parsing Verilog input from `/Users/Dilan/eda/fabric-under-pressure/oss-cad-suite/libexec/../share/yosys/lattice/arith_map_ccu2c.v' to AST representation.
Generating RTLIL representation for module `\_80_ccu2c_alu'.
Successfully finished Verilog frontend.

3.33.3. Continuing TECHMAP pass.
Using extmapper simplemap for cells of type $ne.
Using extmapper simplemap for cells of type $adffe.
Using extmapper simplemap for cells of type $reduce_bool.
Using extmapper simplemap for cells of type $reduce_or.
Using extmapper simplemap for cells of type $and.
Using extmapper simplemap for cells of type $eq.
Using extmapper simplemap for cells of type $not.
Using extmapper simplemap for cells of type $adff.
Using extmapper simplemap for cells of type $logic_not.
Using template $paramod$constmap:53dd6ada2d45a8116ef2136a4476a16275b4fd66$paramod$deedaec39f914bb87de364a70416b1440ae28bfa\_90_shift_ops_shr_shl_sshl_sshr for cells of type $shr.
Using extmapper simplemap for cells of type $logic_and.
Using extmapper simplemap for cells of type $logic_or.
Using extmapper simplemap for cells of type $pmux.
No more expansions possible.
<suppressed ~838 debug messages>

3.34. Executing OPT pass (performing simple optimizations).

3.34.1. Executing OPT_EXPR pass (perform const folding).
Optimizing module axi_b_response_router.
<suppressed ~836 debug messages>

3.34.2. Executing OPT_MERGE pass (detect identical cells).
Finding identical cells in module `\axi_b_response_router'.
Computing hashes of 2082 cells of `\axi_b_response_router'.
Finding duplicate cells in `\axi_b_response_router'.
Computing hashes of 1700 cells of `\axi_b_response_router'.
Finding duplicate cells in `\axi_b_response_router'.
Computing hashes of 1544 cells of `\axi_b_response_router'.
Finding duplicate cells in `\axi_b_response_router'.
Computing hashes of 1514 cells of `\axi_b_response_router'.
Finding duplicate cells in `\axi_b_response_router'.
<suppressed ~1704 debug messages>
Removed a total of 568 cells.

3.34.3. Executing OPT_DFF pass (perform DFF optimizations).

3.34.4. Executing OPT_CLEAN pass (remove unused cells and wires).
Finding unused cells or wires in module \axi_b_response_router..
Removed 94 unused cells and 926 unused wires.
<suppressed ~95 debug messages>

3.34.5. Finished fast OPT passes.

3.35. Executing OPT_CLEAN pass (remove unused cells and wires).
Finding unused cells or wires in module \axi_b_response_router..

3.36. Executing DFFLEGALIZE pass (convert FFs and LATCHes to types supported by the target).

3.37. Executing OPT_MERGE pass (detect identical cells).
Finding identical cells in module `\axi_b_response_router'.
Computing hashes of 1481 cells of `\axi_b_response_router'.
Finding duplicate cells in `\axi_b_response_router'.
Computing hashes of 1421 cells of `\axi_b_response_router'.
Finding duplicate cells in `\axi_b_response_router'.
<suppressed ~180 debug messages>
Removed a total of 60 cells.

3.38. Executing TECHMAP pass (map to technology primitives).

3.38.1. Executing Verilog-2005 frontend: /Users/Dilan/eda/fabric-under-pressure/oss-cad-suite/libexec/../share/yosys/lattice/cells_map_trellis.v
Parsing Verilog input from `/Users/Dilan/eda/fabric-under-pressure/oss-cad-suite/libexec/../share/yosys/lattice/cells_map_trellis.v' to AST representation.
Generating RTLIL representation for module `$_DFF_N_'.
Generating RTLIL representation for module `$_DFF_P_'.
Generating RTLIL representation for module `$_DFFE_NN_'.
Generating RTLIL representation for module `$_DFFE_PN_'.
Generating RTLIL representation for module `$_DFFE_NP_'.
Generating RTLIL representation for module `$_DFFE_PP_'.
Generating RTLIL representation for module `$_DFF_NP0_'.
Generating RTLIL representation for module `$_DFF_NP1_'.
Generating RTLIL representation for module `$_DFF_PP0_'.
Generating RTLIL representation for module `$_DFF_PP1_'.
Generating RTLIL representation for module `$_SDFF_NP0_'.
Generating RTLIL representation for module `$_SDFF_NP1_'.
Generating RTLIL representation for module `$_SDFF_PP0_'.
Generating RTLIL representation for module `$_SDFF_PP1_'.
Generating RTLIL representation for module `$_DFFE_NP0P_'.
Generating RTLIL representation for module `$_DFFE_NP1P_'.
Generating RTLIL representation for module `$_DFFE_PP0P_'.
Generating RTLIL representation for module `$_DFFE_PP1P_'.
Generating RTLIL representation for module `$_DFFE_NP0N_'.
Generating RTLIL representation for module `$_DFFE_NP1N_'.
Generating RTLIL representation for module `$_DFFE_PP0N_'.
Generating RTLIL representation for module `$_DFFE_PP1N_'.
Generating RTLIL representation for module `$_SDFFE_NP0P_'.
Generating RTLIL representation for module `$_SDFFE_NP1P_'.
Generating RTLIL representation for module `$_SDFFE_PP0P_'.
Generating RTLIL representation for module `$_SDFFE_PP1P_'.
Generating RTLIL representation for module `$_SDFFE_NP0N_'.
Generating RTLIL representation for module `$_SDFFE_NP1N_'.
Generating RTLIL representation for module `$_SDFFE_PP0N_'.
Generating RTLIL representation for module `$_SDFFE_PP1N_'.
Generating RTLIL representation for module `$_ALDFF_NP_'.
Generating RTLIL representation for module `$_ALDFF_PP_'.
Generating RTLIL representation for module `$_ALDFFE_NPN_'.
Generating RTLIL representation for module `$_ALDFFE_NPP_'.
Generating RTLIL representation for module `$_ALDFFE_PPN_'.
Generating RTLIL representation for module `$_ALDFFE_PPP_'.
Generating RTLIL representation for module `\FD1P3AX'.
Generating RTLIL representation for module `\FD1P3AY'.
Generating RTLIL representation for module `\FD1P3BX'.
Generating RTLIL representation for module `\FD1P3DX'.
Generating RTLIL representation for module `\FD1P3IX'.
Generating RTLIL representation for module `\FD1P3JX'.
Generating RTLIL representation for module `\FD1S3AX'.
Generating RTLIL representation for module `\FD1S3AY'.
Generating RTLIL representation for module `\FD1S3BX'.
Generating RTLIL representation for module `\FD1S3DX'.
Generating RTLIL representation for module `\FD1S3IX'.
Generating RTLIL representation for module `\FD1S3JX'.
Generating RTLIL representation for module `\IFS1P3BX'.
Generating RTLIL representation for module `\IFS1P3DX'.
Generating RTLIL representation for module `\IFS1P3IX'.
Generating RTLIL representation for module `\IFS1P3JX'.
Generating RTLIL representation for module `\OFS1P3BX'.
Generating RTLIL representation for module `\OFS1P3DX'.
Generating RTLIL representation for module `\OFS1P3IX'.
Generating RTLIL representation for module `\OFS1P3JX'.
Generating RTLIL representation for module `\IB'.
Generating RTLIL representation for module `\IBPU'.
Generating RTLIL representation for module `\IBPD'.
Generating RTLIL representation for module `\OB'.
Generating RTLIL representation for module `\OBZ'.
Generating RTLIL representation for module `\OBZPU'.
Generating RTLIL representation for module `\OBZPD'.
Generating RTLIL representation for module `\OBCO'.
Generating RTLIL representation for module `\BB'.
Generating RTLIL representation for module `\BBPU'.
Generating RTLIL representation for module `\BBPD'.
Generating RTLIL representation for module `\ILVDS'.
Generating RTLIL representation for module `\OLVDS'.
Successfully finished Verilog frontend.

3.38.2. Continuing TECHMAP pass.
Using template $_DFF_PP0_ for cells of type $_DFF_PP0_.
Using template $_DFF_PP1_ for cells of type $_DFF_PP1_.
Using template $_DFFE_PP0P_ for cells of type $_DFFE_PP0P_.
No more expansions possible.
<suppressed ~132 debug messages>

3.39. Executing OPT_EXPR pass (perform const folding).
Optimizing module axi_b_response_router.
<suppressed ~5 debug messages>

3.40. Executing SIMPLEMAP pass (map simple cells to gate primitives).

3.41. Executing LATTICE_GSR pass (implement FF init values).
Handling GSR in axi_b_response_router.

3.42. Executing ATTRMVCP pass (move or copy attributes).

3.43. Executing OPT_CLEAN pass (remove unused cells and wires).
Finding unused cells or wires in module \axi_b_response_router..
Removed 0 unused cells and 404 unused wires.
<suppressed ~1 debug messages>

3.44. Executing CHECK pass (checking for obvious problems).
Checking module axi_b_response_router...
Found and reported 0 problems.

3.45. Executing TECHMAP pass (map to technology primitives).

3.45.1. Executing Verilog-2005 frontend: /Users/Dilan/eda/fabric-under-pressure/oss-cad-suite/libexec/../share/yosys/lattice/latches_map.v
Parsing Verilog input from `/Users/Dilan/eda/fabric-under-pressure/oss-cad-suite/libexec/../share/yosys/lattice/latches_map.v' to AST representation.
Generating RTLIL representation for module `$_DLATCH_N_'.
Generating RTLIL representation for module `$_DLATCH_P_'.
Successfully finished Verilog frontend.

3.45.2. Continuing TECHMAP pass.
No more expansions possible.
<suppressed ~4 debug messages>

3.46. Executing ABC9 pass.

3.46.1. Executing ABC9_OPS pass (helper functions for ABC9).

3.46.2. Executing ABC9_OPS pass (helper functions for ABC9).

3.46.3. Executing PROC pass (convert processes to netlists).

3.46.3.1. Executing PROC_CLEAN pass (remove empty switches from decision trees).
Cleaned up 0 empty switches.

3.46.3.2. Executing PROC_RMDEAD pass (remove dead branches from decision trees).
Marked 1 switch rules as full_case in process $proc$/Users/Dilan/eda/fabric-under-pressure/oss-cad-suite/libexec/../share/yosys/lattice/common_sim.vh:282$8597 in module $paramod$37e41664cab9052a9b41c89036e0524f666a0fee\TRELLIS_FF.
Removed a total of 0 dead cases.

3.46.3.3. Executing PROC_PRUNE pass (remove redundant assignments in processes).
Removed 0 redundant assignments.
Promoted 1 assignment to connection.

3.46.3.4. Executing PROC_INIT pass (extract init attributes).
Found init rule in `$paramod$37e41664cab9052a9b41c89036e0524f666a0fee\TRELLIS_FF.$proc$/Users/Dilan/eda/fabric-under-pressure/oss-cad-suite/libexec/../share/yosys/lattice/common_sim.vh:278$8598'.
  Set init value: \Q = 1'0

3.46.3.5. Executing PROC_ARST pass (detect async resets in processes).
Found async reset \muxlsr in `$paramod$37e41664cab9052a9b41c89036e0524f666a0fee\TRELLIS_FF.$proc$/Users/Dilan/eda/fabric-under-pressure/oss-cad-suite/libexec/../share/yosys/lattice/common_sim.vh:282$8597'.

3.46.3.6. Executing PROC_ROM pass (convert switches to ROMs).
Converted 0 switches.
<suppressed ~1 debug messages>

3.46.3.7. Executing PROC_MUX pass (convert decision trees to multiplexers).
Creating decoders for process `$paramod$37e41664cab9052a9b41c89036e0524f666a0fee\TRELLIS_FF.$proc$/Users/Dilan/eda/fabric-under-pressure/oss-cad-suite/libexec/../share/yosys/lattice/common_sim.vh:278$8598'.
Creating decoders for process `$paramod$37e41664cab9052a9b41c89036e0524f666a0fee\TRELLIS_FF.$proc$/Users/Dilan/eda/fabric-under-pressure/oss-cad-suite/libexec/../share/yosys/lattice/common_sim.vh:282$8597'.
     1/1: $0\Q[0:0]

3.46.3.8. Executing PROC_DLATCH pass (convert process syncs to latches).

3.46.3.9. Executing PROC_DFF pass (convert process syncs to FFs).
Creating register for signal `$paramod$37e41664cab9052a9b41c89036e0524f666a0fee\TRELLIS_FF.\Q' using process `$paramod$37e41664cab9052a9b41c89036e0524f666a0fee\TRELLIS_FF.$proc$/Users/Dilan/eda/fabric-under-pressure/oss-cad-suite/libexec/../share/yosys/lattice/common_sim.vh:282$8597'.
  created $adff cell `$procdff$8603' with positive edge clock and positive level reset.

3.46.3.10. Executing PROC_MEMWR pass (convert process memory writes to cells).

3.46.3.11. Executing PROC_CLEAN pass (remove empty switches from decision trees).
Removing empty process `$paramod$37e41664cab9052a9b41c89036e0524f666a0fee\TRELLIS_FF.$proc$/Users/Dilan/eda/fabric-under-pressure/oss-cad-suite/libexec/../share/yosys/lattice/common_sim.vh:278$8598'.
Found and cleaned up 1 empty switch in `$paramod$37e41664cab9052a9b41c89036e0524f666a0fee\TRELLIS_FF.$proc$/Users/Dilan/eda/fabric-under-pressure/oss-cad-suite/libexec/../share/yosys/lattice/common_sim.vh:282$8597'.
Removing empty process `$paramod$37e41664cab9052a9b41c89036e0524f666a0fee\TRELLIS_FF.$proc$/Users/Dilan/eda/fabric-under-pressure/oss-cad-suite/libexec/../share/yosys/lattice/common_sim.vh:282$8597'.
Cleaned up 1 empty switch.

3.46.4. Executing PROC pass (convert processes to netlists).

3.46.4.1. Executing PROC_CLEAN pass (remove empty switches from decision trees).
Cleaned up 0 empty switches.

3.46.4.2. Executing PROC_RMDEAD pass (remove dead branches from decision trees).
Marked 1 switch rules as full_case in process $proc$/Users/Dilan/eda/fabric-under-pressure/oss-cad-suite/libexec/../share/yosys/lattice/common_sim.vh:282$8611 in module $paramod$68581f66a8fa831820fa7633bd24ba569ae9d7e3\TRELLIS_FF.
Removed a total of 0 dead cases.

3.46.4.3. Executing PROC_PRUNE pass (remove redundant assignments in processes).
Removed 0 redundant assignments.
Promoted 1 assignment to connection.

3.46.4.4. Executing PROC_INIT pass (extract init attributes).
Found init rule in `$paramod$68581f66a8fa831820fa7633bd24ba569ae9d7e3\TRELLIS_FF.$proc$/Users/Dilan/eda/fabric-under-pressure/oss-cad-suite/libexec/../share/yosys/lattice/common_sim.vh:278$8612'.
  Set init value: \Q = 1'0

3.46.4.5. Executing PROC_ARST pass (detect async resets in processes).
Found async reset \muxlsr in `$paramod$68581f66a8fa831820fa7633bd24ba569ae9d7e3\TRELLIS_FF.$proc$/Users/Dilan/eda/fabric-under-pressure/oss-cad-suite/libexec/../share/yosys/lattice/common_sim.vh:282$8611'.

3.46.4.6. Executing PROC_ROM pass (convert switches to ROMs).
Converted 0 switches.
<suppressed ~1 debug messages>

3.46.4.7. Executing PROC_MUX pass (convert decision trees to multiplexers).
Creating decoders for process `$paramod$68581f66a8fa831820fa7633bd24ba569ae9d7e3\TRELLIS_FF.$proc$/Users/Dilan/eda/fabric-under-pressure/oss-cad-suite/libexec/../share/yosys/lattice/common_sim.vh:278$8612'.
Creating decoders for process `$paramod$68581f66a8fa831820fa7633bd24ba569ae9d7e3\TRELLIS_FF.$proc$/Users/Dilan/eda/fabric-under-pressure/oss-cad-suite/libexec/../share/yosys/lattice/common_sim.vh:282$8611'.
     1/1: $0\Q[0:0]

3.46.4.8. Executing PROC_DLATCH pass (convert process syncs to latches).

3.46.4.9. Executing PROC_DFF pass (convert process syncs to FFs).
Creating register for signal `$paramod$68581f66a8fa831820fa7633bd24ba569ae9d7e3\TRELLIS_FF.\Q' using process `$paramod$68581f66a8fa831820fa7633bd24ba569ae9d7e3\TRELLIS_FF.$proc$/Users/Dilan/eda/fabric-under-pressure/oss-cad-suite/libexec/../share/yosys/lattice/common_sim.vh:282$8611'.
  created $adff cell `$procdff$8617' with positive edge clock and positive level reset.

3.46.4.10. Executing PROC_MEMWR pass (convert process memory writes to cells).

3.46.4.11. Executing PROC_CLEAN pass (remove empty switches from decision trees).
Removing empty process `$paramod$68581f66a8fa831820fa7633bd24ba569ae9d7e3\TRELLIS_FF.$proc$/Users/Dilan/eda/fabric-under-pressure/oss-cad-suite/libexec/../share/yosys/lattice/common_sim.vh:278$8612'.
Found and cleaned up 1 empty switch in `$paramod$68581f66a8fa831820fa7633bd24ba569ae9d7e3\TRELLIS_FF.$proc$/Users/Dilan/eda/fabric-under-pressure/oss-cad-suite/libexec/../share/yosys/lattice/common_sim.vh:282$8611'.
Removing empty process `$paramod$68581f66a8fa831820fa7633bd24ba569ae9d7e3\TRELLIS_FF.$proc$/Users/Dilan/eda/fabric-under-pressure/oss-cad-suite/libexec/../share/yosys/lattice/common_sim.vh:282$8611'.
Cleaned up 1 empty switch.

3.46.5. Executing PROC pass (convert processes to netlists).

3.46.5.1. Executing PROC_CLEAN pass (remove empty switches from decision trees).
Cleaned up 0 empty switches.

3.46.5.2. Executing PROC_RMDEAD pass (remove dead branches from decision trees).
Marked 1 switch rules as full_case in process $proc$/Users/Dilan/eda/fabric-under-pressure/oss-cad-suite/libexec/../share/yosys/lattice/common_sim.vh:282$8625 in module $paramod$af6cfab7b64a03625b4e26db341709ec2a848ad1\TRELLIS_FF.
Removed a total of 0 dead cases.

3.46.5.3. Executing PROC_PRUNE pass (remove redundant assignments in processes).
Removed 0 redundant assignments.
Promoted 1 assignment to connection.

3.46.5.4. Executing PROC_INIT pass (extract init attributes).
Found init rule in `$paramod$af6cfab7b64a03625b4e26db341709ec2a848ad1\TRELLIS_FF.$proc$/Users/Dilan/eda/fabric-under-pressure/oss-cad-suite/libexec/../share/yosys/lattice/common_sim.vh:278$8626'.
  Set init value: \Q = 1'1

3.46.5.5. Executing PROC_ARST pass (detect async resets in processes).
Found async reset \muxlsr in `$paramod$af6cfab7b64a03625b4e26db341709ec2a848ad1\TRELLIS_FF.$proc$/Users/Dilan/eda/fabric-under-pressure/oss-cad-suite/libexec/../share/yosys/lattice/common_sim.vh:282$8625'.

3.46.5.6. Executing PROC_ROM pass (convert switches to ROMs).
Converted 0 switches.
<suppressed ~1 debug messages>

3.46.5.7. Executing PROC_MUX pass (convert decision trees to multiplexers).
Creating decoders for process `$paramod$af6cfab7b64a03625b4e26db341709ec2a848ad1\TRELLIS_FF.$proc$/Users/Dilan/eda/fabric-under-pressure/oss-cad-suite/libexec/../share/yosys/lattice/common_sim.vh:278$8626'.
Creating decoders for process `$paramod$af6cfab7b64a03625b4e26db341709ec2a848ad1\TRELLIS_FF.$proc$/Users/Dilan/eda/fabric-under-pressure/oss-cad-suite/libexec/../share/yosys/lattice/common_sim.vh:282$8625'.
     1/1: $0\Q[0:0]

3.46.5.8. Executing PROC_DLATCH pass (convert process syncs to latches).

3.46.5.9. Executing PROC_DFF pass (convert process syncs to FFs).
Creating register for signal `$paramod$af6cfab7b64a03625b4e26db341709ec2a848ad1\TRELLIS_FF.\Q' using process `$paramod$af6cfab7b64a03625b4e26db341709ec2a848ad1\TRELLIS_FF.$proc$/Users/Dilan/eda/fabric-under-pressure/oss-cad-suite/libexec/../share/yosys/lattice/common_sim.vh:282$8625'.
  created $adff cell `$procdff$8631' with positive edge clock and positive level reset.

3.46.5.10. Executing PROC_MEMWR pass (convert process memory writes to cells).

3.46.5.11. Executing PROC_CLEAN pass (remove empty switches from decision trees).
Removing empty process `$paramod$af6cfab7b64a03625b4e26db341709ec2a848ad1\TRELLIS_FF.$proc$/Users/Dilan/eda/fabric-under-pressure/oss-cad-suite/libexec/../share/yosys/lattice/common_sim.vh:278$8626'.
Found and cleaned up 1 empty switch in `$paramod$af6cfab7b64a03625b4e26db341709ec2a848ad1\TRELLIS_FF.$proc$/Users/Dilan/eda/fabric-under-pressure/oss-cad-suite/libexec/../share/yosys/lattice/common_sim.vh:282$8625'.
Removing empty process `$paramod$af6cfab7b64a03625b4e26db341709ec2a848ad1\TRELLIS_FF.$proc$/Users/Dilan/eda/fabric-under-pressure/oss-cad-suite/libexec/../share/yosys/lattice/common_sim.vh:282$8625'.
Cleaned up 1 empty switch.

3.46.6. Executing SCC pass (detecting logic loops).
Found 0 SCCs in module axi_b_response_router.
Found 0 SCCs.

3.46.7. Executing ABC9_OPS pass (helper functions for ABC9).

3.46.8. Executing TECHMAP pass (map to technology primitives).

3.46.8.1. Executing Verilog-2005 frontend: /Users/Dilan/eda/fabric-under-pressure/oss-cad-suite/libexec/../share/yosys/techmap.v
Parsing Verilog input from `/Users/Dilan/eda/fabric-under-pressure/oss-cad-suite/libexec/../share/yosys/techmap.v' to AST representation.
Generating RTLIL representation for module `\_90_simplemap_bool_ops'.
Generating RTLIL representation for module `\_90_simplemap_reduce_ops'.
Generating RTLIL representation for module `\_90_simplemap_logic_ops'.
Generating RTLIL representation for module `\_90_simplemap_compare_ops'.
Generating RTLIL representation for module `\_90_simplemap_various'.
Generating RTLIL representation for module `\_90_simplemap_registers'.
Generating RTLIL representation for module `\_90_shift_ops_shr_shl_sshl_sshr'.
Generating RTLIL representation for module `\_90_shift_shiftx'.
Generating RTLIL representation for module `\_90_fa'.
Generating RTLIL representation for module `\_90_lcu_brent_kung'.
Generating RTLIL representation for module `\_90_alu'.
Generating RTLIL representation for module `\_90_macc'.
Generating RTLIL representation for module `\_90_alumacc'.
Generating RTLIL representation for module `$__div_mod_u'.
Generating RTLIL representation for module `$__div_mod_trunc'.
Generating RTLIL representation for module `\_90_div'.
Generating RTLIL representation for module `\_90_mod'.
Generating RTLIL representation for module `$__div_mod_floor'.
Generating RTLIL representation for module `\_90_divfloor'.
Generating RTLIL representation for module `\_90_modfloor'.
Generating RTLIL representation for module `\_90_pow'.
Generating RTLIL representation for module `\_90_demux'.
Generating RTLIL representation for module `\_90_lut'.
Generating RTLIL representation for module `$connect'.
Generating RTLIL representation for module `$input_port'.
Successfully finished Verilog frontend.

3.46.8.2. Continuing TECHMAP pass.
No more expansions possible.
<suppressed ~171 debug messages>

3.46.9. Executing OPT pass (performing simple optimizations).

3.46.9.1. Executing OPT_EXPR pass (perform const folding).
Optimizing module $paramod$37e41664cab9052a9b41c89036e0524f666a0fee\TRELLIS_FF.
Optimizing module $paramod$68581f66a8fa831820fa7633bd24ba569ae9d7e3\TRELLIS_FF.
Optimizing module $paramod$af6cfab7b64a03625b4e26db341709ec2a848ad1\TRELLIS_FF.

3.46.9.2. Executing OPT_MERGE pass (detect identical cells).
Finding identical cells in module `$paramod$37e41664cab9052a9b41c89036e0524f666a0fee\TRELLIS_FF'.
Computing hashes of 2 cells of `$paramod$37e41664cab9052a9b41c89036e0524f666a0fee\TRELLIS_FF'.
Finding duplicate cells in `$paramod$37e41664cab9052a9b41c89036e0524f666a0fee\TRELLIS_FF'.
Finding identical cells in module `$paramod$68581f66a8fa831820fa7633bd24ba569ae9d7e3\TRELLIS_FF'.
Computing hashes of 2 cells of `$paramod$68581f66a8fa831820fa7633bd24ba569ae9d7e3\TRELLIS_FF'.
Finding duplicate cells in `$paramod$68581f66a8fa831820fa7633bd24ba569ae9d7e3\TRELLIS_FF'.
Finding identical cells in module `$paramod$af6cfab7b64a03625b4e26db341709ec2a848ad1\TRELLIS_FF'.
Computing hashes of 2 cells of `$paramod$af6cfab7b64a03625b4e26db341709ec2a848ad1\TRELLIS_FF'.
Finding duplicate cells in `$paramod$af6cfab7b64a03625b4e26db341709ec2a848ad1\TRELLIS_FF'.
Removed a total of 0 cells.

3.46.9.3. Executing OPT_MUXTREE pass (detect dead branches in mux trees).
Running muxtree optimizer on module $paramod$37e41664cab9052a9b41c89036e0524f666a0fee\TRELLIS_FF..
  Creating internal representation of mux trees.
  No muxes found in this module.
Running muxtree optimizer on module $paramod$68581f66a8fa831820fa7633bd24ba569ae9d7e3\TRELLIS_FF..
  Creating internal representation of mux trees.
  No muxes found in this module.
Running muxtree optimizer on module $paramod$af6cfab7b64a03625b4e26db341709ec2a848ad1\TRELLIS_FF..
  Creating internal representation of mux trees.
  No muxes found in this module.
Removed 0 multiplexer ports.

3.46.9.4. Executing OPT_REDUCE pass (consolidate $*mux and $reduce_* inputs).
  Optimizing cells in module $paramod$37e41664cab9052a9b41c89036e0524f666a0fee\TRELLIS_FF.
  Optimizing cells in module $paramod$68581f66a8fa831820fa7633bd24ba569ae9d7e3\TRELLIS_FF.
  Optimizing cells in module $paramod$af6cfab7b64a03625b4e26db341709ec2a848ad1\TRELLIS_FF.
Performed a total of 0 changes.

3.46.9.5. Executing OPT_MERGE pass (detect identical cells).
Finding identical cells in module `$paramod$37e41664cab9052a9b41c89036e0524f666a0fee\TRELLIS_FF'.
Computing hashes of 2 cells of `$paramod$37e41664cab9052a9b41c89036e0524f666a0fee\TRELLIS_FF'.
Finding duplicate cells in `$paramod$37e41664cab9052a9b41c89036e0524f666a0fee\TRELLIS_FF'.
Finding identical cells in module `$paramod$68581f66a8fa831820fa7633bd24ba569ae9d7e3\TRELLIS_FF'.
Computing hashes of 2 cells of `$paramod$68581f66a8fa831820fa7633bd24ba569ae9d7e3\TRELLIS_FF'.
Finding duplicate cells in `$paramod$68581f66a8fa831820fa7633bd24ba569ae9d7e3\TRELLIS_FF'.
Finding identical cells in module `$paramod$af6cfab7b64a03625b4e26db341709ec2a848ad1\TRELLIS_FF'.
Computing hashes of 2 cells of `$paramod$af6cfab7b64a03625b4e26db341709ec2a848ad1\TRELLIS_FF'.
Finding duplicate cells in `$paramod$af6cfab7b64a03625b4e26db341709ec2a848ad1\TRELLIS_FF'.
Removed a total of 0 cells.

3.46.9.6. Executing OPT_DFF pass (perform DFF optimizations).

3.46.9.7. Executing OPT_CLEAN pass (remove unused cells and wires).
Finding unused cells or wires in module $paramod$37e41664cab9052a9b41c89036e0524f666a0fee\TRELLIS_FF..
Finding unused cells or wires in module $paramod$68581f66a8fa831820fa7633bd24ba569ae9d7e3\TRELLIS_FF..
Finding unused cells or wires in module $paramod$af6cfab7b64a03625b4e26db341709ec2a848ad1\TRELLIS_FF..

3.46.9.8. Executing OPT_EXPR pass (perform const folding).
Optimizing module $paramod$37e41664cab9052a9b41c89036e0524f666a0fee\TRELLIS_FF.
Optimizing module $paramod$68581f66a8fa831820fa7633bd24ba569ae9d7e3\TRELLIS_FF.
Optimizing module $paramod$af6cfab7b64a03625b4e26db341709ec2a848ad1\TRELLIS_FF.

3.46.9.9. Finished fast OPT passes. (There is nothing left to do.)

3.46.10. Executing TECHMAP pass (map to technology primitives).

3.46.10.1. Executing Verilog-2005 frontend: /Users/Dilan/eda/fabric-under-pressure/oss-cad-suite/libexec/../share/yosys/abc9_map.v
Parsing Verilog input from `/Users/Dilan/eda/fabric-under-pressure/oss-cad-suite/libexec/../share/yosys/abc9_map.v' to AST representation.
Successfully finished Verilog frontend.

3.46.10.2. Continuing TECHMAP pass.
Using template $paramod$68581f66a8fa831820fa7633bd24ba569ae9d7e3\TRELLIS_FF for cells of type $paramod$68581f66a8fa831820fa7633bd24ba569ae9d7e3\TRELLIS_FF.
Using template $paramod$af6cfab7b64a03625b4e26db341709ec2a848ad1\TRELLIS_FF for cells of type $paramod$af6cfab7b64a03625b4e26db341709ec2a848ad1\TRELLIS_FF.
Using template $paramod$37e41664cab9052a9b41c89036e0524f666a0fee\TRELLIS_FF for cells of type $paramod$37e41664cab9052a9b41c89036e0524f666a0fee\TRELLIS_FF.
No more expansions possible.
<suppressed ~66 debug messages>

3.46.11. Executing Verilog-2005 frontend: /Users/Dilan/eda/fabric-under-pressure/oss-cad-suite/libexec/../share/yosys/abc9_model.v
Parsing Verilog input from `/Users/Dilan/eda/fabric-under-pressure/oss-cad-suite/libexec/../share/yosys/abc9_model.v' to AST representation.
Generating RTLIL representation for module `$__ABC9_DELAY'.
Generating RTLIL representation for module `$__ABC9_SCC_BREAKER'.
Generating RTLIL representation for module `$__DFF_N__$abc9_flop'.
Generating RTLIL representation for module `$__DFF_P__$abc9_flop'.
Successfully finished Verilog frontend.

3.46.12. Executing ABC9_OPS pass (helper functions for ABC9).
<suppressed ~2 debug messages>

3.46.13. Executing ABC9_OPS pass (helper functions for ABC9).

3.46.14. Executing ABC9_OPS pass (helper functions for ABC9).
<suppressed ~2 debug messages>

3.46.15. Executing TECHMAP pass (map to technology primitives).

3.46.15.1. Executing Verilog-2005 frontend: /Users/Dilan/eda/fabric-under-pressure/oss-cad-suite/libexec/../share/yosys/techmap.v
Parsing Verilog input from `/Users/Dilan/eda/fabric-under-pressure/oss-cad-suite/libexec/../share/yosys/techmap.v' to AST representation.
Generating RTLIL representation for module `\_90_simplemap_bool_ops'.
Generating RTLIL representation for module `\_90_simplemap_reduce_ops'.
Generating RTLIL representation for module `\_90_simplemap_logic_ops'.
Generating RTLIL representation for module `\_90_simplemap_compare_ops'.
Generating RTLIL representation for module `\_90_simplemap_various'.
Generating RTLIL representation for module `\_90_simplemap_registers'.
Generating RTLIL representation for module `\_90_shift_ops_shr_shl_sshl_sshr'.
Generating RTLIL representation for module `\_90_shift_shiftx'.
Generating RTLIL representation for module `\_90_fa'.
Generating RTLIL representation for module `\_90_lcu_brent_kung'.
Generating RTLIL representation for module `\_90_alu'.
Generating RTLIL representation for module `\_90_macc'.
Generating RTLIL representation for module `\_90_alumacc'.
Generating RTLIL representation for module `$__div_mod_u'.
Generating RTLIL representation for module `$__div_mod_trunc'.
Generating RTLIL representation for module `\_90_div'.
Generating RTLIL representation for module `\_90_mod'.
Generating RTLIL representation for module `$__div_mod_floor'.
Generating RTLIL representation for module `\_90_divfloor'.
Generating RTLIL representation for module `\_90_modfloor'.
Generating RTLIL representation for module `\_90_pow'.
Generating RTLIL representation for module `\_90_demux'.
Generating RTLIL representation for module `\_90_lut'.
Generating RTLIL representation for module `$connect'.
Generating RTLIL representation for module `$input_port'.
Successfully finished Verilog frontend.

3.46.15.2. Continuing TECHMAP pass.
No more expansions possible.
<suppressed ~175 debug messages>

3.46.16. Executing OPT pass (performing simple optimizations).

3.46.16.1. Executing OPT_EXPR pass (perform const folding).
Optimizing module axi_b_response_router.

3.46.16.2. Executing OPT_MERGE pass (detect identical cells).
Finding identical cells in module `\axi_b_response_router'.
Computing hashes of 0 cells of `\axi_b_response_router'.
Finding duplicate cells in `\axi_b_response_router'.
Removed a total of 0 cells.

3.46.16.3. Executing OPT_MUXTREE pass (detect dead branches in mux trees).
Running muxtree optimizer on module \axi_b_response_router..
  Creating internal representation of mux trees.
  No muxes found in this module.
Removed 0 multiplexer ports.

3.46.16.4. Executing OPT_REDUCE pass (consolidate $*mux and $reduce_* inputs).
  Optimizing cells in module \axi_b_response_router.
Performed a total of 0 changes.

3.46.16.5. Executing OPT_MERGE pass (detect identical cells).
Finding identical cells in module `\axi_b_response_router'.
Computing hashes of 0 cells of `\axi_b_response_router'.
Finding duplicate cells in `\axi_b_response_router'.
Removed a total of 0 cells.

3.46.16.6. Executing OPT_DFF pass (perform DFF optimizations).

3.46.16.7. Executing OPT_CLEAN pass (remove unused cells and wires).
Finding unused cells or wires in module \axi_b_response_router..

3.46.16.8. Executing OPT_EXPR pass (perform const folding).
Optimizing module axi_b_response_router.

3.46.16.9. Finished fast OPT passes. (There is nothing left to do.)

3.46.17. Executing AIGMAP pass (map logic to AIG).
Module axi_b_response_router: replaced 934 cells with 4927 new cells, skipped 548 cells.
  replaced 2 cell types:
     397 $_MUX_
     537 $_OR_
  not replaced 9 cell types:
     231 $_AND_
     192 $_NOT_
       3 $scopeinfo
      39 $paramod$37e41664cab9052a9b41c89036e0524f666a0fee\TRELLIS_FF
      19 $paramod$68581f66a8fa831820fa7633bd24ba569ae9d7e3\TRELLIS_FF
       3 $paramod$af6cfab7b64a03625b4e26db341709ec2a848ad1\TRELLIS_FF
      39 $paramod$37e41664cab9052a9b41c89036e0524f666a0fee\TRELLIS_FF_$abc9_byp
      19 $paramod$68581f66a8fa831820fa7633bd24ba569ae9d7e3\TRELLIS_FF_$abc9_byp
       3 $paramod$af6cfab7b64a03625b4e26db341709ec2a848ad1\TRELLIS_FF_$abc9_byp

3.46.17.1. Executing ABC9_OPS pass (helper functions for ABC9).

3.46.17.2. Executing ABC9_OPS pass (helper functions for ABC9).
Warning: Feature 'write_xaiger2' is experimental.

3.46.17.3. Executing XAIGER2 backend.
<suppressed ~286 debug messages>
Extracted 1854 AND gates and 0 wires from module `axi_b_response_router' to a netlist network with 211 inputs and 587 outputs.

3.46.17.4. Executing ABC9_EXE pass (technology mapping using ABC9).

3.46.17.5. Executing ABC9.
Running ABC command: "<yosys-exe-dir>/yosys-abc" -s -f <abc-temp-dir>/abc.script 2>&1
ABC: ======== ABC command line "source <abc-temp-dir>/abc.script"
ABC: + read_lut <abc-temp-dir>/input.lut 
ABC: + read_box <abc-temp-dir>/input.box 
ABC: + &read <abc-temp-dir>/input.xaig 
ABC: + &ps 
ABC: <abc-temp-dir>/input : i/o =    150/    465  and =    1605  lev =   35 (3.47)  mem = 0.03 MB  box = 61  bb = 61
ABC: + &scorr 
ABC: Warning: The network is combinational.
ABC: + &sweep 
ABC: + &dc2 
ABC: + &dch -f -r 
ABC: + &ps 
ABC: <abc-temp-dir>/input : i/o =    150/    465  and =    2503  lev =   26 (2.89)  mem = 0.04 MB  ch =  313  box = 61  bb = 61
ABC: cst =       0  cls =    291  lit =     313  unused =    2110  proof =     0
ABC: + &if -W 300 -v 
ABC: K = 7. Memory (bytes): Truth =    0. Cut =   76. Obj =  156. Set =  780. CutMin = no
ABC: Node =    2503.  Ch =   291.  Total mem =    0.54 MB. Peak cut mem =    0.09 MB.
ABC: P:  Del = 5339.00.  Ar =    1628.0.  Edge =     1882.  Cut =    25567.  T =     0.00 sec
ABC: P:  Del = 5339.00.  Ar =    1539.0.  Edge =     1821.  Cut =    25247.  T =     0.00 sec
ABC: P:  Del = 5339.00.  Ar =    1192.0.  Edge =     2249.  Cut =    39843.  T =     0.01 sec
ABC: F:  Del = 5339.00.  Ar =     921.0.  Edge =     2077.  Cut =    30778.  T =     0.00 sec
ABC: A:  Del = 5337.00.  Ar =     811.0.  Edge =     1790.  Cut =    28888.  T =     0.01 sec
ABC: A:  Del = 5335.00.  Ar =     780.0.  Edge =     1784.  Cut =    28911.  T =     0.01 sec
ABC: Total time =     0.03 sec
ABC: + &write -n <abc-temp-dir>/output.aig 
ABC: + &mfs 
ABC: + &ps -l 
ABC: <abc-temp-dir>/input : i/o =    150/    465  and =    1375  lev =   30 (3.06)  mem = 0.03 MB  box = 61  bb = 61
ABC: Mapping (K=7)  :  lut =    417  edge =    1565  lev =   11 (1.42)  levB =   11  mem = 0.02 MB
ABC: LUT = 417 : 2=49 11.8 %  3=125 30.0 %  4=163 39.1 %  5=48 11.5 %  6=24 5.8 %  7=8 1.9 %  Ave = 3.75
ABC: + &write -n <abc-temp-dir>/output.aig 
ABC: + &verify 
ABC: Networks are equivalent.  Time =     0.02 sec
ABC: + time 
ABC: elapse: 0.28 seconds, total: 0.28 seconds

3.46.17.6. Executing AIGER frontend.
<suppressed ~10 debug messages>
Removed 1976 unused cells and 2423 unused wires.

3.46.17.7. Executing ABC_OPS_REINTEGRATE pass (reintegrate ABC mapped design into module).
ABC RESULTS:              $lut cells:      421
ABC RESULTS:   $paramod$37e41664cab9052a9b41c89036e0524f666a0fee\TRELLIS_FF_$abc9_byp cells:       39
ABC RESULTS:   $paramod$68581f66a8fa831820fa7633bd24ba569ae9d7e3\TRELLIS_FF_$abc9_byp cells:       19
ABC RESULTS:   $paramod$af6cfab7b64a03625b4e26db341709ec2a848ad1\TRELLIS_FF_$abc9_byp cells:        3
ABC RESULTS:           input signals:       68
ABC RESULTS:          output signals:       13
<suppressed ~1230 debug messages>
Removing temp directory.

3.46.18. Executing TECHMAP pass (map to technology primitives).

3.46.18.1. Executing Verilog-2005 frontend: /Users/Dilan/eda/fabric-under-pressure/oss-cad-suite/libexec/../share/yosys/abc9_unmap.v
Parsing Verilog input from `/Users/Dilan/eda/fabric-under-pressure/oss-cad-suite/libexec/../share/yosys/abc9_unmap.v' to AST representation.
Generating RTLIL representation for module `$__DFF_x__$abc9_flop'.
Generating RTLIL representation for module `$__ABC9_SCC_BREAKER'.
Successfully finished Verilog frontend.

3.46.18.2. Continuing TECHMAP pass.
Using template $paramod$68581f66a8fa831820fa7633bd24ba569ae9d7e3\TRELLIS_FF for cells of type $paramod$68581f66a8fa831820fa7633bd24ba569ae9d7e3\TRELLIS_FF.
Using template $paramod$af6cfab7b64a03625b4e26db341709ec2a848ad1\TRELLIS_FF for cells of type $paramod$af6cfab7b64a03625b4e26db341709ec2a848ad1\TRELLIS_FF.
Using template $paramod$37e41664cab9052a9b41c89036e0524f666a0fee\TRELLIS_FF for cells of type $paramod$37e41664cab9052a9b41c89036e0524f666a0fee\TRELLIS_FF.
Using template $paramod$68581f66a8fa831820fa7633bd24ba569ae9d7e3\TRELLIS_FF_$abc9_byp for cells of type $paramod$68581f66a8fa831820fa7633bd24ba569ae9d7e3\TRELLIS_FF_$abc9_byp.
Using template $paramod$af6cfab7b64a03625b4e26db341709ec2a848ad1\TRELLIS_FF_$abc9_byp for cells of type $paramod$af6cfab7b64a03625b4e26db341709ec2a848ad1\TRELLIS_FF_$abc9_byp.
Using template $paramod$37e41664cab9052a9b41c89036e0524f666a0fee\TRELLIS_FF_$abc9_byp for cells of type $paramod$37e41664cab9052a9b41c89036e0524f666a0fee\TRELLIS_FF_$abc9_byp.
No more expansions possible.
<suppressed ~133 debug messages>
Removed 27 unused cells and 1507 unused wires.

3.47. Executing TECHMAP pass (map to technology primitives).

3.47.1. Executing Verilog-2005 frontend: /Users/Dilan/eda/fabric-under-pressure/oss-cad-suite/libexec/../share/yosys/lattice/cells_map_trellis.v
Parsing Verilog input from `/Users/Dilan/eda/fabric-under-pressure/oss-cad-suite/libexec/../share/yosys/lattice/cells_map_trellis.v' to AST representation.
Generating RTLIL representation for module `$_DFF_N_'.
Generating RTLIL representation for module `$_DFF_P_'.
Generating RTLIL representation for module `$_DFFE_NN_'.
Generating RTLIL representation for module `$_DFFE_PN_'.
Generating RTLIL representation for module `$_DFFE_NP_'.
Generating RTLIL representation for module `$_DFFE_PP_'.
Generating RTLIL representation for module `$_DFF_NP0_'.
Generating RTLIL representation for module `$_DFF_NP1_'.
Generating RTLIL representation for module `$_DFF_PP0_'.
Generating RTLIL representation for module `$_DFF_PP1_'.
Generating RTLIL representation for module `$_SDFF_NP0_'.
Generating RTLIL representation for module `$_SDFF_NP1_'.
Generating RTLIL representation for module `$_SDFF_PP0_'.
Generating RTLIL representation for module `$_SDFF_PP1_'.
Generating RTLIL representation for module `$_DFFE_NP0P_'.
Generating RTLIL representation for module `$_DFFE_NP1P_'.
Generating RTLIL representation for module `$_DFFE_PP0P_'.
Generating RTLIL representation for module `$_DFFE_PP1P_'.
Generating RTLIL representation for module `$_DFFE_NP0N_'.
Generating RTLIL representation for module `$_DFFE_NP1N_'.
Generating RTLIL representation for module `$_DFFE_PP0N_'.
Generating RTLIL representation for module `$_DFFE_PP1N_'.
Generating RTLIL representation for module `$_SDFFE_NP0P_'.
Generating RTLIL representation for module `$_SDFFE_NP1P_'.
Generating RTLIL representation for module `$_SDFFE_PP0P_'.
Generating RTLIL representation for module `$_SDFFE_PP1P_'.
Generating RTLIL representation for module `$_SDFFE_NP0N_'.
Generating RTLIL representation for module `$_SDFFE_NP1N_'.
Generating RTLIL representation for module `$_SDFFE_PP0N_'.
Generating RTLIL representation for module `$_SDFFE_PP1N_'.
Generating RTLIL representation for module `$_ALDFF_NP_'.
Generating RTLIL representation for module `$_ALDFF_PP_'.
Generating RTLIL representation for module `$_ALDFFE_NPN_'.
Generating RTLIL representation for module `$_ALDFFE_NPP_'.
Generating RTLIL representation for module `$_ALDFFE_PPN_'.
Generating RTLIL representation for module `$_ALDFFE_PPP_'.
Generating RTLIL representation for module `\FD1P3AX'.
Generating RTLIL representation for module `\FD1P3AY'.
Generating RTLIL representation for module `\FD1P3BX'.
Generating RTLIL representation for module `\FD1P3DX'.
Generating RTLIL representation for module `\FD1P3IX'.
Generating RTLIL representation for module `\FD1P3JX'.
Generating RTLIL representation for module `\FD1S3AX'.
Generating RTLIL representation for module `\FD1S3AY'.
Generating RTLIL representation for module `\FD1S3BX'.
Generating RTLIL representation for module `\FD1S3DX'.
Generating RTLIL representation for module `\FD1S3IX'.
Generating RTLIL representation for module `\FD1S3JX'.
Generating RTLIL representation for module `\IFS1P3BX'.
Generating RTLIL representation for module `\IFS1P3DX'.
Generating RTLIL representation for module `\IFS1P3IX'.
Generating RTLIL representation for module `\IFS1P3JX'.
Generating RTLIL representation for module `\OFS1P3BX'.
Generating RTLIL representation for module `\OFS1P3DX'.
Generating RTLIL representation for module `\OFS1P3IX'.
Generating RTLIL representation for module `\OFS1P3JX'.
Generating RTLIL representation for module `\IB'.
Generating RTLIL representation for module `\IBPU'.
Generating RTLIL representation for module `\IBPD'.
Generating RTLIL representation for module `\OB'.
Generating RTLIL representation for module `\OBZ'.
Generating RTLIL representation for module `\OBZPU'.
Generating RTLIL representation for module `\OBZPD'.
Generating RTLIL representation for module `\OBCO'.
Generating RTLIL representation for module `\BB'.
Generating RTLIL representation for module `\BBPU'.
Generating RTLIL representation for module `\BBPD'.
Generating RTLIL representation for module `\ILVDS'.
Generating RTLIL representation for module `\OLVDS'.
Generating RTLIL representation for module `$lut'.
Successfully finished Verilog frontend.

3.47.2. Continuing TECHMAP pass.
Using template $paramod$lut\WIDTH=32'00000000000000000000000000000010\LUT=4'0100 for cells of type $lut.
Using template $paramod$lut\WIDTH=32'00000000000000000000000000000010\LUT=4'1000 for cells of type $lut.
Using template $paramod$lut\WIDTH=32'00000000000000000000000000000011\LUT=8'00001000 for cells of type $lut.
Using template $paramod$fcff9a7b1687e357a40264efcefe8443c8b2971a$lut for cells of type $lut.
Using template $paramod$4b9b235bc4444ff899bef0c648e4109b26737f1a$lut for cells of type $lut.
Using template $paramod$edfe6773e2ae95f1f17ad5bea62c0e1b079fa667$lut for cells of type $lut.
Using template $paramod$c8f16510db975553c8b0be1064e8f5234175f8a8$lut for cells of type $lut.
Using template $paramod$16894c241be5ea1f024e9339dea788b4dbe184ae$lut for cells of type $lut.
Using template $paramod$lut\WIDTH=32'00000000000000000000000000000011\LUT=8'00000010 for cells of type $lut.
Using template $paramod$lut\WIDTH=32'00000000000000000000000000000011\LUT=8'00100111 for cells of type $lut.
Using template $paramod$3702268f692b8bf258e428f65d3bca4e1f76d98b$lut for cells of type $lut.
Using template $paramod$58df2c605746858c7e53492c8f57d6f1fafa12d2$lut for cells of type $lut.
Using template $paramod$lut\WIDTH=32'00000000000000000000000000000011\LUT=8'00000001 for cells of type $lut.
Using template $paramod$lut\WIDTH=32'00000000000000000000000000000011\LUT=8'00100000 for cells of type $lut.
Using template $paramod$baa9d2fb2d21010939721b85aa9f11effe0b53c4$lut for cells of type $lut.
Using template $paramod$728e616c918eb05878d70b2bb240e381ea2847b9$lut for cells of type $lut.
Using template $paramod$f747d54e1c552a8e1ec84eeba290de53b40d2baf$lut for cells of type $lut.
Using template $paramod$e6a488add0b5a2d742e2ae29f62ce7616e04271d$lut for cells of type $lut.
Using template $paramod$239497b96db7e17720ca6afe567a5c67294f57b4$lut for cells of type $lut.
Using template $paramod$lut\WIDTH=32'00000000000000000000000000000010\LUT=4'0001 for cells of type $lut.
Using template $paramod$4a799cc91c8d4428fafe4c733bba3badab074425$lut for cells of type $lut.
Using template $paramod$lut\WIDTH=32'00000000000000000000000000000011\LUT=8'11011000 for cells of type $lut.
Using template $paramod$e2d96f36ef28053ecd27167cd95b944485ac3146$lut for cells of type $lut.
Using template $paramod$2955ab75367a3dc9d6f50d3655eebcd4f615031f$lut for cells of type $lut.
Using template $paramod$4385b611926e5c0509dba4de58311d325da0ff0d$lut for cells of type $lut.
Using template $paramod$ab8bb87959c5d7cfa27886cee1355b38e054a61a$lut for cells of type $lut.
Using template $paramod$7ffc04c088a4897014506d1e561a14b627924059$lut for cells of type $lut.
Using template $paramod$lut\WIDTH=32'00000000000000000000000000000011\LUT=8'01010100 for cells of type $lut.
Using template $paramod$lut\WIDTH=32'00000000000000000000000000000011\LUT=8'10101000 for cells of type $lut.
Using template $paramod$f31d9e0f506230211ce90dec8cda8f4e917ce473$lut for cells of type $lut.
Using template $paramod$57a9445b22a3efd6616f902e04e3fbb5bc652576$lut for cells of type $lut.
Using template $paramod$e019cb14313283ce60b57907d30cf3eefa00a93d$lut for cells of type $lut.
Using template $paramod$ba7f31f246a278c41fa0648a6e0512f63185dec0$lut for cells of type $lut.
Using template $paramod$81d8a60fd95b1a9f9ef71c12a774ae6988cb9fd5$lut for cells of type $lut.
Using template $paramod$6ed2b32603370e425d583bb99e027620702d7197$lut for cells of type $lut.
Using template $paramod$94ac66a11090dca84889e55fcf03297912a5b7ec$lut for cells of type $lut.
Using template $paramod$325e90edf97670f9dea57833ae1f51a5e8bcddea$lut for cells of type $lut.
Using template $paramod$lut\WIDTH=32'00000000000000000000000000000011\LUT=8'00001011 for cells of type $lut.
Using template $paramod$lut\WIDTH=32'00000000000000000000000000000011\LUT=8'10001010 for cells of type $lut.
Using template $paramod$38446ff493f776d29ea4f3122b249720a55b03df$lut for cells of type $lut.
Using template $paramod$9e394303e290a474880b56f98766417009256d93$lut for cells of type $lut.
Using template $paramod$bfe9b7f13277a1be4d4539e5666919f21b452f60$lut for cells of type $lut.
Using template $paramod$d0c7689ea45e7928324a56e410fef62f2996dbb5$lut for cells of type $lut.
Using template $paramod$lut\WIDTH=32'00000000000000000000000000000010\LUT=4'0010 for cells of type $lut.
Using template $paramod$lut\WIDTH=32'00000000000000000000000000000011\LUT=8'10101100 for cells of type $lut.
Using template $paramod$a5516fc31d1e552de2435200bb732b4d4ad63a9c$lut for cells of type $lut.
Using template $paramod$47a8214374025465e226fa66bee690ff33268a25$lut for cells of type $lut.
Using template $paramod$f9813472aa48e533b3838c6f2316dc2e78c66111$lut for cells of type $lut.
Using template $paramod$c0d0149a3bc3966bbdc70801a1737c5a23b51a18$lut for cells of type $lut.
Using template $paramod$5321e04f7ce32c091123c3570ab562efb1c81402$lut for cells of type $lut.
Using template $paramod$4dace72eac24fbca979437701446e4c19b49dc73$lut for cells of type $lut.
Using template $paramod$3a6dd24664e6ab6fa0db91f704f3350c1d250c35$lut for cells of type $lut.
Using template $paramod$lut\WIDTH=32'00000000000000000000000000000011\LUT=8'00001101 for cells of type $lut.
Using template $paramod$bd043f81d1f6324f3ad87f4ad17fe7899b82b0c6$lut for cells of type $lut.
Using template $paramod$lut\WIDTH=32'00000000000000000000000000000011\LUT=8'01000101 for cells of type $lut.
Using template $paramod$1b0c8c9dd746dc78d3984ff78a759192b8840cc7$lut for cells of type $lut.
Using template $paramod$68139c8ad8d06b5e515d877c9be38e592f2bc461$lut for cells of type $lut.
Using template $paramod$903b13a78e0201d81ee2cb5e579e213337de2eac$lut for cells of type $lut.
Using template $paramod$4a1dea0c4198bbc6cf2153e56ffd8dca07363e3f$lut for cells of type $lut.
Using template $paramod$6529aaa370306a83b3049a84a5cffa1f172339d8$lut for cells of type $lut.
Using template $paramod$lut\WIDTH=32'00000000000000000000000000000011\LUT=8'00000100 for cells of type $lut.
Using template $paramod$c9bea2e505bacaf3127fc5852c93cc04ba4fdbbf$lut for cells of type $lut.
Using template $paramod$eeea089431e54644147af2c573dc3d2eca0e3b09$lut for cells of type $lut.
Using template $paramod$3a89e1715c72050f67f05cdcab3d20ef5a325839$lut for cells of type $lut.
Using template $paramod$f755253897078069181b370ddfda5d23e17a5d0f$lut for cells of type $lut.
Using template $paramod$8d242c911932063e62b18ca2238875c32c43e90e$lut for cells of type $lut.
Using template $paramod$24f18d4c139ee54200da3e6e15f9df48dafbf2ba$lut for cells of type $lut.
Using template $paramod$ec2ea993088a56fc190e2a16c1c23b6887e46015$lut for cells of type $lut.
Using template $paramod$1dce8df576feffcf8412d690d1224e2a94dad2ef$lut for cells of type $lut.
Using template $paramod$e21a62bbe34850f2a42cb590398241097b7e6fc6$lut for cells of type $lut.
Using template $paramod$101238f3d8d49ab12a9b49a2f01cd503b26e9c61$lut for cells of type $lut.
Using template $paramod$be4013868fa3b22a99a5e05ea2458ccc95b83716$lut for cells of type $lut.
Using template $paramod$e134ec2a47a2462a591072e65d34fb15b81c90e0$lut for cells of type $lut.
Using template $paramod$f4c6fe0020190952fcd7d4a4d5f3ec5a8512a50b$lut for cells of type $lut.
Using template $paramod$9ea21bf1461f3d24bc381e80410286fce7dd5f30$lut for cells of type $lut.
Using template $paramod$lut\WIDTH=32'00000000000000000000000000000010\LUT=4'1101 for cells of type $lut.
Using template $paramod$ac0fa5d7a90a8bbe2427a08d007dd31ff56eaf3f$lut for cells of type $lut.
Using template $paramod$da23e650823505d0aa6fca46f1e0bc4c0ff09458$lut for cells of type $lut.
Using template $paramod$35c52a448efb9f96aab59d2389a23e7250be1c19$lut for cells of type $lut.
Using template $paramod$48b3c26adfc2f2a2d382624f8498bef8063d0d29$lut for cells of type $lut.
Using template $paramod$07b1b12ce0305f55108770e958fd02caedfebdf8$lut for cells of type $lut.
Using template $paramod$7b809938766c3068dc017c276033f224fcfb7189$lut for cells of type $lut.
Using template $paramod$lut\WIDTH=32'00000000000000000000000000000011\LUT=8'00010000 for cells of type $lut.
Using template $paramod$4beade702c2f387a77c3f89db4f631e06b3ae32d$lut for cells of type $lut.
Using template $paramod$3b56205e0e57b3ea26d80fc7983017f83663129e$lut for cells of type $lut.
Using template $paramod$30305e55a780880b9c824fe3509a4d981acb0f2b$lut for cells of type $lut.
Using template $paramod$a8b5d60f3866c7eccf67c6ae976449c3c3a44db9$lut for cells of type $lut.
Using template $paramod$dc1258716833a1dcef887e6b658991adf8aba9a0$lut for cells of type $lut.
Using template $paramod$c52a0db667d756fb2aeca0cb0f917d16f094893b$lut for cells of type $lut.
Using template $paramod$35cdccd0a266367f8b6fcc79299a094e7a392e44$lut for cells of type $lut.
Using template $paramod$272652f6c6fbe9a75eff76e45cc7e2788835518b$lut for cells of type $lut.
Using template $paramod$2c01c78b93f77b5e79eae85526677e695be05a34$lut for cells of type $lut.
Using template $paramod$996c00cdb15248f50491fa21547117d214457c2a$lut for cells of type $lut.
Using template $paramod$5658ab9f7bb74400276a0072ea1b3ab3d7c0aeba$lut for cells of type $lut.
Using template $paramod$cbd2ed7abe28d7a669e47726fce2e74f127c2b0c$lut for cells of type $lut.
Using template $paramod$2de38352882553d62758cc44d7bf3738d1292e89$lut for cells of type $lut.
Using template $paramod$c4755b699fd06e5bf792b9855f18caf9327f3541$lut for cells of type $lut.
Using template $paramod$6c33c46218a0fdcf8d3ebea97aaab59e31e2808c$lut for cells of type $lut.
Using template $paramod$53ce561f80f32d4298a3beadc88b6c5c78293221$lut for cells of type $lut.
Using template $paramod$lut\WIDTH=32'00000000000000000000000000000010\LUT=4'1110 for cells of type $lut.
Using template $paramod$ead66ba22839f96e739c8f1b5a09bc1717b3be02$lut for cells of type $lut.
Using template $paramod$04f2a0cdc5c7cda41e9387c83e451bc87995a0cf$lut for cells of type $lut.
Using template $paramod$3cf5a86e93cf8e6acb1b587a47dd790a9b8feb6e$lut for cells of type $lut.
Using template $paramod$2645ed3928f2726e8ccb403cb23252de43b617d7$lut for cells of type $lut.
Using template $paramod$e6062a78edaf68ec0dbea59d4c8352dcb2ce0366$lut for cells of type $lut.
Using template $paramod$48fe28fba405db5037e2efb59620956aae11abc6$lut for cells of type $lut.
Using template $paramod$8e44661def013b6bf9fe6f8b049ef2c838d749f9$lut for cells of type $lut.
Using template $paramod$lut\WIDTH=32'00000000000000000000000000000011\LUT=8'11111000 for cells of type $lut.
Using template $paramod$2ae6e60fc66d6770770562154e5e5cd1672c1cd8$lut for cells of type $lut.
Using template $paramod$f0ffceee7e3e4c9af4951f19a14982c11340ba54$lut for cells of type $lut.
Using template $paramod$5d16e795d6c582b27c818459b159f81a7f4525c4$lut for cells of type $lut.
Using template $paramod$c27b8f968d193f1bdeecb5ff0727e89dfc8895da$lut for cells of type $lut.
Using template $paramod$0260ba258d9e1a608f5e349a51c65fb9e84b9283$lut for cells of type $lut.
Using template $paramod$d7567441d0aa0f481d643d1aedd8acbbc17b2dbc$lut for cells of type $lut.
Using template $paramod$lut\WIDTH=32'00000000000000000000000000000011\LUT=8'10110011 for cells of type $lut.
Using template $paramod$995867fae650eecd550ea20a5378d2ec1974c1d2$lut for cells of type $lut.
Using template $paramod$435428187cf875938e74e7d1eb5f0e510c00c191$lut for cells of type $lut.
Using template $paramod$lut\WIDTH=32'00000000000000000000000000000010\LUT=4'1011 for cells of type $lut.
Using template $paramod$lut\WIDTH=32'00000000000000000000000000000011\LUT=8'11000100 for cells of type $lut.
Using template $paramod$05e5bc59c1634fabdee622217c063996b570d48c$lut for cells of type $lut.
Using template $paramod$ec7d3def28e51ac0a1ba484b2086d69c2e88082f$lut for cells of type $lut.
Using template $paramod$027b71830bd0fbfb04ad11206c5a0de76ed9d3f5$lut for cells of type $lut.
Using template $paramod$a7c07944e10969b2e1fd563a5b72f89493cb3705$lut for cells of type $lut.
Using template $paramod$6375ab94b303a3f3c8d7ca6946328cb3c0b443a7$lut for cells of type $lut.
Using template $paramod$lut\WIDTH=32'00000000000000000000000000000011\LUT=8'11101100 for cells of type $lut.
Using template $paramod$62947635c9e0f61ac7eb5f092ace19f2c5f4b27e$lut for cells of type $lut.
Using template $paramod$7202672b7332febf25cdbe5424cf24593f5449be$lut for cells of type $lut.
Using template $paramod$03b9daff70033603e5b4a960f230251532df15a6$lut for cells of type $lut.
Using template $paramod$lut\WIDTH=32'00000000000000000000000000000011\LUT=8'01011101 for cells of type $lut.
Using template $paramod$35059585e93e18989247e13034fd6a1ce4de9957$lut for cells of type $lut.
Using template $paramod$087e3c9e6dd519fd3d0e44a341e6b78d199c8cb9$lut for cells of type $lut.
Using template $paramod$lut\WIDTH=32'00000000000000000000000000000011\LUT=8'11001010 for cells of type $lut.
Using template $paramod$lut\WIDTH=32'00000000000000000000000000000011\LUT=8'10111001 for cells of type $lut.
Using template $paramod$lut\WIDTH=32'00000000000000000000000000000011\LUT=8'11100110 for cells of type $lut.
Using template $paramod$db5febe29524644c446630dcf64056408091591e$lut for cells of type $lut.
Using template $paramod$f8f63b209b7230e81958663ff24fef1613156af7$lut for cells of type $lut.
Using template $paramod$lut\WIDTH=32'00000000000000000000000000000011\LUT=8'01110000 for cells of type $lut.
Using template $paramod$a6ef2a845efd4ff0d96bc4fd2f06cc3516fa63ff$lut for cells of type $lut.
Using template $paramod$f8266385d32ca3e05d7d639cee8bc0e31854db72$lut for cells of type $lut.
Using template $paramod$873c285bdccf0ac2b60d2304ea5cd14bf211d2a6$lut for cells of type $lut.
Using template $paramod$lut\WIDTH=32'00000000000000000000000000000011\LUT=8'10100010 for cells of type $lut.
Using template $paramod$430f594bae121e8de9166402fc7035940d0f0ce0$lut for cells of type $lut.
Using template $paramod$lut\WIDTH=32'00000000000000000000000000000011\LUT=8'00110010 for cells of type $lut.
Using template $paramod$2e38bcbcaeb8b07fa425b37fd248f5e13ecdda0b$lut for cells of type $lut.
Using template $paramod$79432275bae6ba3c8cd1f392a278d15c8c6d8c77$lut for cells of type $lut.
Using template $paramod$88964cd5af5128c3417d40bd86d7eeff3b603b7e$lut for cells of type $lut.
Using template $paramod$a76afe794e55ba422468b9db09d48da3f250b812$lut for cells of type $lut.
Using template $paramod$82a00bf0f959a345aaec45c197de61b70ee9c703$lut for cells of type $lut.
Using template $paramod$c958b3a888f937f082b94811ff62d71e32a2b4eb$lut for cells of type $lut.
Using template $paramod$2c9fdd9f81a9a0f20f195228573ae06ae3d35480$lut for cells of type $lut.
Using template $paramod$lut\WIDTH=32'00000000000000000000000000000011\LUT=8'10000000 for cells of type $lut.
Using template $paramod$lut\WIDTH=32'00000000000000000000000000000001\LUT=2'01 for cells of type $lut.
No more expansions possible.
<suppressed ~2166 debug messages>

3.48. Executing OPT_LUT_INS pass (discard unused LUT inputs).
Optimizing LUTs in axi_b_response_router.
  Optimizing lut $abc$21878$lut$aiger21877$1569.genblk1.genblk1.genblk1.genblk1.genblk1.lut1 (4 -> 3)
  Optimizing lut $auto$abc_ops_reintegrate.cc:655:reintegrate$21886.genblk1.genblk1.genblk1.genblk1.genblk1.lut1 (4 -> 0)
  Optimizing lut $abc$21878$lut$aiger21877$1468.genblk1.genblk1.genblk1.genblk1.genblk1.genblk1.lut2 (4 -> 2)
  Optimizing lut $abc$21878$lut$aiger21877$1468.genblk1.genblk1.genblk1.genblk1.genblk1.genblk1.lut3 (4 -> 0)
  Optimizing lut $abc$21878$lut$aiger21877$973.genblk1.genblk1.genblk1.genblk1.genblk1.genblk1.lut1 (4 -> 0)
  Optimizing lut $abc$21878$lut$aiger21877$973.genblk1.genblk1.genblk1.genblk1.genblk1.genblk1.lut3 (4 -> 0)
  Optimizing lut $abc$21878$lut$aiger21877$979.genblk1.genblk1.genblk1.genblk1.genblk1.genblk1.lut1 (4 -> 0)
  Optimizing lut $abc$21878$lut$aiger21877$979.genblk1.genblk1.genblk1.genblk1.genblk1.genblk1.lut3 (4 -> 0)
  Optimizing lut $abc$21878$lut$aiger21877$1412.genblk1.genblk1.genblk1.genblk1.genblk1.genblk1.lut2 (4 -> 0)
  Optimizing lut $abc$21878$lut$aiger21877$1412.genblk1.genblk1.genblk1.genblk1.genblk1.genblk1.lut3 (4 -> 0)
  Optimizing lut $abc$21878$lut$aiger21877$1397.genblk1.genblk1.genblk1.genblk1.genblk1.genblk1.genblk1.lut2 (4 -> 1)
  Optimizing lut $abc$21878$lut$aiger21877$1397.genblk1.genblk1.genblk1.genblk1.genblk1.genblk1.genblk1.lut3 (4 -> 1)
  Optimizing lut $abc$21878$lut$aiger21877$1397.genblk1.genblk1.genblk1.genblk1.genblk1.genblk1.genblk1.lut4 (4 -> 1)
  Optimizing lut $abc$21878$lut$aiger21877$1397.genblk1.genblk1.genblk1.genblk1.genblk1.genblk1.genblk1.lut6 (4 -> 1)
  Optimizing lut $abc$21878$lut$aiger21877$1397.genblk1.genblk1.genblk1.genblk1.genblk1.genblk1.genblk1.lut7 (4 -> 2)
  Optimizing lut $abc$21878$lut$aiger21877$963.genblk1.genblk1.genblk1.genblk1.genblk1.genblk1.lut2 (4 -> 2)
  Optimizing lut $abc$21878$lut$aiger21877$963.genblk1.genblk1.genblk1.genblk1.genblk1.genblk1.lut3 (4 -> 2)
  Optimizing lut $abc$21878$lut$aiger21877$956.genblk1.genblk1.genblk1.genblk1.genblk1.lut1 (4 -> 2)
  Optimizing lut $abc$21878$lut$aiger21877$925.genblk1.genblk1.genblk1.genblk1.genblk1.genblk1.lut2 (4 -> 3)
  Optimizing lut $auto$abc_ops_reintegrate.cc:655:reintegrate$21900.genblk1.genblk1.genblk1.genblk1.genblk1.genblk1.lut3 (4 -> 0)
  Optimizing lut $abc$21878$lut$aiger21877$1210.genblk1.genblk1.genblk1.genblk1.genblk1.lut1 (4 -> 0)
  Optimizing lut $abc$21878$lut$aiger21877$1206.genblk1.genblk1.genblk1.genblk1.genblk1.genblk1.lut1 (4 -> 0)
  Optimizing lut $abc$21878$lut$aiger21877$1206.genblk1.genblk1.genblk1.genblk1.genblk1.genblk1.lut3 (4 -> 0)
  Optimizing lut $abc$21878$lut$aiger21877$1198.genblk1.genblk1.genblk1.genblk1.genblk1.genblk1.genblk1.lut2 (4 -> 1)
  Optimizing lut $abc$21878$lut$aiger21877$1198.genblk1.genblk1.genblk1.genblk1.genblk1.genblk1.genblk1.lut3 (4 -> 1)
  Optimizing lut $abc$21878$lut$aiger21877$1198.genblk1.genblk1.genblk1.genblk1.genblk1.genblk1.genblk1.lut4 (4 -> 2)
  Optimizing lut $abc$21878$lut$aiger21877$1198.genblk1.genblk1.genblk1.genblk1.genblk1.genblk1.genblk1.lut5 (4 -> 0)
  Optimizing lut $abc$21878$lut$aiger21877$1198.genblk1.genblk1.genblk1.genblk1.genblk1.genblk1.genblk1.lut7 (4 -> 3)
  Optimizing lut $abc$21878$lut$aiger21877$1184.genblk1.genblk1.genblk1.genblk1.genblk1.genblk1.lut1 (4 -> 1)
  Optimizing lut $abc$21878$lut$aiger21877$1184.genblk1.genblk1.genblk1.genblk1.genblk1.genblk1.lut2 (4 -> 0)
  Optimizing lut $abc$21878$lut$aiger21877$1184.genblk1.genblk1.genblk1.genblk1.genblk1.genblk1.lut3 (4 -> 0)
  Optimizing lut $abc$21878$lut$aiger21877$1189.genblk1.genblk1.genblk1.genblk1.genblk1.genblk1.lut3 (4 -> 0)
  Optimizing lut $auto$abc_ops_reintegrate.cc:655:reintegrate$21901.genblk1.genblk1.genblk1.genblk1.genblk1.lut1 (4 -> 0)
  Optimizing lut $abc$21878$lut$aiger21877$1163.genblk1.genblk1.genblk1.genblk1.genblk1.genblk1.genblk1.lut1 (4 -> 0)
  Optimizing lut $abc$21878$lut$aiger21877$1163.genblk1.genblk1.genblk1.genblk1.genblk1.genblk1.genblk1.lut2 (4 -> 0)
  Optimizing lut $abc$21878$lut$aiger21877$1163.genblk1.genblk1.genblk1.genblk1.genblk1.genblk1.genblk1.lut3 (4 -> 0)
  Optimizing lut $abc$21878$lut$aiger21877$1163.genblk1.genblk1.genblk1.genblk1.genblk1.genblk1.genblk1.lut4 (4 -> 1)
  Optimizing lut $abc$21878$lut$aiger21877$1163.genblk1.genblk1.genblk1.genblk1.genblk1.genblk1.genblk1.lut5 (4 -> 1)
  Optimizing lut $abc$21878$lut$aiger21877$1163.genblk1.genblk1.genblk1.genblk1.genblk1.genblk1.genblk1.lut7 (4 -> 0)
  Optimizing lut $abc$21878$lut$aiger21877$889.genblk1.genblk1.genblk1.genblk1.genblk1.genblk1.lut1 (4 -> 0)
  Optimizing lut $abc$21878$lut$aiger21877$889.genblk1.genblk1.genblk1.genblk1.genblk1.genblk1.lut2 (4 -> 3)
  Optimizing lut $abc$21878$lut$aiger21877$910.genblk1.genblk1.genblk1.genblk1.genblk1.genblk1.lut1 (4 -> 0)
  Optimizing lut $abc$21878$lut$aiger21877$910.genblk1.genblk1.genblk1.genblk1.genblk1.genblk1.lut2 (4 -> 3)
  Optimizing lut $abc$21878$lut$aiger21877$881.genblk1.genblk1.genblk1.genblk1.genblk1.genblk1.lut1 (4 -> 2)
  Optimizing lut $abc$21878$lut$aiger21877$881.genblk1.genblk1.genblk1.genblk1.genblk1.genblk1.lut2 (4 -> 2)
  Optimizing lut $abc$21878$lut$aiger21877$881.genblk1.genblk1.genblk1.genblk1.genblk1.genblk1.lut3 (4 -> 2)
  Optimizing lut $abc$21878$lut$aiger21877$848.genblk1.genblk1.genblk1.genblk1.genblk1.genblk1.lut2 (4 -> 3)
  Optimizing lut $abc$21878$lut$aiger21877$529.genblk1.genblk1.genblk1.genblk1.genblk1.genblk1.lut1 (4 -> 3)
  Optimizing lut $abc$21878$lut$aiger21877$529.genblk1.genblk1.genblk1.genblk1.genblk1.genblk1.lut2 (4 -> 3)
  Optimizing lut $abc$21878$lut$aiger21877$947.genblk1.genblk1.genblk1.genblk1.genblk1.genblk1.lut2 (4 -> 3)
  Optimizing lut $abc$21878$lut$aiger21877$947.genblk1.genblk1.genblk1.genblk1.genblk1.genblk1.lut3 (4 -> 0)
  Optimizing lut $abc$21878$lut$aiger21877$920.genblk1.genblk1.genblk1.genblk1.genblk1.lut1 (4 -> 1)
  Optimizing lut $auto$abc_ops_reintegrate.cc:655:reintegrate$21903.genblk1.genblk1.genblk1.genblk1.genblk1.genblk1.genblk1.lut2 (4 -> 0)
  Optimizing lut $auto$abc_ops_reintegrate.cc:655:reintegrate$21903.genblk1.genblk1.genblk1.genblk1.genblk1.genblk1.genblk1.lut3 (4 -> 0)
  Optimizing lut $auto$abc_ops_reintegrate.cc:655:reintegrate$21903.genblk1.genblk1.genblk1.genblk1.genblk1.genblk1.genblk1.lut4 (4 -> 1)
  Optimizing lut $auto$abc_ops_reintegrate.cc:655:reintegrate$21903.genblk1.genblk1.genblk1.genblk1.genblk1.genblk1.genblk1.lut5 (4 -> 1)
  Optimizing lut $auto$abc_ops_reintegrate.cc:655:reintegrate$21903.genblk1.genblk1.genblk1.genblk1.genblk1.genblk1.genblk1.lut6 (4 -> 0)
  Optimizing lut $abc$21878$lut$aiger21877$1109.genblk1.genblk1.genblk1.genblk1.genblk1.genblk1.genblk1.lut1 (4 -> 3)
  Optimizing lut $abc$21878$lut$aiger21877$1109.genblk1.genblk1.genblk1.genblk1.genblk1.genblk1.genblk1.lut2 (4 -> 3)
  Optimizing lut $abc$21878$lut$aiger21877$1109.genblk1.genblk1.genblk1.genblk1.genblk1.genblk1.genblk1.lut3 (4 -> 3)
  Optimizing lut $abc$21878$lut$aiger21877$1097.genblk1.genblk1.genblk1.genblk1.genblk1.genblk1.lut1 (4 -> 0)
  Optimizing lut $abc$21878$lut$aiger21877$1097.genblk1.genblk1.genblk1.genblk1.genblk1.genblk1.lut2 (4 -> 2)
  Optimizing lut $abc$21878$lut$aiger21877$1097.genblk1.genblk1.genblk1.genblk1.genblk1.genblk1.lut3 (4 -> 3)
  Optimizing lut $abc$21878$lut$aiger21877$1089.genblk1.genblk1.genblk1.genblk1.genblk1.genblk1.lut2 (4 -> 0)
  Optimizing lut $abc$21878$lut$aiger21877$1089.genblk1.genblk1.genblk1.genblk1.genblk1.genblk1.lut3 (4 -> 0)
  Optimizing lut $abc$21878$lut$aiger21877$1065.genblk1.genblk1.genblk1.genblk1.genblk1.genblk1.lut2 (4 -> 2)
  Optimizing lut $abc$21878$lut$aiger21877$1065.genblk1.genblk1.genblk1.genblk1.genblk1.genblk1.lut3 (4 -> 2)
  Optimizing lut $abc$21878$lut$aiger21877$1058.genblk1.genblk1.genblk1.genblk1.genblk1.lut1 (4 -> 2)
  Optimizing lut $abc$21878$lut$aiger21877$1029.genblk1.genblk1.genblk1.genblk1.genblk1.lut1 (4 -> 3)
  Optimizing lut $auto$abc_ops_reintegrate.cc:655:reintegrate$21905.genblk1.genblk1.genblk1.genblk1.genblk1.genblk1.lut3 (4 -> 2)
  Optimizing lut $abc$21878$lut$aiger21877$1041.genblk1.genblk1.genblk1.genblk1.genblk1.genblk1.lut2 (4 -> 3)
  Optimizing lut $abc$21878$lut$aiger$o580.genblk1.genblk1.genblk1.genblk1.genblk1.genblk1.genblk1.lut2 (4 -> 1)
  Optimizing lut $abc$21878$lut$aiger$o580.genblk1.genblk1.genblk1.genblk1.genblk1.genblk1.genblk1.lut3 (4 -> 1)
  Optimizing lut $abc$21878$lut$aiger$o580.genblk1.genblk1.genblk1.genblk1.genblk1.genblk1.genblk1.lut4 (4 -> 1)
  Optimizing lut $abc$21878$lut$aiger$o580.genblk1.genblk1.genblk1.genblk1.genblk1.genblk1.genblk1.lut5 (4 -> 1)
  Optimizing lut $abc$21878$lut$aiger$o580.genblk1.genblk1.genblk1.genblk1.genblk1.genblk1.genblk1.lut6 (4 -> 1)
  Optimizing lut $abc$21878$lut$aiger$o580.genblk1.genblk1.genblk1.genblk1.genblk1.genblk1.genblk1.lut7 (4 -> 1)
  Optimizing lut $abc$21878$lut$aiger21877$865.genblk1.genblk1.genblk1.genblk1.genblk1.genblk1.genblk1.lut2 (4 -> 3)
  Optimizing lut $abc$21878$lut$aiger21877$865.genblk1.genblk1.genblk1.genblk1.genblk1.genblk1.genblk1.lut3 (4 -> 0)
  Optimizing lut $abc$21878$lut$aiger21877$865.genblk1.genblk1.genblk1.genblk1.genblk1.genblk1.genblk1.lut4 (4 -> 0)
  Optimizing lut $abc$21878$lut$aiger21877$865.genblk1.genblk1.genblk1.genblk1.genblk1.genblk1.genblk1.lut5 (4 -> 0)
  Optimizing lut $abc$21878$lut$aiger21877$865.genblk1.genblk1.genblk1.genblk1.genblk1.genblk1.genblk1.lut6 (4 -> 0)
  Optimizing lut $abc$21878$lut$aiger21877$865.genblk1.genblk1.genblk1.genblk1.genblk1.genblk1.genblk1.lut7 (4 -> 0)
  Optimizing lut $abc$21878$lut$aiger21877$465.genblk1.genblk1.genblk1.genblk1.genblk1.lut1 (4 -> 0)
  Optimizing lut $abc$21878$lut$aiger21877$726.genblk1.genblk1.genblk1.genblk1.genblk1.genblk1.lut2 (4 -> 1)
  Optimizing lut $abc$21878$lut$aiger21877$726.genblk1.genblk1.genblk1.genblk1.genblk1.genblk1.lut3 (4 -> 1)
  Optimizing lut $abc$21878$lut$aiger21877$859.genblk1.genblk1.genblk1.genblk1.genblk1.genblk1.genblk1.lut2 (4 -> 1)
  Optimizing lut $abc$21878$lut$aiger21877$859.genblk1.genblk1.genblk1.genblk1.genblk1.genblk1.genblk1.lut3 (4 -> 1)
  Optimizing lut $abc$21878$lut$aiger21877$859.genblk1.genblk1.genblk1.genblk1.genblk1.genblk1.genblk1.lut4 (4 -> 1)
  Optimizing lut $abc$21878$lut$aiger21877$859.genblk1.genblk1.genblk1.genblk1.genblk1.genblk1.genblk1.lut5 (4 -> 1)
  Optimizing lut $abc$21878$lut$aiger21877$859.genblk1.genblk1.genblk1.genblk1.genblk1.genblk1.genblk1.lut6 (4 -> 1)
  Optimizing lut $abc$21878$lut$aiger21877$859.genblk1.genblk1.genblk1.genblk1.genblk1.genblk1.genblk1.lut7 (4 -> 1)
  Optimizing lut $abc$21878$lut$aiger21877$598.genblk1.genblk1.genblk1.genblk1.genblk1.lut1 (4 -> 3)
  Optimizing lut $abc$21878$lut$aiger21877$1189.genblk1.genblk1.genblk1.genblk1.genblk1.genblk1.lut0 (4 -> 0)
  Optimizing lut $abc$21878$lut$aiger21877$1065.genblk1.genblk1.genblk1.genblk1.genblk1.genblk1.lut1 (4 -> 2)
  Optimizing lut $abc$21878$lut$aiger21877$1198.genblk1.genblk1.genblk1.genblk1.genblk1.genblk1.genblk1.lut0 (4 -> 2)
  Optimizing lut $abc$21878$lut$aiger21877$268.genblk1.genblk1.genblk1.genblk1.genblk1.lut1 (4 -> 0)
  Optimizing lut $abc$21878$lut$aiger21877$889.genblk1.genblk1.genblk1.genblk1.genblk1.genblk1.lut0 (4 -> 0)
  Optimizing lut $abc$21878$lut$aiger21877$1097.genblk1.genblk1.genblk1.genblk1.genblk1.genblk1.lut0 (4 -> 2)
  Optimizing lut $abc$21878$lut$aiger$o580.genblk1.genblk1.genblk1.genblk1.genblk1.genblk1.genblk1.lut1 (4 -> 2)
  Optimizing lut $abc$21878$lut$aiger21877$1041.genblk1.genblk1.genblk1.genblk1.genblk1.genblk1.lut0 (4 -> 2)
  Optimizing lut $abc$21878$lut$aiger21877$996.genblk1.genblk1.genblk1.genblk1.genblk1.lut0 (4 -> 0)
  Optimizing lut $abc$21878$lut$aiger21877$1089.genblk1.genblk1.genblk1.genblk1.genblk1.genblk1.lut1 (4 -> 3)
  Optimizing lut $abc$21878$lut$aiger21877$1176.genblk1.genblk1.genblk1.genblk1.genblk1.lut0 (4 -> 0)
  Optimizing lut $abc$21878$lut$aiger21877$973.genblk1.genblk1.genblk1.genblk1.genblk1.genblk1.lut0 (4 -> 0)
  Optimizing lut $abc$21878$lut$aiger21877$963.genblk1.genblk1.genblk1.genblk1.genblk1.genblk1.lut1 (4 -> 2)
  Optimizing lut $abc$21878$lut$aiger21877$1171.genblk1.genblk1.genblk1.genblk1.genblk1.lut1 (4 -> 2)
  Optimizing lut $abc$21878$lut$aiger21877$859.genblk1.genblk1.genblk1.genblk1.genblk1.genblk1.genblk1.lut1 (4 -> 2)
  Optimizing lut $abc$21878$lut$aiger21877$1488.genblk1.genblk1.genblk1.genblk1.genblk1.lut0 (4 -> 0)
  Optimizing lut $abc$21878$lut$aiger21877$1033.genblk1.genblk1.genblk1.genblk1.genblk1.lut1 (4 -> 0)
  Optimizing lut $abc$21878$lut$aiger$o127.genblk1.genblk1.genblk1.genblk1.genblk1.lut1 (4 -> 3)
  Optimizing lut $abc$21878$lut$aiger$o127.genblk1.genblk1.genblk1.genblk1.genblk1.lut0 (4 -> 3)
  Optimizing lut $abc$21878$lut$aiger21877$1082.genblk1.genblk1.genblk1.genblk1.genblk1.lut1 (4 -> 3)
  Optimizing lut $abc$21878$lut$aiger21877$905.genblk1.genblk1.genblk1.genblk1.genblk1.lut0 (4 -> 0)
  Optimizing lut $abc$21878$lut$aiger21877$1163.genblk1.genblk1.genblk1.genblk1.genblk1.genblk1.genblk1.lut0 (4 -> 3)
  Optimizing lut $abc$21878$lut$aiger21877$1468.genblk1.genblk1.genblk1.genblk1.genblk1.genblk1.lut1 (4 -> 2)
  Optimizing lut $abc$21878$lut$aiger21877$932.genblk1.genblk1.genblk1.genblk1.genblk1.lut0 (4 -> 0)
  Optimizing lut $abc$21878$lut$aiger21877$529.genblk1.genblk1.genblk1.genblk1.genblk1.genblk1.lut0 (4 -> 2)
  Optimizing lut $abc$21878$lut$aiger21877$1468.genblk1.genblk1.genblk1.genblk1.genblk1.genblk1.lut0 (4 -> 3)
  Optimizing lut $abc$21878$lut$aiger21877$881.genblk1.genblk1.genblk1.genblk1.genblk1.genblk1.lut0 (4 -> 2)
  Optimizing lut $auto$abc_ops_reintegrate.cc:655:reintegrate$21905.genblk1.genblk1.genblk1.genblk1.genblk1.genblk1.lut1 (4 -> 0)
  Optimizing lut $abc$21878$lut$aiger21877$874.genblk1.genblk1.genblk1.genblk1.genblk1.lut1 (4 -> 2)
  Optimizing lut $abc$21878$lut$aiger$o142.genblk1.genblk1.genblk1.genblk1.genblk1.lut1 (4 -> 3)
  Optimizing lut $abc$21878$lut$aiger21877$377.genblk1.genblk1.genblk1.genblk1.genblk1.lut1 (4 -> 0)
  Optimizing lut $abc$21878$lut$aiger21877$1339.genblk1.genblk1.genblk1.genblk1.genblk1.lut1 (4 -> 3)
  Optimizing lut $abc$21878$lut$aiger21877$963.genblk1.genblk1.genblk1.genblk1.genblk1.genblk1.lut0 (4 -> 2)
  Optimizing lut $abc$21878$lut$aiger21877$1041.genblk1.genblk1.genblk1.genblk1.genblk1.genblk1.lut1 (4 -> 3)
  Optimizing lut $abc$21878$lut$aiger21877$656.genblk1.genblk1.genblk1.genblk1.genblk1.lut1 (4 -> 0)
  Optimizing lut $auto$abc_ops_reintegrate.cc:655:reintegrate$21900.genblk1.genblk1.genblk1.genblk1.genblk1.genblk1.lut1 (4 -> 0)
  Optimizing lut $abc$21878$lut$aiger21877$848.genblk1.genblk1.genblk1.genblk1.genblk1.genblk1.lut1 (4 -> 0)
  Optimizing lut $abc$21878$lut$aiger21877$979.genblk1.genblk1.genblk1.genblk1.genblk1.genblk1.lut0 (4 -> 0)
  Optimizing lut $abc$21878$lut$aiger21877$1397.genblk1.genblk1.genblk1.genblk1.genblk1.genblk1.genblk1.lut0 (4 -> 1)
  Optimizing lut $abc$21878$lut$aiger21877$1065.genblk1.genblk1.genblk1.genblk1.genblk1.genblk1.lut0 (4 -> 2)
  Optimizing lut $abc$21878$lut$aiger21877$1552.genblk1.genblk1.genblk1.genblk1.genblk1.lut1 (4 -> 3)
  Optimizing lut $abc$21878$lut$aiger21877$865.genblk1.genblk1.genblk1.genblk1.genblk1.genblk1.genblk1.lut1 (4 -> 0)
  Optimizing lut $abc$21878$lut$aiger$o258.genblk1.genblk1.genblk1.genblk1.genblk1.lut0 (4 -> 1)
  Optimizing lut $abc$21878$lut$aiger21877$947.genblk1.genblk1.genblk1.genblk1.genblk1.genblk1.lut1 (4 -> 0)
  Optimizing lut $abc$21878$lut$aiger21877$1198.genblk1.genblk1.genblk1.genblk1.genblk1.genblk1.genblk1.lut1 (4 -> 0)
  Optimizing lut $abc$21878$lut$aiger21877$792.genblk1.genblk1.genblk1.genblk1.genblk1.lut1 (4 -> 0)
  Optimizing lut $abc$21878$lut$aiger21877$910.genblk1.genblk1.genblk1.genblk1.genblk1.genblk1.lut0 (4 -> 0)
  Optimizing lut $abc$21878$lut$aiger21877$1365.genblk1.genblk1.genblk1.genblk1.genblk1.lut1 (4 -> 3)
  Optimizing lut $abc$21878$lut$aiger21877$437.genblk1.genblk1.genblk1.genblk1.genblk1.lut1 (4 -> 3)
  Optimizing lut $abc$21878$lut$aiger21877$1189.genblk1.genblk1.genblk1.genblk1.genblk1.genblk1.lut1 (4 -> 0)
  Optimizing lut $abc$21878$lut$aiger21877$1358.genblk1.genblk1.genblk1.genblk1.genblk1.lut1 (4 -> 3)
  Optimizing lut $auto$abc_ops_reintegrate.cc:655:reintegrate$21903.genblk1.genblk1.genblk1.genblk1.genblk1.genblk1.genblk1.lut1 (4 -> 0)
  Optimizing lut $abc$21878$lut$aiger21877$1109.genblk1.genblk1.genblk1.genblk1.genblk1.genblk1.genblk1.lut0 (4 -> 3)
  Optimizing lut $auto$abc_ops_reintegrate.cc:655:reintegrate$21900.genblk1.genblk1.genblk1.genblk1.genblk1.genblk1.lut0 (4 -> 3)
  Optimizing lut $abc$21878$lut$aiger21877$848.genblk1.genblk1.genblk1.genblk1.genblk1.genblk1.lut0 (4 -> 0)
  Optimizing lut $abc$21878$lut$aiger21877$925.genblk1.genblk1.genblk1.genblk1.genblk1.genblk1.lut0 (4 -> 2)
  Optimizing lut $abc$21878$lut$aiger21877$1206.genblk1.genblk1.genblk1.genblk1.genblk1.genblk1.lut0 (4 -> 0)
  Optimizing lut $abc$21878$lut$aiger21877$220.genblk1.genblk1.genblk1.genblk1.genblk1.lut1 (4 -> 0)
  Optimizing lut $auto$abc_ops_reintegrate.cc:655:reintegrate$21881.genblk1.genblk1.genblk1.genblk1.genblk1.lut1 (4 -> 3)
  Optimizing lut $auto$abc_ops_reintegrate.cc:655:reintegrate$21905.genblk1.genblk1.genblk1.genblk1.genblk1.genblk1.lut0 (4 -> 0)
  Optimizing lut $abc$21878$lut$aiger21877$1114.genblk1.genblk1.genblk1.genblk1.genblk1.lut1 (4 -> 3)
  Optimizing lut $auto$abc_ops_reintegrate.cc:655:reintegrate$21903.genblk1.genblk1.genblk1.genblk1.genblk1.genblk1.genblk1.lut0 (4 -> 0)
  Optimizing lut $auto$abc_ops_reintegrate.cc:655:reintegrate$21904.genblk1.genblk1.genblk1.genblk1.genblk1.lut0 (4 -> 2)
  Optimizing lut $abc$21878$lut$aiger21877$1347.genblk1.genblk1.genblk1.genblk1.genblk1.lut1 (4 -> 3)
  Optimizing lut $abc$21878$lut$aiger21877$925.genblk1.genblk1.genblk1.genblk1.genblk1.genblk1.lut1 (4 -> 3)
  Optimizing lut $auto$abc_ops_reintegrate.cc:655:reintegrate$21888.genblk1.genblk1.genblk1.genblk1.genblk1.lut1 (4 -> 0)
  Optimizing lut $abc$21878$lut$aiger21877$1401.genblk1.genblk1.genblk1.genblk1.genblk1.lut1 (4 -> 3)
  Optimizing lut $abc$21878$lut$aiger21877$1412.genblk1.genblk1.genblk1.genblk1.genblk1.genblk1.lut1 (4 -> 1)
Removed 0 unused cells and 1043 unused wires.

3.49. Executing AUTONAME pass.
Renamed 1426 objects in module axi_b_response_router.
<suppressed ~1426 debug messages>

3.50. Executing HIERARCHY pass (managing design hierarchy).
Attribute `top' found on module `axi_b_response_router'. Setting top module to axi_b_response_router.

3.50.1. Analyzing design hierarchy..
Top module:  \axi_b_response_router

3.50.2. Analyzing design hierarchy..
Top module:  \axi_b_response_router
Removed 0 unused modules.

3.51. Printing statistics.

=== axi_b_response_router ===

        +----------Local Count, excluding submodules.
        | 
      613 wires
     1334 wire bits
      613 public wires
     1334 public wire bits
       20 ports
      156 port bits
      835 submodules
       48   L6MUX21
      598   LUT4
      128   PFUMX
       61   TRELLIS_FF

=== design hierarchy ===

        +----------Count including submodules.
        | 
        - axi_b_response_router

        +----------Count including submodules.
        | 
      613 wires
     1334 wire bits
      613 public wires
     1334 public wire bits
       20 ports
      156 port bits
        - memories
        - memory bits
        - processes
        - cells
      835 submodules
       48   L6MUX21
      598   LUT4
      128   PFUMX
       61   TRELLIS_FF

3.52. Executing CHECK pass (checking for obvious problems).
Checking module axi_b_response_router...
Found and reported 0 problems.

3.53. Executing JSON backend.

4. Printing statistics.

=== axi_b_response_router ===

        +----------Local Count, excluding submodules.
        | 
      613 wires
     1334 wire bits
      613 public wires
     1334 public wire bits
       20 ports
      156 port bits
      835 cells
       48   L6MUX21
      598   LUT4
      128   PFUMX
       61   TRELLIS_FF

Warnings: 1 unique messages, 1 total
Warnings: 1 experimental features used (not excluded with -x).
End of script. Logfile hash: c9331a34c3, time: 0.92s, user: 0.60s, system: 0.03s, MEM: 73.44 MB peak
Yosys 0.69+75 (git sha1 f0b945f63-dirty, Release, Clang /usr/local/osxcross/target/bin/aarch64-apple-darwin25.5-clang++ 21.1.8)
Time spent: 32% 1x abc9_exe (0 sec), 26% 22x read_verilog (0 sec), ...
