
-- Running command `read_verilog -sv /Users/Dilan/Projects/fabric-under-pressure/rtl/axi_outstanding_tracker.sv /Users/Dilan/Projects/fabric-under-pressure/rtl/axi_write_owner.sv /Users/Dilan/Projects/fabric-under-pressure/rtl/axi_write_state_bank.sv; synth_ecp5 -top axi_write_state_bank -json /Users/Dilan/Projects/fabric-under-pressure/results/raw/write_state_bank/axi_write_state_bank_ecp5.json; stat' --

1. Executing Verilog-2005 frontend: /Users/Dilan/Projects/fabric-under-pressure/rtl/axi_outstanding_tracker.sv
Parsing SystemVerilog input from `/Users/Dilan/Projects/fabric-under-pressure/rtl/axi_outstanding_tracker.sv' to AST representation.
Generating RTLIL representation for module `\axi_outstanding_tracker'.
Warning: Replacing memory \len_table with list of registers. See /Users/Dilan/Projects/fabric-under-pressure/rtl/axi_outstanding_tracker.sv:66
Warning: Replacing memory \target_table with list of registers. See /Users/Dilan/Projects/fabric-under-pressure/rtl/axi_outstanding_tracker.sv:65
Successfully finished Verilog frontend.

2. Executing Verilog-2005 frontend: /Users/Dilan/Projects/fabric-under-pressure/rtl/axi_write_owner.sv
Parsing SystemVerilog input from `/Users/Dilan/Projects/fabric-under-pressure/rtl/axi_write_owner.sv' to AST representation.
Generating RTLIL representation for module `\axi_write_owner'.
Successfully finished Verilog frontend.

3. Executing Verilog-2005 frontend: /Users/Dilan/Projects/fabric-under-pressure/rtl/axi_write_state_bank.sv
Parsing SystemVerilog input from `/Users/Dilan/Projects/fabric-under-pressure/rtl/axi_write_state_bank.sv' to AST representation.
Generating RTLIL representation for module `\axi_write_state_bank'.
Successfully finished Verilog frontend.

4. Executing SYNTH_LATTICE pass.

4.1. Executing Verilog-2005 frontend: /Users/Dilan/eda/fabric-under-pressure/oss-cad-suite/libexec/../share/yosys/lattice/cells_sim_ecp5.v
Parsing Verilog input from `/Users/Dilan/eda/fabric-under-pressure/oss-cad-suite/libexec/../share/yosys/lattice/cells_sim_ecp5.v' to AST representation.
Generating RTLIL representation for module `\LUT4'.
Generating RTLIL representation for module `\$__ABC9_LUT5'.
Generating RTLIL representation for module `\$__ABC9_LUT6'.
Generating RTLIL representation for module `\$__ABC9_LUT7'.
Generating RTLIL representation for module `\L6MUX21'.
Generating RTLIL representation for module `\TRELLIS_RAM16X2'.
Generating RTLIL representation for module `\PFUMX'.
Generating RTLIL representation for module `\TRELLIS_DPR16X4'.
Generating RTLIL representation for module `\DPR16X4C'.
Generating RTLIL representation for module `\LUT2'.
Generating RTLIL representation for module `\TRELLIS_FF'.
Generating RTLIL representation for module `\TRELLIS_IO'.
Generating RTLIL representation for module `\INV'.
Generating RTLIL representation for module `\TRELLIS_COMB'.
Generating RTLIL representation for module `\VLO'.
Generating RTLIL representation for module `\VHI'.
Generating RTLIL representation for module `\FD1P3AX'.
Generating RTLIL representation for module `\FD1P3AY'.
Generating RTLIL representation for module `\FD1P3BX'.
Generating RTLIL representation for module `\FD1P3DX'.
Generating RTLIL representation for module `\FD1P3IX'.
Generating RTLIL representation for module `\FD1P3JX'.
Generating RTLIL representation for module `\FD1S3AX'.
Generating RTLIL representation for module `\FD1S3AY'.
Generating RTLIL representation for module `\FD1S3BX'.
Generating RTLIL representation for module `\FD1S3DX'.
Generating RTLIL representation for module `\FD1S3IX'.
Generating RTLIL representation for module `\FD1S3JX'.
Generating RTLIL representation for module `\IFS1P3BX'.
Generating RTLIL representation for module `\IFS1P3DX'.
Generating RTLIL representation for module `\IFS1P3IX'.
Generating RTLIL representation for module `\IFS1P3JX'.
Generating RTLIL representation for module `\OFS1P3BX'.
Generating RTLIL representation for module `\OFS1P3DX'.
Generating RTLIL representation for module `\OFS1P3IX'.
Generating RTLIL representation for module `\OFS1P3JX'.
Generating RTLIL representation for module `\IB'.
Generating RTLIL representation for module `\IBPU'.
Generating RTLIL representation for module `\IBPD'.
Generating RTLIL representation for module `\OB'.
Generating RTLIL representation for module `\OBZ'.
Generating RTLIL representation for module `\OBZPU'.
Generating RTLIL representation for module `\OBZPD'.
Generating RTLIL representation for module `\OBCO'.
Generating RTLIL representation for module `\BB'.
Generating RTLIL representation for module `\BBPU'.
Generating RTLIL representation for module `\BBPD'.
Generating RTLIL representation for module `\ILVDS'.
Generating RTLIL representation for module `\OLVDS'.
Generating RTLIL representation for module `\CCU2C'.
Generating RTLIL representation for module `\DP16KD'.
Replacing existing blackbox module `\FD1P3AX' at /Users/Dilan/eda/fabric-under-pressure/oss-cad-suite/libexec/../share/yosys/lattice/cells_ff.vh:2.1-2.261.
Generating RTLIL representation for module `\FD1P3AX'.
Replacing existing blackbox module `\FD1P3AY' at /Users/Dilan/eda/fabric-under-pressure/oss-cad-suite/libexec/../share/yosys/lattice/cells_ff.vh:3.1-3.261.
Generating RTLIL representation for module `\FD1P3AY'.
Replacing existing blackbox module `\FD1P3BX' at /Users/Dilan/eda/fabric-under-pressure/oss-cad-suite/libexec/../share/yosys/lattice/cells_ff.vh:4.1-4.261.
Generating RTLIL representation for module `\FD1P3BX'.
Replacing existing blackbox module `\FD1P3DX' at /Users/Dilan/eda/fabric-under-pressure/oss-cad-suite/libexec/../share/yosys/lattice/cells_ff.vh:5.1-5.261.
Generating RTLIL representation for module `\FD1P3DX'.
Replacing existing blackbox module `\FD1P3IX' at /Users/Dilan/eda/fabric-under-pressure/oss-cad-suite/libexec/../share/yosys/lattice/cells_ff.vh:6.1-6.261.
Generating RTLIL representation for module `\FD1P3IX'.
Replacing existing blackbox module `\FD1P3JX' at /Users/Dilan/eda/fabric-under-pressure/oss-cad-suite/libexec/../share/yosys/lattice/cells_ff.vh:7.1-7.261.
Generating RTLIL representation for module `\FD1P3JX'.
Replacing existing blackbox module `\FD1S3AX' at /Users/Dilan/eda/fabric-under-pressure/oss-cad-suite/libexec/../share/yosys/lattice/cells_ff.vh:8.1-8.261.
Generating RTLIL representation for module `\FD1S3AX'.
Replacing existing blackbox module `\FD1S3AY' at /Users/Dilan/eda/fabric-under-pressure/oss-cad-suite/libexec/../share/yosys/lattice/cells_ff.vh:9.1-9.261.
Generating RTLIL representation for module `\FD1S3AY'.
Replacing existing blackbox module `\FD1S3BX' at /Users/Dilan/eda/fabric-under-pressure/oss-cad-suite/libexec/../share/yosys/lattice/cells_ff.vh:10.1-10.261.
Generating RTLIL representation for module `\FD1S3BX'.
Replacing existing blackbox module `\FD1S3DX' at /Users/Dilan/eda/fabric-under-pressure/oss-cad-suite/libexec/../share/yosys/lattice/cells_ff.vh:11.1-11.261.
Generating RTLIL representation for module `\FD1S3DX'.
Replacing existing blackbox module `\FD1S3IX' at /Users/Dilan/eda/fabric-under-pressure/oss-cad-suite/libexec/../share/yosys/lattice/cells_ff.vh:12.1-12.261.
Generating RTLIL representation for module `\FD1S3IX'.
Replacing existing blackbox module `\FD1S3JX' at /Users/Dilan/eda/fabric-under-pressure/oss-cad-suite/libexec/../share/yosys/lattice/cells_ff.vh:13.1-13.261.
Generating RTLIL representation for module `\FD1S3JX'.
Replacing existing blackbox module `\IFS1P3BX' at /Users/Dilan/eda/fabric-under-pressure/oss-cad-suite/libexec/../share/yosys/lattice/cells_ff.vh:26.1-26.301.
Generating RTLIL representation for module `\IFS1P3BX'.
Replacing existing blackbox module `\IFS1P3DX' at /Users/Dilan/eda/fabric-under-pressure/oss-cad-suite/libexec/../share/yosys/lattice/cells_ff.vh:27.1-27.301.
Generating RTLIL representation for module `\IFS1P3DX'.
Replacing existing blackbox module `\IFS1P3IX' at /Users/Dilan/eda/fabric-under-pressure/oss-cad-suite/libexec/../share/yosys/lattice/cells_ff.vh:28.1-28.301.
Generating RTLIL representation for module `\IFS1P3IX'.
Replacing existing blackbox module `\IFS1P3JX' at /Users/Dilan/eda/fabric-under-pressure/oss-cad-suite/libexec/../share/yosys/lattice/cells_ff.vh:29.1-29.301.
Generating RTLIL representation for module `\IFS1P3JX'.
Replacing existing blackbox module `\OFS1P3BX' at /Users/Dilan/eda/fabric-under-pressure/oss-cad-suite/libexec/../share/yosys/lattice/cells_ff.vh:31.1-31.302.
Generating RTLIL representation for module `\OFS1P3BX'.
Replacing existing blackbox module `\OFS1P3DX' at /Users/Dilan/eda/fabric-under-pressure/oss-cad-suite/libexec/../share/yosys/lattice/cells_ff.vh:32.1-32.302.
Generating RTLIL representation for module `\OFS1P3DX'.
Replacing existing blackbox module `\OFS1P3IX' at /Users/Dilan/eda/fabric-under-pressure/oss-cad-suite/libexec/../share/yosys/lattice/cells_ff.vh:33.1-33.302.
Generating RTLIL representation for module `\OFS1P3IX'.
Replacing existing blackbox module `\OFS1P3JX' at /Users/Dilan/eda/fabric-under-pressure/oss-cad-suite/libexec/../share/yosys/lattice/cells_ff.vh:34.1-34.302.
Generating RTLIL representation for module `\OFS1P3JX'.
Replacing existing blackbox module `\IB' at /Users/Dilan/eda/fabric-under-pressure/oss-cad-suite/libexec/../share/yosys/lattice/cells_io.vh:2.1-2.157.
Generating RTLIL representation for module `\IB'.
Replacing existing blackbox module `\IBPU' at /Users/Dilan/eda/fabric-under-pressure/oss-cad-suite/libexec/../share/yosys/lattice/cells_io.vh:3.1-3.157.
Generating RTLIL representation for module `\IBPU'.
Replacing existing blackbox module `\IBPD' at /Users/Dilan/eda/fabric-under-pressure/oss-cad-suite/libexec/../share/yosys/lattice/cells_io.vh:4.1-4.157.
Generating RTLIL representation for module `\IBPD'.
Replacing existing blackbox module `\OB' at /Users/Dilan/eda/fabric-under-pressure/oss-cad-suite/libexec/../share/yosys/lattice/cells_io.vh:5.1-5.157.
Generating RTLIL representation for module `\OB'.
Replacing existing blackbox module `\OBZ' at /Users/Dilan/eda/fabric-under-pressure/oss-cad-suite/libexec/../share/yosys/lattice/cells_io.vh:6.1-6.164.
Generating RTLIL representation for module `\OBZ'.
Replacing existing blackbox module `\OBZPU' at /Users/Dilan/eda/fabric-under-pressure/oss-cad-suite/libexec/../share/yosys/lattice/cells_io.vh:7.1-7.164.
Generating RTLIL representation for module `\OBZPU'.
Replacing existing blackbox module `\OBZPD' at /Users/Dilan/eda/fabric-under-pressure/oss-cad-suite/libexec/../share/yosys/lattice/cells_io.vh:8.1-8.164.
Generating RTLIL representation for module `\OBZPD'.
Replacing existing blackbox module `\OBCO' at /Users/Dilan/eda/fabric-under-pressure/oss-cad-suite/libexec/../share/yosys/lattice/cells_io.vh:9.1-9.90.
Generating RTLIL representation for module `\OBCO'.
Replacing existing blackbox module `\BB' at /Users/Dilan/eda/fabric-under-pressure/oss-cad-suite/libexec/../share/yosys/lattice/cells_io.vh:10.1-10.179.
Generating RTLIL representation for module `\BB'.
Replacing existing blackbox module `\BBPU' at /Users/Dilan/eda/fabric-under-pressure/oss-cad-suite/libexec/../share/yosys/lattice/cells_io.vh:11.1-11.179.
Generating RTLIL representation for module `\BBPU'.
Replacing existing blackbox module `\BBPD' at /Users/Dilan/eda/fabric-under-pressure/oss-cad-suite/libexec/../share/yosys/lattice/cells_io.vh:12.1-12.179.
Generating RTLIL representation for module `\BBPD'.
Replacing existing blackbox module `\ILVDS' at /Users/Dilan/eda/fabric-under-pressure/oss-cad-suite/libexec/../share/yosys/lattice/cells_io.vh:13.1-13.139.
Generating RTLIL representation for module `\ILVDS'.
Replacing existing blackbox module `\OLVDS' at /Users/Dilan/eda/fabric-under-pressure/oss-cad-suite/libexec/../share/yosys/lattice/cells_io.vh:14.1-14.146.
Generating RTLIL representation for module `\OLVDS'.
Successfully finished Verilog frontend.

4.2. Executing Verilog-2005 frontend: /Users/Dilan/eda/fabric-under-pressure/oss-cad-suite/libexec/../share/yosys/lattice/cells_bb_ecp5.v
Parsing Verilog input from `/Users/Dilan/eda/fabric-under-pressure/oss-cad-suite/libexec/../share/yosys/lattice/cells_bb_ecp5.v' to AST representation.
Generating RTLIL representation for module `\GSR'.
Generating RTLIL representation for module `\PUR'.
Generating RTLIL representation for module `\SGSR'.
Generating RTLIL representation for module `\PDPW16KD'.
Generating RTLIL representation for module `\MULT18X18D'.
Generating RTLIL representation for module `\ALU54B'.
Generating RTLIL representation for module `\CLKDIVF'.
Generating RTLIL representation for module `\PCSCLKDIV'.
Generating RTLIL representation for module `\DCSC'.
Generating RTLIL representation for module `\DCCA'.
Generating RTLIL representation for module `\ECLKSYNCB'.
Generating RTLIL representation for module `\ECLKBRIDGECS'.
Generating RTLIL representation for module `\DELAYF'.
Generating RTLIL representation for module `\DELAYG'.
Generating RTLIL representation for module `\USRMCLK'.
Generating RTLIL representation for module `\DQSBUFM'.
Generating RTLIL representation for module `\DDRDLLA'.
Generating RTLIL representation for module `\DLLDELD'.
Generating RTLIL representation for module `\IDDRX1F'.
Generating RTLIL representation for module `\IDDRX2F'.
Generating RTLIL representation for module `\IDDR71B'.
Generating RTLIL representation for module `\IDDRX2DQA'.
Generating RTLIL representation for module `\ODDRX1F'.
Generating RTLIL representation for module `\ODDRX2F'.
Generating RTLIL representation for module `\ODDR71B'.
Generating RTLIL representation for module `\OSHX2A'.
Generating RTLIL representation for module `\TSHX2DQA'.
Generating RTLIL representation for module `\TSHX2DQSA'.
Generating RTLIL representation for module `\ODDRX2DQA'.
Generating RTLIL representation for module `\ODDRX2DQSB'.
Generating RTLIL representation for module `\EHXPLLL'.
Generating RTLIL representation for module `\DTR'.
Generating RTLIL representation for module `\OSCG'.
Generating RTLIL representation for module `\EXTREFB'.
Generating RTLIL representation for module `\JTAGG'.
Generating RTLIL representation for module `\DCUA'.
Successfully finished Verilog frontend.

4.3. Executing HIERARCHY pass (managing design hierarchy).

4.3.1. Analyzing design hierarchy..
Top module:  \axi_write_state_bank
Used module:     \axi_write_owner
Used module:     \axi_outstanding_tracker

4.3.2. Analyzing design hierarchy..
Top module:  \axi_write_state_bank
Used module:     \axi_write_owner
Used module:     \axi_outstanding_tracker
Removed 0 unused modules.

4.4. Executing PROC pass (convert processes to netlists).

4.4.1. Executing PROC_CLEAN pass (remove empty switches from decision trees).
Cleaned up 0 empty switches.

4.4.2. Executing PROC_RMDEAD pass (remove dead branches from decision trees).
Marked 3 switch rules as full_case in process $proc$/Users/Dilan/Projects/fabric-under-pressure/rtl/axi_write_owner.sv:49$105 in module axi_write_owner.
Marked 8 switch rules as full_case in process $proc$/Users/Dilan/Projects/fabric-under-pressure/rtl/axi_outstanding_tracker.sv:60$35 in module axi_outstanding_tracker.
Removed 2 dead cases from process $proc$/Users/Dilan/Projects/fabric-under-pressure/rtl/axi_outstanding_tracker.sv:34$10 in module axi_outstanding_tracker.
Marked 3 switch rules as full_case in process $proc$/Users/Dilan/Projects/fabric-under-pressure/rtl/axi_outstanding_tracker.sv:34$10 in module axi_outstanding_tracker.
Removed a total of 2 dead cases.

4.4.3. Executing PROC_PRUNE pass (remove redundant assignments in processes).
Removed 1 redundant assignment.
Promoted 81 assignments to connections.

4.4.4. Executing PROC_INIT pass (extract init attributes).

4.4.5. Executing PROC_ARST pass (detect async resets in processes).
Found async reset \ARESETn in `\axi_write_owner.$proc$/Users/Dilan/Projects/fabric-under-pressure/rtl/axi_write_owner.sv:49$105'.
Found async reset \ARESETn in `\axi_outstanding_tracker.$proc$/Users/Dilan/Projects/fabric-under-pressure/rtl/axi_outstanding_tracker.sv:60$35'.

4.4.6. Executing PROC_ROM pass (convert switches to ROMs).
Converted 0 switches.
<suppressed ~14 debug messages>

4.4.7. Executing PROC_MUX pass (convert decision trees to multiplexers).
Creating decoders for process `\axi_write_state_bank.$proc$/Users/Dilan/Projects/fabric-under-pressure/rtl/axi_write_state_bank.sv:110$143'.
Creating decoders for process `\axi_write_state_bank.$proc$/Users/Dilan/Projects/fabric-under-pressure/rtl/axi_write_state_bank.sv:110$130'.
Creating decoders for process `\axi_write_state_bank.$proc$/Users/Dilan/Projects/fabric-under-pressure/rtl/axi_write_state_bank.sv:110$117'.
Creating decoders for process `\axi_write_owner.$proc$/Users/Dilan/Projects/fabric-under-pressure/rtl/axi_write_owner.sv:49$105'.
     1/5: $0\beats_q[4:0]
     2/5: $0\internal_id_q[5:0]
     3/5: $0\id_q[3:0]
     4/5: $0\target_q[3:0]
     5/5: $0\active_q[0:0]
Creating decoders for process `\axi_write_owner.$proc$/Users/Dilan/Projects/fabric-under-pressure/rtl/axi_write_owner.sv:34$87'.
Creating decoders for process `\axi_outstanding_tracker.$proc$/Users/Dilan/Projects/fabric-under-pressure/rtl/axi_outstanding_tracker.sv:60$35'.
     1/57: $0\outstanding_count[2:0]
     2/57: $2$mem2reg_wr$\len_table$/Users/Dilan/Projects/fabric-under-pressure/rtl/axi_outstanding_tracker.sv:78$9_ADDR[3:0]$75
     3/57: $2$mem2reg_wr$\len_table$/Users/Dilan/Projects/fabric-under-pressure/rtl/axi_outstanding_tracker.sv:78$9_DATA[7:0]$76
     4/57: $2$mem2reg_wr$\target_table$/Users/Dilan/Projects/fabric-under-pressure/rtl/axi_outstanding_tracker.sv:77$8_ADDR[3:0]$73
     5/57: $2$mem2reg_wr$\target_table$/Users/Dilan/Projects/fabric-under-pressure/rtl/axi_outstanding_tracker.sv:77$8_DATA[3:0]$74
     6/57: $3$lookahead\busy_bitmap$34[15:0]$77
     7/57: $2$bitselwrite$pos$/Users/Dilan/Projects/fabric-under-pressure/rtl/axi_outstanding_tracker.sv:76$3[3:0]$72
     8/57: $2$mem2reg_wr$\len_table$/Users/Dilan/Projects/fabric-under-pressure/rtl/axi_outstanding_tracker.sv:72$7_ADDR[3:0]$62
     9/57: $2$mem2reg_wr$\len_table$/Users/Dilan/Projects/fabric-under-pressure/rtl/axi_outstanding_tracker.sv:72$7_DATA[7:0]$63
    10/57: $2$mem2reg_wr$\target_table$/Users/Dilan/Projects/fabric-under-pressure/rtl/axi_outstanding_tracker.sv:71$6_ADDR[3:0]$60
    11/57: $2$mem2reg_wr$\target_table$/Users/Dilan/Projects/fabric-under-pressure/rtl/axi_outstanding_tracker.sv:71$6_DATA[3:0]$61
    12/57: $2$lookahead\busy_bitmap$34[15:0]$64
    13/57: $2$bitselwrite$pos$/Users/Dilan/Projects/fabric-under-pressure/rtl/axi_outstanding_tracker.sv:70$2[3:0]$59
    14/57: $1$lookahead\busy_bitmap$34[15:0]$58
    15/57: $1$mem2reg_wr$\len_table$/Users/Dilan/Projects/fabric-under-pressure/rtl/axi_outstanding_tracker.sv:78$9_DATA[7:0]$57
    16/57: $1$mem2reg_wr$\len_table$/Users/Dilan/Projects/fabric-under-pressure/rtl/axi_outstanding_tracker.sv:78$9_ADDR[3:0]$56
    17/57: $1$mem2reg_wr$\target_table$/Users/Dilan/Projects/fabric-under-pressure/rtl/axi_outstanding_tracker.sv:77$8_DATA[3:0]$55
    18/57: $1$mem2reg_wr$\target_table$/Users/Dilan/Projects/fabric-under-pressure/rtl/axi_outstanding_tracker.sv:77$8_ADDR[3:0]$54
    19/57: $1$bitselwrite$pos$/Users/Dilan/Projects/fabric-under-pressure/rtl/axi_outstanding_tracker.sv:76$3[3:0]$49
    20/57: $1$mem2reg_wr$\len_table$/Users/Dilan/Projects/fabric-under-pressure/rtl/axi_outstanding_tracker.sv:72$7_DATA[7:0]$53
    21/57: $1$mem2reg_wr$\len_table$/Users/Dilan/Projects/fabric-under-pressure/rtl/axi_outstanding_tracker.sv:72$7_ADDR[3:0]$52
    22/57: $1$mem2reg_wr$\target_table$/Users/Dilan/Projects/fabric-under-pressure/rtl/axi_outstanding_tracker.sv:71$6_DATA[3:0]$51
    23/57: $1$mem2reg_wr$\target_table$/Users/Dilan/Projects/fabric-under-pressure/rtl/axi_outstanding_tracker.sv:71$6_ADDR[3:0]$50
    24/57: $1$bitselwrite$pos$/Users/Dilan/Projects/fabric-under-pressure/rtl/axi_outstanding_tracker.sv:70$2[3:0]$48
    25/57: $1\i[31:0]
    26/57: $0\len_table[15][7:0]
    27/57: $0\len_table[14][7:0]
    28/57: $0\len_table[13][7:0]
    29/57: $0\len_table[12][7:0]
    30/57: $0\len_table[11][7:0]
    31/57: $0\len_table[10][7:0]
    32/57: $0\len_table[9][7:0]
    33/57: $0\len_table[8][7:0]
    34/57: $0\len_table[7][7:0]
    35/57: $0\len_table[6][7:0]
    36/57: $0\len_table[5][7:0]
    37/57: $0\len_table[4][7:0]
    38/57: $0\len_table[3][7:0]
    39/57: $0\len_table[2][7:0]
    40/57: $0\len_table[1][7:0]
    41/57: $0\len_table[0][7:0]
    42/57: $0\target_table[15][3:0]
    43/57: $0\target_table[14][3:0]
    44/57: $0\target_table[13][3:0]
    45/57: $0\target_table[12][3:0]
    46/57: $0\target_table[11][3:0]
    47/57: $0\target_table[10][3:0]
    48/57: $0\target_table[9][3:0]
    49/57: $0\target_table[8][3:0]
    50/57: $0\target_table[7][3:0]
    51/57: $0\target_table[6][3:0]
    52/57: $0\target_table[5][3:0]
    53/57: $0\target_table[4][3:0]
    54/57: $0\target_table[3][3:0]
    55/57: $0\target_table[2][3:0]
    56/57: $0\target_table[1][3:0]
    57/57: $0\target_table[0][3:0]
Creating decoders for process `\axi_outstanding_tracker.$proc$/Users/Dilan/Projects/fabric-under-pressure/rtl/axi_outstanding_tracker.sv:55$31'.
Creating decoders for process `\axi_outstanding_tracker.$proc$/Users/Dilan/Projects/fabric-under-pressure/rtl/axi_outstanding_tracker.sv:34$10'.
     1/13: $2$mem2reg_rd$\len_table$/Users/Dilan/Projects/fabric-under-pressure/rtl/axi_outstanding_tracker.sv:51$5_DATA[7:0]$30
     2/13: $2$mem2reg_rd$\target_table$/Users/Dilan/Projects/fabric-under-pressure/rtl/axi_outstanding_tracker.sv:50$4_DATA[3:0]$29
     3/13: $1\lookup_len[7:0]
     4/13: $1$mem2reg_rd$\len_table$/Users/Dilan/Projects/fabric-under-pressure/rtl/axi_outstanding_tracker.sv:51$5_DATA[7:0]$18
     5/13: $1$mem2reg_rd$\len_table$/Users/Dilan/Projects/fabric-under-pressure/rtl/axi_outstanding_tracker.sv:51$5_ADDR[3:0]$17
     6/13: $1\lookup_target[3:0]
     7/13: $1$mem2reg_rd$\target_table$/Users/Dilan/Projects/fabric-under-pressure/rtl/axi_outstanding_tracker.sv:50$4_DATA[3:0]$16
     8/13: $1$mem2reg_rd$\target_table$/Users/Dilan/Projects/fabric-under-pressure/rtl/axi_outstanding_tracker.sv:50$4_ADDR[3:0]$15
     9/13: $1\lookup_busy[0:0]
    10/13: $1\complete_violation[0:0]
    11/13: $1\allocate_violation[0:0]
    12/13: $1\complete_known[0:0]
    13/13: $1\allocate_allowed[0:0]

4.4.8. Executing PROC_DLATCH pass (convert process syncs to latches).
No latch inferred for signal `\axi_write_state_bank.\busy_bitmap [47:32]' from process `\axi_write_state_bank.$proc$/Users/Dilan/Projects/fabric-under-pressure/rtl/axi_write_state_bank.sv:110$143'.
No latch inferred for signal `\axi_write_state_bank.\outstanding_count [8:6]' from process `\axi_write_state_bank.$proc$/Users/Dilan/Projects/fabric-under-pressure/rtl/axi_write_state_bank.sv:110$143'.
No latch inferred for signal `\axi_write_state_bank.\owner_target [11:8]' from process `\axi_write_state_bank.$proc$/Users/Dilan/Projects/fabric-under-pressure/rtl/axi_write_state_bank.sv:110$143'.
No latch inferred for signal `\axi_write_state_bank.\owner_id [11:8]' from process `\axi_write_state_bank.$proc$/Users/Dilan/Projects/fabric-under-pressure/rtl/axi_write_state_bank.sv:110$143'.
No latch inferred for signal `\axi_write_state_bank.\owner_internal_id [17:12]' from process `\axi_write_state_bank.$proc$/Users/Dilan/Projects/fabric-under-pressure/rtl/axi_write_state_bank.sv:110$143'.
No latch inferred for signal `\axi_write_state_bank.\outstanding_allowed [2]' from process `\axi_write_state_bank.$proc$/Users/Dilan/Projects/fabric-under-pressure/rtl/axi_write_state_bank.sv:110$143'.
No latch inferred for signal `\axi_write_state_bank.\owner_active [2]' from process `\axi_write_state_bank.$proc$/Users/Dilan/Projects/fabric-under-pressure/rtl/axi_write_state_bank.sv:110$143'.
No latch inferred for signal `\axi_write_state_bank.\owner_beats_remaining [14:10]' from process `\axi_write_state_bank.$proc$/Users/Dilan/Projects/fabric-under-pressure/rtl/axi_write_state_bank.sv:110$143'.
No latch inferred for signal `\axi_write_state_bank.\owner_expected_wlast [2]' from process `\axi_write_state_bank.$proc$/Users/Dilan/Projects/fabric-under-pressure/rtl/axi_write_state_bank.sv:110$143'.
No latch inferred for signal `\axi_write_state_bank.\state_allowed [2]' from process `\axi_write_state_bank.$proc$/Users/Dilan/Projects/fabric-under-pressure/rtl/axi_write_state_bank.sv:110$143'.
No latch inferred for signal `\axi_write_state_bank.\commit_fire [2]' from process `\axi_write_state_bank.$proc$/Users/Dilan/Projects/fabric-under-pressure/rtl/axi_write_state_bank.sv:110$143'.
No latch inferred for signal `\axi_write_state_bank.\admission_state_violation [2]' from process `\axi_write_state_bank.$proc$/Users/Dilan/Projects/fabric-under-pressure/rtl/axi_write_state_bank.sv:110$143'.
No latch inferred for signal `\axi_write_state_bank.\outstanding_violation [2]' from process `\axi_write_state_bank.$proc$/Users/Dilan/Projects/fabric-under-pressure/rtl/axi_write_state_bank.sv:110$143'.
No latch inferred for signal `\axi_write_state_bank.\owner_violation [2]' from process `\axi_write_state_bank.$proc$/Users/Dilan/Projects/fabric-under-pressure/rtl/axi_write_state_bank.sv:110$143'.
No latch inferred for signal `\axi_write_state_bank.\gen_manager_state[2].admission_metadata_match' from process `\axi_write_state_bank.$proc$/Users/Dilan/Projects/fabric-under-pressure/rtl/axi_write_state_bank.sv:110$143'.
No latch inferred for signal `\axi_write_state_bank.\busy_bitmap [31:16]' from process `\axi_write_state_bank.$proc$/Users/Dilan/Projects/fabric-under-pressure/rtl/axi_write_state_bank.sv:110$130'.
No latch inferred for signal `\axi_write_state_bank.\outstanding_count [5:3]' from process `\axi_write_state_bank.$proc$/Users/Dilan/Projects/fabric-under-pressure/rtl/axi_write_state_bank.sv:110$130'.
No latch inferred for signal `\axi_write_state_bank.\owner_target [7:4]' from process `\axi_write_state_bank.$proc$/Users/Dilan/Projects/fabric-under-pressure/rtl/axi_write_state_bank.sv:110$130'.
No latch inferred for signal `\axi_write_state_bank.\owner_id [7:4]' from process `\axi_write_state_bank.$proc$/Users/Dilan/Projects/fabric-under-pressure/rtl/axi_write_state_bank.sv:110$130'.
No latch inferred for signal `\axi_write_state_bank.\owner_internal_id [11:6]' from process `\axi_write_state_bank.$proc$/Users/Dilan/Projects/fabric-under-pressure/rtl/axi_write_state_bank.sv:110$130'.
No latch inferred for signal `\axi_write_state_bank.\outstanding_allowed [1]' from process `\axi_write_state_bank.$proc$/Users/Dilan/Projects/fabric-under-pressure/rtl/axi_write_state_bank.sv:110$130'.
No latch inferred for signal `\axi_write_state_bank.\owner_active [1]' from process `\axi_write_state_bank.$proc$/Users/Dilan/Projects/fabric-under-pressure/rtl/axi_write_state_bank.sv:110$130'.
No latch inferred for signal `\axi_write_state_bank.\owner_beats_remaining [9:5]' from process `\axi_write_state_bank.$proc$/Users/Dilan/Projects/fabric-under-pressure/rtl/axi_write_state_bank.sv:110$130'.
No latch inferred for signal `\axi_write_state_bank.\owner_expected_wlast [1]' from process `\axi_write_state_bank.$proc$/Users/Dilan/Projects/fabric-under-pressure/rtl/axi_write_state_bank.sv:110$130'.
No latch inferred for signal `\axi_write_state_bank.\state_allowed [1]' from process `\axi_write_state_bank.$proc$/Users/Dilan/Projects/fabric-under-pressure/rtl/axi_write_state_bank.sv:110$130'.
No latch inferred for signal `\axi_write_state_bank.\commit_fire [1]' from process `\axi_write_state_bank.$proc$/Users/Dilan/Projects/fabric-under-pressure/rtl/axi_write_state_bank.sv:110$130'.
No latch inferred for signal `\axi_write_state_bank.\admission_state_violation [1]' from process `\axi_write_state_bank.$proc$/Users/Dilan/Projects/fabric-under-pressure/rtl/axi_write_state_bank.sv:110$130'.
No latch inferred for signal `\axi_write_state_bank.\outstanding_violation [1]' from process `\axi_write_state_bank.$proc$/Users/Dilan/Projects/fabric-under-pressure/rtl/axi_write_state_bank.sv:110$130'.
No latch inferred for signal `\axi_write_state_bank.\owner_violation [1]' from process `\axi_write_state_bank.$proc$/Users/Dilan/Projects/fabric-under-pressure/rtl/axi_write_state_bank.sv:110$130'.
No latch inferred for signal `\axi_write_state_bank.\gen_manager_state[1].admission_metadata_match' from process `\axi_write_state_bank.$proc$/Users/Dilan/Projects/fabric-under-pressure/rtl/axi_write_state_bank.sv:110$130'.
No latch inferred for signal `\axi_write_state_bank.\busy_bitmap [15:0]' from process `\axi_write_state_bank.$proc$/Users/Dilan/Projects/fabric-under-pressure/rtl/axi_write_state_bank.sv:110$117'.
No latch inferred for signal `\axi_write_state_bank.\outstanding_count [2:0]' from process `\axi_write_state_bank.$proc$/Users/Dilan/Projects/fabric-under-pressure/rtl/axi_write_state_bank.sv:110$117'.
No latch inferred for signal `\axi_write_state_bank.\owner_target [3:0]' from process `\axi_write_state_bank.$proc$/Users/Dilan/Projects/fabric-under-pressure/rtl/axi_write_state_bank.sv:110$117'.
No latch inferred for signal `\axi_write_state_bank.\owner_id [3:0]' from process `\axi_write_state_bank.$proc$/Users/Dilan/Projects/fabric-under-pressure/rtl/axi_write_state_bank.sv:110$117'.
No latch inferred for signal `\axi_write_state_bank.\owner_internal_id [5:0]' from process `\axi_write_state_bank.$proc$/Users/Dilan/Projects/fabric-under-pressure/rtl/axi_write_state_bank.sv:110$117'.
No latch inferred for signal `\axi_write_state_bank.\outstanding_allowed [0]' from process `\axi_write_state_bank.$proc$/Users/Dilan/Projects/fabric-under-pressure/rtl/axi_write_state_bank.sv:110$117'.
No latch inferred for signal `\axi_write_state_bank.\owner_active [0]' from process `\axi_write_state_bank.$proc$/Users/Dilan/Projects/fabric-under-pressure/rtl/axi_write_state_bank.sv:110$117'.
No latch inferred for signal `\axi_write_state_bank.\owner_beats_remaining [4:0]' from process `\axi_write_state_bank.$proc$/Users/Dilan/Projects/fabric-under-pressure/rtl/axi_write_state_bank.sv:110$117'.
No latch inferred for signal `\axi_write_state_bank.\owner_expected_wlast [0]' from process `\axi_write_state_bank.$proc$/Users/Dilan/Projects/fabric-under-pressure/rtl/axi_write_state_bank.sv:110$117'.
No latch inferred for signal `\axi_write_state_bank.\state_allowed [0]' from process `\axi_write_state_bank.$proc$/Users/Dilan/Projects/fabric-under-pressure/rtl/axi_write_state_bank.sv:110$117'.
No latch inferred for signal `\axi_write_state_bank.\commit_fire [0]' from process `\axi_write_state_bank.$proc$/Users/Dilan/Projects/fabric-under-pressure/rtl/axi_write_state_bank.sv:110$117'.
No latch inferred for signal `\axi_write_state_bank.\admission_state_violation [0]' from process `\axi_write_state_bank.$proc$/Users/Dilan/Projects/fabric-under-pressure/rtl/axi_write_state_bank.sv:110$117'.
No latch inferred for signal `\axi_write_state_bank.\outstanding_violation [0]' from process `\axi_write_state_bank.$proc$/Users/Dilan/Projects/fabric-under-pressure/rtl/axi_write_state_bank.sv:110$117'.
No latch inferred for signal `\axi_write_state_bank.\owner_violation [0]' from process `\axi_write_state_bank.$proc$/Users/Dilan/Projects/fabric-under-pressure/rtl/axi_write_state_bank.sv:110$117'.
No latch inferred for signal `\axi_write_state_bank.\gen_manager_state[0].admission_metadata_match' from process `\axi_write_state_bank.$proc$/Users/Dilan/Projects/fabric-under-pressure/rtl/axi_write_state_bank.sv:110$117'.
No latch inferred for signal `\axi_write_owner.\allocate_allowed' from process `\axi_write_owner.$proc$/Users/Dilan/Projects/fabric-under-pressure/rtl/axi_write_owner.sv:34$87'.
No latch inferred for signal `\axi_write_owner.\allocate_violation' from process `\axi_write_owner.$proc$/Users/Dilan/Projects/fabric-under-pressure/rtl/axi_write_owner.sv:34$87'.
No latch inferred for signal `\axi_write_owner.\active' from process `\axi_write_owner.$proc$/Users/Dilan/Projects/fabric-under-pressure/rtl/axi_write_owner.sv:34$87'.
No latch inferred for signal `\axi_write_owner.\owner_target' from process `\axi_write_owner.$proc$/Users/Dilan/Projects/fabric-under-pressure/rtl/axi_write_owner.sv:34$87'.
No latch inferred for signal `\axi_write_owner.\owner_id' from process `\axi_write_owner.$proc$/Users/Dilan/Projects/fabric-under-pressure/rtl/axi_write_owner.sv:34$87'.
No latch inferred for signal `\axi_write_owner.\owner_internal_id' from process `\axi_write_owner.$proc$/Users/Dilan/Projects/fabric-under-pressure/rtl/axi_write_owner.sv:34$87'.
No latch inferred for signal `\axi_write_owner.\beats_remaining' from process `\axi_write_owner.$proc$/Users/Dilan/Projects/fabric-under-pressure/rtl/axi_write_owner.sv:34$87'.
No latch inferred for signal `\axi_write_owner.\expected_wlast' from process `\axi_write_owner.$proc$/Users/Dilan/Projects/fabric-under-pressure/rtl/axi_write_owner.sv:34$87'.
No latch inferred for signal `\axi_write_owner.\w_without_owner_violation' from process `\axi_write_owner.$proc$/Users/Dilan/Projects/fabric-under-pressure/rtl/axi_write_owner.sv:34$87'.
No latch inferred for signal `\axi_write_owner.\wlast_mismatch_violation' from process `\axi_write_owner.$proc$/Users/Dilan/Projects/fabric-under-pressure/rtl/axi_write_owner.sv:34$87'.
No latch inferred for signal `\axi_outstanding_tracker.\allocate_do' from process `\axi_outstanding_tracker.$proc$/Users/Dilan/Projects/fabric-under-pressure/rtl/axi_outstanding_tracker.sv:55$31'.
No latch inferred for signal `\axi_outstanding_tracker.\complete_do' from process `\axi_outstanding_tracker.$proc$/Users/Dilan/Projects/fabric-under-pressure/rtl/axi_outstanding_tracker.sv:55$31'.
No latch inferred for signal `\axi_outstanding_tracker.\allocate_allowed' from process `\axi_outstanding_tracker.$proc$/Users/Dilan/Projects/fabric-under-pressure/rtl/axi_outstanding_tracker.sv:34$10'.
No latch inferred for signal `\axi_outstanding_tracker.\complete_known' from process `\axi_outstanding_tracker.$proc$/Users/Dilan/Projects/fabric-under-pressure/rtl/axi_outstanding_tracker.sv:34$10'.
No latch inferred for signal `\axi_outstanding_tracker.\allocate_violation' from process `\axi_outstanding_tracker.$proc$/Users/Dilan/Projects/fabric-under-pressure/rtl/axi_outstanding_tracker.sv:34$10'.
No latch inferred for signal `\axi_outstanding_tracker.\complete_violation' from process `\axi_outstanding_tracker.$proc$/Users/Dilan/Projects/fabric-under-pressure/rtl/axi_outstanding_tracker.sv:34$10'.
No latch inferred for signal `\axi_outstanding_tracker.\lookup_busy' from process `\axi_outstanding_tracker.$proc$/Users/Dilan/Projects/fabric-under-pressure/rtl/axi_outstanding_tracker.sv:34$10'.
No latch inferred for signal `\axi_outstanding_tracker.\lookup_target' from process `\axi_outstanding_tracker.$proc$/Users/Dilan/Projects/fabric-under-pressure/rtl/axi_outstanding_tracker.sv:34$10'.
No latch inferred for signal `\axi_outstanding_tracker.\lookup_len' from process `\axi_outstanding_tracker.$proc$/Users/Dilan/Projects/fabric-under-pressure/rtl/axi_outstanding_tracker.sv:34$10'.

4.4.9. Executing PROC_DFF pass (convert process syncs to FFs).
Creating register for signal `\axi_write_owner.\active_q' using process `\axi_write_owner.$proc$/Users/Dilan/Projects/fabric-under-pressure/rtl/axi_write_owner.sv:49$105'.
  created $adff cell `$procdff$1340' with positive edge clock and positive level reset.
Creating register for signal `\axi_write_owner.\target_q' using process `\axi_write_owner.$proc$/Users/Dilan/Projects/fabric-under-pressure/rtl/axi_write_owner.sv:49$105'.
  created $adff cell `$procdff$1345' with positive edge clock and positive level reset.
Creating register for signal `\axi_write_owner.\id_q' using process `\axi_write_owner.$proc$/Users/Dilan/Projects/fabric-under-pressure/rtl/axi_write_owner.sv:49$105'.
  created $adff cell `$procdff$1350' with positive edge clock and positive level reset.
Creating register for signal `\axi_write_owner.\internal_id_q' using process `\axi_write_owner.$proc$/Users/Dilan/Projects/fabric-under-pressure/rtl/axi_write_owner.sv:49$105'.
  created $adff cell `$procdff$1355' with positive edge clock and positive level reset.
Creating register for signal `\axi_write_owner.\beats_q' using process `\axi_write_owner.$proc$/Users/Dilan/Projects/fabric-under-pressure/rtl/axi_write_owner.sv:49$105'.
  created $adff cell `$procdff$1360' with positive edge clock and positive level reset.
Creating register for signal `\axi_outstanding_tracker.\i' using process `\axi_outstanding_tracker.$proc$/Users/Dilan/Projects/fabric-under-pressure/rtl/axi_outstanding_tracker.sv:60$35'.
  created $adff cell `$procdff$1365' with positive edge clock and positive level reset.
Creating register for signal `\axi_outstanding_tracker.\busy_bitmap' using process `\axi_outstanding_tracker.$proc$/Users/Dilan/Projects/fabric-under-pressure/rtl/axi_outstanding_tracker.sv:60$35'.
  created $adff cell `$procdff$1370' with positive edge clock and positive level reset.
Creating register for signal `\axi_outstanding_tracker.\outstanding_count' using process `\axi_outstanding_tracker.$proc$/Users/Dilan/Projects/fabric-under-pressure/rtl/axi_outstanding_tracker.sv:60$35'.
  created $adff cell `$procdff$1375' with positive edge clock and positive level reset.
Creating register for signal `\axi_outstanding_tracker.$bitselwrite$pos$/Users/Dilan/Projects/fabric-under-pressure/rtl/axi_outstanding_tracker.sv:70$2' using process `\axi_outstanding_tracker.$proc$/Users/Dilan/Projects/fabric-under-pressure/rtl/axi_outstanding_tracker.sv:60$35'.
  created $adff cell `$procdff$1380' with positive edge clock and positive level reset.
Creating register for signal `\axi_outstanding_tracker.$bitselwrite$pos$/Users/Dilan/Projects/fabric-under-pressure/rtl/axi_outstanding_tracker.sv:76$3' using process `\axi_outstanding_tracker.$proc$/Users/Dilan/Projects/fabric-under-pressure/rtl/axi_outstanding_tracker.sv:60$35'.
  created $adff cell `$procdff$1385' with positive edge clock and positive level reset.
Creating register for signal `\axi_outstanding_tracker.\target_table[0]' using process `\axi_outstanding_tracker.$proc$/Users/Dilan/Projects/fabric-under-pressure/rtl/axi_outstanding_tracker.sv:60$35'.
  created $adff cell `$procdff$1390' with positive edge clock and positive level reset.
Creating register for signal `\axi_outstanding_tracker.\target_table[1]' using process `\axi_outstanding_tracker.$proc$/Users/Dilan/Projects/fabric-under-pressure/rtl/axi_outstanding_tracker.sv:60$35'.
  created $adff cell `$procdff$1395' with positive edge clock and positive level reset.
Creating register for signal `\axi_outstanding_tracker.\target_table[2]' using process `\axi_outstanding_tracker.$proc$/Users/Dilan/Projects/fabric-under-pressure/rtl/axi_outstanding_tracker.sv:60$35'.
  created $adff cell `$procdff$1400' with positive edge clock and positive level reset.
Creating register for signal `\axi_outstanding_tracker.\target_table[3]' using process `\axi_outstanding_tracker.$proc$/Users/Dilan/Projects/fabric-under-pressure/rtl/axi_outstanding_tracker.sv:60$35'.
  created $adff cell `$procdff$1405' with positive edge clock and positive level reset.
Creating register for signal `\axi_outstanding_tracker.\target_table[4]' using process `\axi_outstanding_tracker.$proc$/Users/Dilan/Projects/fabric-under-pressure/rtl/axi_outstanding_tracker.sv:60$35'.
  created $adff cell `$procdff$1410' with positive edge clock and positive level reset.
Creating register for signal `\axi_outstanding_tracker.\target_table[5]' using process `\axi_outstanding_tracker.$proc$/Users/Dilan/Projects/fabric-under-pressure/rtl/axi_outstanding_tracker.sv:60$35'.
  created $adff cell `$procdff$1415' with positive edge clock and positive level reset.
Creating register for signal `\axi_outstanding_tracker.\target_table[6]' using process `\axi_outstanding_tracker.$proc$/Users/Dilan/Projects/fabric-under-pressure/rtl/axi_outstanding_tracker.sv:60$35'.
  created $adff cell `$procdff$1420' with positive edge clock and positive level reset.
Creating register for signal `\axi_outstanding_tracker.\target_table[7]' using process `\axi_outstanding_tracker.$proc$/Users/Dilan/Projects/fabric-under-pressure/rtl/axi_outstanding_tracker.sv:60$35'.
  created $adff cell `$procdff$1425' with positive edge clock and positive level reset.
Creating register for signal `\axi_outstanding_tracker.\target_table[8]' using process `\axi_outstanding_tracker.$proc$/Users/Dilan/Projects/fabric-under-pressure/rtl/axi_outstanding_tracker.sv:60$35'.
  created $adff cell `$procdff$1430' with positive edge clock and positive level reset.
Creating register for signal `\axi_outstanding_tracker.\target_table[9]' using process `\axi_outstanding_tracker.$proc$/Users/Dilan/Projects/fabric-under-pressure/rtl/axi_outstanding_tracker.sv:60$35'.
  created $adff cell `$procdff$1435' with positive edge clock and positive level reset.
Creating register for signal `\axi_outstanding_tracker.\target_table[10]' using process `\axi_outstanding_tracker.$proc$/Users/Dilan/Projects/fabric-under-pressure/rtl/axi_outstanding_tracker.sv:60$35'.
  created $adff cell `$procdff$1440' with positive edge clock and positive level reset.
Creating register for signal `\axi_outstanding_tracker.\target_table[11]' using process `\axi_outstanding_tracker.$proc$/Users/Dilan/Projects/fabric-under-pressure/rtl/axi_outstanding_tracker.sv:60$35'.
  created $adff cell `$procdff$1445' with positive edge clock and positive level reset.
Creating register for signal `\axi_outstanding_tracker.\target_table[12]' using process `\axi_outstanding_tracker.$proc$/Users/Dilan/Projects/fabric-under-pressure/rtl/axi_outstanding_tracker.sv:60$35'.
  created $adff cell `$procdff$1450' with positive edge clock and positive level reset.
Creating register for signal `\axi_outstanding_tracker.\target_table[13]' using process `\axi_outstanding_tracker.$proc$/Users/Dilan/Projects/fabric-under-pressure/rtl/axi_outstanding_tracker.sv:60$35'.
  created $adff cell `$procdff$1455' with positive edge clock and positive level reset.
Creating register for signal `\axi_outstanding_tracker.\target_table[14]' using process `\axi_outstanding_tracker.$proc$/Users/Dilan/Projects/fabric-under-pressure/rtl/axi_outstanding_tracker.sv:60$35'.
  created $adff cell `$procdff$1460' with positive edge clock and positive level reset.
Creating register for signal `\axi_outstanding_tracker.\target_table[15]' using process `\axi_outstanding_tracker.$proc$/Users/Dilan/Projects/fabric-under-pressure/rtl/axi_outstanding_tracker.sv:60$35'.
  created $adff cell `$procdff$1465' with positive edge clock and positive level reset.
Creating register for signal `\axi_outstanding_tracker.\len_table[0]' using process `\axi_outstanding_tracker.$proc$/Users/Dilan/Projects/fabric-under-pressure/rtl/axi_outstanding_tracker.sv:60$35'.
  created $adff cell `$procdff$1470' with positive edge clock and positive level reset.
Creating register for signal `\axi_outstanding_tracker.\len_table[1]' using process `\axi_outstanding_tracker.$proc$/Users/Dilan/Projects/fabric-under-pressure/rtl/axi_outstanding_tracker.sv:60$35'.
  created $adff cell `$procdff$1475' with positive edge clock and positive level reset.
Creating register for signal `\axi_outstanding_tracker.\len_table[2]' using process `\axi_outstanding_tracker.$proc$/Users/Dilan/Projects/fabric-under-pressure/rtl/axi_outstanding_tracker.sv:60$35'.
  created $adff cell `$procdff$1480' with positive edge clock and positive level reset.
Creating register for signal `\axi_outstanding_tracker.\len_table[3]' using process `\axi_outstanding_tracker.$proc$/Users/Dilan/Projects/fabric-under-pressure/rtl/axi_outstanding_tracker.sv:60$35'.
  created $adff cell `$procdff$1485' with positive edge clock and positive level reset.
Creating register for signal `\axi_outstanding_tracker.\len_table[4]' using process `\axi_outstanding_tracker.$proc$/Users/Dilan/Projects/fabric-under-pressure/rtl/axi_outstanding_tracker.sv:60$35'.
  created $adff cell `$procdff$1490' with positive edge clock and positive level reset.
Creating register for signal `\axi_outstanding_tracker.\len_table[5]' using process `\axi_outstanding_tracker.$proc$/Users/Dilan/Projects/fabric-under-pressure/rtl/axi_outstanding_tracker.sv:60$35'.
  created $adff cell `$procdff$1495' with positive edge clock and positive level reset.
Creating register for signal `\axi_outstanding_tracker.\len_table[6]' using process `\axi_outstanding_tracker.$proc$/Users/Dilan/Projects/fabric-under-pressure/rtl/axi_outstanding_tracker.sv:60$35'.
  created $adff cell `$procdff$1500' with positive edge clock and positive level reset.
Creating register for signal `\axi_outstanding_tracker.\len_table[7]' using process `\axi_outstanding_tracker.$proc$/Users/Dilan/Projects/fabric-under-pressure/rtl/axi_outstanding_tracker.sv:60$35'.
  created $adff cell `$procdff$1505' with positive edge clock and positive level reset.
Creating register for signal `\axi_outstanding_tracker.\len_table[8]' using process `\axi_outstanding_tracker.$proc$/Users/Dilan/Projects/fabric-under-pressure/rtl/axi_outstanding_tracker.sv:60$35'.
  created $adff cell `$procdff$1510' with positive edge clock and positive level reset.
Creating register for signal `\axi_outstanding_tracker.\len_table[9]' using process `\axi_outstanding_tracker.$proc$/Users/Dilan/Projects/fabric-under-pressure/rtl/axi_outstanding_tracker.sv:60$35'.
  created $adff cell `$procdff$1515' with positive edge clock and positive level reset.
Creating register for signal `\axi_outstanding_tracker.\len_table[10]' using process `\axi_outstanding_tracker.$proc$/Users/Dilan/Projects/fabric-under-pressure/rtl/axi_outstanding_tracker.sv:60$35'.
  created $adff cell `$procdff$1520' with positive edge clock and positive level reset.
Creating register for signal `\axi_outstanding_tracker.\len_table[11]' using process `\axi_outstanding_tracker.$proc$/Users/Dilan/Projects/fabric-under-pressure/rtl/axi_outstanding_tracker.sv:60$35'.
  created $adff cell `$procdff$1525' with positive edge clock and positive level reset.
Creating register for signal `\axi_outstanding_tracker.\len_table[12]' using process `\axi_outstanding_tracker.$proc$/Users/Dilan/Projects/fabric-under-pressure/rtl/axi_outstanding_tracker.sv:60$35'.
  created $adff cell `$procdff$1530' with positive edge clock and positive level reset.
Creating register for signal `\axi_outstanding_tracker.\len_table[13]' using process `\axi_outstanding_tracker.$proc$/Users/Dilan/Projects/fabric-under-pressure/rtl/axi_outstanding_tracker.sv:60$35'.
  created $adff cell `$procdff$1535' with positive edge clock and positive level reset.
Creating register for signal `\axi_outstanding_tracker.\len_table[14]' using process `\axi_outstanding_tracker.$proc$/Users/Dilan/Projects/fabric-under-pressure/rtl/axi_outstanding_tracker.sv:60$35'.
  created $adff cell `$procdff$1540' with positive edge clock and positive level reset.
Creating register for signal `\axi_outstanding_tracker.\len_table[15]' using process `\axi_outstanding_tracker.$proc$/Users/Dilan/Projects/fabric-under-pressure/rtl/axi_outstanding_tracker.sv:60$35'.
  created $adff cell `$procdff$1545' with positive edge clock and positive level reset.
Creating register for signal `\axi_outstanding_tracker.$mem2reg_wr$\target_table$/Users/Dilan/Projects/fabric-under-pressure/rtl/axi_outstanding_tracker.sv:71$6_ADDR' using process `\axi_outstanding_tracker.$proc$/Users/Dilan/Projects/fabric-under-pressure/rtl/axi_outstanding_tracker.sv:60$35'.
  created $adff cell `$procdff$1550' with positive edge clock and positive level reset.
Creating register for signal `\axi_outstanding_tracker.$mem2reg_wr$\target_table$/Users/Dilan/Projects/fabric-under-pressure/rtl/axi_outstanding_tracker.sv:71$6_DATA' using process `\axi_outstanding_tracker.$proc$/Users/Dilan/Projects/fabric-under-pressure/rtl/axi_outstanding_tracker.sv:60$35'.
  created $adff cell `$procdff$1555' with positive edge clock and positive level reset.
Creating register for signal `\axi_outstanding_tracker.$mem2reg_wr$\len_table$/Users/Dilan/Projects/fabric-under-pressure/rtl/axi_outstanding_tracker.sv:72$7_ADDR' using process `\axi_outstanding_tracker.$proc$/Users/Dilan/Projects/fabric-under-pressure/rtl/axi_outstanding_tracker.sv:60$35'.
  created $adff cell `$procdff$1560' with positive edge clock and positive level reset.
Creating register for signal `\axi_outstanding_tracker.$mem2reg_wr$\len_table$/Users/Dilan/Projects/fabric-under-pressure/rtl/axi_outstanding_tracker.sv:72$7_DATA' using process `\axi_outstanding_tracker.$proc$/Users/Dilan/Projects/fabric-under-pressure/rtl/axi_outstanding_tracker.sv:60$35'.
  created $adff cell `$procdff$1565' with positive edge clock and positive level reset.
Creating register for signal `\axi_outstanding_tracker.$mem2reg_wr$\target_table$/Users/Dilan/Projects/fabric-under-pressure/rtl/axi_outstanding_tracker.sv:77$8_ADDR' using process `\axi_outstanding_tracker.$proc$/Users/Dilan/Projects/fabric-under-pressure/rtl/axi_outstanding_tracker.sv:60$35'.
  created $adff cell `$procdff$1570' with positive edge clock and positive level reset.
Creating register for signal `\axi_outstanding_tracker.$mem2reg_wr$\target_table$/Users/Dilan/Projects/fabric-under-pressure/rtl/axi_outstanding_tracker.sv:77$8_DATA' using process `\axi_outstanding_tracker.$proc$/Users/Dilan/Projects/fabric-under-pressure/rtl/axi_outstanding_tracker.sv:60$35'.
  created $adff cell `$procdff$1575' with positive edge clock and positive level reset.
Creating register for signal `\axi_outstanding_tracker.$mem2reg_wr$\len_table$/Users/Dilan/Projects/fabric-under-pressure/rtl/axi_outstanding_tracker.sv:78$9_ADDR' using process `\axi_outstanding_tracker.$proc$/Users/Dilan/Projects/fabric-under-pressure/rtl/axi_outstanding_tracker.sv:60$35'.
  created $adff cell `$procdff$1580' with positive edge clock and positive level reset.
Creating register for signal `\axi_outstanding_tracker.$mem2reg_wr$\len_table$/Users/Dilan/Projects/fabric-under-pressure/rtl/axi_outstanding_tracker.sv:78$9_DATA' using process `\axi_outstanding_tracker.$proc$/Users/Dilan/Projects/fabric-under-pressure/rtl/axi_outstanding_tracker.sv:60$35'.
  created $adff cell `$procdff$1585' with positive edge clock and positive level reset.
Creating register for signal `\axi_outstanding_tracker.$lookahead\busy_bitmap$34' using process `\axi_outstanding_tracker.$proc$/Users/Dilan/Projects/fabric-under-pressure/rtl/axi_outstanding_tracker.sv:60$35'.
  created $adff cell `$procdff$1590' with positive edge clock and positive level reset.

4.4.10. Executing PROC_MEMWR pass (convert process memory writes to cells).

4.4.11. Executing PROC_CLEAN pass (remove empty switches from decision trees).
Removing empty process `axi_write_state_bank.$proc$/Users/Dilan/Projects/fabric-under-pressure/rtl/axi_write_state_bank.sv:110$143'.
Removing empty process `axi_write_state_bank.$proc$/Users/Dilan/Projects/fabric-under-pressure/rtl/axi_write_state_bank.sv:110$130'.
Removing empty process `axi_write_state_bank.$proc$/Users/Dilan/Projects/fabric-under-pressure/rtl/axi_write_state_bank.sv:110$117'.
Found and cleaned up 4 empty switches in `\axi_write_owner.$proc$/Users/Dilan/Projects/fabric-under-pressure/rtl/axi_write_owner.sv:49$105'.
Removing empty process `axi_write_owner.$proc$/Users/Dilan/Projects/fabric-under-pressure/rtl/axi_write_owner.sv:49$105'.
Removing empty process `axi_write_owner.$proc$/Users/Dilan/Projects/fabric-under-pressure/rtl/axi_write_owner.sv:34$87'.
Found and cleaned up 7 empty switches in `\axi_outstanding_tracker.$proc$/Users/Dilan/Projects/fabric-under-pressure/rtl/axi_outstanding_tracker.sv:60$35'.
Removing empty process `axi_outstanding_tracker.$proc$/Users/Dilan/Projects/fabric-under-pressure/rtl/axi_outstanding_tracker.sv:60$35'.
Removing empty process `axi_outstanding_tracker.$proc$/Users/Dilan/Projects/fabric-under-pressure/rtl/axi_outstanding_tracker.sv:55$31'.
Found and cleaned up 3 empty switches in `\axi_outstanding_tracker.$proc$/Users/Dilan/Projects/fabric-under-pressure/rtl/axi_outstanding_tracker.sv:34$10'.
Removing empty process `axi_outstanding_tracker.$proc$/Users/Dilan/Projects/fabric-under-pressure/rtl/axi_outstanding_tracker.sv:34$10'.
Cleaned up 14 empty switches.

4.4.12. Executing OPT_EXPR pass (perform const folding).
Optimizing module axi_write_state_bank.
Optimizing module axi_write_owner.
<suppressed ~10 debug messages>
Optimizing module axi_outstanding_tracker.
<suppressed ~98 debug messages>

4.5. Executing CHECK pass (checking for obvious problems).
Checking module axi_write_state_bank...
Checking module axi_write_owner...
Checking module axi_outstanding_tracker...
Found and reported 0 problems.

4.6. Executing FLATTEN pass (flatten design).
Deleting now unused module axi_write_owner.
Deleting now unused module axi_outstanding_tracker.
<suppressed ~6 debug messages>

4.7. Executing TRIBUF pass.

4.8. Executing DEMINOUT pass (demote inout ports to input or output).

4.9. Executing OPT_EXPR pass (perform const folding).
Optimizing module axi_write_state_bank.

4.10. Executing CHECK pass (checking for obvious problems).
Checking module axi_write_state_bank...
Found and reported 0 problems.

4.11. Executing OPT_CLEAN pass (remove unused cells and wires).
Finding unused cells or wires in module \axi_write_state_bank..
Removed 1029 unused cells and 1959 unused wires.
<suppressed ~1138 debug messages>

4.12. Executing OPT pass (performing simple optimizations).

4.12.1. Executing OPT_EXPR pass (perform const folding).
Optimizing module axi_write_state_bank.

4.12.2. Executing OPT_MERGE pass (detect identical cells).
Finding identical cells in module `\axi_write_state_bank'.
Computing hashes of 300 cells of `\axi_write_state_bank'.
Finding duplicate cells in `\axi_write_state_bank'.
Computing hashes of 285 cells of `\axi_write_state_bank'.
Finding duplicate cells in `\axi_write_state_bank'.
Computing hashes of 282 cells of `\axi_write_state_bank'.
Finding duplicate cells in `\axi_write_state_bank'.
<suppressed ~54 debug messages>
Removed a total of 18 cells.

4.12.3. Executing OPT_MUXTREE pass (detect dead branches in mux trees).
Running muxtree optimizer on module \axi_write_state_bank..
  Creating internal representation of mux trees.
  Evaluating internal representation of mux trees.
  Analyzing evaluation results.
Removed 0 multiplexer ports.
<suppressed ~132 debug messages>

4.12.4. Executing OPT_REDUCE pass (consolidate $*mux and $reduce_* inputs).
  Optimizing cells in module \axi_write_state_bank.
Performed a total of 0 changes.

4.12.5. Executing OPT_MERGE pass (detect identical cells).
Finding identical cells in module `\axi_write_state_bank'.
Computing hashes of 282 cells of `\axi_write_state_bank'.
Finding duplicate cells in `\axi_write_state_bank'.
Removed a total of 0 cells.

4.12.6. Executing OPT_DFF pass (perform DFF optimizations).

4.12.7. Executing OPT_CLEAN pass (remove unused cells and wires).
Finding unused cells or wires in module \axi_write_state_bank..
Removed 0 unused cells and 18 unused wires.
<suppressed ~1 debug messages>

4.12.8. Executing OPT_EXPR pass (perform const folding).
Optimizing module axi_write_state_bank.

4.12.9. Rerunning OPT passes. (Maybe there is more to do..)

4.12.10. Executing OPT_MUXTREE pass (detect dead branches in mux trees).
Running muxtree optimizer on module \axi_write_state_bank..
  Creating internal representation of mux trees.
  Evaluating internal representation of mux trees.
  Analyzing evaluation results.
Removed 0 multiplexer ports.
<suppressed ~132 debug messages>

4.12.11. Executing OPT_REDUCE pass (consolidate $*mux and $reduce_* inputs).
  Optimizing cells in module \axi_write_state_bank.
Performed a total of 0 changes.

4.12.12. Executing OPT_MERGE pass (detect identical cells).
Finding identical cells in module `\axi_write_state_bank'.
Computing hashes of 282 cells of `\axi_write_state_bank'.
Finding duplicate cells in `\axi_write_state_bank'.
Removed a total of 0 cells.

4.12.13. Executing OPT_DFF pass (perform DFF optimizations).

4.12.14. Executing OPT_CLEAN pass (remove unused cells and wires).
Finding unused cells or wires in module \axi_write_state_bank..

4.12.15. Executing OPT_EXPR pass (perform const folding).
Optimizing module axi_write_state_bank.

4.12.16. Finished fast OPT passes. (There is nothing left to do.)

4.13. Executing FSM pass (extract and optimize FSM).

4.13.1. Executing FSM_DETECT pass (finding FSMs in design).

4.13.2. Executing FSM_EXTRACT pass (extracting FSM from design).

4.13.3. Executing FSM_OPT pass (simple optimizations of FSMs).

4.13.4. Executing OPT_CLEAN pass (remove unused cells and wires).
Finding unused cells or wires in module \axi_write_state_bank..

4.13.5. Executing FSM_OPT pass (simple optimizations of FSMs).

4.13.6. Executing FSM_RECODE pass (re-assigning FSM state encoding).

4.13.7. Executing FSM_INFO pass (dumping all available information on FSM cells).

4.13.8. Executing FSM_MAP pass (mapping FSMs to basic logic).

4.14. Executing OPT pass (performing simple optimizations).

4.14.1. Executing OPT_EXPR pass (perform const folding).
Optimizing module axi_write_state_bank.

4.14.2. Executing OPT_MERGE pass (detect identical cells).
Finding identical cells in module `\axi_write_state_bank'.
Computing hashes of 282 cells of `\axi_write_state_bank'.
Finding duplicate cells in `\axi_write_state_bank'.
Removed a total of 0 cells.

4.14.3. Executing OPT_MUXTREE pass (detect dead branches in mux trees).
Running muxtree optimizer on module \axi_write_state_bank..
  Creating internal representation of mux trees.
  Evaluating internal representation of mux trees.
  Analyzing evaluation results.
Removed 0 multiplexer ports.
<suppressed ~132 debug messages>

4.14.4. Executing OPT_REDUCE pass (consolidate $*mux and $reduce_* inputs).
  Optimizing cells in module \axi_write_state_bank.
Performed a total of 0 changes.

4.14.5. Executing OPT_MERGE pass (detect identical cells).
Finding identical cells in module `\axi_write_state_bank'.
Computing hashes of 282 cells of `\axi_write_state_bank'.
Finding duplicate cells in `\axi_write_state_bank'.
Removed a total of 0 cells.

4.14.6. Executing OPT_DFF pass (perform DFF optimizations).
Adding EN signal on $flatten\gen_manager_state[2].u_outstanding.$procdff$1375 ($adff) from module axi_write_state_bank (D = $flatten\gen_manager_state[2].u_outstanding.$0\outstanding_count[2:0], Q = \gen_manager_state[2].u_outstanding.outstanding_count).
Adding EN signal on $flatten\gen_manager_state[2].u_owner.$procdff$1360 ($adff) from module axi_write_state_bank (D = $flatten\gen_manager_state[2].u_owner.$0\beats_q[4:0], Q = \gen_manager_state[2].u_owner.beats_q).
Adding EN signal on $flatten\gen_manager_state[2].u_owner.$procdff$1340 ($adff) from module axi_write_state_bank (D = $flatten\gen_manager_state[2].u_owner.$0\active_q[0:0], Q = \gen_manager_state[2].u_owner.active_q).
Adding EN signal on $flatten\gen_manager_state[2].u_owner.$procdff$1355 ($adff) from module axi_write_state_bank (D = $flatten\gen_manager_state[2].u_owner.$0\internal_id_q[5:0], Q = \gen_manager_state[2].u_owner.internal_id_q).
Adding EN signal on $flatten\gen_manager_state[2].u_owner.$procdff$1345 ($adff) from module axi_write_state_bank (D = $flatten\gen_manager_state[2].u_owner.$0\target_q[3:0], Q = \gen_manager_state[2].u_owner.target_q).
Adding EN signal on $flatten\gen_manager_state[2].u_owner.$procdff$1350 ($adff) from module axi_write_state_bank (D = $flatten\gen_manager_state[2].u_owner.$0\id_q[3:0], Q = \gen_manager_state[2].u_owner.id_q).
Adding EN signal on $flatten\gen_manager_state[0].u_outstanding.$procdff$1375 ($adff) from module axi_write_state_bank (D = $flatten\gen_manager_state[0].u_outstanding.$0\outstanding_count[2:0], Q = \gen_manager_state[0].u_outstanding.outstanding_count).
Adding EN signal on $flatten\gen_manager_state[1].u_owner.$procdff$1360 ($adff) from module axi_write_state_bank (D = $flatten\gen_manager_state[1].u_owner.$0\beats_q[4:0], Q = \gen_manager_state[1].u_owner.beats_q).
Adding EN signal on $flatten\gen_manager_state[1].u_owner.$procdff$1340 ($adff) from module axi_write_state_bank (D = $flatten\gen_manager_state[1].u_owner.$0\active_q[0:0], Q = \gen_manager_state[1].u_owner.active_q).
Adding EN signal on $flatten\gen_manager_state[1].u_owner.$procdff$1355 ($adff) from module axi_write_state_bank (D = $flatten\gen_manager_state[1].u_owner.$0\internal_id_q[5:0], Q = \gen_manager_state[1].u_owner.internal_id_q).
Adding EN signal on $flatten\gen_manager_state[1].u_owner.$procdff$1345 ($adff) from module axi_write_state_bank (D = $flatten\gen_manager_state[1].u_owner.$0\target_q[3:0], Q = \gen_manager_state[1].u_owner.target_q).
Adding EN signal on $flatten\gen_manager_state[1].u_owner.$procdff$1350 ($adff) from module axi_write_state_bank (D = $flatten\gen_manager_state[1].u_owner.$0\id_q[3:0], Q = \gen_manager_state[1].u_owner.id_q).
Adding EN signal on $flatten\gen_manager_state[0].u_owner.$procdff$1350 ($adff) from module axi_write_state_bank (D = $flatten\gen_manager_state[0].u_owner.$0\id_q[3:0], Q = \gen_manager_state[0].u_owner.id_q).
Adding EN signal on $flatten\gen_manager_state[1].u_outstanding.$procdff$1375 ($adff) from module axi_write_state_bank (D = $flatten\gen_manager_state[1].u_outstanding.$0\outstanding_count[2:0], Q = \gen_manager_state[1].u_outstanding.outstanding_count).
Adding EN signal on $flatten\gen_manager_state[0].u_owner.$procdff$1345 ($adff) from module axi_write_state_bank (D = $flatten\gen_manager_state[0].u_owner.$0\target_q[3:0], Q = \gen_manager_state[0].u_owner.target_q).
Adding EN signal on $flatten\gen_manager_state[0].u_owner.$procdff$1355 ($adff) from module axi_write_state_bank (D = $flatten\gen_manager_state[0].u_owner.$0\internal_id_q[5:0], Q = \gen_manager_state[0].u_owner.internal_id_q).
Adding EN signal on $flatten\gen_manager_state[0].u_owner.$procdff$1340 ($adff) from module axi_write_state_bank (D = $flatten\gen_manager_state[0].u_owner.$0\active_q[0:0], Q = \gen_manager_state[0].u_owner.active_q).
Adding EN signal on $flatten\gen_manager_state[0].u_owner.$procdff$1360 ($adff) from module axi_write_state_bank (D = $flatten\gen_manager_state[0].u_owner.$0\beats_q[4:0], Q = \gen_manager_state[0].u_owner.beats_q).

4.14.7. Executing OPT_CLEAN pass (remove unused cells and wires).
Finding unused cells or wires in module \axi_write_state_bank..

4.14.8. Executing OPT_EXPR pass (perform const folding).
Optimizing module axi_write_state_bank.
<suppressed ~33 debug messages>

4.14.9. Rerunning OPT passes. (Maybe there is more to do..)

4.14.10. Executing OPT_MUXTREE pass (detect dead branches in mux trees).
Running muxtree optimizer on module \axi_write_state_bank..
  Creating internal representation of mux trees.
  Evaluating internal representation of mux trees.
  Analyzing evaluation results.
Removed 0 multiplexer ports.
<suppressed ~132 debug messages>

4.14.11. Executing OPT_REDUCE pass (consolidate $*mux and $reduce_* inputs).
  Optimizing cells in module \axi_write_state_bank.
Performed a total of 0 changes.

4.14.12. Executing OPT_MERGE pass (detect identical cells).
Finding identical cells in module `\axi_write_state_bank'.
Computing hashes of 330 cells of `\axi_write_state_bank'.
Finding duplicate cells in `\axi_write_state_bank'.
Computing hashes of 306 cells of `\axi_write_state_bank'.
Finding duplicate cells in `\axi_write_state_bank'.
Computing hashes of 294 cells of `\axi_write_state_bank'.
Finding duplicate cells in `\axi_write_state_bank'.
<suppressed ~108 debug messages>
Removed a total of 36 cells.

4.14.13. Executing OPT_DFF pass (perform DFF optimizations).

4.14.14. Executing OPT_CLEAN pass (remove unused cells and wires).
Finding unused cells or wires in module \axi_write_state_bank..
Removed 0 unused cells and 36 unused wires.
<suppressed ~1 debug messages>

4.14.15. Executing OPT_EXPR pass (perform const folding).
Optimizing module axi_write_state_bank.

4.14.16. Rerunning OPT passes. (Maybe there is more to do..)

4.14.17. Executing OPT_MUXTREE pass (detect dead branches in mux trees).
Running muxtree optimizer on module \axi_write_state_bank..
  Creating internal representation of mux trees.
  Evaluating internal representation of mux trees.
  Analyzing evaluation results.
Removed 0 multiplexer ports.
<suppressed ~141 debug messages>

4.14.18. Executing OPT_REDUCE pass (consolidate $*mux and $reduce_* inputs).
  Optimizing cells in module \axi_write_state_bank.
Performed a total of 0 changes.

4.14.19. Executing OPT_MERGE pass (detect identical cells).
Finding identical cells in module `\axi_write_state_bank'.
Computing hashes of 294 cells of `\axi_write_state_bank'.
Finding duplicate cells in `\axi_write_state_bank'.
Removed a total of 0 cells.

4.14.20. Executing OPT_DFF pass (perform DFF optimizations).

4.14.21. Executing OPT_CLEAN pass (remove unused cells and wires).
Finding unused cells or wires in module \axi_write_state_bank..

4.14.22. Executing OPT_EXPR pass (perform const folding).
Optimizing module axi_write_state_bank.

4.14.23. Finished fast OPT passes. (There is nothing left to do.)

4.15. Executing WREDUCE pass (reducing word size of cells).
Removed top 1 bits (of 2) from port B of cell axi_write_state_bank.$flatten\gen_manager_state[0].u_outstanding.$procmux$425_CMP0 ($eq).
Removed top 2 bits (of 3) from port B of cell axi_write_state_bank.$flatten\gen_manager_state[0].u_outstanding.$sub$/Users/Dilan/Projects/fabric-under-pressure/rtl/axi_outstanding_tracker.sv:83$86 ($sub).
Removed top 2 bits (of 3) from port B of cell axi_write_state_bank.$flatten\gen_manager_state[0].u_outstanding.$add$/Users/Dilan/Projects/fabric-under-pressure/rtl/axi_outstanding_tracker.sv:82$85 ($add).
Converting cell axi_write_state_bank.$flatten\gen_manager_state[0].u_outstanding.$neg$/Users/Dilan/Projects/fabric-under-pressure/rtl/axi_outstanding_tracker.sv:76$78 ($neg) from signed to unsigned.
Removed top 1 bits (of 5) from port A of cell axi_write_state_bank.$flatten\gen_manager_state[0].u_outstanding.$neg$/Users/Dilan/Projects/fabric-under-pressure/rtl/axi_outstanding_tracker.sv:76$78 ($neg).
Converting cell axi_write_state_bank.$flatten\gen_manager_state[0].u_outstanding.$neg$/Users/Dilan/Projects/fabric-under-pressure/rtl/axi_outstanding_tracker.sv:70$65 ($neg) from signed to unsigned.
Removed top 1 bits (of 5) from port A of cell axi_write_state_bank.$flatten\gen_manager_state[0].u_outstanding.$neg$/Users/Dilan/Projects/fabric-under-pressure/rtl/axi_outstanding_tracker.sv:70$65 ($neg).
Removed top 4 bits (of 5) from port B of cell axi_write_state_bank.$flatten\gen_manager_state[0].u_owner.$sub$/Users/Dilan/Projects/fabric-under-pressure/rtl/axi_write_owner.sv:72$116 ($sub).
Removed top 4 bits (of 5) from port B of cell axi_write_state_bank.$flatten\gen_manager_state[0].u_owner.$gt$/Users/Dilan/Projects/fabric-under-pressure/rtl/axi_write_owner.sv:69$115 ($gt).
Removed top 1 bits (of 5) from port A of cell axi_write_state_bank.$flatten\gen_manager_state[0].u_owner.$add$/Users/Dilan/Projects/fabric-under-pressure/rtl/axi_write_owner.sv:61$110 ($add).
Removed top 4 bits (of 5) from port B of cell axi_write_state_bank.$flatten\gen_manager_state[0].u_owner.$add$/Users/Dilan/Projects/fabric-under-pressure/rtl/axi_write_owner.sv:61$110 ($add).
Removed top 4 bits (of 8) from port B of cell axi_write_state_bank.$flatten\gen_manager_state[0].u_owner.$gt$/Users/Dilan/Projects/fabric-under-pressure/rtl/axi_write_owner.sv:61$109 ($gt).
Removed top 4 bits (of 5) from port B of cell axi_write_state_bank.$flatten\gen_manager_state[0].u_owner.$eq$/Users/Dilan/Projects/fabric-under-pressure/rtl/axi_write_owner.sv:40$92 ($eq).
Removed top 1 bits (of 2) from port B of cell axi_write_state_bank.$flatten\gen_manager_state[1].u_outstanding.$procmux$425_CMP0 ($eq).
Removed top 2 bits (of 3) from port B of cell axi_write_state_bank.$flatten\gen_manager_state[1].u_outstanding.$sub$/Users/Dilan/Projects/fabric-under-pressure/rtl/axi_outstanding_tracker.sv:83$86 ($sub).
Removed top 2 bits (of 3) from port B of cell axi_write_state_bank.$flatten\gen_manager_state[1].u_outstanding.$add$/Users/Dilan/Projects/fabric-under-pressure/rtl/axi_outstanding_tracker.sv:82$85 ($add).
Converting cell axi_write_state_bank.$flatten\gen_manager_state[1].u_outstanding.$neg$/Users/Dilan/Projects/fabric-under-pressure/rtl/axi_outstanding_tracker.sv:76$82 ($neg) from signed to unsigned.
Removed top 1 bits (of 5) from port A of cell axi_write_state_bank.$flatten\gen_manager_state[1].u_outstanding.$neg$/Users/Dilan/Projects/fabric-under-pressure/rtl/axi_outstanding_tracker.sv:76$82 ($neg).
Converting cell axi_write_state_bank.$flatten\gen_manager_state[1].u_outstanding.$neg$/Users/Dilan/Projects/fabric-under-pressure/rtl/axi_outstanding_tracker.sv:70$69 ($neg) from signed to unsigned.
Removed top 1 bits (of 5) from port A of cell axi_write_state_bank.$flatten\gen_manager_state[1].u_outstanding.$neg$/Users/Dilan/Projects/fabric-under-pressure/rtl/axi_outstanding_tracker.sv:70$69 ($neg).
Removed top 4 bits (of 5) from port B of cell axi_write_state_bank.$flatten\gen_manager_state[1].u_owner.$sub$/Users/Dilan/Projects/fabric-under-pressure/rtl/axi_write_owner.sv:72$116 ($sub).
Removed top 4 bits (of 5) from port B of cell axi_write_state_bank.$flatten\gen_manager_state[1].u_owner.$gt$/Users/Dilan/Projects/fabric-under-pressure/rtl/axi_write_owner.sv:69$115 ($gt).
Removed top 4 bits (of 5) from port B of cell axi_write_state_bank.$flatten\gen_manager_state[1].u_owner.$eq$/Users/Dilan/Projects/fabric-under-pressure/rtl/axi_write_owner.sv:63$113 ($eq).
Removed top 1 bits (of 5) from port A of cell axi_write_state_bank.$flatten\gen_manager_state[1].u_owner.$add$/Users/Dilan/Projects/fabric-under-pressure/rtl/axi_write_owner.sv:61$110 ($add).
Removed top 4 bits (of 5) from port B of cell axi_write_state_bank.$flatten\gen_manager_state[1].u_owner.$add$/Users/Dilan/Projects/fabric-under-pressure/rtl/axi_write_owner.sv:61$110 ($add).
Removed top 4 bits (of 8) from port B of cell axi_write_state_bank.$flatten\gen_manager_state[1].u_owner.$gt$/Users/Dilan/Projects/fabric-under-pressure/rtl/axi_write_owner.sv:61$109 ($gt).
Removed top 1 bits (of 2) from port B of cell axi_write_state_bank.$flatten\gen_manager_state[2].u_outstanding.$procmux$425_CMP0 ($eq).
Removed top 2 bits (of 3) from port B of cell axi_write_state_bank.$flatten\gen_manager_state[2].u_outstanding.$sub$/Users/Dilan/Projects/fabric-under-pressure/rtl/axi_outstanding_tracker.sv:83$86 ($sub).
Removed top 2 bits (of 3) from port B of cell axi_write_state_bank.$flatten\gen_manager_state[2].u_outstanding.$add$/Users/Dilan/Projects/fabric-under-pressure/rtl/axi_outstanding_tracker.sv:82$85 ($add).
Converting cell axi_write_state_bank.$flatten\gen_manager_state[2].u_outstanding.$neg$/Users/Dilan/Projects/fabric-under-pressure/rtl/axi_outstanding_tracker.sv:76$82 ($neg) from signed to unsigned.
Removed top 1 bits (of 5) from port A of cell axi_write_state_bank.$flatten\gen_manager_state[2].u_outstanding.$neg$/Users/Dilan/Projects/fabric-under-pressure/rtl/axi_outstanding_tracker.sv:76$82 ($neg).
Converting cell axi_write_state_bank.$flatten\gen_manager_state[2].u_outstanding.$neg$/Users/Dilan/Projects/fabric-under-pressure/rtl/axi_outstanding_tracker.sv:70$69 ($neg) from signed to unsigned.
Removed top 1 bits (of 5) from port A of cell axi_write_state_bank.$flatten\gen_manager_state[2].u_outstanding.$neg$/Users/Dilan/Projects/fabric-under-pressure/rtl/axi_outstanding_tracker.sv:70$69 ($neg).
Removed top 4 bits (of 5) from port B of cell axi_write_state_bank.$flatten\gen_manager_state[2].u_owner.$sub$/Users/Dilan/Projects/fabric-under-pressure/rtl/axi_write_owner.sv:72$116 ($sub).
Removed top 4 bits (of 5) from port B of cell axi_write_state_bank.$flatten\gen_manager_state[2].u_owner.$gt$/Users/Dilan/Projects/fabric-under-pressure/rtl/axi_write_owner.sv:69$115 ($gt).
Removed top 4 bits (of 5) from port B of cell axi_write_state_bank.$flatten\gen_manager_state[2].u_owner.$eq$/Users/Dilan/Projects/fabric-under-pressure/rtl/axi_write_owner.sv:63$113 ($eq).
Removed top 1 bits (of 5) from port A of cell axi_write_state_bank.$flatten\gen_manager_state[2].u_owner.$add$/Users/Dilan/Projects/fabric-under-pressure/rtl/axi_write_owner.sv:61$110 ($add).
Removed top 4 bits (of 5) from port B of cell axi_write_state_bank.$flatten\gen_manager_state[2].u_owner.$add$/Users/Dilan/Projects/fabric-under-pressure/rtl/axi_write_owner.sv:61$110 ($add).
Removed top 4 bits (of 8) from port B of cell axi_write_state_bank.$flatten\gen_manager_state[2].u_owner.$gt$/Users/Dilan/Projects/fabric-under-pressure/rtl/axi_write_owner.sv:61$109 ($gt).

4.16. Executing PEEPOPT pass (run peephole optimizers).

4.17. Executing OPT_CLEAN pass (remove unused cells and wires).
Finding unused cells or wires in module \axi_write_state_bank..

4.18. Executing SHARE pass (SAT-based resource sharing).

4.19. Executing TECHMAP pass (map to technology primitives).

4.19.1. Executing Verilog-2005 frontend: /Users/Dilan/eda/fabric-under-pressure/oss-cad-suite/libexec/../share/yosys/cmp2lut.v
Parsing Verilog input from `/Users/Dilan/eda/fabric-under-pressure/oss-cad-suite/libexec/../share/yosys/cmp2lut.v' to AST representation.
Generating RTLIL representation for module `\_90_lut_cmp_'.
Successfully finished Verilog frontend.

4.19.2. Continuing TECHMAP pass.
Using template $paramod$141b0f41d8ab4b936f42c52ead39f1f9a7c93200\_90_lut_cmp_ for cells of type $lt.
No more expansions possible.
<suppressed ~89 debug messages>

4.20. Executing OPT_EXPR pass (perform const folding).
Optimizing module axi_write_state_bank.

4.21. Executing OPT_CLEAN pass (remove unused cells and wires).
Finding unused cells or wires in module \axi_write_state_bank..
Removed 0 unused cells and 9 unused wires.
<suppressed ~1 debug messages>

4.22. Executing TECHMAP pass (map to technology primitives).

4.22.1. Executing Verilog-2005 frontend: /Users/Dilan/eda/fabric-under-pressure/oss-cad-suite/libexec/../share/yosys/mul2dsp.v
Parsing Verilog input from `/Users/Dilan/eda/fabric-under-pressure/oss-cad-suite/libexec/../share/yosys/mul2dsp.v' to AST representation.
Generating RTLIL representation for module `\_80_mul'.
Generating RTLIL representation for module `\_90_soft_mul'.
Successfully finished Verilog frontend.

4.22.2. Continuing TECHMAP pass.
No more expansions possible.
<suppressed ~4 debug messages>

4.23. Executing TECHMAP pass (map to technology primitives).

4.23.1. Executing Verilog-2005 frontend: /Users/Dilan/eda/fabric-under-pressure/oss-cad-suite/libexec/../share/yosys/lattice/dsp_map_18x18.v
Parsing Verilog input from `/Users/Dilan/eda/fabric-under-pressure/oss-cad-suite/libexec/../share/yosys/lattice/dsp_map_18x18.v' to AST representation.
Generating RTLIL representation for module `$__MUL18X18'.
Successfully finished Verilog frontend.

4.23.2. Continuing TECHMAP pass.
No more expansions possible.
<suppressed ~3 debug messages>

4.24. Executing ALUMACC pass (create $alu and $macc cells).
Extracting $alu and $macc cells in module axi_write_state_bank:
  creating $macc model for $flatten\gen_manager_state[0].u_owner.$add$/Users/Dilan/Projects/fabric-under-pressure/rtl/axi_write_owner.sv:61$110 ($add).
  creating $macc model for $flatten\gen_manager_state[0].u_owner.$sub$/Users/Dilan/Projects/fabric-under-pressure/rtl/axi_write_owner.sv:72$116 ($sub).
  creating $macc model for $flatten\gen_manager_state[1].u_outstanding.$neg$/Users/Dilan/Projects/fabric-under-pressure/rtl/axi_outstanding_tracker.sv:76$82 ($neg).
  creating $macc model for $flatten\gen_manager_state[0].u_outstanding.$neg$/Users/Dilan/Projects/fabric-under-pressure/rtl/axi_outstanding_tracker.sv:70$65 ($neg).
  creating $macc model for $flatten\gen_manager_state[0].u_outstanding.$neg$/Users/Dilan/Projects/fabric-under-pressure/rtl/axi_outstanding_tracker.sv:76$78 ($neg).
  creating $macc model for $flatten\gen_manager_state[0].u_outstanding.$add$/Users/Dilan/Projects/fabric-under-pressure/rtl/axi_outstanding_tracker.sv:82$85 ($add).
  creating $macc model for $flatten\gen_manager_state[0].u_outstanding.$sub$/Users/Dilan/Projects/fabric-under-pressure/rtl/axi_outstanding_tracker.sv:83$86 ($sub).
  creating $macc model for $flatten\gen_manager_state[1].u_outstanding.$neg$/Users/Dilan/Projects/fabric-under-pressure/rtl/axi_outstanding_tracker.sv:70$69 ($neg).
  creating $macc model for $flatten\gen_manager_state[1].u_outstanding.$sub$/Users/Dilan/Projects/fabric-under-pressure/rtl/axi_outstanding_tracker.sv:83$86 ($sub).
  creating $macc model for $flatten\gen_manager_state[1].u_outstanding.$add$/Users/Dilan/Projects/fabric-under-pressure/rtl/axi_outstanding_tracker.sv:82$85 ($add).
  creating $macc model for $flatten\gen_manager_state[1].u_owner.$sub$/Users/Dilan/Projects/fabric-under-pressure/rtl/axi_write_owner.sv:72$116 ($sub).
  creating $macc model for $flatten\gen_manager_state[1].u_owner.$add$/Users/Dilan/Projects/fabric-under-pressure/rtl/axi_write_owner.sv:61$110 ($add).
  creating $macc model for $flatten\gen_manager_state[2].u_outstanding.$sub$/Users/Dilan/Projects/fabric-under-pressure/rtl/axi_outstanding_tracker.sv:83$86 ($sub).
  creating $macc model for $flatten\gen_manager_state[2].u_outstanding.$add$/Users/Dilan/Projects/fabric-under-pressure/rtl/axi_outstanding_tracker.sv:82$85 ($add).
  creating $macc model for $flatten\gen_manager_state[2].u_outstanding.$neg$/Users/Dilan/Projects/fabric-under-pressure/rtl/axi_outstanding_tracker.sv:76$82 ($neg).
  creating $macc model for $flatten\gen_manager_state[2].u_outstanding.$neg$/Users/Dilan/Projects/fabric-under-pressure/rtl/axi_outstanding_tracker.sv:70$69 ($neg).
  creating $macc model for $flatten\gen_manager_state[2].u_owner.$sub$/Users/Dilan/Projects/fabric-under-pressure/rtl/axi_write_owner.sv:72$116 ($sub).
  creating $macc model for $flatten\gen_manager_state[2].u_owner.$add$/Users/Dilan/Projects/fabric-under-pressure/rtl/axi_write_owner.sv:61$110 ($add).
  creating $alu model for $macc $flatten\gen_manager_state[2].u_owner.$add$/Users/Dilan/Projects/fabric-under-pressure/rtl/axi_write_owner.sv:61$110.
  creating $alu model for $macc $flatten\gen_manager_state[2].u_owner.$sub$/Users/Dilan/Projects/fabric-under-pressure/rtl/axi_write_owner.sv:72$116.
  creating $alu model for $macc $flatten\gen_manager_state[2].u_outstanding.$neg$/Users/Dilan/Projects/fabric-under-pressure/rtl/axi_outstanding_tracker.sv:70$69.
  creating $alu model for $macc $flatten\gen_manager_state[2].u_outstanding.$neg$/Users/Dilan/Projects/fabric-under-pressure/rtl/axi_outstanding_tracker.sv:76$82.
  creating $alu model for $macc $flatten\gen_manager_state[2].u_outstanding.$add$/Users/Dilan/Projects/fabric-under-pressure/rtl/axi_outstanding_tracker.sv:82$85.
  creating $alu model for $macc $flatten\gen_manager_state[2].u_outstanding.$sub$/Users/Dilan/Projects/fabric-under-pressure/rtl/axi_outstanding_tracker.sv:83$86.
  creating $alu model for $macc $flatten\gen_manager_state[1].u_owner.$add$/Users/Dilan/Projects/fabric-under-pressure/rtl/axi_write_owner.sv:61$110.
  creating $alu model for $macc $flatten\gen_manager_state[1].u_owner.$sub$/Users/Dilan/Projects/fabric-under-pressure/rtl/axi_write_owner.sv:72$116.
  creating $alu model for $macc $flatten\gen_manager_state[1].u_outstanding.$add$/Users/Dilan/Projects/fabric-under-pressure/rtl/axi_outstanding_tracker.sv:82$85.
  creating $alu model for $macc $flatten\gen_manager_state[1].u_outstanding.$sub$/Users/Dilan/Projects/fabric-under-pressure/rtl/axi_outstanding_tracker.sv:83$86.
  creating $alu model for $macc $flatten\gen_manager_state[1].u_outstanding.$neg$/Users/Dilan/Projects/fabric-under-pressure/rtl/axi_outstanding_tracker.sv:70$69.
  creating $alu model for $macc $flatten\gen_manager_state[0].u_outstanding.$sub$/Users/Dilan/Projects/fabric-under-pressure/rtl/axi_outstanding_tracker.sv:83$86.
  creating $alu model for $macc $flatten\gen_manager_state[0].u_outstanding.$add$/Users/Dilan/Projects/fabric-under-pressure/rtl/axi_outstanding_tracker.sv:82$85.
  creating $alu model for $macc $flatten\gen_manager_state[0].u_outstanding.$neg$/Users/Dilan/Projects/fabric-under-pressure/rtl/axi_outstanding_tracker.sv:76$78.
  creating $alu model for $macc $flatten\gen_manager_state[0].u_outstanding.$neg$/Users/Dilan/Projects/fabric-under-pressure/rtl/axi_outstanding_tracker.sv:70$65.
  creating $alu model for $macc $flatten\gen_manager_state[1].u_outstanding.$neg$/Users/Dilan/Projects/fabric-under-pressure/rtl/axi_outstanding_tracker.sv:76$82.
  creating $alu model for $macc $flatten\gen_manager_state[0].u_owner.$sub$/Users/Dilan/Projects/fabric-under-pressure/rtl/axi_write_owner.sv:72$116.
  creating $alu model for $macc $flatten\gen_manager_state[0].u_owner.$add$/Users/Dilan/Projects/fabric-under-pressure/rtl/axi_write_owner.sv:61$110.
  creating $alu model for $flatten\gen_manager_state[0].u_owner.$gt$/Users/Dilan/Projects/fabric-under-pressure/rtl/axi_write_owner.sv:61$109 ($gt): new $alu
  creating $alu model for $flatten\gen_manager_state[0].u_owner.$gt$/Users/Dilan/Projects/fabric-under-pressure/rtl/axi_write_owner.sv:69$115 ($gt): merged with $flatten\gen_manager_state[0].u_owner.$sub$/Users/Dilan/Projects/fabric-under-pressure/rtl/axi_write_owner.sv:72$116.
  creating $alu model for $flatten\gen_manager_state[1].u_owner.$gt$/Users/Dilan/Projects/fabric-under-pressure/rtl/axi_write_owner.sv:69$115 ($gt): merged with $flatten\gen_manager_state[1].u_owner.$sub$/Users/Dilan/Projects/fabric-under-pressure/rtl/axi_write_owner.sv:72$116.
  creating $alu model for $flatten\gen_manager_state[1].u_owner.$gt$/Users/Dilan/Projects/fabric-under-pressure/rtl/axi_write_owner.sv:61$109 ($gt): new $alu
  creating $alu model for $flatten\gen_manager_state[2].u_owner.$gt$/Users/Dilan/Projects/fabric-under-pressure/rtl/axi_write_owner.sv:69$115 ($gt): merged with $flatten\gen_manager_state[2].u_owner.$sub$/Users/Dilan/Projects/fabric-under-pressure/rtl/axi_write_owner.sv:72$116.
  creating $alu model for $flatten\gen_manager_state[2].u_owner.$gt$/Users/Dilan/Projects/fabric-under-pressure/rtl/axi_write_owner.sv:61$109 ($gt): new $alu
  creating $alu model for $flatten\gen_manager_state[0].u_owner.$eq$/Users/Dilan/Projects/fabric-under-pressure/rtl/axi_write_owner.sv:40$92 ($eq): merged with $flatten\gen_manager_state[0].u_owner.$sub$/Users/Dilan/Projects/fabric-under-pressure/rtl/axi_write_owner.sv:72$116.
  creating $alu model for $flatten\gen_manager_state[1].u_owner.$eq$/Users/Dilan/Projects/fabric-under-pressure/rtl/axi_write_owner.sv:63$113 ($eq): merged with $flatten\gen_manager_state[1].u_owner.$sub$/Users/Dilan/Projects/fabric-under-pressure/rtl/axi_write_owner.sv:72$116.
  creating $alu model for $flatten\gen_manager_state[2].u_owner.$eq$/Users/Dilan/Projects/fabric-under-pressure/rtl/axi_write_owner.sv:63$113 ($eq): merged with $flatten\gen_manager_state[2].u_owner.$sub$/Users/Dilan/Projects/fabric-under-pressure/rtl/axi_write_owner.sv:72$116.
  creating $alu cell for $flatten\gen_manager_state[2].u_owner.$gt$/Users/Dilan/Projects/fabric-under-pressure/rtl/axi_write_owner.sv:61$109: $auto$alumacc.cc:548:replace_alu$1719
  creating $alu cell for $flatten\gen_manager_state[1].u_owner.$gt$/Users/Dilan/Projects/fabric-under-pressure/rtl/axi_write_owner.sv:61$109: $auto$alumacc.cc:548:replace_alu$1730
  creating $alu cell for $flatten\gen_manager_state[0].u_owner.$gt$/Users/Dilan/Projects/fabric-under-pressure/rtl/axi_write_owner.sv:61$109: $auto$alumacc.cc:548:replace_alu$1741
  creating $alu cell for $flatten\gen_manager_state[0].u_owner.$add$/Users/Dilan/Projects/fabric-under-pressure/rtl/axi_write_owner.sv:61$110: $auto$alumacc.cc:548:replace_alu$1752
  creating $alu cell for $flatten\gen_manager_state[0].u_owner.$sub$/Users/Dilan/Projects/fabric-under-pressure/rtl/axi_write_owner.sv:72$116, $flatten\gen_manager_state[0].u_owner.$gt$/Users/Dilan/Projects/fabric-under-pressure/rtl/axi_write_owner.sv:69$115, $flatten\gen_manager_state[0].u_owner.$eq$/Users/Dilan/Projects/fabric-under-pressure/rtl/axi_write_owner.sv:40$92: $auto$alumacc.cc:548:replace_alu$1755
  creating $alu cell for $flatten\gen_manager_state[1].u_outstanding.$neg$/Users/Dilan/Projects/fabric-under-pressure/rtl/axi_outstanding_tracker.sv:76$82: $auto$alumacc.cc:548:replace_alu$1766
  creating $alu cell for $flatten\gen_manager_state[0].u_outstanding.$neg$/Users/Dilan/Projects/fabric-under-pressure/rtl/axi_outstanding_tracker.sv:70$65: $auto$alumacc.cc:548:replace_alu$1769
  creating $alu cell for $flatten\gen_manager_state[0].u_outstanding.$neg$/Users/Dilan/Projects/fabric-under-pressure/rtl/axi_outstanding_tracker.sv:76$78: $auto$alumacc.cc:548:replace_alu$1772
  creating $alu cell for $flatten\gen_manager_state[0].u_outstanding.$add$/Users/Dilan/Projects/fabric-under-pressure/rtl/axi_outstanding_tracker.sv:82$85: $auto$alumacc.cc:548:replace_alu$1775
  creating $alu cell for $flatten\gen_manager_state[0].u_outstanding.$sub$/Users/Dilan/Projects/fabric-under-pressure/rtl/axi_outstanding_tracker.sv:83$86: $auto$alumacc.cc:548:replace_alu$1778
  creating $alu cell for $flatten\gen_manager_state[1].u_outstanding.$neg$/Users/Dilan/Projects/fabric-under-pressure/rtl/axi_outstanding_tracker.sv:70$69: $auto$alumacc.cc:548:replace_alu$1781
  creating $alu cell for $flatten\gen_manager_state[1].u_outstanding.$sub$/Users/Dilan/Projects/fabric-under-pressure/rtl/axi_outstanding_tracker.sv:83$86: $auto$alumacc.cc:548:replace_alu$1784
  creating $alu cell for $flatten\gen_manager_state[1].u_outstanding.$add$/Users/Dilan/Projects/fabric-under-pressure/rtl/axi_outstanding_tracker.sv:82$85: $auto$alumacc.cc:548:replace_alu$1787
  creating $alu cell for $flatten\gen_manager_state[1].u_owner.$sub$/Users/Dilan/Projects/fabric-under-pressure/rtl/axi_write_owner.sv:72$116, $flatten\gen_manager_state[1].u_owner.$gt$/Users/Dilan/Projects/fabric-under-pressure/rtl/axi_write_owner.sv:69$115, $flatten\gen_manager_state[1].u_owner.$eq$/Users/Dilan/Projects/fabric-under-pressure/rtl/axi_write_owner.sv:63$113: $auto$alumacc.cc:548:replace_alu$1790
  creating $alu cell for $flatten\gen_manager_state[1].u_owner.$add$/Users/Dilan/Projects/fabric-under-pressure/rtl/axi_write_owner.sv:61$110: $auto$alumacc.cc:548:replace_alu$1801
  creating $alu cell for $flatten\gen_manager_state[2].u_outstanding.$sub$/Users/Dilan/Projects/fabric-under-pressure/rtl/axi_outstanding_tracker.sv:83$86: $auto$alumacc.cc:548:replace_alu$1804
  creating $alu cell for $flatten\gen_manager_state[2].u_outstanding.$add$/Users/Dilan/Projects/fabric-under-pressure/rtl/axi_outstanding_tracker.sv:82$85: $auto$alumacc.cc:548:replace_alu$1807
  creating $alu cell for $flatten\gen_manager_state[2].u_outstanding.$neg$/Users/Dilan/Projects/fabric-under-pressure/rtl/axi_outstanding_tracker.sv:76$82: $auto$alumacc.cc:548:replace_alu$1810
  creating $alu cell for $flatten\gen_manager_state[2].u_outstanding.$neg$/Users/Dilan/Projects/fabric-under-pressure/rtl/axi_outstanding_tracker.sv:70$69: $auto$alumacc.cc:548:replace_alu$1813
  creating $alu cell for $flatten\gen_manager_state[2].u_owner.$sub$/Users/Dilan/Projects/fabric-under-pressure/rtl/axi_write_owner.sv:72$116, $flatten\gen_manager_state[2].u_owner.$gt$/Users/Dilan/Projects/fabric-under-pressure/rtl/axi_write_owner.sv:69$115, $flatten\gen_manager_state[2].u_owner.$eq$/Users/Dilan/Projects/fabric-under-pressure/rtl/axi_write_owner.sv:63$113: $auto$alumacc.cc:548:replace_alu$1816
  creating $alu cell for $flatten\gen_manager_state[2].u_owner.$add$/Users/Dilan/Projects/fabric-under-pressure/rtl/axi_write_owner.sv:61$110: $auto$alumacc.cc:548:replace_alu$1827
  created 21 $alu and 0 $macc cells.

4.25. Executing OPT pass (performing simple optimizations).

4.25.1. Executing OPT_EXPR pass (perform const folding).
Optimizing module axi_write_state_bank.
<suppressed ~6 debug messages>

4.25.2. Executing OPT_MERGE pass (detect identical cells).
Finding identical cells in module `\axi_write_state_bank'.
Computing hashes of 312 cells of `\axi_write_state_bank'.
Finding duplicate cells in `\axi_write_state_bank'.
Removed a total of 0 cells.

4.25.3. Executing OPT_MUXTREE pass (detect dead branches in mux trees).
Running muxtree optimizer on module \axi_write_state_bank..
  Creating internal representation of mux trees.
  Evaluating internal representation of mux trees.
  Analyzing evaluation results.
Removed 0 multiplexer ports.
<suppressed ~141 debug messages>

4.25.4. Executing OPT_REDUCE pass (consolidate $*mux and $reduce_* inputs).
  Optimizing cells in module \axi_write_state_bank.
Performed a total of 0 changes.

4.25.5. Executing OPT_MERGE pass (detect identical cells).
Finding identical cells in module `\axi_write_state_bank'.
Computing hashes of 312 cells of `\axi_write_state_bank'.
Finding duplicate cells in `\axi_write_state_bank'.
Removed a total of 0 cells.

4.25.6. Executing OPT_DFF pass (perform DFF optimizations).

4.25.7. Executing OPT_CLEAN pass (remove unused cells and wires).
Finding unused cells or wires in module \axi_write_state_bank..
Removed 3 unused cells and 12 unused wires.
<suppressed ~4 debug messages>

4.25.8. Executing OPT_EXPR pass (perform const folding).
Optimizing module axi_write_state_bank.

4.25.9. Rerunning OPT passes. (Maybe there is more to do..)

4.25.10. Executing OPT_MUXTREE pass (detect dead branches in mux trees).
Running muxtree optimizer on module \axi_write_state_bank..
  Creating internal representation of mux trees.
  Evaluating internal representation of mux trees.
  Analyzing evaluation results.
Removed 0 multiplexer ports.
<suppressed ~141 debug messages>

4.25.11. Executing OPT_REDUCE pass (consolidate $*mux and $reduce_* inputs).
  Optimizing cells in module \axi_write_state_bank.
Performed a total of 0 changes.

4.25.12. Executing OPT_MERGE pass (detect identical cells).
Finding identical cells in module `\axi_write_state_bank'.
Computing hashes of 309 cells of `\axi_write_state_bank'.
Finding duplicate cells in `\axi_write_state_bank'.
Removed a total of 0 cells.

4.25.13. Executing OPT_DFF pass (perform DFF optimizations).

4.25.14. Executing OPT_CLEAN pass (remove unused cells and wires).
Finding unused cells or wires in module \axi_write_state_bank..

4.25.15. Executing OPT_EXPR pass (perform const folding).
Optimizing module axi_write_state_bank.

4.25.16. Finished fast OPT passes. (There is nothing left to do.)

4.26. Executing MEMORY pass.

4.26.1. Executing OPT_MEM pass (optimize memories).
Performed a total of 0 transformations.

4.26.2. Executing OPT_MEM_PRIORITY pass (removing unnecessary memory write priority relations).
Performed a total of 0 transformations.

4.26.3. Executing OPT_MEM_FEEDBACK pass (finding memory read-to-write feedback paths).

4.26.4. Executing MEMORY_BMUX2ROM pass (converting muxes to ROMs).

4.26.5. Executing MEMORY_DFF pass (merging $dff cells to $memrd).

4.26.6. Executing OPT_CLEAN pass (remove unused cells and wires).
Finding unused cells or wires in module \axi_write_state_bank..

4.26.7. Executing MEMORY_SHARE pass (consolidating $memrd/$memwr cells).

4.26.8. Executing OPT_MEM_WIDEN pass (optimize memories where all ports are wide).
Performed a total of 0 transformations.

4.26.9. Executing OPT_CLEAN pass (remove unused cells and wires).
Finding unused cells or wires in module \axi_write_state_bank..

4.26.10. Executing MEMORY_COLLECT pass (generating $mem cells).

4.27. Executing OPT_CLEAN pass (remove unused cells and wires).
Finding unused cells or wires in module \axi_write_state_bank..

4.28. Executing MEMORY_LIBMAP pass (mapping memories to cells).

4.29. Executing TECHMAP pass (map to technology primitives).

4.29.1. Executing Verilog-2005 frontend: /Users/Dilan/eda/fabric-under-pressure/oss-cad-suite/libexec/../share/yosys/lattice/lutrams_map_trellis.v
Parsing Verilog input from `/Users/Dilan/eda/fabric-under-pressure/oss-cad-suite/libexec/../share/yosys/lattice/lutrams_map_trellis.v' to AST representation.
Generating RTLIL representation for module `$__TRELLIS_DPR16X4_'.
Successfully finished Verilog frontend.

4.29.2. Executing Verilog-2005 frontend: /Users/Dilan/eda/fabric-under-pressure/oss-cad-suite/libexec/../share/yosys/lattice/brams_map_16kd.v
Parsing Verilog input from `/Users/Dilan/eda/fabric-under-pressure/oss-cad-suite/libexec/../share/yosys/lattice/brams_map_16kd.v' to AST representation.
Generating RTLIL representation for module `$__DP16KD_'.
Generating RTLIL representation for module `$__PDPW16KD_'.
Successfully finished Verilog frontend.

4.29.3. Continuing TECHMAP pass.
No more expansions possible.
<suppressed ~5 debug messages>

4.30. Executing OPT pass (performing simple optimizations).

4.30.1. Executing OPT_EXPR pass (perform const folding).
Optimizing module axi_write_state_bank.
<suppressed ~27 debug messages>

4.30.2. Executing OPT_MERGE pass (detect identical cells).
Finding identical cells in module `\axi_write_state_bank'.
Computing hashes of 285 cells of `\axi_write_state_bank'.
Finding duplicate cells in `\axi_write_state_bank'.
Removed a total of 0 cells.

4.30.3. Executing OPT_DFF pass (perform DFF optimizations).

4.30.4. Executing OPT_CLEAN pass (remove unused cells and wires).
Finding unused cells or wires in module \axi_write_state_bank..
Removed 0 unused cells and 24 unused wires.
<suppressed ~1 debug messages>

4.30.5. Finished fast OPT passes.

4.31. Executing MEMORY_MAP pass (converting memories to logic and flip-flops).

4.32. Executing OPT pass (performing simple optimizations).

4.32.1. Executing OPT_EXPR pass (perform const folding).
Optimizing module axi_write_state_bank.
<suppressed ~3 debug messages>

4.32.2. Executing OPT_MERGE pass (detect identical cells).
Finding identical cells in module `\axi_write_state_bank'.
Computing hashes of 282 cells of `\axi_write_state_bank'.
Finding duplicate cells in `\axi_write_state_bank'.
Removed a total of 0 cells.

4.32.3. Executing OPT_MUXTREE pass (detect dead branches in mux trees).
Running muxtree optimizer on module \axi_write_state_bank..
  Creating internal representation of mux trees.
  Evaluating internal representation of mux trees.
  Analyzing evaluation results.
Removed 0 multiplexer ports.
<suppressed ~96 debug messages>

4.32.4. Executing OPT_REDUCE pass (consolidate $*mux and $reduce_* inputs).
  Optimizing cells in module \axi_write_state_bank.
Performed a total of 0 changes.

4.32.5. Executing OPT_MERGE pass (detect identical cells).
Finding identical cells in module `\axi_write_state_bank'.
Computing hashes of 282 cells of `\axi_write_state_bank'.
Finding duplicate cells in `\axi_write_state_bank'.
Removed a total of 0 cells.

4.32.6. Executing OPT_DFF pass (perform DFF optimizations).

4.32.7. Executing OPT_CLEAN pass (remove unused cells and wires).
Finding unused cells or wires in module \axi_write_state_bank..
Removed 0 unused cells and 3 unused wires.
<suppressed ~1 debug messages>

4.32.8. Executing OPT_EXPR pass (perform const folding).
Optimizing module axi_write_state_bank.

4.32.9. Rerunning OPT passes. (Maybe there is more to do..)

4.32.10. Executing OPT_MUXTREE pass (detect dead branches in mux trees).
Running muxtree optimizer on module \axi_write_state_bank..
  Creating internal representation of mux trees.
  Evaluating internal representation of mux trees.
  Analyzing evaluation results.
Removed 0 multiplexer ports.
<suppressed ~96 debug messages>

4.32.11. Executing OPT_REDUCE pass (consolidate $*mux and $reduce_* inputs).
  Optimizing cells in module \axi_write_state_bank.
Performed a total of 0 changes.

4.32.12. Executing OPT_MERGE pass (detect identical cells).
Finding identical cells in module `\axi_write_state_bank'.
Computing hashes of 282 cells of `\axi_write_state_bank'.
Finding duplicate cells in `\axi_write_state_bank'.
Removed a total of 0 cells.

4.32.13. Executing OPT_DFF pass (perform DFF optimizations).

4.32.14. Executing OPT_CLEAN pass (remove unused cells and wires).
Finding unused cells or wires in module \axi_write_state_bank..

4.32.15. Executing OPT_EXPR pass (perform const folding).
Optimizing module axi_write_state_bank.

4.32.16. Finished fast OPT passes. (There is nothing left to do.)

4.33. Executing TECHMAP pass (map to technology primitives).

4.33.1. Executing Verilog-2005 frontend: /Users/Dilan/eda/fabric-under-pressure/oss-cad-suite/libexec/../share/yosys/techmap.v
Parsing Verilog input from `/Users/Dilan/eda/fabric-under-pressure/oss-cad-suite/libexec/../share/yosys/techmap.v' to AST representation.
Generating RTLIL representation for module `\_90_simplemap_bool_ops'.
Generating RTLIL representation for module `\_90_simplemap_reduce_ops'.
Generating RTLIL representation for module `\_90_simplemap_logic_ops'.
Generating RTLIL representation for module `\_90_simplemap_compare_ops'.
Generating RTLIL representation for module `\_90_simplemap_various'.
Generating RTLIL representation for module `\_90_simplemap_registers'.
Generating RTLIL representation for module `\_90_shift_ops_shr_shl_sshl_sshr'.
Generating RTLIL representation for module `\_90_shift_shiftx'.
Generating RTLIL representation for module `\_90_fa'.
Generating RTLIL representation for module `\_90_lcu_brent_kung'.
Generating RTLIL representation for module `\_90_alu'.
Generating RTLIL representation for module `\_90_macc'.
Generating RTLIL representation for module `\_90_alumacc'.
Generating RTLIL representation for module `$__div_mod_u'.
Generating RTLIL representation for module `$__div_mod_trunc'.
Generating RTLIL representation for module `\_90_div'.
Generating RTLIL representation for module `\_90_mod'.
Generating RTLIL representation for module `$__div_mod_floor'.
Generating RTLIL representation for module `\_90_divfloor'.
Generating RTLIL representation for module `\_90_modfloor'.
Generating RTLIL representation for module `\_90_pow'.
Generating RTLIL representation for module `\_90_demux'.
Generating RTLIL representation for module `\_90_lut'.
Generating RTLIL representation for module `$connect'.
Generating RTLIL representation for module `$input_port'.
Successfully finished Verilog frontend.

4.33.2. Executing Verilog-2005 frontend: /Users/Dilan/eda/fabric-under-pressure/oss-cad-suite/libexec/../share/yosys/lattice/arith_map_ccu2c.v
Parsing Verilog input from `/Users/Dilan/eda/fabric-under-pressure/oss-cad-suite/libexec/../share/yosys/lattice/arith_map_ccu2c.v' to AST representation.
Generating RTLIL representation for module `\_80_ccu2c_alu'.
Successfully finished Verilog frontend.

4.33.3. Continuing TECHMAP pass.
Using template $paramod$943564b9366bbc392bf4bbc801aa0a2d7742a4e0\_80_ccu2c_alu for cells of type $alu.
Using extmapper simplemap for cells of type $not.
Using extmapper simplemap for cells of type $or.
Using extmapper simplemap for cells of type $reduce_and.
Using template $paramod$dc04b7d98e503a7bab16fce2df70e6e2c5ca34d6\_80_ccu2c_alu for cells of type $alu.
Using template $paramod$3ace65afedd5f6a6849996376b6c02262a5f23eb\_80_ccu2c_alu for cells of type $alu.
Using template $paramod$3ef7d3dd227da7627a99c5e5a6a4deb817573e39\_90_alu for cells of type $alu.
Using template $paramod$b8c0a997bce700f23568a5ada79cc6781d1f5ca0\_90_alu for cells of type $alu.
Using template $paramod$50421b562f8eb1318d93ca56f0d931d9bef85d75\_80_ccu2c_alu for cells of type $alu.
Using extmapper simplemap for cells of type $reduce_bool.
Using extmapper simplemap for cells of type $adffe.
Using extmapper simplemap for cells of type $eq.
Using extmapper simplemap for cells of type $logic_and.
Using extmapper simplemap for cells of type $logic_not.
Using extmapper simplemap for cells of type $logic_or.
Using extmapper simplemap for cells of type $adff.
Using extmapper simplemap for cells of type $mux.
Using extmapper simplemap for cells of type $and.
Using template $paramod$constmap:755132e1e0176e7e858cd1a27f41b0eb234485b9$paramod$21c03ec725157176e885a706babcf9521550823c\_90_shift_shiftx for cells of type $shift.
Analyzing pattern of constant bits for this cell:
  Constant input on bit 0 of port A: 1'0
Creating constmapped module `$paramod$constmap:7ff1a1e511fff8ea430d09e1657602cb29bd12dc$paramod$21c03ec725157176e885a706babcf9521550823c\_90_shift_shiftx'.

4.33.23. Executing OPT_MUXTREE pass (detect dead branches in mux trees).
Running muxtree optimizer on module $paramod$constmap:7ff1a1e511fff8ea430d09e1657602cb29bd12dc$paramod$21c03ec725157176e885a706babcf9521550823c\_90_shift_shiftx..
  Creating internal representation of mux trees.
  Evaluating internal representation of mux trees.
  Analyzing evaluation results.
    dead port 2/2 on $mux $procmux$2530.
    dead port 2/2 on $mux $procmux$2536.
    dead port 2/2 on $mux $procmux$2542.
    dead port 2/2 on $mux $procmux$2548.
Removed 4 multiplexer ports.
<suppressed ~570 debug messages>

4.33.24. Executing OPT_EXPR pass (perform const folding).
Optimizing module $paramod$constmap:7ff1a1e511fff8ea430d09e1657602cb29bd12dc$paramod$21c03ec725157176e885a706babcf9521550823c\_90_shift_shiftx.
<suppressed ~7 debug messages>
Removed 0 unused cells and 15 unused wires.
Using template $paramod$constmap:7ff1a1e511fff8ea430d09e1657602cb29bd12dc$paramod$21c03ec725157176e885a706babcf9521550823c\_90_shift_shiftx for cells of type $shift.
Using template $paramod$constmap:53dd6ada2d45a8116ef2136a4476a16275b4fd66$paramod$962bb79c2a50a422516483c1c9c06046761917ac\_90_shift_shiftx for cells of type $shiftx.
Using extmapper simplemap for cells of type $lut.
Using extmapper simplemap for cells of type $ne.
Using extmapper simplemap for cells of type $xor.
Using extmapper simplemap for cells of type $pos.
Using template $paramod\_90_fa\WIDTH=32'00000000000000000000000000000011 for cells of type $fa.
Using template $paramod\_90_lcu_brent_kung\WIDTH=32'00000000000000000000000000000011 for cells of type $lcu.
No more expansions possible.
<suppressed ~871 debug messages>

4.34. Executing OPT pass (performing simple optimizations).

4.34.1. Executing OPT_EXPR pass (perform const folding).
Optimizing module axi_write_state_bank.
<suppressed ~1404 debug messages>

4.34.2. Executing OPT_MERGE pass (detect identical cells).
Finding identical cells in module `\axi_write_state_bank'.
Computing hashes of 1617 cells of `\axi_write_state_bank'.
Finding duplicate cells in `\axi_write_state_bank'.
Computing hashes of 1599 cells of `\axi_write_state_bank'.
Finding duplicate cells in `\axi_write_state_bank'.
<suppressed ~54 debug messages>
Removed a total of 18 cells.

4.34.3. Executing OPT_DFF pass (perform DFF optimizations).

4.34.4. Executing OPT_CLEAN pass (remove unused cells and wires).
Finding unused cells or wires in module \axi_write_state_bank..
Removed 366 unused cells and 917 unused wires.
<suppressed ~367 debug messages>

4.34.5. Finished fast OPT passes.

4.35. Executing OPT_CLEAN pass (remove unused cells and wires).
Finding unused cells or wires in module \axi_write_state_bank..

4.36. Executing DFFLEGALIZE pass (convert FFs and LATCHes to types supported by the target).

4.37. Executing OPT_MERGE pass (detect identical cells).
Finding identical cells in module `\axi_write_state_bank'.
Computing hashes of 1350 cells of `\axi_write_state_bank'.
Finding duplicate cells in `\axi_write_state_bank'.
Computing hashes of 1234 cells of `\axi_write_state_bank'.
Finding duplicate cells in `\axi_write_state_bank'.
<suppressed ~348 debug messages>
Removed a total of 116 cells.

4.38. Executing TECHMAP pass (map to technology primitives).

4.38.1. Executing Verilog-2005 frontend: /Users/Dilan/eda/fabric-under-pressure/oss-cad-suite/libexec/../share/yosys/lattice/cells_map_trellis.v
Parsing Verilog input from `/Users/Dilan/eda/fabric-under-pressure/oss-cad-suite/libexec/../share/yosys/lattice/cells_map_trellis.v' to AST representation.
Generating RTLIL representation for module `$_DFF_N_'.
Generating RTLIL representation for module `$_DFF_P_'.
Generating RTLIL representation for module `$_DFFE_NN_'.
Generating RTLIL representation for module `$_DFFE_PN_'.
Generating RTLIL representation for module `$_DFFE_NP_'.
Generating RTLIL representation for module `$_DFFE_PP_'.
Generating RTLIL representation for module `$_DFF_NP0_'.
Generating RTLIL representation for module `$_DFF_NP1_'.
Generating RTLIL representation for module `$_DFF_PP0_'.
Generating RTLIL representation for module `$_DFF_PP1_'.
Generating RTLIL representation for module `$_SDFF_NP0_'.
Generating RTLIL representation for module `$_SDFF_NP1_'.
Generating RTLIL representation for module `$_SDFF_PP0_'.
Generating RTLIL representation for module `$_SDFF_PP1_'.
Generating RTLIL representation for module `$_DFFE_NP0P_'.
Generating RTLIL representation for module `$_DFFE_NP1P_'.
Generating RTLIL representation for module `$_DFFE_PP0P_'.
Generating RTLIL representation for module `$_DFFE_PP1P_'.
Generating RTLIL representation for module `$_DFFE_NP0N_'.
Generating RTLIL representation for module `$_DFFE_NP1N_'.
Generating RTLIL representation for module `$_DFFE_PP0N_'.
Generating RTLIL representation for module `$_DFFE_PP1N_'.
Generating RTLIL representation for module `$_SDFFE_NP0P_'.
Generating RTLIL representation for module `$_SDFFE_NP1P_'.
Generating RTLIL representation for module `$_SDFFE_PP0P_'.
Generating RTLIL representation for module `$_SDFFE_PP1P_'.
Generating RTLIL representation for module `$_SDFFE_NP0N_'.
Generating RTLIL representation for module `$_SDFFE_NP1N_'.
Generating RTLIL representation for module `$_SDFFE_PP0N_'.
Generating RTLIL representation for module `$_SDFFE_PP1N_'.
Generating RTLIL representation for module `$_ALDFF_NP_'.
Generating RTLIL representation for module `$_ALDFF_PP_'.
Generating RTLIL representation for module `$_ALDFFE_NPN_'.
Generating RTLIL representation for module `$_ALDFFE_NPP_'.
Generating RTLIL representation for module `$_ALDFFE_PPN_'.
Generating RTLIL representation for module `$_ALDFFE_PPP_'.
Generating RTLIL representation for module `\FD1P3AX'.
Generating RTLIL representation for module `\FD1P3AY'.
Generating RTLIL representation for module `\FD1P3BX'.
Generating RTLIL representation for module `\FD1P3DX'.
Generating RTLIL representation for module `\FD1P3IX'.
Generating RTLIL representation for module `\FD1P3JX'.
Generating RTLIL representation for module `\FD1S3AX'.
Generating RTLIL representation for module `\FD1S3AY'.
Generating RTLIL representation for module `\FD1S3BX'.
Generating RTLIL representation for module `\FD1S3DX'.
Generating RTLIL representation for module `\FD1S3IX'.
Generating RTLIL representation for module `\FD1S3JX'.
Generating RTLIL representation for module `\IFS1P3BX'.
Generating RTLIL representation for module `\IFS1P3DX'.
Generating RTLIL representation for module `\IFS1P3IX'.
Generating RTLIL representation for module `\IFS1P3JX'.
Generating RTLIL representation for module `\OFS1P3BX'.
Generating RTLIL representation for module `\OFS1P3DX'.
Generating RTLIL representation for module `\OFS1P3IX'.
Generating RTLIL representation for module `\OFS1P3JX'.
Generating RTLIL representation for module `\IB'.
Generating RTLIL representation for module `\IBPU'.
Generating RTLIL representation for module `\IBPD'.
Generating RTLIL representation for module `\OB'.
Generating RTLIL representation for module `\OBZ'.
Generating RTLIL representation for module `\OBZPU'.
Generating RTLIL representation for module `\OBZPD'.
Generating RTLIL representation for module `\OBCO'.
Generating RTLIL representation for module `\BB'.
Generating RTLIL representation for module `\BBPU'.
Generating RTLIL representation for module `\BBPD'.
Generating RTLIL representation for module `\ILVDS'.
Generating RTLIL representation for module `\OLVDS'.
Successfully finished Verilog frontend.

4.38.2. Continuing TECHMAP pass.
Using template $_DFF_PP0_ for cells of type $_DFF_PP0_.
Using template $_DFFE_PP0P_ for cells of type $_DFFE_PP0P_.
No more expansions possible.
<suppressed ~188 debug messages>

4.39. Executing OPT_EXPR pass (perform const folding).
Optimizing module axi_write_state_bank.
<suppressed ~3 debug messages>

4.40. Executing SIMPLEMAP pass (map simple cells to gate primitives).

4.41. Executing LATTICE_GSR pass (implement FF init values).
Handling GSR in axi_write_state_bank.

4.42. Executing ATTRMVCP pass (move or copy attributes).

4.43. Executing OPT_CLEAN pass (remove unused cells and wires).
Finding unused cells or wires in module \axi_write_state_bank..
Removed 0 unused cells and 770 unused wires.
<suppressed ~1 debug messages>

4.44. Executing CHECK pass (checking for obvious problems).
Checking module axi_write_state_bank...
Found and reported 0 problems.

4.45. Executing TECHMAP pass (map to technology primitives).

4.45.1. Executing Verilog-2005 frontend: /Users/Dilan/eda/fabric-under-pressure/oss-cad-suite/libexec/../share/yosys/lattice/latches_map.v
Parsing Verilog input from `/Users/Dilan/eda/fabric-under-pressure/oss-cad-suite/libexec/../share/yosys/lattice/latches_map.v' to AST representation.
Generating RTLIL representation for module `$_DLATCH_N_'.
Generating RTLIL representation for module `$_DLATCH_P_'.
Successfully finished Verilog frontend.

4.45.2. Continuing TECHMAP pass.
No more expansions possible.
<suppressed ~4 debug messages>

4.46. Executing ABC9 pass.

4.46.1. Executing ABC9_OPS pass (helper functions for ABC9).

4.46.2. Executing ABC9_OPS pass (helper functions for ABC9).

4.46.3. Executing PROC pass (convert processes to netlists).

4.46.3.1. Executing PROC_CLEAN pass (remove empty switches from decision trees).
Cleaned up 0 empty switches.

4.46.3.2. Executing PROC_RMDEAD pass (remove dead branches from decision trees).
Marked 1 switch rules as full_case in process $proc$/Users/Dilan/eda/fabric-under-pressure/oss-cad-suite/libexec/../share/yosys/lattice/common_sim.vh:282$5705 in module $paramod$37e41664cab9052a9b41c89036e0524f666a0fee\TRELLIS_FF.
Removed a total of 0 dead cases.

4.46.3.3. Executing PROC_PRUNE pass (remove redundant assignments in processes).
Removed 0 redundant assignments.
Promoted 1 assignment to connection.

4.46.3.4. Executing PROC_INIT pass (extract init attributes).
Found init rule in `$paramod$37e41664cab9052a9b41c89036e0524f666a0fee\TRELLIS_FF.$proc$/Users/Dilan/eda/fabric-under-pressure/oss-cad-suite/libexec/../share/yosys/lattice/common_sim.vh:278$5706'.
  Set init value: \Q = 1'0

4.46.3.5. Executing PROC_ARST pass (detect async resets in processes).
Found async reset \muxlsr in `$paramod$37e41664cab9052a9b41c89036e0524f666a0fee\TRELLIS_FF.$proc$/Users/Dilan/eda/fabric-under-pressure/oss-cad-suite/libexec/../share/yosys/lattice/common_sim.vh:282$5705'.

4.46.3.6. Executing PROC_ROM pass (convert switches to ROMs).
Converted 0 switches.
<suppressed ~1 debug messages>

4.46.3.7. Executing PROC_MUX pass (convert decision trees to multiplexers).
Creating decoders for process `$paramod$37e41664cab9052a9b41c89036e0524f666a0fee\TRELLIS_FF.$proc$/Users/Dilan/eda/fabric-under-pressure/oss-cad-suite/libexec/../share/yosys/lattice/common_sim.vh:278$5706'.
Creating decoders for process `$paramod$37e41664cab9052a9b41c89036e0524f666a0fee\TRELLIS_FF.$proc$/Users/Dilan/eda/fabric-under-pressure/oss-cad-suite/libexec/../share/yosys/lattice/common_sim.vh:282$5705'.
     1/1: $0\Q[0:0]

4.46.3.8. Executing PROC_DLATCH pass (convert process syncs to latches).

4.46.3.9. Executing PROC_DFF pass (convert process syncs to FFs).
Creating register for signal `$paramod$37e41664cab9052a9b41c89036e0524f666a0fee\TRELLIS_FF.\Q' using process `$paramod$37e41664cab9052a9b41c89036e0524f666a0fee\TRELLIS_FF.$proc$/Users/Dilan/eda/fabric-under-pressure/oss-cad-suite/libexec/../share/yosys/lattice/common_sim.vh:282$5705'.
  created $adff cell `$procdff$5711' with positive edge clock and positive level reset.

4.46.3.10. Executing PROC_MEMWR pass (convert process memory writes to cells).

4.46.3.11. Executing PROC_CLEAN pass (remove empty switches from decision trees).
Removing empty process `$paramod$37e41664cab9052a9b41c89036e0524f666a0fee\TRELLIS_FF.$proc$/Users/Dilan/eda/fabric-under-pressure/oss-cad-suite/libexec/../share/yosys/lattice/common_sim.vh:278$5706'.
Found and cleaned up 1 empty switch in `$paramod$37e41664cab9052a9b41c89036e0524f666a0fee\TRELLIS_FF.$proc$/Users/Dilan/eda/fabric-under-pressure/oss-cad-suite/libexec/../share/yosys/lattice/common_sim.vh:282$5705'.
Removing empty process `$paramod$37e41664cab9052a9b41c89036e0524f666a0fee\TRELLIS_FF.$proc$/Users/Dilan/eda/fabric-under-pressure/oss-cad-suite/libexec/../share/yosys/lattice/common_sim.vh:282$5705'.
Cleaned up 1 empty switch.

4.46.4. Executing PROC pass (convert processes to netlists).

4.46.4.1. Executing PROC_CLEAN pass (remove empty switches from decision trees).
Cleaned up 0 empty switches.

4.46.4.2. Executing PROC_RMDEAD pass (remove dead branches from decision trees).
Marked 1 switch rules as full_case in process $proc$/Users/Dilan/eda/fabric-under-pressure/oss-cad-suite/libexec/../share/yosys/lattice/common_sim.vh:282$5719 in module $paramod$68581f66a8fa831820fa7633bd24ba569ae9d7e3\TRELLIS_FF.
Removed a total of 0 dead cases.

4.46.4.3. Executing PROC_PRUNE pass (remove redundant assignments in processes).
Removed 0 redundant assignments.
Promoted 1 assignment to connection.

4.46.4.4. Executing PROC_INIT pass (extract init attributes).
Found init rule in `$paramod$68581f66a8fa831820fa7633bd24ba569ae9d7e3\TRELLIS_FF.$proc$/Users/Dilan/eda/fabric-under-pressure/oss-cad-suite/libexec/../share/yosys/lattice/common_sim.vh:278$5720'.
  Set init value: \Q = 1'0

4.46.4.5. Executing PROC_ARST pass (detect async resets in processes).
Found async reset \muxlsr in `$paramod$68581f66a8fa831820fa7633bd24ba569ae9d7e3\TRELLIS_FF.$proc$/Users/Dilan/eda/fabric-under-pressure/oss-cad-suite/libexec/../share/yosys/lattice/common_sim.vh:282$5719'.

4.46.4.6. Executing PROC_ROM pass (convert switches to ROMs).
Converted 0 switches.
<suppressed ~1 debug messages>

4.46.4.7. Executing PROC_MUX pass (convert decision trees to multiplexers).
Creating decoders for process `$paramod$68581f66a8fa831820fa7633bd24ba569ae9d7e3\TRELLIS_FF.$proc$/Users/Dilan/eda/fabric-under-pressure/oss-cad-suite/libexec/../share/yosys/lattice/common_sim.vh:278$5720'.
Creating decoders for process `$paramod$68581f66a8fa831820fa7633bd24ba569ae9d7e3\TRELLIS_FF.$proc$/Users/Dilan/eda/fabric-under-pressure/oss-cad-suite/libexec/../share/yosys/lattice/common_sim.vh:282$5719'.
     1/1: $0\Q[0:0]

4.46.4.8. Executing PROC_DLATCH pass (convert process syncs to latches).

4.46.4.9. Executing PROC_DFF pass (convert process syncs to FFs).
Creating register for signal `$paramod$68581f66a8fa831820fa7633bd24ba569ae9d7e3\TRELLIS_FF.\Q' using process `$paramod$68581f66a8fa831820fa7633bd24ba569ae9d7e3\TRELLIS_FF.$proc$/Users/Dilan/eda/fabric-under-pressure/oss-cad-suite/libexec/../share/yosys/lattice/common_sim.vh:282$5719'.
  created $adff cell `$procdff$5725' with positive edge clock and positive level reset.

4.46.4.10. Executing PROC_MEMWR pass (convert process memory writes to cells).

4.46.4.11. Executing PROC_CLEAN pass (remove empty switches from decision trees).
Removing empty process `$paramod$68581f66a8fa831820fa7633bd24ba569ae9d7e3\TRELLIS_FF.$proc$/Users/Dilan/eda/fabric-under-pressure/oss-cad-suite/libexec/../share/yosys/lattice/common_sim.vh:278$5720'.
Found and cleaned up 1 empty switch in `$paramod$68581f66a8fa831820fa7633bd24ba569ae9d7e3\TRELLIS_FF.$proc$/Users/Dilan/eda/fabric-under-pressure/oss-cad-suite/libexec/../share/yosys/lattice/common_sim.vh:282$5719'.
Removing empty process `$paramod$68581f66a8fa831820fa7633bd24ba569ae9d7e3\TRELLIS_FF.$proc$/Users/Dilan/eda/fabric-under-pressure/oss-cad-suite/libexec/../share/yosys/lattice/common_sim.vh:282$5719'.
Cleaned up 1 empty switch.

4.46.5. Executing SCC pass (detecting logic loops).
Found 0 SCCs in module axi_write_state_bank.
Found 0 SCCs.

4.46.6. Executing ABC9_OPS pass (helper functions for ABC9).

4.46.7. Executing TECHMAP pass (map to technology primitives).

4.46.7.1. Executing Verilog-2005 frontend: /Users/Dilan/eda/fabric-under-pressure/oss-cad-suite/libexec/../share/yosys/techmap.v
Parsing Verilog input from `/Users/Dilan/eda/fabric-under-pressure/oss-cad-suite/libexec/../share/yosys/techmap.v' to AST representation.
Generating RTLIL representation for module `\_90_simplemap_bool_ops'.
Generating RTLIL representation for module `\_90_simplemap_reduce_ops'.
Generating RTLIL representation for module `\_90_simplemap_logic_ops'.
Generating RTLIL representation for module `\_90_simplemap_compare_ops'.
Generating RTLIL representation for module `\_90_simplemap_various'.
Generating RTLIL representation for module `\_90_simplemap_registers'.
Generating RTLIL representation for module `\_90_shift_ops_shr_shl_sshl_sshr'.
Generating RTLIL representation for module `\_90_shift_shiftx'.
Generating RTLIL representation for module `\_90_fa'.
Generating RTLIL representation for module `\_90_lcu_brent_kung'.
Generating RTLIL representation for module `\_90_alu'.
Generating RTLIL representation for module `\_90_macc'.
Generating RTLIL representation for module `\_90_alumacc'.
Generating RTLIL representation for module `$__div_mod_u'.
Generating RTLIL representation for module `$__div_mod_trunc'.
Generating RTLIL representation for module `\_90_div'.
Generating RTLIL representation for module `\_90_mod'.
Generating RTLIL representation for module `$__div_mod_floor'.
Generating RTLIL representation for module `\_90_divfloor'.
Generating RTLIL representation for module `\_90_modfloor'.
Generating RTLIL representation for module `\_90_pow'.
Generating RTLIL representation for module `\_90_demux'.
Generating RTLIL representation for module `\_90_lut'.
Generating RTLIL representation for module `$connect'.
Generating RTLIL representation for module `$input_port'.
Successfully finished Verilog frontend.

4.46.7.2. Continuing TECHMAP pass.
No more expansions possible.
<suppressed ~170 debug messages>

4.46.8. Executing OPT pass (performing simple optimizations).

4.46.8.1. Executing OPT_EXPR pass (perform const folding).
Optimizing module $paramod$37e41664cab9052a9b41c89036e0524f666a0fee\TRELLIS_FF.
Optimizing module $paramod$68581f66a8fa831820fa7633bd24ba569ae9d7e3\TRELLIS_FF.

4.46.8.2. Executing OPT_MERGE pass (detect identical cells).
Finding identical cells in module `$paramod$37e41664cab9052a9b41c89036e0524f666a0fee\TRELLIS_FF'.
Computing hashes of 2 cells of `$paramod$37e41664cab9052a9b41c89036e0524f666a0fee\TRELLIS_FF'.
Finding duplicate cells in `$paramod$37e41664cab9052a9b41c89036e0524f666a0fee\TRELLIS_FF'.
Finding identical cells in module `$paramod$68581f66a8fa831820fa7633bd24ba569ae9d7e3\TRELLIS_FF'.
Computing hashes of 2 cells of `$paramod$68581f66a8fa831820fa7633bd24ba569ae9d7e3\TRELLIS_FF'.
Finding duplicate cells in `$paramod$68581f66a8fa831820fa7633bd24ba569ae9d7e3\TRELLIS_FF'.
Removed a total of 0 cells.

4.46.8.3. Executing OPT_MUXTREE pass (detect dead branches in mux trees).
Running muxtree optimizer on module $paramod$37e41664cab9052a9b41c89036e0524f666a0fee\TRELLIS_FF..
  Creating internal representation of mux trees.
  No muxes found in this module.
Running muxtree optimizer on module $paramod$68581f66a8fa831820fa7633bd24ba569ae9d7e3\TRELLIS_FF..
  Creating internal representation of mux trees.
  No muxes found in this module.
Removed 0 multiplexer ports.

4.46.8.4. Executing OPT_REDUCE pass (consolidate $*mux and $reduce_* inputs).
  Optimizing cells in module $paramod$37e41664cab9052a9b41c89036e0524f666a0fee\TRELLIS_FF.
  Optimizing cells in module $paramod$68581f66a8fa831820fa7633bd24ba569ae9d7e3\TRELLIS_FF.
Performed a total of 0 changes.

4.46.8.5. Executing OPT_MERGE pass (detect identical cells).
Finding identical cells in module `$paramod$37e41664cab9052a9b41c89036e0524f666a0fee\TRELLIS_FF'.
Computing hashes of 2 cells of `$paramod$37e41664cab9052a9b41c89036e0524f666a0fee\TRELLIS_FF'.
Finding duplicate cells in `$paramod$37e41664cab9052a9b41c89036e0524f666a0fee\TRELLIS_FF'.
Finding identical cells in module `$paramod$68581f66a8fa831820fa7633bd24ba569ae9d7e3\TRELLIS_FF'.
Computing hashes of 2 cells of `$paramod$68581f66a8fa831820fa7633bd24ba569ae9d7e3\TRELLIS_FF'.
Finding duplicate cells in `$paramod$68581f66a8fa831820fa7633bd24ba569ae9d7e3\TRELLIS_FF'.
Removed a total of 0 cells.

4.46.8.6. Executing OPT_DFF pass (perform DFF optimizations).

4.46.8.7. Executing OPT_CLEAN pass (remove unused cells and wires).
Finding unused cells or wires in module $paramod$37e41664cab9052a9b41c89036e0524f666a0fee\TRELLIS_FF..
Finding unused cells or wires in module $paramod$68581f66a8fa831820fa7633bd24ba569ae9d7e3\TRELLIS_FF..

4.46.8.8. Executing OPT_EXPR pass (perform const folding).
Optimizing module $paramod$37e41664cab9052a9b41c89036e0524f666a0fee\TRELLIS_FF.
Optimizing module $paramod$68581f66a8fa831820fa7633bd24ba569ae9d7e3\TRELLIS_FF.

4.46.8.9. Finished fast OPT passes. (There is nothing left to do.)

4.46.9. Executing TECHMAP pass (map to technology primitives).

4.46.9.1. Executing Verilog-2005 frontend: /Users/Dilan/eda/fabric-under-pressure/oss-cad-suite/libexec/../share/yosys/abc9_map.v
Parsing Verilog input from `/Users/Dilan/eda/fabric-under-pressure/oss-cad-suite/libexec/../share/yosys/abc9_map.v' to AST representation.
Successfully finished Verilog frontend.

4.46.9.2. Continuing TECHMAP pass.
Using template $paramod$68581f66a8fa831820fa7633bd24ba569ae9d7e3\TRELLIS_FF for cells of type $paramod$68581f66a8fa831820fa7633bd24ba569ae9d7e3\TRELLIS_FF.
Using template $paramod$37e41664cab9052a9b41c89036e0524f666a0fee\TRELLIS_FF for cells of type $paramod$37e41664cab9052a9b41c89036e0524f666a0fee\TRELLIS_FF.
No more expansions possible.
<suppressed ~121 debug messages>

4.46.10. Executing Verilog-2005 frontend: /Users/Dilan/eda/fabric-under-pressure/oss-cad-suite/libexec/../share/yosys/abc9_model.v
Parsing Verilog input from `/Users/Dilan/eda/fabric-under-pressure/oss-cad-suite/libexec/../share/yosys/abc9_model.v' to AST representation.
Generating RTLIL representation for module `$__ABC9_DELAY'.
Generating RTLIL representation for module `$__ABC9_SCC_BREAKER'.
Generating RTLIL representation for module `$__DFF_N__$abc9_flop'.
Generating RTLIL representation for module `$__DFF_P__$abc9_flop'.
Successfully finished Verilog frontend.

4.46.11. Executing ABC9_OPS pass (helper functions for ABC9).
<suppressed ~2 debug messages>

4.46.12. Executing ABC9_OPS pass (helper functions for ABC9).

4.46.13. Executing ABC9_OPS pass (helper functions for ABC9).
<suppressed ~2 debug messages>

4.46.14. Executing TECHMAP pass (map to technology primitives).

4.46.14.1. Executing Verilog-2005 frontend: /Users/Dilan/eda/fabric-under-pressure/oss-cad-suite/libexec/../share/yosys/techmap.v
Parsing Verilog input from `/Users/Dilan/eda/fabric-under-pressure/oss-cad-suite/libexec/../share/yosys/techmap.v' to AST representation.
Generating RTLIL representation for module `\_90_simplemap_bool_ops'.
Generating RTLIL representation for module `\_90_simplemap_reduce_ops'.
Generating RTLIL representation for module `\_90_simplemap_logic_ops'.
Generating RTLIL representation for module `\_90_simplemap_compare_ops'.
Generating RTLIL representation for module `\_90_simplemap_various'.
Generating RTLIL representation for module `\_90_simplemap_registers'.
Generating RTLIL representation for module `\_90_shift_ops_shr_shl_sshl_sshr'.
Generating RTLIL representation for module `\_90_shift_shiftx'.
Generating RTLIL representation for module `\_90_fa'.
Generating RTLIL representation for module `\_90_lcu_brent_kung'.
Generating RTLIL representation for module `\_90_alu'.
Generating RTLIL representation for module `\_90_macc'.
Generating RTLIL representation for module `\_90_alumacc'.
Generating RTLIL representation for module `$__div_mod_u'.
Generating RTLIL representation for module `$__div_mod_trunc'.
Generating RTLIL representation for module `\_90_div'.
Generating RTLIL representation for module `\_90_mod'.
Generating RTLIL representation for module `$__div_mod_floor'.
Generating RTLIL representation for module `\_90_divfloor'.
Generating RTLIL representation for module `\_90_modfloor'.
Generating RTLIL representation for module `\_90_pow'.
Generating RTLIL representation for module `\_90_demux'.
Generating RTLIL representation for module `\_90_lut'.
Generating RTLIL representation for module `$connect'.
Generating RTLIL representation for module `$input_port'.
Successfully finished Verilog frontend.

4.46.14.2. Continuing TECHMAP pass.
Using template $paramod$838872d5a4bab89607f53482b205c0fd50d8b82e\CCU2C for cells of type $paramod$838872d5a4bab89607f53482b205c0fd50d8b82e\CCU2C.
Using extmapper simplemap for cells of type $or.
Using extmapper simplemap for cells of type $and.
Using extmapper simplemap for cells of type $not.
Using extmapper simplemap for cells of type $xor.
Using template $paramod\LUT2\INIT=4'1010 for cells of type LUT2.
Using template $paramod\LUT4\INIT=16'1001011010101010 for cells of type LUT4.
Using extmapper simplemap for cells of type $mux.
No more expansions possible.
<suppressed ~207 debug messages>

4.46.15. Executing OPT pass (performing simple optimizations).

4.46.15.1. Executing OPT_EXPR pass (perform const folding).
Optimizing module axi_write_state_bank.
<suppressed ~18 debug messages>

4.46.15.2. Executing OPT_MERGE pass (detect identical cells).
Finding identical cells in module `\axi_write_state_bank'.
Computing hashes of 59 cells of `\axi_write_state_bank'.
Finding duplicate cells in `\axi_write_state_bank'.
Computing hashes of 57 cells of `\axi_write_state_bank'.
Finding duplicate cells in `\axi_write_state_bank'.
<suppressed ~6 debug messages>
Removed a total of 2 cells.

4.46.15.3. Executing OPT_MUXTREE pass (detect dead branches in mux trees).
Running muxtree optimizer on module \axi_write_state_bank..
  Creating internal representation of mux trees.
  No muxes found in this module.
Removed 0 multiplexer ports.

4.46.15.4. Executing OPT_REDUCE pass (consolidate $*mux and $reduce_* inputs).
  Optimizing cells in module \axi_write_state_bank.
Performed a total of 0 changes.

4.46.15.5. Executing OPT_MERGE pass (detect identical cells).
Finding identical cells in module `\axi_write_state_bank'.
Computing hashes of 57 cells of `\axi_write_state_bank'.
Finding duplicate cells in `\axi_write_state_bank'.
Removed a total of 0 cells.

4.46.15.6. Executing OPT_DFF pass (perform DFF optimizations).

4.46.15.7. Executing OPT_CLEAN pass (remove unused cells and wires).
Finding unused cells or wires in module \axi_write_state_bank..
Removed 0 unused cells and 55 unused wires.
<suppressed ~1 debug messages>

4.46.15.8. Executing OPT_EXPR pass (perform const folding).
Optimizing module axi_write_state_bank.

4.46.15.9. Rerunning OPT passes. (Maybe there is more to do..)

4.46.15.10. Executing OPT_MUXTREE pass (detect dead branches in mux trees).
Running muxtree optimizer on module \axi_write_state_bank..
  Creating internal representation of mux trees.
  No muxes found in this module.
Removed 0 multiplexer ports.

4.46.15.11. Executing OPT_REDUCE pass (consolidate $*mux and $reduce_* inputs).
  Optimizing cells in module \axi_write_state_bank.
Performed a total of 0 changes.

4.46.15.12. Executing OPT_MERGE pass (detect identical cells).
Finding identical cells in module `\axi_write_state_bank'.
Computing hashes of 57 cells of `\axi_write_state_bank'.
Finding duplicate cells in `\axi_write_state_bank'.
Removed a total of 0 cells.

4.46.15.13. Executing OPT_DFF pass (perform DFF optimizations).

4.46.15.14. Executing OPT_CLEAN pass (remove unused cells and wires).
Finding unused cells or wires in module \axi_write_state_bank..

4.46.15.15. Executing OPT_EXPR pass (perform const folding).
Optimizing module axi_write_state_bank.

4.46.15.16. Finished fast OPT passes. (There is nothing left to do.)

4.46.16. Executing AIGMAP pass (map logic to AIG).
Module axi_write_state_bank: replaced 672 cells with 4407 new cells, skipped 676 cells.
  replaced 3 cell types:
     546 $_MUX_
      99 $_OR_
      27 $_XOR_
  not replaced 8 cell types:
     213 $_AND_
     175 $_NOT_
       6 $scopeinfo
      69 $paramod$37e41664cab9052a9b41c89036e0524f666a0fee\TRELLIS_FF
      48 $paramod$68581f66a8fa831820fa7633bd24ba569ae9d7e3\TRELLIS_FF
      48 $paramod$838872d5a4bab89607f53482b205c0fd50d8b82e\CCU2C
      69 $paramod$37e41664cab9052a9b41c89036e0524f666a0fee\TRELLIS_FF_$abc9_byp
      48 $paramod$68581f66a8fa831820fa7633bd24ba569ae9d7e3\TRELLIS_FF_$abc9_byp

4.46.16.1. Executing ABC9_OPS pass (helper functions for ABC9).

4.46.16.2. Executing ABC9_OPS pass (helper functions for ABC9).
Warning: Feature 'write_xaiger2' is experimental.

4.46.16.3. Executing XAIGER2 backend.
<suppressed ~592 debug messages>
Extracted 1839 AND gates and 0 wires from module `axi_write_state_bank' to a netlist network with 482 inputs and 1242 outputs.

4.46.16.4. Executing ABC9_EXE pass (technology mapping using ABC9).

4.46.16.5. Executing ABC9.
Running ABC command: "<yosys-exe-dir>/yosys-abc" -s -f <abc-temp-dir>/abc.script 2>&1
ABC: ======== ABC command line "source <abc-temp-dir>/abc.script"
ABC: + read_lut <abc-temp-dir>/input.lut
ABC: + read_box <abc-temp-dir>/input.box
ABC: + &read <abc-temp-dir>/input.xaig
ABC: + &ps
ABC: <abc-temp-dir>/input : i/o =    221/    576  and =    1350  lev =   18 (2.58)  mem = 0.04 MB  box = 165  bb = 117
ABC: Warning: AIG with boxes has internal fanout in 0 complex flops and 3 carries.
ABC: + &scorr
ABC: Warning: The network is combinational.
ABC: + &sweep
ABC: + &dc2
ABC: + &dch -f -r
ABC: + &ps
ABC: <abc-temp-dir>/input : i/o =    221/    576  and =    1479  lev =   16 (2.33)  mem = 0.04 MB  ch =  128  box = 156  bb = 117
ABC: cst =       0  cls =    127  lit =     128  unused =    1679  proof =     0
ABC: Warning: AIG with boxes has internal fanout in 0 complex flops and 3 carries.
ABC: + &if -W 300 -v
ABC: K = 7. Memory (bytes): Truth =    0. Cut =   76. Obj =  156. Set =  780. CutMin = no
ABC: Node =    1479.  Ch =   127.  Total mem =    0.51 MB. Peak cut mem =    0.03 MB.
ABC: P:  Del = 2769.00.  Ar =    1020.0.  Edge =     1524.  Cut =    13027.  T =     0.00 sec
ABC: P:  Del = 2769.00.  Ar =    1077.0.  Edge =     1401.  Cut =    12883.  T =     0.00 sec
ABC: P:  Del = 2769.00.  Ar =     907.0.  Edge =     1390.  Cut =    17983.  T =     0.00 sec
ABC: F:  Del = 2769.00.  Ar =     792.0.  Edge =     1320.  Cut =    12427.  T =     0.00 sec
ABC: A:  Del = 2769.00.  Ar =     732.0.  Edge =     1215.  Cut =    13558.  T =     0.00 sec
ABC: A:  Del = 2769.00.  Ar =     732.0.  Edge =     1215.  Cut =    13722.  T =     0.00 sec
ABC: Total time =     0.02 sec
ABC: + &write -n <abc-temp-dir>/output.aig
ABC: + &mfs
ABC: + &ps -l
ABC: <abc-temp-dir>/input : i/o =    221/    576  and =    1026  lev =   14 (2.06)  mem = 0.04 MB  box = 156  bb = 117
ABC: Mapping (K=7)  :  lut =    330  edge =    1179  lev =    5 (0.89)  levB =    6  mem = 0.02 MB
ABC: LUT = 330 : 2=132 40.0 %  3=57 17.3 %  4=63 19.1 %  5=21 6.4 %  6=12 3.6 %  7=45 13.6 %  Ave = 3.57
ABC: Warning: AIG with boxes has internal fanout in 0 complex flops and 3 carries.
ABC: + &write -n <abc-temp-dir>/output.aig
ABC: + &verify
ABC: Networks are equivalent.  Time =     0.02 sec
ABC: + time
ABC: elapse: 0.21 seconds, total: 0.21 seconds

4.46.16.6. Executing AIGER frontend.
<suppressed ~10 debug messages>
Removed 1362 unused cells and 2665 unused wires.

4.46.16.7. Executing ABC_OPS_REINTEGRATE pass (reintegrate ABC mapped design into module).
ABC RESULTS:              $lut cells:      334
ABC RESULTS:   $paramod$838872d5a4bab89607f53482b205c0fd50d8b82e\CCU2C cells:       39
ABC RESULTS:   $paramod$37e41664cab9052a9b41c89036e0524f666a0fee\TRELLIS_FF_$abc9_byp cells:       69
ABC RESULTS:   $paramod$68581f66a8fa831820fa7633bd24ba569ae9d7e3\TRELLIS_FF_$abc9_byp cells:       48
ABC RESULTS:           input signals:      147
ABC RESULTS:          output signals:       14
<suppressed ~1603 debug messages>
Removing temp directory.

4.46.17. Executing TECHMAP pass (map to technology primitives).

4.46.17.1. Executing Verilog-2005 frontend: /Users/Dilan/eda/fabric-under-pressure/oss-cad-suite/libexec/../share/yosys/abc9_unmap.v
Parsing Verilog input from `/Users/Dilan/eda/fabric-under-pressure/oss-cad-suite/libexec/../share/yosys/abc9_unmap.v' to AST representation.
Generating RTLIL representation for module `$__DFF_x__$abc9_flop'.
Generating RTLIL representation for module `$__ABC9_SCC_BREAKER'.
Successfully finished Verilog frontend.

4.46.17.2. Continuing TECHMAP pass.
Using template $paramod$68581f66a8fa831820fa7633bd24ba569ae9d7e3\TRELLIS_FF for cells of type $paramod$68581f66a8fa831820fa7633bd24ba569ae9d7e3\TRELLIS_FF.
Using template $paramod$37e41664cab9052a9b41c89036e0524f666a0fee\TRELLIS_FF for cells of type $paramod$37e41664cab9052a9b41c89036e0524f666a0fee\TRELLIS_FF.
Using template $paramod$37e41664cab9052a9b41c89036e0524f666a0fee\TRELLIS_FF_$abc9_byp for cells of type $paramod$37e41664cab9052a9b41c89036e0524f666a0fee\TRELLIS_FF_$abc9_byp.
Using template $paramod$838872d5a4bab89607f53482b205c0fd50d8b82e\CCU2C for cells of type $paramod$838872d5a4bab89607f53482b205c0fd50d8b82e\CCU2C.
Using template $paramod$68581f66a8fa831820fa7633bd24ba569ae9d7e3\TRELLIS_FF_$abc9_byp for cells of type $paramod$68581f66a8fa831820fa7633bd24ba569ae9d7e3\TRELLIS_FF_$abc9_byp.
No more expansions possible.
<suppressed ~283 debug messages>
Removed 69 unused cells and 3144 unused wires.

4.47. Executing TECHMAP pass (map to technology primitives).

4.47.1. Executing Verilog-2005 frontend: /Users/Dilan/eda/fabric-under-pressure/oss-cad-suite/libexec/../share/yosys/lattice/cells_map_trellis.v
Parsing Verilog input from `/Users/Dilan/eda/fabric-under-pressure/oss-cad-suite/libexec/../share/yosys/lattice/cells_map_trellis.v' to AST representation.
Generating RTLIL representation for module `$_DFF_N_'.
Generating RTLIL representation for module `$_DFF_P_'.
Generating RTLIL representation for module `$_DFFE_NN_'.
Generating RTLIL representation for module `$_DFFE_PN_'.
Generating RTLIL representation for module `$_DFFE_NP_'.
Generating RTLIL representation for module `$_DFFE_PP_'.
Generating RTLIL representation for module `$_DFF_NP0_'.
Generating RTLIL representation for module `$_DFF_NP1_'.
Generating RTLIL representation for module `$_DFF_PP0_'.
Generating RTLIL representation for module `$_DFF_PP1_'.
Generating RTLIL representation for module `$_SDFF_NP0_'.
Generating RTLIL representation for module `$_SDFF_NP1_'.
Generating RTLIL representation for module `$_SDFF_PP0_'.
Generating RTLIL representation for module `$_SDFF_PP1_'.
Generating RTLIL representation for module `$_DFFE_NP0P_'.
Generating RTLIL representation for module `$_DFFE_NP1P_'.
Generating RTLIL representation for module `$_DFFE_PP0P_'.
Generating RTLIL representation for module `$_DFFE_PP1P_'.
Generating RTLIL representation for module `$_DFFE_NP0N_'.
Generating RTLIL representation for module `$_DFFE_NP1N_'.
Generating RTLIL representation for module `$_DFFE_PP0N_'.
Generating RTLIL representation for module `$_DFFE_PP1N_'.
Generating RTLIL representation for module `$_SDFFE_NP0P_'.
Generating RTLIL representation for module `$_SDFFE_NP1P_'.
Generating RTLIL representation for module `$_SDFFE_PP0P_'.
Generating RTLIL representation for module `$_SDFFE_PP1P_'.
Generating RTLIL representation for module `$_SDFFE_NP0N_'.
Generating RTLIL representation for module `$_SDFFE_NP1N_'.
Generating RTLIL representation for module `$_SDFFE_PP0N_'.
Generating RTLIL representation for module `$_SDFFE_PP1N_'.
Generating RTLIL representation for module `$_ALDFF_NP_'.
Generating RTLIL representation for module `$_ALDFF_PP_'.
Generating RTLIL representation for module `$_ALDFFE_NPN_'.
Generating RTLIL representation for module `$_ALDFFE_NPP_'.
Generating RTLIL representation for module `$_ALDFFE_PPN_'.
Generating RTLIL representation for module `$_ALDFFE_PPP_'.
Generating RTLIL representation for module `\FD1P3AX'.
Generating RTLIL representation for module `\FD1P3AY'.
Generating RTLIL representation for module `\FD1P3BX'.
Generating RTLIL representation for module `\FD1P3DX'.
Generating RTLIL representation for module `\FD1P3IX'.
Generating RTLIL representation for module `\FD1P3JX'.
Generating RTLIL representation for module `\FD1S3AX'.
Generating RTLIL representation for module `\FD1S3AY'.
Generating RTLIL representation for module `\FD1S3BX'.
Generating RTLIL representation for module `\FD1S3DX'.
Generating RTLIL representation for module `\FD1S3IX'.
Generating RTLIL representation for module `\FD1S3JX'.
Generating RTLIL representation for module `\IFS1P3BX'.
Generating RTLIL representation for module `\IFS1P3DX'.
Generating RTLIL representation for module `\IFS1P3IX'.
Generating RTLIL representation for module `\IFS1P3JX'.
Generating RTLIL representation for module `\OFS1P3BX'.
Generating RTLIL representation for module `\OFS1P3DX'.
Generating RTLIL representation for module `\OFS1P3IX'.
Generating RTLIL representation for module `\OFS1P3JX'.
Generating RTLIL representation for module `\IB'.
Generating RTLIL representation for module `\IBPU'.
Generating RTLIL representation for module `\IBPD'.
Generating RTLIL representation for module `\OB'.
Generating RTLIL representation for module `\OBZ'.
Generating RTLIL representation for module `\OBZPU'.
Generating RTLIL representation for module `\OBZPD'.
Generating RTLIL representation for module `\OBCO'.
Generating RTLIL representation for module `\BB'.
Generating RTLIL representation for module `\BBPU'.
Generating RTLIL representation for module `\BBPD'.
Generating RTLIL representation for module `\ILVDS'.
Generating RTLIL representation for module `\OLVDS'.
Generating RTLIL representation for module `$lut'.
Successfully finished Verilog frontend.

4.47.2. Continuing TECHMAP pass.
Using template $paramod$lut\WIDTH=32'00000000000000000000000000000010\LUT=4'0010 for cells of type $lut.
Using template $paramod$lut\WIDTH=32'00000000000000000000000000000011\LUT=8'01010011 for cells of type $lut.
Using template $paramod$58df2c605746858c7e53492c8f57d6f1fafa12d2$lut for cells of type $lut.
Using template $paramod$3702268f692b8bf258e428f65d3bca4e1f76d98b$lut for cells of type $lut.
Using template $paramod$2ea69c779d6c1b79ac5a87b0d1523c67d5628dba$lut for cells of type $lut.
Using template $paramod$fdcae86fcfd036c1880a04306ae771a9d7579c31$lut for cells of type $lut.
Using template $paramod$4385b611926e5c0509dba4de58311d325da0ff0d$lut for cells of type $lut.
Using template $paramod$ab8bb87959c5d7cfa27886cee1355b38e054a61a$lut for cells of type $lut.
Using template $paramod$lut\WIDTH=32'00000000000000000000000000000010\LUT=4'1000 for cells of type $lut.
Using template $paramod$570f0e412a5ae9d7a83d429a3a294d9722fb5860$lut for cells of type $lut.
Using template $paramod$8d7a8d6e3356de09670738ba85f2c6b874f6b06d$lut for cells of type $lut.
Using template $paramod$lut\WIDTH=32'00000000000000000000000000000011\LUT=8'01000001 for cells of type $lut.
Using template $paramod$df196ed0a1da5c4a58c5e08a1dac304fd3fccaab$lut for cells of type $lut.
Using template $paramod$lut\WIDTH=32'00000000000000000000000000000010\LUT=4'0100 for cells of type $lut.
Using template $paramod$628772ae2d3d5311934170a4f95e642358d18889$lut for cells of type $lut.
Using template $paramod$e5e9da8fed769f971686eed8c5eea50e61f73aaa$lut for cells of type $lut.
Using template $paramod$8b12ac3f1b5909b2c78c9ca588956c4529fbbff6$lut for cells of type $lut.
Using template $paramod$4fc6efaec5bd8994232500ce8f8be9cb357522d5$lut for cells of type $lut.
Using template $paramod$fe8eccdd19a404d0a46e5935fa86cd8a304f0fbe$lut for cells of type $lut.
Using template $paramod$2867cf600f87920adb4d426c16ecd89bf1668f0f$lut for cells of type $lut.
Using template $paramod$lut\WIDTH=32'00000000000000000000000000000011\LUT=8'00000100 for cells of type $lut.
Using template $paramod$lut\WIDTH=32'00000000000000000000000000000011\LUT=8'10000000 for cells of type $lut.
Using template $paramod$01da7935c5e49a2722a1dd4acf86b7be01a3ce9f$lut for cells of type $lut.
Using template $paramod$571404c0889eaf57f492cb5e37f8acb5df5852f9$lut for cells of type $lut.
Using template $paramod$lut\WIDTH=32'00000000000000000000000000000011\LUT=8'00001000 for cells of type $lut.
Using template $paramod$924053ff3b1c6097208b6e2bed2aa2e9fda06b16$lut for cells of type $lut.
Using template $paramod$lut\WIDTH=32'00000000000000000000000000000011\LUT=8'00010000 for cells of type $lut.
Using template $paramod$9b027334dfe25558c6004d34fd0adfc855d8bb75$lut for cells of type $lut.
Using template $paramod$fe963e4aea77fd4198bb2f819a03ed3df4c0c835$lut for cells of type $lut.
Using template $paramod$lut\WIDTH=32'00000000000000000000000000000011\LUT=8'01000000 for cells of type $lut.
Using template $paramod$197e1a3d848fa9ecc1208d68c7e91731e9895180$lut for cells of type $lut.
Using template $paramod$c7cc9ba7c24c9ef88378288bdffc82b71fdf5bb2$lut for cells of type $lut.
Using template $paramod$40b83574f8c8cb89941b748ccc8810c5e9cc5332$lut for cells of type $lut.
Using template $paramod$45a4c7ed1fab212e4c12194fa9b3585aef3dcade$lut for cells of type $lut.
Using template $paramod$9e0708567b7ac787211a2403d29308442b812092$lut for cells of type $lut.
Using template $paramod$41b5ad6c884f4976740dbeee6f3a28e7f2ae7611$lut for cells of type $lut.
Using template $paramod$73c909fef3efe86adb57b7b8d32e6fa59d05f544$lut for cells of type $lut.
Using template $paramod$eba7de026ff587370e320127e266317dae097a89$lut for cells of type $lut.
Using template $paramod$lut\WIDTH=32'00000000000000000000000000000011\LUT=8'00001110 for cells of type $lut.
Using template $paramod$fbc3e174e8203ead4a0b030934502732d7e99c1a$lut for cells of type $lut.
Using template $paramod$lut\WIDTH=32'00000000000000000000000000000011\LUT=8'10101100 for cells of type $lut.
Using template $paramod$658b9ed803f0d3d335616d3858b53e0a2522f1e8$lut for cells of type $lut.
Using template $paramod$2e7a95e82db1d690ae9ba5d10f68b175fa2cb467$lut for cells of type $lut.
Using template $paramod$bb4fff1cc3b827238aa40993cafede1c5beecbe3$lut for cells of type $lut.
Using template $paramod$lut\WIDTH=32'00000000000000000000000000000011\LUT=8'10010000 for cells of type $lut.
Using template $paramod$59c595af41d4a5cce2d588c3a5f1342749ce7a77$lut for cells of type $lut.
Using template $paramod$692a4a8f303041af08107fed0dd558571030ece3$lut for cells of type $lut.
Using template $paramod$d98f7cae393e2fb5f134f7da3a0376cfdd41f123$lut for cells of type $lut.
Using template $paramod$61c387311e0b7b1481f282cf3d339bc22e86cf60$lut for cells of type $lut.
Using template $paramod$lut\WIDTH=32'00000000000000000000000000000010\LUT=4'0110 for cells of type $lut.
Using template $paramod$8f742a9eea2cf0342fc62ff98712f8478217833d$lut for cells of type $lut.
Using template $paramod$e058d71dacaf6493f6697ae3992daaeceb491b4c$lut for cells of type $lut.
Using template $paramod$cc680ff53b1f353d6fb4a452cf455777cc96519b$lut for cells of type $lut.
Using template $paramod$lut\WIDTH=32'00000000000000000000000000000001\LUT=2'01 for cells of type $lut.
No more expansions possible.
<suppressed ~1000 debug messages>

4.48. Executing OPT_LUT_INS pass (discard unused LUT inputs).
Optimizing LUTs in axi_write_state_bank.
  Optimizing lut $abc$18818$lut$aiger$o1027.genblk1.genblk1.genblk1.genblk1.genblk1.lut1 (4 -> 0)
  Optimizing lut $abc$18818$lut$aiger$o791.genblk1.genblk1.genblk1.genblk1.genblk1.lut1 (4 -> 3)
  Optimizing lut $abc$18818$lut$aiger$o1026.genblk1.genblk1.genblk1.genblk1.genblk1.lut1 (4 -> 0)
  Optimizing lut $auto$abc_ops_reintegrate.cc:655:reintegrate$18821.genblk1.genblk1.genblk1.genblk1.genblk1.genblk1.genblk1.lut1 (4 -> 1)
  Optimizing lut $auto$abc_ops_reintegrate.cc:655:reintegrate$18821.genblk1.genblk1.genblk1.genblk1.genblk1.genblk1.genblk1.lut2 (4 -> 1)
  Optimizing lut $auto$abc_ops_reintegrate.cc:655:reintegrate$18821.genblk1.genblk1.genblk1.genblk1.genblk1.genblk1.genblk1.lut3 (4 -> 0)
  Optimizing lut $auto$abc_ops_reintegrate.cc:655:reintegrate$18821.genblk1.genblk1.genblk1.genblk1.genblk1.genblk1.genblk1.lut7 (4 -> 3)
  Optimizing lut $auto$abc_ops_reintegrate.cc:655:reintegrate$18822.genblk1.genblk1.genblk1.genblk1.genblk1.genblk1.genblk1.lut1 (4 -> 1)
  Optimizing lut $auto$abc_ops_reintegrate.cc:655:reintegrate$18822.genblk1.genblk1.genblk1.genblk1.genblk1.genblk1.genblk1.lut2 (4 -> 1)
  Optimizing lut $auto$abc_ops_reintegrate.cc:655:reintegrate$18822.genblk1.genblk1.genblk1.genblk1.genblk1.genblk1.genblk1.lut3 (4 -> 0)
  Optimizing lut $auto$abc_ops_reintegrate.cc:655:reintegrate$18822.genblk1.genblk1.genblk1.genblk1.genblk1.genblk1.genblk1.lut7 (4 -> 3)
  Optimizing lut $auto$abc_ops_reintegrate.cc:655:reintegrate$18823.genblk1.genblk1.genblk1.genblk1.genblk1.genblk1.genblk1.lut1 (4 -> 1)
  Optimizing lut $auto$abc_ops_reintegrate.cc:655:reintegrate$18823.genblk1.genblk1.genblk1.genblk1.genblk1.genblk1.genblk1.lut2 (4 -> 1)
  Optimizing lut $auto$abc_ops_reintegrate.cc:655:reintegrate$18823.genblk1.genblk1.genblk1.genblk1.genblk1.genblk1.genblk1.lut3 (4 -> 0)
  Optimizing lut $auto$abc_ops_reintegrate.cc:655:reintegrate$18823.genblk1.genblk1.genblk1.genblk1.genblk1.genblk1.genblk1.lut7 (4 -> 3)
  Optimizing lut $auto$abc_ops_reintegrate.cc:655:reintegrate$18824.genblk1.genblk1.genblk1.genblk1.genblk1.genblk1.genblk1.lut1 (4 -> 1)
  Optimizing lut $auto$abc_ops_reintegrate.cc:655:reintegrate$18824.genblk1.genblk1.genblk1.genblk1.genblk1.genblk1.genblk1.lut2 (4 -> 1)
  Optimizing lut $auto$abc_ops_reintegrate.cc:655:reintegrate$18824.genblk1.genblk1.genblk1.genblk1.genblk1.genblk1.genblk1.lut3 (4 -> 0)
  Optimizing lut $auto$abc_ops_reintegrate.cc:655:reintegrate$18824.genblk1.genblk1.genblk1.genblk1.genblk1.genblk1.genblk1.lut7 (4 -> 3)
  Optimizing lut $auto$abc_ops_reintegrate.cc:655:reintegrate$18825.genblk1.genblk1.genblk1.genblk1.genblk1.genblk1.genblk1.lut1 (4 -> 1)
  Optimizing lut $auto$abc_ops_reintegrate.cc:655:reintegrate$18825.genblk1.genblk1.genblk1.genblk1.genblk1.genblk1.genblk1.lut2 (4 -> 1)
  Optimizing lut $auto$abc_ops_reintegrate.cc:655:reintegrate$18825.genblk1.genblk1.genblk1.genblk1.genblk1.genblk1.genblk1.lut3 (4 -> 0)
  Optimizing lut $auto$abc_ops_reintegrate.cc:655:reintegrate$18825.genblk1.genblk1.genblk1.genblk1.genblk1.genblk1.genblk1.lut7 (4 -> 3)
  Optimizing lut $auto$abc_ops_reintegrate.cc:655:reintegrate$18826.genblk1.genblk1.genblk1.genblk1.genblk1.genblk1.genblk1.lut1 (4 -> 1)
  Optimizing lut $auto$abc_ops_reintegrate.cc:655:reintegrate$18826.genblk1.genblk1.genblk1.genblk1.genblk1.genblk1.genblk1.lut2 (4 -> 1)
  Optimizing lut $auto$abc_ops_reintegrate.cc:655:reintegrate$18826.genblk1.genblk1.genblk1.genblk1.genblk1.genblk1.genblk1.lut3 (4 -> 3)
  Optimizing lut $auto$abc_ops_reintegrate.cc:655:reintegrate$18826.genblk1.genblk1.genblk1.genblk1.genblk1.genblk1.genblk1.lut4 (4 -> 2)
  Optimizing lut $auto$abc_ops_reintegrate.cc:655:reintegrate$18826.genblk1.genblk1.genblk1.genblk1.genblk1.genblk1.genblk1.lut5 (4 -> 2)
  Optimizing lut $auto$abc_ops_reintegrate.cc:655:reintegrate$18826.genblk1.genblk1.genblk1.genblk1.genblk1.genblk1.genblk1.lut6 (4 -> 2)
  Optimizing lut $auto$abc_ops_reintegrate.cc:655:reintegrate$18827.genblk1.genblk1.genblk1.genblk1.genblk1.genblk1.genblk1.lut1 (4 -> 1)
  Optimizing lut $auto$abc_ops_reintegrate.cc:655:reintegrate$18827.genblk1.genblk1.genblk1.genblk1.genblk1.genblk1.genblk1.lut2 (4 -> 1)
  Optimizing lut $auto$abc_ops_reintegrate.cc:655:reintegrate$18827.genblk1.genblk1.genblk1.genblk1.genblk1.genblk1.genblk1.lut3 (4 -> 2)
  Optimizing lut $auto$abc_ops_reintegrate.cc:655:reintegrate$18827.genblk1.genblk1.genblk1.genblk1.genblk1.genblk1.genblk1.lut4 (4 -> 3)
  Optimizing lut $auto$abc_ops_reintegrate.cc:655:reintegrate$18827.genblk1.genblk1.genblk1.genblk1.genblk1.genblk1.genblk1.lut5 (4 -> 3)
  Optimizing lut $auto$abc_ops_reintegrate.cc:655:reintegrate$18827.genblk1.genblk1.genblk1.genblk1.genblk1.genblk1.genblk1.lut6 (4 -> 3)
  Optimizing lut $auto$abc_ops_reintegrate.cc:655:reintegrate$18828.genblk1.genblk1.genblk1.genblk1.genblk1.genblk1.genblk1.lut1 (4 -> 1)
  Optimizing lut $auto$abc_ops_reintegrate.cc:655:reintegrate$18828.genblk1.genblk1.genblk1.genblk1.genblk1.genblk1.genblk1.lut2 (4 -> 1)
  Optimizing lut $auto$abc_ops_reintegrate.cc:655:reintegrate$18828.genblk1.genblk1.genblk1.genblk1.genblk1.genblk1.genblk1.lut3 (4 -> 0)
  Optimizing lut $auto$abc_ops_reintegrate.cc:655:reintegrate$18828.genblk1.genblk1.genblk1.genblk1.genblk1.genblk1.genblk1.lut7 (4 -> 3)
  Optimizing lut $auto$abc_ops_reintegrate.cc:655:reintegrate$18829.genblk1.genblk1.genblk1.genblk1.genblk1.genblk1.genblk1.lut1 (4 -> 1)
  Optimizing lut $auto$abc_ops_reintegrate.cc:655:reintegrate$18829.genblk1.genblk1.genblk1.genblk1.genblk1.genblk1.genblk1.lut2 (4 -> 1)
  Optimizing lut $auto$abc_ops_reintegrate.cc:655:reintegrate$18829.genblk1.genblk1.genblk1.genblk1.genblk1.genblk1.genblk1.lut3 (4 -> 0)
  Optimizing lut $auto$abc_ops_reintegrate.cc:655:reintegrate$18829.genblk1.genblk1.genblk1.genblk1.genblk1.genblk1.genblk1.lut7 (4 -> 3)
  Optimizing lut $auto$abc_ops_reintegrate.cc:655:reintegrate$18830.genblk1.genblk1.genblk1.genblk1.genblk1.genblk1.genblk1.lut2 (4 -> 1)
  Optimizing lut $auto$abc_ops_reintegrate.cc:655:reintegrate$18830.genblk1.genblk1.genblk1.genblk1.genblk1.genblk1.genblk1.lut3 (4 -> 0)
  Optimizing lut $auto$abc_ops_reintegrate.cc:655:reintegrate$18830.genblk1.genblk1.genblk1.genblk1.genblk1.genblk1.genblk1.lut7 (4 -> 3)
  Optimizing lut $auto$abc_ops_reintegrate.cc:655:reintegrate$18831.genblk1.genblk1.genblk1.genblk1.genblk1.genblk1.lut2 (4 -> 3)
  Optimizing lut $auto$abc_ops_reintegrate.cc:655:reintegrate$18832.genblk1.genblk1.genblk1.genblk1.genblk1.genblk1.genblk1.lut2 (4 -> 1)
  Optimizing lut $auto$abc_ops_reintegrate.cc:655:reintegrate$18832.genblk1.genblk1.genblk1.genblk1.genblk1.genblk1.genblk1.lut3 (4 -> 0)
  Optimizing lut $auto$abc_ops_reintegrate.cc:655:reintegrate$18832.genblk1.genblk1.genblk1.genblk1.genblk1.genblk1.genblk1.lut7 (4 -> 3)
  Optimizing lut $auto$abc_ops_reintegrate.cc:655:reintegrate$18833.genblk1.genblk1.genblk1.genblk1.genblk1.genblk1.genblk1.lut2 (4 -> 1)
  Optimizing lut $auto$abc_ops_reintegrate.cc:655:reintegrate$18833.genblk1.genblk1.genblk1.genblk1.genblk1.genblk1.genblk1.lut3 (4 -> 0)
  Optimizing lut $auto$abc_ops_reintegrate.cc:655:reintegrate$18833.genblk1.genblk1.genblk1.genblk1.genblk1.genblk1.genblk1.lut7 (4 -> 3)
  Optimizing lut $auto$abc_ops_reintegrate.cc:655:reintegrate$18834.genblk1.genblk1.genblk1.genblk1.genblk1.genblk1.genblk1.lut2 (4 -> 1)
  Optimizing lut $auto$abc_ops_reintegrate.cc:655:reintegrate$18834.genblk1.genblk1.genblk1.genblk1.genblk1.genblk1.genblk1.lut3 (4 -> 3)
  Optimizing lut $auto$abc_ops_reintegrate.cc:655:reintegrate$18834.genblk1.genblk1.genblk1.genblk1.genblk1.genblk1.genblk1.lut4 (4 -> 2)
  Optimizing lut $auto$abc_ops_reintegrate.cc:655:reintegrate$18834.genblk1.genblk1.genblk1.genblk1.genblk1.genblk1.genblk1.lut5 (4 -> 2)
  Optimizing lut $auto$abc_ops_reintegrate.cc:655:reintegrate$18834.genblk1.genblk1.genblk1.genblk1.genblk1.genblk1.genblk1.lut6 (4 -> 2)
  Optimizing lut $abc$18818$lut$aiger18817$748.genblk1.genblk1.genblk1.genblk1.genblk1.genblk1.lut1 (4 -> 0)
  Optimizing lut $abc$18818$lut$aiger18817$748.genblk1.genblk1.genblk1.genblk1.genblk1.genblk1.lut2 (4 -> 0)
  Optimizing lut $abc$18818$lut$aiger18817$795.genblk1.genblk1.genblk1.genblk1.genblk1.lut1 (4 -> 1)
  Optimizing lut $auto$abc_ops_reintegrate.cc:655:reintegrate$18836.genblk1.genblk1.genblk1.genblk1.genblk1.genblk1.genblk1.lut1 (4 -> 1)
  Optimizing lut $auto$abc_ops_reintegrate.cc:655:reintegrate$18836.genblk1.genblk1.genblk1.genblk1.genblk1.genblk1.genblk1.lut2 (4 -> 1)
  Optimizing lut $auto$abc_ops_reintegrate.cc:655:reintegrate$18836.genblk1.genblk1.genblk1.genblk1.genblk1.genblk1.genblk1.lut3 (4 -> 0)
  Optimizing lut $auto$abc_ops_reintegrate.cc:655:reintegrate$18836.genblk1.genblk1.genblk1.genblk1.genblk1.genblk1.genblk1.lut7 (4 -> 3)
  Optimizing lut $auto$abc_ops_reintegrate.cc:655:reintegrate$18837.genblk1.genblk1.genblk1.genblk1.genblk1.genblk1.genblk1.lut1 (4 -> 1)
  Optimizing lut $auto$abc_ops_reintegrate.cc:655:reintegrate$18837.genblk1.genblk1.genblk1.genblk1.genblk1.genblk1.genblk1.lut2 (4 -> 1)
  Optimizing lut $auto$abc_ops_reintegrate.cc:655:reintegrate$18837.genblk1.genblk1.genblk1.genblk1.genblk1.genblk1.genblk1.lut3 (4 -> 0)
  Optimizing lut $auto$abc_ops_reintegrate.cc:655:reintegrate$18837.genblk1.genblk1.genblk1.genblk1.genblk1.genblk1.genblk1.lut7 (4 -> 3)
  Optimizing lut $auto$abc_ops_reintegrate.cc:655:reintegrate$18838.genblk1.genblk1.genblk1.genblk1.genblk1.genblk1.genblk1.lut1 (4 -> 1)
  Optimizing lut $auto$abc_ops_reintegrate.cc:655:reintegrate$18838.genblk1.genblk1.genblk1.genblk1.genblk1.genblk1.genblk1.lut2 (4 -> 1)
  Optimizing lut $auto$abc_ops_reintegrate.cc:655:reintegrate$18838.genblk1.genblk1.genblk1.genblk1.genblk1.genblk1.genblk1.lut3 (4 -> 0)
  Optimizing lut $auto$abc_ops_reintegrate.cc:655:reintegrate$18838.genblk1.genblk1.genblk1.genblk1.genblk1.genblk1.genblk1.lut7 (4 -> 3)
  Optimizing lut $auto$abc_ops_reintegrate.cc:655:reintegrate$18839.genblk1.genblk1.genblk1.genblk1.genblk1.genblk1.genblk1.lut1 (4 -> 1)
  Optimizing lut $auto$abc_ops_reintegrate.cc:655:reintegrate$18839.genblk1.genblk1.genblk1.genblk1.genblk1.genblk1.genblk1.lut2 (4 -> 1)
  Optimizing lut $auto$abc_ops_reintegrate.cc:655:reintegrate$18839.genblk1.genblk1.genblk1.genblk1.genblk1.genblk1.genblk1.lut3 (4 -> 0)
  Optimizing lut $auto$abc_ops_reintegrate.cc:655:reintegrate$18839.genblk1.genblk1.genblk1.genblk1.genblk1.genblk1.genblk1.lut7 (4 -> 3)
  Optimizing lut $auto$abc_ops_reintegrate.cc:655:reintegrate$18840.genblk1.genblk1.genblk1.genblk1.genblk1.genblk1.genblk1.lut1 (4 -> 1)
  Optimizing lut $auto$abc_ops_reintegrate.cc:655:reintegrate$18840.genblk1.genblk1.genblk1.genblk1.genblk1.genblk1.genblk1.lut2 (4 -> 1)
  Optimizing lut $auto$abc_ops_reintegrate.cc:655:reintegrate$18840.genblk1.genblk1.genblk1.genblk1.genblk1.genblk1.genblk1.lut3 (4 -> 0)
  Optimizing lut $auto$abc_ops_reintegrate.cc:655:reintegrate$18840.genblk1.genblk1.genblk1.genblk1.genblk1.genblk1.genblk1.lut7 (4 -> 3)
  Optimizing lut $auto$abc_ops_reintegrate.cc:655:reintegrate$18841.genblk1.genblk1.genblk1.genblk1.genblk1.genblk1.genblk1.lut1 (4 -> 1)
  Optimizing lut $auto$abc_ops_reintegrate.cc:655:reintegrate$18841.genblk1.genblk1.genblk1.genblk1.genblk1.genblk1.genblk1.lut2 (4 -> 1)
  Optimizing lut $auto$abc_ops_reintegrate.cc:655:reintegrate$18841.genblk1.genblk1.genblk1.genblk1.genblk1.genblk1.genblk1.lut3 (4 -> 3)
  Optimizing lut $auto$abc_ops_reintegrate.cc:655:reintegrate$18841.genblk1.genblk1.genblk1.genblk1.genblk1.genblk1.genblk1.lut4 (4 -> 2)
  Optimizing lut $auto$abc_ops_reintegrate.cc:655:reintegrate$18841.genblk1.genblk1.genblk1.genblk1.genblk1.genblk1.genblk1.lut5 (4 -> 2)
  Optimizing lut $auto$abc_ops_reintegrate.cc:655:reintegrate$18841.genblk1.genblk1.genblk1.genblk1.genblk1.genblk1.genblk1.lut6 (4 -> 2)
  Optimizing lut $auto$abc_ops_reintegrate.cc:655:reintegrate$18842.genblk1.genblk1.genblk1.genblk1.genblk1.genblk1.genblk1.lut1 (4 -> 1)
  Optimizing lut $auto$abc_ops_reintegrate.cc:655:reintegrate$18842.genblk1.genblk1.genblk1.genblk1.genblk1.genblk1.genblk1.lut2 (4 -> 1)
  Optimizing lut $auto$abc_ops_reintegrate.cc:655:reintegrate$18842.genblk1.genblk1.genblk1.genblk1.genblk1.genblk1.genblk1.lut3 (4 -> 2)
  Optimizing lut $auto$abc_ops_reintegrate.cc:655:reintegrate$18842.genblk1.genblk1.genblk1.genblk1.genblk1.genblk1.genblk1.lut4 (4 -> 3)
  Optimizing lut $auto$abc_ops_reintegrate.cc:655:reintegrate$18842.genblk1.genblk1.genblk1.genblk1.genblk1.genblk1.genblk1.lut5 (4 -> 3)
  Optimizing lut $auto$abc_ops_reintegrate.cc:655:reintegrate$18842.genblk1.genblk1.genblk1.genblk1.genblk1.genblk1.genblk1.lut6 (4 -> 3)
  Optimizing lut $auto$abc_ops_reintegrate.cc:655:reintegrate$18843.genblk1.genblk1.genblk1.genblk1.genblk1.genblk1.genblk1.lut1 (4 -> 1)
  Optimizing lut $auto$abc_ops_reintegrate.cc:655:reintegrate$18843.genblk1.genblk1.genblk1.genblk1.genblk1.genblk1.genblk1.lut2 (4 -> 1)
  Optimizing lut $auto$abc_ops_reintegrate.cc:655:reintegrate$18843.genblk1.genblk1.genblk1.genblk1.genblk1.genblk1.genblk1.lut3 (4 -> 0)
  Optimizing lut $auto$abc_ops_reintegrate.cc:655:reintegrate$18843.genblk1.genblk1.genblk1.genblk1.genblk1.genblk1.genblk1.lut7 (4 -> 3)
  Optimizing lut $auto$abc_ops_reintegrate.cc:655:reintegrate$18844.genblk1.genblk1.genblk1.genblk1.genblk1.genblk1.genblk1.lut1 (4 -> 1)
  Optimizing lut $auto$abc_ops_reintegrate.cc:655:reintegrate$18844.genblk1.genblk1.genblk1.genblk1.genblk1.genblk1.genblk1.lut2 (4 -> 1)
  Optimizing lut $auto$abc_ops_reintegrate.cc:655:reintegrate$18844.genblk1.genblk1.genblk1.genblk1.genblk1.genblk1.genblk1.lut3 (4 -> 0)
  Optimizing lut $auto$abc_ops_reintegrate.cc:655:reintegrate$18844.genblk1.genblk1.genblk1.genblk1.genblk1.genblk1.genblk1.lut7 (4 -> 3)
  Optimizing lut $auto$abc_ops_reintegrate.cc:655:reintegrate$18845.genblk1.genblk1.genblk1.genblk1.genblk1.genblk1.genblk1.lut2 (4 -> 1)
  Optimizing lut $auto$abc_ops_reintegrate.cc:655:reintegrate$18845.genblk1.genblk1.genblk1.genblk1.genblk1.genblk1.genblk1.lut3 (4 -> 0)
  Optimizing lut $auto$abc_ops_reintegrate.cc:655:reintegrate$18845.genblk1.genblk1.genblk1.genblk1.genblk1.genblk1.genblk1.lut7 (4 -> 3)
  Optimizing lut $auto$abc_ops_reintegrate.cc:655:reintegrate$18846.genblk1.genblk1.genblk1.genblk1.genblk1.genblk1.lut2 (4 -> 3)
  Optimizing lut $auto$abc_ops_reintegrate.cc:655:reintegrate$18847.genblk1.genblk1.genblk1.genblk1.genblk1.genblk1.genblk1.lut2 (4 -> 1)
  Optimizing lut $auto$abc_ops_reintegrate.cc:655:reintegrate$18847.genblk1.genblk1.genblk1.genblk1.genblk1.genblk1.genblk1.lut3 (4 -> 0)
  Optimizing lut $auto$abc_ops_reintegrate.cc:655:reintegrate$18847.genblk1.genblk1.genblk1.genblk1.genblk1.genblk1.genblk1.lut7 (4 -> 3)
  Optimizing lut $auto$abc_ops_reintegrate.cc:655:reintegrate$18848.genblk1.genblk1.genblk1.genblk1.genblk1.genblk1.genblk1.lut2 (4 -> 1)
  Optimizing lut $auto$abc_ops_reintegrate.cc:655:reintegrate$18848.genblk1.genblk1.genblk1.genblk1.genblk1.genblk1.genblk1.lut3 (4 -> 0)
  Optimizing lut $auto$abc_ops_reintegrate.cc:655:reintegrate$18848.genblk1.genblk1.genblk1.genblk1.genblk1.genblk1.genblk1.lut7 (4 -> 3)
  Optimizing lut $auto$abc_ops_reintegrate.cc:655:reintegrate$18849.genblk1.genblk1.genblk1.genblk1.genblk1.genblk1.genblk1.lut2 (4 -> 1)
  Optimizing lut $auto$abc_ops_reintegrate.cc:655:reintegrate$18849.genblk1.genblk1.genblk1.genblk1.genblk1.genblk1.genblk1.lut3 (4 -> 3)
  Optimizing lut $auto$abc_ops_reintegrate.cc:655:reintegrate$18849.genblk1.genblk1.genblk1.genblk1.genblk1.genblk1.genblk1.lut4 (4 -> 2)
  Optimizing lut $auto$abc_ops_reintegrate.cc:655:reintegrate$18849.genblk1.genblk1.genblk1.genblk1.genblk1.genblk1.genblk1.lut5 (4 -> 2)
  Optimizing lut $auto$abc_ops_reintegrate.cc:655:reintegrate$18849.genblk1.genblk1.genblk1.genblk1.genblk1.genblk1.genblk1.lut6 (4 -> 2)
  Optimizing lut $abc$18818$lut$aiger18817$523.genblk1.genblk1.genblk1.genblk1.genblk1.genblk1.lut1 (4 -> 0)
  Optimizing lut $abc$18818$lut$aiger18817$523.genblk1.genblk1.genblk1.genblk1.genblk1.genblk1.lut2 (4 -> 0)
  Optimizing lut $abc$18818$lut$aiger18817$570.genblk1.genblk1.genblk1.genblk1.genblk1.lut1 (4 -> 1)
  Optimizing lut $auto$abc_ops_reintegrate.cc:655:reintegrate$18852.genblk1.genblk1.genblk1.genblk1.genblk1.genblk1.genblk1.lut2 (4 -> 1)
  Optimizing lut $auto$abc_ops_reintegrate.cc:655:reintegrate$18852.genblk1.genblk1.genblk1.genblk1.genblk1.genblk1.genblk1.lut3 (4 -> 0)
  Optimizing lut $auto$abc_ops_reintegrate.cc:655:reintegrate$18852.genblk1.genblk1.genblk1.genblk1.genblk1.genblk1.genblk1.lut7 (4 -> 3)
  Optimizing lut $auto$abc_ops_reintegrate.cc:655:reintegrate$18855.genblk1.genblk1.genblk1.genblk1.genblk1.genblk1.genblk1.lut2 (4 -> 1)
  Optimizing lut $auto$abc_ops_reintegrate.cc:655:reintegrate$18855.genblk1.genblk1.genblk1.genblk1.genblk1.genblk1.genblk1.lut3 (4 -> 0)
  Optimizing lut $auto$abc_ops_reintegrate.cc:655:reintegrate$18855.genblk1.genblk1.genblk1.genblk1.genblk1.genblk1.genblk1.lut7 (4 -> 3)
  Optimizing lut $auto$abc_ops_reintegrate.cc:655:reintegrate$18858.genblk1.genblk1.genblk1.genblk1.genblk1.genblk1.genblk1.lut2 (4 -> 1)
  Optimizing lut $auto$abc_ops_reintegrate.cc:655:reintegrate$18858.genblk1.genblk1.genblk1.genblk1.genblk1.genblk1.genblk1.lut3 (4 -> 0)
  Optimizing lut $auto$abc_ops_reintegrate.cc:655:reintegrate$18858.genblk1.genblk1.genblk1.genblk1.genblk1.genblk1.genblk1.lut7 (4 -> 3)
  Optimizing lut $abc$18818$lut$aiger18817$710.genblk1.genblk1.genblk1.genblk1.genblk1.genblk1.lut2 (4 -> 1)
  Optimizing lut $abc$18818$lut$aiger18817$710.genblk1.genblk1.genblk1.genblk1.genblk1.genblk1.lut3 (4 -> 1)
  Optimizing lut $abc$18818$lut$aiger18817$720.genblk1.genblk1.genblk1.genblk1.genblk1.genblk1.genblk1.lut2 (4 -> 0)
  Optimizing lut $abc$18818$lut$aiger18817$720.genblk1.genblk1.genblk1.genblk1.genblk1.genblk1.genblk1.lut3 (4 -> 0)
  Optimizing lut $abc$18818$lut$aiger18817$720.genblk1.genblk1.genblk1.genblk1.genblk1.genblk1.genblk1.lut4 (4 -> 1)
  Optimizing lut $abc$18818$lut$aiger18817$720.genblk1.genblk1.genblk1.genblk1.genblk1.genblk1.genblk1.lut5 (4 -> 1)
  Optimizing lut $abc$18818$lut$aiger18817$720.genblk1.genblk1.genblk1.genblk1.genblk1.genblk1.genblk1.lut6 (4 -> 0)
  Optimizing lut $abc$18818$lut$aiger18817$720.genblk1.genblk1.genblk1.genblk1.genblk1.genblk1.genblk1.lut7 (4 -> 0)
  Optimizing lut $abc$18818$lut$aiger18817$485.genblk1.genblk1.genblk1.genblk1.genblk1.genblk1.lut2 (4 -> 1)
  Optimizing lut $abc$18818$lut$aiger18817$485.genblk1.genblk1.genblk1.genblk1.genblk1.genblk1.lut3 (4 -> 1)
  Optimizing lut $abc$18818$lut$aiger18817$495.genblk1.genblk1.genblk1.genblk1.genblk1.genblk1.genblk1.lut2 (4 -> 0)
  Optimizing lut $abc$18818$lut$aiger18817$495.genblk1.genblk1.genblk1.genblk1.genblk1.genblk1.genblk1.lut3 (4 -> 0)
  Optimizing lut $abc$18818$lut$aiger18817$495.genblk1.genblk1.genblk1.genblk1.genblk1.genblk1.genblk1.lut4 (4 -> 1)
  Optimizing lut $abc$18818$lut$aiger18817$495.genblk1.genblk1.genblk1.genblk1.genblk1.genblk1.genblk1.lut5 (4 -> 1)
  Optimizing lut $abc$18818$lut$aiger18817$495.genblk1.genblk1.genblk1.genblk1.genblk1.genblk1.genblk1.lut6 (4 -> 0)
  Optimizing lut $abc$18818$lut$aiger18817$495.genblk1.genblk1.genblk1.genblk1.genblk1.genblk1.genblk1.lut7 (4 -> 0)
  Optimizing lut $auto$abc_ops_reintegrate.cc:655:reintegrate$18875.genblk1.genblk1.genblk1.genblk1.genblk1.genblk1.genblk1.lut1 (4 -> 1)
  Optimizing lut $auto$abc_ops_reintegrate.cc:655:reintegrate$18875.genblk1.genblk1.genblk1.genblk1.genblk1.genblk1.genblk1.lut2 (4 -> 1)
  Optimizing lut $auto$abc_ops_reintegrate.cc:655:reintegrate$18875.genblk1.genblk1.genblk1.genblk1.genblk1.genblk1.genblk1.lut3 (4 -> 0)
  Optimizing lut $auto$abc_ops_reintegrate.cc:655:reintegrate$18875.genblk1.genblk1.genblk1.genblk1.genblk1.genblk1.genblk1.lut7 (4 -> 3)
  Optimizing lut $auto$abc_ops_reintegrate.cc:655:reintegrate$18876.genblk1.genblk1.genblk1.genblk1.genblk1.genblk1.genblk1.lut1 (4 -> 1)
  Optimizing lut $auto$abc_ops_reintegrate.cc:655:reintegrate$18876.genblk1.genblk1.genblk1.genblk1.genblk1.genblk1.genblk1.lut2 (4 -> 1)
  Optimizing lut $auto$abc_ops_reintegrate.cc:655:reintegrate$18876.genblk1.genblk1.genblk1.genblk1.genblk1.genblk1.genblk1.lut3 (4 -> 0)
  Optimizing lut $auto$abc_ops_reintegrate.cc:655:reintegrate$18876.genblk1.genblk1.genblk1.genblk1.genblk1.genblk1.genblk1.lut7 (4 -> 3)
  Optimizing lut $auto$abc_ops_reintegrate.cc:655:reintegrate$18877.genblk1.genblk1.genblk1.genblk1.genblk1.genblk1.genblk1.lut1 (4 -> 1)
  Optimizing lut $auto$abc_ops_reintegrate.cc:655:reintegrate$18877.genblk1.genblk1.genblk1.genblk1.genblk1.genblk1.genblk1.lut2 (4 -> 1)
  Optimizing lut $auto$abc_ops_reintegrate.cc:655:reintegrate$18877.genblk1.genblk1.genblk1.genblk1.genblk1.genblk1.genblk1.lut3 (4 -> 0)
  Optimizing lut $auto$abc_ops_reintegrate.cc:655:reintegrate$18877.genblk1.genblk1.genblk1.genblk1.genblk1.genblk1.genblk1.lut7 (4 -> 3)
  Optimizing lut $auto$abc_ops_reintegrate.cc:655:reintegrate$18878.genblk1.genblk1.genblk1.genblk1.genblk1.genblk1.genblk1.lut1 (4 -> 1)
  Optimizing lut $auto$abc_ops_reintegrate.cc:655:reintegrate$18878.genblk1.genblk1.genblk1.genblk1.genblk1.genblk1.genblk1.lut2 (4 -> 1)
  Optimizing lut $auto$abc_ops_reintegrate.cc:655:reintegrate$18878.genblk1.genblk1.genblk1.genblk1.genblk1.genblk1.genblk1.lut3 (4 -> 0)
  Optimizing lut $auto$abc_ops_reintegrate.cc:655:reintegrate$18878.genblk1.genblk1.genblk1.genblk1.genblk1.genblk1.genblk1.lut7 (4 -> 3)
  Optimizing lut $auto$abc_ops_reintegrate.cc:655:reintegrate$18879.genblk1.genblk1.genblk1.genblk1.genblk1.genblk1.genblk1.lut1 (4 -> 1)
  Optimizing lut $auto$abc_ops_reintegrate.cc:655:reintegrate$18879.genblk1.genblk1.genblk1.genblk1.genblk1.genblk1.genblk1.lut2 (4 -> 1)
  Optimizing lut $auto$abc_ops_reintegrate.cc:655:reintegrate$18879.genblk1.genblk1.genblk1.genblk1.genblk1.genblk1.genblk1.lut3 (4 -> 0)
  Optimizing lut $auto$abc_ops_reintegrate.cc:655:reintegrate$18879.genblk1.genblk1.genblk1.genblk1.genblk1.genblk1.genblk1.lut7 (4 -> 3)
  Optimizing lut $auto$abc_ops_reintegrate.cc:655:reintegrate$18880.genblk1.genblk1.genblk1.genblk1.genblk1.genblk1.genblk1.lut2 (4 -> 1)
  Optimizing lut $auto$abc_ops_reintegrate.cc:655:reintegrate$18880.genblk1.genblk1.genblk1.genblk1.genblk1.genblk1.genblk1.lut3 (4 -> 3)
  Optimizing lut $auto$abc_ops_reintegrate.cc:655:reintegrate$18880.genblk1.genblk1.genblk1.genblk1.genblk1.genblk1.genblk1.lut4 (4 -> 2)
  Optimizing lut $auto$abc_ops_reintegrate.cc:655:reintegrate$18880.genblk1.genblk1.genblk1.genblk1.genblk1.genblk1.genblk1.lut5 (4 -> 2)
  Optimizing lut $auto$abc_ops_reintegrate.cc:655:reintegrate$18880.genblk1.genblk1.genblk1.genblk1.genblk1.genblk1.genblk1.lut6 (4 -> 2)
  Optimizing lut $auto$abc_ops_reintegrate.cc:655:reintegrate$18881.genblk1.genblk1.genblk1.genblk1.genblk1.genblk1.genblk1.lut1 (4 -> 1)
  Optimizing lut $auto$abc_ops_reintegrate.cc:655:reintegrate$18881.genblk1.genblk1.genblk1.genblk1.genblk1.genblk1.genblk1.lut2 (4 -> 1)
  Optimizing lut $auto$abc_ops_reintegrate.cc:655:reintegrate$18881.genblk1.genblk1.genblk1.genblk1.genblk1.genblk1.genblk1.lut3 (4 -> 2)
  Optimizing lut $auto$abc_ops_reintegrate.cc:655:reintegrate$18881.genblk1.genblk1.genblk1.genblk1.genblk1.genblk1.genblk1.lut4 (4 -> 3)
  Optimizing lut $auto$abc_ops_reintegrate.cc:655:reintegrate$18881.genblk1.genblk1.genblk1.genblk1.genblk1.genblk1.genblk1.lut5 (4 -> 3)
  Optimizing lut $auto$abc_ops_reintegrate.cc:655:reintegrate$18881.genblk1.genblk1.genblk1.genblk1.genblk1.genblk1.genblk1.lut6 (4 -> 3)
  Optimizing lut $auto$abc_ops_reintegrate.cc:655:reintegrate$18882.genblk1.genblk1.genblk1.genblk1.genblk1.genblk1.genblk1.lut1 (4 -> 1)
  Optimizing lut $auto$abc_ops_reintegrate.cc:655:reintegrate$18882.genblk1.genblk1.genblk1.genblk1.genblk1.genblk1.genblk1.lut2 (4 -> 1)
  Optimizing lut $auto$abc_ops_reintegrate.cc:655:reintegrate$18882.genblk1.genblk1.genblk1.genblk1.genblk1.genblk1.genblk1.lut3 (4 -> 0)
  Optimizing lut $auto$abc_ops_reintegrate.cc:655:reintegrate$18882.genblk1.genblk1.genblk1.genblk1.genblk1.genblk1.genblk1.lut7 (4 -> 3)
  Optimizing lut $auto$abc_ops_reintegrate.cc:655:reintegrate$18883.genblk1.genblk1.genblk1.genblk1.genblk1.genblk1.genblk1.lut2 (4 -> 1)
  Optimizing lut $auto$abc_ops_reintegrate.cc:655:reintegrate$18883.genblk1.genblk1.genblk1.genblk1.genblk1.genblk1.genblk1.lut3 (4 -> 0)
  Optimizing lut $auto$abc_ops_reintegrate.cc:655:reintegrate$18883.genblk1.genblk1.genblk1.genblk1.genblk1.genblk1.genblk1.lut7 (4 -> 3)
  Optimizing lut $auto$abc_ops_reintegrate.cc:655:reintegrate$18884.genblk1.genblk1.genblk1.genblk1.genblk1.genblk1.genblk1.lut2 (4 -> 1)
  Optimizing lut $auto$abc_ops_reintegrate.cc:655:reintegrate$18884.genblk1.genblk1.genblk1.genblk1.genblk1.genblk1.genblk1.lut3 (4 -> 0)
  Optimizing lut $auto$abc_ops_reintegrate.cc:655:reintegrate$18884.genblk1.genblk1.genblk1.genblk1.genblk1.genblk1.genblk1.lut7 (4 -> 3)
  Optimizing lut $auto$abc_ops_reintegrate.cc:655:reintegrate$18885.genblk1.genblk1.genblk1.genblk1.genblk1.genblk1.lut2 (4 -> 3)
  Optimizing lut $auto$abc_ops_reintegrate.cc:655:reintegrate$18886.genblk1.genblk1.genblk1.genblk1.genblk1.genblk1.genblk1.lut2 (4 -> 1)
  Optimizing lut $auto$abc_ops_reintegrate.cc:655:reintegrate$18886.genblk1.genblk1.genblk1.genblk1.genblk1.genblk1.genblk1.lut3 (4 -> 0)
  Optimizing lut $auto$abc_ops_reintegrate.cc:655:reintegrate$18886.genblk1.genblk1.genblk1.genblk1.genblk1.genblk1.genblk1.lut7 (4 -> 3)
  Optimizing lut $auto$abc_ops_reintegrate.cc:655:reintegrate$18887.genblk1.genblk1.genblk1.genblk1.genblk1.genblk1.genblk1.lut2 (4 -> 1)
  Optimizing lut $auto$abc_ops_reintegrate.cc:655:reintegrate$18887.genblk1.genblk1.genblk1.genblk1.genblk1.genblk1.genblk1.lut3 (4 -> 0)
  Optimizing lut $auto$abc_ops_reintegrate.cc:655:reintegrate$18887.genblk1.genblk1.genblk1.genblk1.genblk1.genblk1.genblk1.lut7 (4 -> 3)
  Optimizing lut $auto$abc_ops_reintegrate.cc:655:reintegrate$18888.genblk1.genblk1.genblk1.genblk1.genblk1.genblk1.genblk1.lut2 (4 -> 1)
  Optimizing lut $auto$abc_ops_reintegrate.cc:655:reintegrate$18888.genblk1.genblk1.genblk1.genblk1.genblk1.genblk1.genblk1.lut3 (4 -> 3)
  Optimizing lut $auto$abc_ops_reintegrate.cc:655:reintegrate$18888.genblk1.genblk1.genblk1.genblk1.genblk1.genblk1.genblk1.lut4 (4 -> 2)
  Optimizing lut $auto$abc_ops_reintegrate.cc:655:reintegrate$18888.genblk1.genblk1.genblk1.genblk1.genblk1.genblk1.genblk1.lut5 (4 -> 2)
  Optimizing lut $auto$abc_ops_reintegrate.cc:655:reintegrate$18888.genblk1.genblk1.genblk1.genblk1.genblk1.genblk1.genblk1.lut6 (4 -> 2)
  Optimizing lut $abc$18818$lut$aiger18817$973.genblk1.genblk1.genblk1.genblk1.genblk1.genblk1.lut1 (4 -> 0)
  Optimizing lut $abc$18818$lut$aiger18817$973.genblk1.genblk1.genblk1.genblk1.genblk1.genblk1.lut2 (4 -> 0)
  Optimizing lut $abc$18818$lut$aiger18817$935.genblk1.genblk1.genblk1.genblk1.genblk1.genblk1.lut2 (4 -> 1)
  Optimizing lut $abc$18818$lut$aiger18817$935.genblk1.genblk1.genblk1.genblk1.genblk1.genblk1.lut3 (4 -> 1)
  Optimizing lut $abc$18818$lut$aiger18817$945.genblk1.genblk1.genblk1.genblk1.genblk1.genblk1.genblk1.lut2 (4 -> 0)
  Optimizing lut $abc$18818$lut$aiger18817$945.genblk1.genblk1.genblk1.genblk1.genblk1.genblk1.genblk1.lut3 (4 -> 0)
  Optimizing lut $abc$18818$lut$aiger18817$945.genblk1.genblk1.genblk1.genblk1.genblk1.genblk1.genblk1.lut4 (4 -> 1)
  Optimizing lut $abc$18818$lut$aiger18817$945.genblk1.genblk1.genblk1.genblk1.genblk1.genblk1.genblk1.lut5 (4 -> 1)
  Optimizing lut $abc$18818$lut$aiger18817$945.genblk1.genblk1.genblk1.genblk1.genblk1.genblk1.genblk1.lut6 (4 -> 0)
  Optimizing lut $abc$18818$lut$aiger18817$945.genblk1.genblk1.genblk1.genblk1.genblk1.genblk1.genblk1.lut7 (4 -> 0)
  Optimizing lut $abc$18818$lut$aiger$o871.genblk1.genblk1.genblk1.genblk1.genblk1.lut1 (4 -> 3)
  Optimizing lut $abc$18818$lut$aiger18817$748.genblk1.genblk1.genblk1.genblk1.genblk1.genblk1.lut0 (4 -> 0)
  Optimizing lut $abc$18818$lut$aiger18817$1152.genblk1.genblk1.genblk1.genblk1.genblk1.lut0 (4 -> 0)
  Optimizing lut $auto$abc_ops_reintegrate.cc:655:reintegrate$18885.genblk1.genblk1.genblk1.genblk1.genblk1.genblk1.lut1 (4 -> 2)
  Optimizing lut $auto$abc_ops_reintegrate.cc:655:reintegrate$18831.genblk1.genblk1.genblk1.genblk1.genblk1.genblk1.lut1 (4 -> 2)
  Optimizing lut $abc$18818$lut$aiger$o723.genblk1.genblk1.genblk1.genblk1.genblk1.lut1 (4 -> 3)
  Optimizing lut $auto$abc_ops_reintegrate.cc:655:reintegrate$18830.genblk1.genblk1.genblk1.genblk1.genblk1.genblk1.genblk1.lut1 (4 -> 1)
  Optimizing lut $abc$18818$lut$aiger18817$945.genblk1.genblk1.genblk1.genblk1.genblk1.genblk1.genblk1.lut1 (4 -> 1)
  Optimizing lut $auto$abc_ops_reintegrate.cc:655:reintegrate$18846.genblk1.genblk1.genblk1.genblk1.genblk1.genblk1.lut1 (4 -> 2)
  Optimizing lut $auto$abc_ops_reintegrate.cc:655:reintegrate$18845.genblk1.genblk1.genblk1.genblk1.genblk1.genblk1.genblk1.lut1 (4 -> 1)
  Optimizing lut $auto$abc_ops_reintegrate.cc:655:reintegrate$18832.genblk1.genblk1.genblk1.genblk1.genblk1.genblk1.genblk1.lut1 (4 -> 1)
  Optimizing lut $abc$18818$lut$aiger18817$935.genblk1.genblk1.genblk1.genblk1.genblk1.genblk1.lut1 (4 -> 0)
  Optimizing lut $auto$abc_ops_reintegrate.cc:655:reintegrate$18883.genblk1.genblk1.genblk1.genblk1.genblk1.genblk1.genblk1.lut1 (4 -> 1)
  Optimizing lut $auto$abc_ops_reintegrate.cc:655:reintegrate$18847.genblk1.genblk1.genblk1.genblk1.genblk1.genblk1.genblk1.lut1 (4 -> 1)
  Optimizing lut $abc$18818$lut$aiger18817$1246.genblk1.genblk1.genblk1.genblk1.genblk1.lut0 (4 -> 0)
  Optimizing lut $abc$18818$lut$aiger18817$973.genblk1.genblk1.genblk1.genblk1.genblk1.genblk1.lut0 (4 -> 0)
  Optimizing lut $auto$abc_ops_reintegrate.cc:655:reintegrate$18886.genblk1.genblk1.genblk1.genblk1.genblk1.genblk1.genblk1.lut1 (4 -> 1)
  Optimizing lut $abc$18818$lut$aiger18817$710.genblk1.genblk1.genblk1.genblk1.genblk1.genblk1.lut1 (4 -> 0)
  Optimizing lut $auto$abc_ops_reintegrate.cc:655:reintegrate$18848.genblk1.genblk1.genblk1.genblk1.genblk1.genblk1.genblk1.lut1 (4 -> 1)
  Optimizing lut $abc$18818$lut$aiger18817$1020.genblk1.genblk1.genblk1.genblk1.genblk1.lut1 (4 -> 1)
  Optimizing lut $abc$18818$lut$aiger18817$945.genblk1.genblk1.genblk1.genblk1.genblk1.genblk1.genblk1.lut0 (4 -> 1)
  Optimizing lut $abc$18818$lut$aiger18817$1208.genblk1.genblk1.genblk1.genblk1.genblk1.lut0 (4 -> 0)
  Optimizing lut $abc$18818$lut$aiger$o1028.genblk1.genblk1.genblk1.genblk1.genblk1.lut1 (4 -> 0)
  Optimizing lut $abc$18818$lut$aiger18817$720.genblk1.genblk1.genblk1.genblk1.genblk1.genblk1.genblk1.lut1 (4 -> 1)
  Optimizing lut $auto$abc_ops_reintegrate.cc:655:reintegrate$18887.genblk1.genblk1.genblk1.genblk1.genblk1.genblk1.genblk1.lut1 (4 -> 1)
  Optimizing lut $auto$abc_ops_reintegrate.cc:655:reintegrate$18834.genblk1.genblk1.genblk1.genblk1.genblk1.genblk1.genblk1.lut1 (4 -> 1)
  Optimizing lut $auto$abc_ops_reintegrate.cc:655:reintegrate$18880.genblk1.genblk1.genblk1.genblk1.genblk1.genblk1.genblk1.lut1 (4 -> 1)
  Optimizing lut $abc$18818$lut$aiger18817$720.genblk1.genblk1.genblk1.genblk1.genblk1.genblk1.genblk1.lut0 (4 -> 1)
  Optimizing lut $auto$abc_ops_reintegrate.cc:655:reintegrate$18849.genblk1.genblk1.genblk1.genblk1.genblk1.genblk1.genblk1.lut1 (4 -> 1)
  Optimizing lut $auto$abc_ops_reintegrate.cc:655:reintegrate$18884.genblk1.genblk1.genblk1.genblk1.genblk1.genblk1.genblk1.lut1 (4 -> 1)
  Optimizing lut $auto$abc_ops_reintegrate.cc:655:reintegrate$18888.genblk1.genblk1.genblk1.genblk1.genblk1.genblk1.genblk1.lut1 (4 -> 1)
  Optimizing lut $auto$abc_ops_reintegrate.cc:655:reintegrate$18833.genblk1.genblk1.genblk1.genblk1.genblk1.genblk1.genblk1.lut1 (4 -> 1)
  Optimizing lut $auto$abc_ops_reintegrate.cc:655:reintegrate$18877.genblk1.genblk1.genblk1.genblk1.genblk1.genblk1.genblk1.lut0 (4 -> 1)
  Optimizing lut $auto$abc_ops_reintegrate.cc:655:reintegrate$18838.genblk1.genblk1.genblk1.genblk1.genblk1.genblk1.genblk1.lut0 (4 -> 1)
  Optimizing lut $auto$abc_ops_reintegrate.cc:655:reintegrate$18825.genblk1.genblk1.genblk1.genblk1.genblk1.genblk1.genblk1.lut0 (4 -> 1)
  Optimizing lut $auto$abc_ops_reintegrate.cc:655:reintegrate$18855.genblk1.genblk1.genblk1.genblk1.genblk1.genblk1.genblk1.lut0 (4 -> 1)
  Optimizing lut $auto$abc_ops_reintegrate.cc:655:reintegrate$18875.genblk1.genblk1.genblk1.genblk1.genblk1.genblk1.genblk1.lut0 (4 -> 1)
  Optimizing lut $auto$abc_ops_reintegrate.cc:655:reintegrate$18842.genblk1.genblk1.genblk1.genblk1.genblk1.genblk1.genblk1.lut0 (4 -> 1)
  Optimizing lut $auto$abc_ops_reintegrate.cc:655:reintegrate$18843.genblk1.genblk1.genblk1.genblk1.genblk1.genblk1.genblk1.lut0 (4 -> 1)
  Optimizing lut $auto$abc_ops_reintegrate.cc:655:reintegrate$18845.genblk1.genblk1.genblk1.genblk1.genblk1.genblk1.genblk1.lut0 (4 -> 1)
  Optimizing lut $auto$abc_ops_reintegrate.cc:655:reintegrate$18846.genblk1.genblk1.genblk1.genblk1.genblk1.genblk1.lut0 (4 -> 1)
  Optimizing lut $auto$abc_ops_reintegrate.cc:655:reintegrate$18847.genblk1.genblk1.genblk1.genblk1.genblk1.genblk1.genblk1.lut0 (4 -> 1)
  Optimizing lut $auto$abc_ops_reintegrate.cc:655:reintegrate$18848.genblk1.genblk1.genblk1.genblk1.genblk1.genblk1.genblk1.lut0 (4 -> 1)
  Optimizing lut $auto$abc_ops_reintegrate.cc:655:reintegrate$18849.genblk1.genblk1.genblk1.genblk1.genblk1.genblk1.genblk1.lut0 (4 -> 1)
  Optimizing lut $auto$abc_ops_reintegrate.cc:655:reintegrate$18852.genblk1.genblk1.genblk1.genblk1.genblk1.genblk1.genblk1.lut0 (4 -> 1)
  Optimizing lut $auto$abc_ops_reintegrate.cc:655:reintegrate$18840.genblk1.genblk1.genblk1.genblk1.genblk1.genblk1.genblk1.lut0 (4 -> 1)
  Optimizing lut $auto$abc_ops_reintegrate.cc:655:reintegrate$18844.genblk1.genblk1.genblk1.genblk1.genblk1.genblk1.genblk1.lut0 (4 -> 1)
  Optimizing lut $auto$abc_ops_reintegrate.cc:655:reintegrate$18821.genblk1.genblk1.genblk1.genblk1.genblk1.genblk1.genblk1.lut0 (4 -> 1)
  Optimizing lut $auto$abc_ops_reintegrate.cc:655:reintegrate$18841.genblk1.genblk1.genblk1.genblk1.genblk1.genblk1.genblk1.lut0 (4 -> 1)
  Optimizing lut $auto$abc_ops_reintegrate.cc:655:reintegrate$18880.genblk1.genblk1.genblk1.genblk1.genblk1.genblk1.genblk1.lut0 (4 -> 1)
  Optimizing lut $auto$abc_ops_reintegrate.cc:655:reintegrate$18882.genblk1.genblk1.genblk1.genblk1.genblk1.genblk1.genblk1.lut0 (4 -> 1)
  Optimizing lut $auto$abc_ops_reintegrate.cc:655:reintegrate$18858.genblk1.genblk1.genblk1.genblk1.genblk1.genblk1.genblk1.lut0 (4 -> 1)
  Optimizing lut $auto$abc_ops_reintegrate.cc:655:reintegrate$18862.genblk1.genblk1.genblk1.genblk1.genblk1.lut1 (4 -> 0)
  Optimizing lut $auto$abc_ops_reintegrate.cc:655:reintegrate$18852.genblk1.genblk1.genblk1.genblk1.genblk1.genblk1.genblk1.lut1 (4 -> 1)
  Optimizing lut $auto$abc_ops_reintegrate.cc:655:reintegrate$18829.genblk1.genblk1.genblk1.genblk1.genblk1.genblk1.genblk1.lut0 (4 -> 1)
  Optimizing lut $auto$abc_ops_reintegrate.cc:655:reintegrate$18873.genblk1.genblk1.genblk1.genblk1.genblk1.lut1 (4 -> 0)
  Optimizing lut $auto$abc_ops_reintegrate.cc:655:reintegrate$18822.genblk1.genblk1.genblk1.genblk1.genblk1.genblk1.genblk1.lut0 (4 -> 1)
  Optimizing lut $auto$abc_ops_reintegrate.cc:655:reintegrate$18868.genblk1.genblk1.genblk1.genblk1.genblk1.lut1 (4 -> 0)
  Optimizing lut $auto$abc_ops_reintegrate.cc:655:reintegrate$18887.genblk1.genblk1.genblk1.genblk1.genblk1.genblk1.genblk1.lut0 (4 -> 1)
  Optimizing lut $auto$abc_ops_reintegrate.cc:655:reintegrate$18885.genblk1.genblk1.genblk1.genblk1.genblk1.genblk1.lut0 (4 -> 1)
  Optimizing lut $abc$18818$lut$aiger18817$485.genblk1.genblk1.genblk1.genblk1.genblk1.genblk1.lut1 (4 -> 0)
  Optimizing lut $abc$18818$lut$aiger18817$495.genblk1.genblk1.genblk1.genblk1.genblk1.genblk1.genblk1.lut0 (4 -> 1)
  Optimizing lut $auto$abc_ops_reintegrate.cc:655:reintegrate$18834.genblk1.genblk1.genblk1.genblk1.genblk1.genblk1.genblk1.lut0 (4 -> 1)
  Optimizing lut $auto$abc_ops_reintegrate.cc:655:reintegrate$18835.genblk1.genblk1.genblk1.genblk1.genblk1.lut0 (4 -> 3)
  Optimizing lut $auto$abc_ops_reintegrate.cc:655:reintegrate$18836.genblk1.genblk1.genblk1.genblk1.genblk1.genblk1.genblk1.lut0 (4 -> 1)
  Optimizing lut $auto$abc_ops_reintegrate.cc:655:reintegrate$18837.genblk1.genblk1.genblk1.genblk1.genblk1.genblk1.genblk1.lut0 (4 -> 1)
  Optimizing lut $auto$abc_ops_reintegrate.cc:655:reintegrate$18820.genblk1.genblk1.genblk1.genblk1.genblk1.lut0 (4 -> 3)
  Optimizing lut $auto$abc_ops_reintegrate.cc:655:reintegrate$18858.genblk1.genblk1.genblk1.genblk1.genblk1.genblk1.genblk1.lut1 (4 -> 1)
  Optimizing lut $abc$18818$lut$aiger18817$495.genblk1.genblk1.genblk1.genblk1.genblk1.genblk1.genblk1.lut1 (4 -> 1)
  Optimizing lut $auto$abc_ops_reintegrate.cc:655:reintegrate$18888.genblk1.genblk1.genblk1.genblk1.genblk1.genblk1.genblk1.lut0 (4 -> 1)
  Optimizing lut $auto$abc_ops_reintegrate.cc:655:reintegrate$18855.genblk1.genblk1.genblk1.genblk1.genblk1.genblk1.genblk1.lut1 (4 -> 1)
  Optimizing lut $auto$abc_ops_reintegrate.cc:655:reintegrate$18831.genblk1.genblk1.genblk1.genblk1.genblk1.genblk1.lut0 (4 -> 1)
  Optimizing lut $auto$abc_ops_reintegrate.cc:655:reintegrate$18832.genblk1.genblk1.genblk1.genblk1.genblk1.genblk1.genblk1.lut0 (4 -> 1)
  Optimizing lut $auto$abc_ops_reintegrate.cc:655:reintegrate$18833.genblk1.genblk1.genblk1.genblk1.genblk1.genblk1.genblk1.lut0 (4 -> 1)
  Optimizing lut $auto$abc_ops_reintegrate.cc:655:reintegrate$18827.genblk1.genblk1.genblk1.genblk1.genblk1.genblk1.genblk1.lut0 (4 -> 1)
  Optimizing lut $auto$abc_ops_reintegrate.cc:655:reintegrate$18826.genblk1.genblk1.genblk1.genblk1.genblk1.genblk1.genblk1.lut0 (4 -> 1)
  Optimizing lut $auto$abc_ops_reintegrate.cc:655:reintegrate$18824.genblk1.genblk1.genblk1.genblk1.genblk1.genblk1.genblk1.lut0 (4 -> 1)
  Optimizing lut $auto$abc_ops_reintegrate.cc:655:reintegrate$18823.genblk1.genblk1.genblk1.genblk1.genblk1.genblk1.genblk1.lut0 (4 -> 1)
  Optimizing lut $auto$abc_ops_reintegrate.cc:655:reintegrate$18839.genblk1.genblk1.genblk1.genblk1.genblk1.genblk1.genblk1.lut0 (4 -> 1)
  Optimizing lut $abc$18818$lut$aiger18817$523.genblk1.genblk1.genblk1.genblk1.genblk1.genblk1.lut0 (4 -> 0)
  Optimizing lut $auto$abc_ops_reintegrate.cc:655:reintegrate$18886.genblk1.genblk1.genblk1.genblk1.genblk1.genblk1.genblk1.lut0 (4 -> 1)
  Optimizing lut $auto$abc_ops_reintegrate.cc:655:reintegrate$18884.genblk1.genblk1.genblk1.genblk1.genblk1.genblk1.genblk1.lut0 (4 -> 1)
  Optimizing lut $auto$abc_ops_reintegrate.cc:655:reintegrate$18883.genblk1.genblk1.genblk1.genblk1.genblk1.genblk1.genblk1.lut0 (4 -> 1)
  Optimizing lut $auto$abc_ops_reintegrate.cc:655:reintegrate$18830.genblk1.genblk1.genblk1.genblk1.genblk1.genblk1.genblk1.lut0 (4 -> 1)
  Optimizing lut $auto$abc_ops_reintegrate.cc:655:reintegrate$18828.genblk1.genblk1.genblk1.genblk1.genblk1.genblk1.genblk1.lut0 (4 -> 1)
  Optimizing lut $auto$abc_ops_reintegrate.cc:655:reintegrate$18881.genblk1.genblk1.genblk1.genblk1.genblk1.genblk1.genblk1.lut0 (4 -> 1)
  Optimizing lut $auto$abc_ops_reintegrate.cc:655:reintegrate$18879.genblk1.genblk1.genblk1.genblk1.genblk1.genblk1.genblk1.lut0 (4 -> 1)
  Optimizing lut $auto$abc_ops_reintegrate.cc:655:reintegrate$18878.genblk1.genblk1.genblk1.genblk1.genblk1.genblk1.genblk1.lut0 (4 -> 1)
  Optimizing lut $auto$abc_ops_reintegrate.cc:655:reintegrate$18874.genblk1.genblk1.genblk1.genblk1.genblk1.lut0 (4 -> 3)
  Optimizing lut $auto$abc_ops_reintegrate.cc:655:reintegrate$18876.genblk1.genblk1.genblk1.genblk1.genblk1.genblk1.genblk1.lut0 (4 -> 1)
Removed 0 unused cells and 774 unused wires.

4.49. Executing AUTONAME pass.
Renamed 2302 objects in module axi_write_state_bank.
<suppressed ~2302 debug messages>

4.50. Executing HIERARCHY pass (managing design hierarchy).
Attribute `top' found on module `axi_write_state_bank'. Setting top module to axi_write_state_bank.

4.50.1. Analyzing design hierarchy..
Top module:  \axi_write_state_bank

4.50.2. Analyzing design hierarchy..
Top module:  \axi_write_state_bank
Removed 0 unused modules.

4.51. Printing statistics.

=== axi_write_state_bank ===

        +----------Local Count, excluding submodules.
        |
     1123 wires
     1823 wire bits
     1123 public wires
     1823 public wire bits
       26 ports
      242 port bits
     1234 submodules
       39   CCU2C
      147   L6MUX21
      706   LUT4
      225   PFUMX
      117   TRELLIS_FF

=== design hierarchy ===

        +----------Count including submodules.
        |
        - axi_write_state_bank

        +----------Count including submodules.
        |
     1123 wires
     1823 wire bits
     1123 public wires
     1823 public wire bits
       26 ports
      242 port bits
        - memories
        - memory bits
        - processes
        - cells
     1234 submodules
       39   CCU2C
      147   L6MUX21
      706   LUT4
      225   PFUMX
      117   TRELLIS_FF

4.52. Executing CHECK pass (checking for obvious problems).
Checking module axi_write_state_bank...
Found and reported 0 problems.

4.53. Executing JSON backend.

5. Printing statistics.

=== axi_write_state_bank ===

        +----------Local Count, excluding submodules.
        |
     1123 wires
     1823 wire bits
     1123 public wires
     1823 public wire bits
       26 ports
      242 port bits
     1234 cells
       39   CCU2C
      147   L6MUX21
      706   LUT4
      225   PFUMX
      117   TRELLIS_FF

Warnings: 3 unique messages, 3 total
Warnings: 1 experimental features used (not excluded with -x).
End of script. Logfile hash: febd2acc58, time: 0.95s, user: 0.65s, system: 0.05s, MEM: 60.28 MB peak
Yosys 0.69+75 (git sha1 f0b945f63-dirty, Release, Clang /usr/local/osxcross/target/bin/aarch64-apple-darwin25.5-clang++ 21.1.8)
Time spent: 33% 23x read_verilog (0 sec), 23% 1x abc9_exe (0 sec), ...
