===== check_env.sh =====
timestamp=2026-09-23T00:08:35Z
uname=Darwin MacBook-Pro.local 25.4.0 Darwin Kernel Version 25.4.0: Thu Mar 19 19:31:17 PDT 2026; root:xnu-12377.101.15~1/RELEASE_ARM64_T6020 arm64
machine=arm64
ProductName:		macOS
ProductVersion:		26.4.1
BuildVersion:		25E253
shell=/bin/zsh
--- python3 ---
/Users/Dilan/Projects/fabric-under-pressure/.venv/bin/python3
Python 3.11.6
--- pip3 ---
/Users/Dilan/Projects/fabric-under-pressure/.venv/bin/pip3
pip 26.2.1 from /Users/Dilan/Projects/fabric-under-pressure/.venv/lib/python3.11/site-packages/pip (python 3.11)
--- git ---
/opt/homebrew/bin/git
git version 2.44.0
--- verilator ---
/Users/Dilan/eda/fabric-under-pressure/oss-cad-suite/bin/verilator
Verilator 5.053 devel rev v5.052-119-g014c9820d (mod)
--- yosys ---
/Users/Dilan/eda/fabric-under-pressure/oss-cad-suite/bin/yosys
Yosys 0.69+75 (git sha1 f0b945f63-dirty, Release, Clang /usr/local/osxcross/target/bin/aarch64-apple-darwin25.5-clang++ 21.1.8)
--- sby ---
/Users/Dilan/eda/fabric-under-pressure/oss-cad-suite/bin/sby
SBY v0.69
--- nextpnr-ecp5 ---
/Users/Dilan/eda/fabric-under-pressure/oss-cad-suite/bin/nextpnr-ecp5
"nextpnr-ecp5" -- Next Generation Place and Route (Version nextpnr-0.11.1-30-g3e53a0bf)
--- ecppack ---
/Users/Dilan/eda/fabric-under-pressure/oss-cad-suite/bin/ecppack
Version 1.4-82-g3afe7b5
--- slang ---
/Users/Dilan/eda/fabric-under-pressure/oss-cad-suite/bin/slang
slang version 11.0.448+e222e7dc0
===== run_smoke_sv.sh =====
- V e r i l a t i o n   R e p o r t: Verilator 5.053 devel rev v5.052-119-g014c9820d (mod)
- Verilator: Built from 0.037 MB sources in 5 modules, into 0.029 MB in 3 C++ files needing 0.000 MB
- Verilator: Walltime 0.045 s (elab=0.010, cvt=0.016, bld=0.000); cpu 0.016 s on 1 threads; allocated 11.609 MB

Build succeeded: 0 errors, 0 warnings

-- Running command `read_verilog -sv /Users/Dilan/Projects/fabric-under-pressure/smoke/sv_features.sv; hierarchy -top sv_features; proc; check' --

1. Executing Verilog-2005 frontend: /Users/Dilan/Projects/fabric-under-pressure/smoke/sv_features.sv
Parsing SystemVerilog input from `/Users/Dilan/Projects/fabric-under-pressure/smoke/sv_features.sv' to AST representation.
Generating RTLIL representation for module `\smoke_lane'.
Generating RTLIL representation for module `\sv_features'.
Warning: wire '\in_p[0].data' is assigned in a block at /Users/Dilan/Projects/fabric-under-pressure/smoke/sv_features.sv:45.7-45.32.
Warning: wire '\in_p[0].valid' is assigned in a block at /Users/Dilan/Projects/fabric-under-pressure/smoke/sv_features.sv:46.7-46.33.
Warning: wire '\in_p[1].data' is assigned in a block at /Users/Dilan/Projects/fabric-under-pressure/smoke/sv_features.sv:45.7-45.32.
Warning: wire '\in_p[1].valid' is assigned in a block at /Users/Dilan/Projects/fabric-under-pressure/smoke/sv_features.sv:46.7-46.33.
Warning: wire '\in_p[2].data' is assigned in a block at /Users/Dilan/Projects/fabric-under-pressure/smoke/sv_features.sv:45.7-45.32.
Warning: wire '\in_p[2].valid' is assigned in a block at /Users/Dilan/Projects/fabric-under-pressure/smoke/sv_features.sv:46.7-46.33.
Warning: wire '\in_p[3].data' is assigned in a block at /Users/Dilan/Projects/fabric-under-pressure/smoke/sv_features.sv:45.7-45.32.
Warning: wire '\in_p[3].valid' is assigned in a block at /Users/Dilan/Projects/fabric-under-pressure/smoke/sv_features.sv:46.7-46.33.
/Users/Dilan/Projects/fabric-under-pressure/smoke/sv_features.sv:45: Warning: Identifier `\in_p[0].data' is implicitly declared.
/Users/Dilan/Projects/fabric-under-pressure/smoke/sv_features.sv:46: Warning: Identifier `\in_p[0].valid' is implicitly declared.
/Users/Dilan/Projects/fabric-under-pressure/smoke/sv_features.sv:47: Warning: Identifier `\out_p[0].data' is implicitly declared.
/Users/Dilan/Projects/fabric-under-pressure/smoke/sv_features.sv:48: Warning: Identifier `\out_p[0].valid' is implicitly declared.
/Users/Dilan/Projects/fabric-under-pressure/smoke/sv_features.sv:45: Warning: Identifier `\in_p[1].data' is implicitly declared.
/Users/Dilan/Projects/fabric-under-pressure/smoke/sv_features.sv:46: Warning: Identifier `\in_p[1].valid' is implicitly declared.
/Users/Dilan/Projects/fabric-under-pressure/smoke/sv_features.sv:47: Warning: Identifier `\out_p[1].data' is implicitly declared.
/Users/Dilan/Projects/fabric-under-pressure/smoke/sv_features.sv:48: Warning: Identifier `\out_p[1].valid' is implicitly declared.
/Users/Dilan/Projects/fabric-under-pressure/smoke/sv_features.sv:45: Warning: Identifier `\in_p[2].data' is implicitly declared.
/Users/Dilan/Projects/fabric-under-pressure/smoke/sv_features.sv:46: Warning: Identifier `\in_p[2].valid' is implicitly declared.
/Users/Dilan/Projects/fabric-under-pressure/smoke/sv_features.sv:47: Warning: Identifier `\out_p[2].data' is implicitly declared.
/Users/Dilan/Projects/fabric-under-pressure/smoke/sv_features.sv:48: Warning: Identifier `\out_p[2].valid' is implicitly declared.
/Users/Dilan/Projects/fabric-under-pressure/smoke/sv_features.sv:45: Warning: Identifier `\in_p[3].data' is implicitly declared.
/Users/Dilan/Projects/fabric-under-pressure/smoke/sv_features.sv:46: Warning: Identifier `\in_p[3].valid' is implicitly declared.
/Users/Dilan/Projects/fabric-under-pressure/smoke/sv_features.sv:47: Warning: Identifier `\out_p[3].data' is implicitly declared.
/Users/Dilan/Projects/fabric-under-pressure/smoke/sv_features.sv:48: Warning: Identifier `\out_p[3].valid' is implicitly declared.
Successfully finished Verilog frontend.

2. Executing HIERARCHY pass (managing design hierarchy).

2.1. Analyzing design hierarchy..
Top module:  \sv_features
Used module:     \smoke_lane
Parameter \INDEX = 3

2.2. Executing AST frontend in derive mode using pre-parsed AST for module `\smoke_lane'.
Parameter \INDEX = 3
Generating RTLIL representation for module `$paramod\smoke_lane\INDEX=s32'00000000000000000000000000000011'.
Parameter \INDEX = 2

2.3. Executing AST frontend in derive mode using pre-parsed AST for module `\smoke_lane'.
Parameter \INDEX = 2
Generating RTLIL representation for module `$paramod\smoke_lane\INDEX=s32'00000000000000000000000000000010'.
Parameter \INDEX = 1

2.4. Executing AST frontend in derive mode using pre-parsed AST for module `\smoke_lane'.
Parameter \INDEX = 1
Generating RTLIL representation for module `$paramod\smoke_lane\INDEX=s32'00000000000000000000000000000001'.
Parameter \INDEX = 0

2.5. Executing AST frontend in derive mode using pre-parsed AST for module `\smoke_lane'.
Parameter \INDEX = 0
Generating RTLIL representation for module `$paramod\smoke_lane\INDEX=s32'00000000000000000000000000000000'.

2.6. Analyzing design hierarchy..
Top module:  \sv_features
Used module:     $paramod\smoke_lane\INDEX=s32'00000000000000000000000000000011
Used module:     $paramod\smoke_lane\INDEX=s32'00000000000000000000000000000010
Used module:     $paramod\smoke_lane\INDEX=s32'00000000000000000000000000000001
Used module:     $paramod\smoke_lane\INDEX=s32'00000000000000000000000000000000

2.7. Analyzing design hierarchy..
Top module:  \sv_features
Used module:     $paramod\smoke_lane\INDEX=s32'00000000000000000000000000000011
Used module:     $paramod\smoke_lane\INDEX=s32'00000000000000000000000000000010
Used module:     $paramod\smoke_lane\INDEX=s32'00000000000000000000000000000001
Used module:     $paramod\smoke_lane\INDEX=s32'00000000000000000000000000000000
Removing unused module `\smoke_lane'.
Removed 1 unused modules.
Warning: Resizing cell port sv_features.g_lane[3].u_lane.out_p from 1 bits to 9 bits.
Warning: Resizing cell port sv_features.g_lane[3].u_lane.in_p from 1 bits to 9 bits.
Warning: Resizing cell port sv_features.g_lane[2].u_lane.out_p from 1 bits to 9 bits.
Warning: Resizing cell port sv_features.g_lane[2].u_lane.in_p from 1 bits to 9 bits.
Warning: Resizing cell port sv_features.g_lane[1].u_lane.out_p from 1 bits to 9 bits.
Warning: Resizing cell port sv_features.g_lane[1].u_lane.in_p from 1 bits to 9 bits.
Warning: Resizing cell port sv_features.g_lane[0].u_lane.out_p from 1 bits to 9 bits.
Warning: Resizing cell port sv_features.g_lane[0].u_lane.in_p from 1 bits to 9 bits.

3. Executing PROC pass (convert processes to netlists).

3.1. Executing PROC_CLEAN pass (remove empty switches from decision trees).
Cleaned up 0 empty switches.

3.2. Executing PROC_RMDEAD pass (remove dead branches from decision trees).
Marked 1 switch rules as full_case in process $proc$/Users/Dilan/Projects/fabric-under-pressure/smoke/sv_features.sv:22$31 in module $paramod\smoke_lane\INDEX=s32'00000000000000000000000000000001.
Marked 1 switch rules as full_case in process $proc$/Users/Dilan/Projects/fabric-under-pressure/smoke/sv_features.sv:22$23 in module $paramod\smoke_lane\INDEX=s32'00000000000000000000000000000010.
Marked 1 switch rules as full_case in process $proc$/Users/Dilan/Projects/fabric-under-pressure/smoke/sv_features.sv:22$15 in module $paramod\smoke_lane\INDEX=s32'00000000000000000000000000000011.
Marked 1 switch rules as full_case in process $proc$/Users/Dilan/Projects/fabric-under-pressure/smoke/sv_features.sv:22$39 in module $paramod\smoke_lane\INDEX=s32'00000000000000000000000000000000.
Removed a total of 0 dead cases.

3.3. Executing PROC_PRUNE pass (remove redundant assignments in processes).
Removed 4 redundant assignments.
Promoted 24 assignments to connections.

3.4. Executing PROC_INIT pass (extract init attributes).

3.5. Executing PROC_ARST pass (detect async resets in processes).

3.6. Executing PROC_ROM pass (convert switches to ROMs).
Converted 0 switches.
<suppressed ~4 debug messages>

3.7. Executing PROC_MUX pass (convert decision trees to multiplexers).
Creating decoders for process `$paramod\smoke_lane\INDEX=s32'00000000000000000000000000000001.$proc$/Users/Dilan/Projects/fabric-under-pressure/smoke/sv_features.sv:22$31'.
     1/4: $0\out_p[8:0] [8:1]
     2/4: $0\out_p[8:0] [0]
     3/4: $1\sv_features_pkg::mix8$func$/Users/Dilan/Projects/fabric-under-pressure/smoke/sv_features.sv:27$30.a[7:0]$36
     4/4: $1\sv_features_pkg::mix8$func$/Users/Dilan/Projects/fabric-under-pressure/smoke/sv_features.sv:27$30.$result[7:0]$35
Creating decoders for process `$paramod\smoke_lane\INDEX=s32'00000000000000000000000000000010.$proc$/Users/Dilan/Projects/fabric-under-pressure/smoke/sv_features.sv:22$23'.
     1/4: $0\out_p[8:0] [8:1]
     2/4: $0\out_p[8:0] [0]
     3/4: $1\sv_features_pkg::mix8$func$/Users/Dilan/Projects/fabric-under-pressure/smoke/sv_features.sv:27$22.a[7:0]$28
     4/4: $1\sv_features_pkg::mix8$func$/Users/Dilan/Projects/fabric-under-pressure/smoke/sv_features.sv:27$22.$result[7:0]$27
Creating decoders for process `$paramod\smoke_lane\INDEX=s32'00000000000000000000000000000011.$proc$/Users/Dilan/Projects/fabric-under-pressure/smoke/sv_features.sv:22$15'.
     1/4: $0\out_p[8:0] [8:1]
     2/4: $0\out_p[8:0] [0]
     3/4: $1\sv_features_pkg::mix8$func$/Users/Dilan/Projects/fabric-under-pressure/smoke/sv_features.sv:27$14.a[7:0]$20
     4/4: $1\sv_features_pkg::mix8$func$/Users/Dilan/Projects/fabric-under-pressure/smoke/sv_features.sv:27$14.$result[7:0]$19
Creating decoders for process `\sv_features.$proc$/Users/Dilan/Projects/fabric-under-pressure/smoke/sv_features.sv:44$13'.
Creating decoders for process `\sv_features.$proc$/Users/Dilan/Projects/fabric-under-pressure/smoke/sv_features.sv:44$12'.
Creating decoders for process `\sv_features.$proc$/Users/Dilan/Projects/fabric-under-pressure/smoke/sv_features.sv:44$11'.
Creating decoders for process `\sv_features.$proc$/Users/Dilan/Projects/fabric-under-pressure/smoke/sv_features.sv:44$10'.
Creating decoders for process `$paramod\smoke_lane\INDEX=s32'00000000000000000000000000000000.$proc$/Users/Dilan/Projects/fabric-under-pressure/smoke/sv_features.sv:22$39'.
     1/4: $0\out_p[8:0] [8:1]
     2/4: $0\out_p[8:0] [0]
     3/4: $1\sv_features_pkg::mix8$func$/Users/Dilan/Projects/fabric-under-pressure/smoke/sv_features.sv:27$38.a[7:0]$44
     4/4: $1\sv_features_pkg::mix8$func$/Users/Dilan/Projects/fabric-under-pressure/smoke/sv_features.sv:27$38.$result[7:0]$43

3.8. Executing PROC_DLATCH pass (convert process syncs to latches).
No latch inferred for signal `\sv_features.\data_o [31:24]' from process `\sv_features.$proc$/Users/Dilan/Projects/fabric-under-pressure/smoke/sv_features.sv:44$13'.
No latch inferred for signal `\sv_features.\valid_o [3]' from process `\sv_features.$proc$/Users/Dilan/Projects/fabric-under-pressure/smoke/sv_features.sv:44$13'.
No latch inferred for signal `\sv_features.\in_p[3].data' from process `\sv_features.$proc$/Users/Dilan/Projects/fabric-under-pressure/smoke/sv_features.sv:44$13'.
No latch inferred for signal `\sv_features.\in_p[3].valid' from process `\sv_features.$proc$/Users/Dilan/Projects/fabric-under-pressure/smoke/sv_features.sv:44$13'.
No latch inferred for signal `\sv_features.\data_o [23:16]' from process `\sv_features.$proc$/Users/Dilan/Projects/fabric-under-pressure/smoke/sv_features.sv:44$12'.
No latch inferred for signal `\sv_features.\valid_o [2]' from process `\sv_features.$proc$/Users/Dilan/Projects/fabric-under-pressure/smoke/sv_features.sv:44$12'.
No latch inferred for signal `\sv_features.\in_p[2].data' from process `\sv_features.$proc$/Users/Dilan/Projects/fabric-under-pressure/smoke/sv_features.sv:44$12'.
No latch inferred for signal `\sv_features.\in_p[2].valid' from process `\sv_features.$proc$/Users/Dilan/Projects/fabric-under-pressure/smoke/sv_features.sv:44$12'.
No latch inferred for signal `\sv_features.\data_o [15:8]' from process `\sv_features.$proc$/Users/Dilan/Projects/fabric-under-pressure/smoke/sv_features.sv:44$11'.
No latch inferred for signal `\sv_features.\valid_o [1]' from process `\sv_features.$proc$/Users/Dilan/Projects/fabric-under-pressure/smoke/sv_features.sv:44$11'.
No latch inferred for signal `\sv_features.\in_p[1].data' from process `\sv_features.$proc$/Users/Dilan/Projects/fabric-under-pressure/smoke/sv_features.sv:44$11'.
No latch inferred for signal `\sv_features.\in_p[1].valid' from process `\sv_features.$proc$/Users/Dilan/Projects/fabric-under-pressure/smoke/sv_features.sv:44$11'.
No latch inferred for signal `\sv_features.\data_o [7:0]' from process `\sv_features.$proc$/Users/Dilan/Projects/fabric-under-pressure/smoke/sv_features.sv:44$10'.
No latch inferred for signal `\sv_features.\valid_o [0]' from process `\sv_features.$proc$/Users/Dilan/Projects/fabric-under-pressure/smoke/sv_features.sv:44$10'.
No latch inferred for signal `\sv_features.\in_p[0].data' from process `\sv_features.$proc$/Users/Dilan/Projects/fabric-under-pressure/smoke/sv_features.sv:44$10'.
No latch inferred for signal `\sv_features.\in_p[0].valid' from process `\sv_features.$proc$/Users/Dilan/Projects/fabric-under-pressure/smoke/sv_features.sv:44$10'.

3.9. Executing PROC_DFF pass (convert process syncs to FFs).
Creating register for signal `$paramod\smoke_lane\INDEX=s32'00000000000000000000000000000001.\out_p' using process `$paramod\smoke_lane\INDEX=s32'00000000000000000000000000000001.$proc$/Users/Dilan/Projects/fabric-under-pressure/smoke/sv_features.sv:22$31'.
  created $dff cell `$procdff$98' with positive edge clock.
Creating register for signal `$paramod\smoke_lane\INDEX=s32'00000000000000000000000000000001.\sv_features_pkg::mix8$func$/Users/Dilan/Projects/fabric-under-pressure/smoke/sv_features.sv:27$30.$result' using process `$paramod\smoke_lane\INDEX=s32'00000000000000000000000000000001.$proc$/Users/Dilan/Projects/fabric-under-pressure/smoke/sv_features.sv:22$31'.
  created $dff cell `$procdff$99' with positive edge clock.
Creating register for signal `$paramod\smoke_lane\INDEX=s32'00000000000000000000000000000001.\sv_features_pkg::mix8$func$/Users/Dilan/Projects/fabric-under-pressure/smoke/sv_features.sv:27$30.a' using process `$paramod\smoke_lane\INDEX=s32'00000000000000000000000000000001.$proc$/Users/Dilan/Projects/fabric-under-pressure/smoke/sv_features.sv:22$31'.
  created $dff cell `$procdff$100' with positive edge clock.
Creating register for signal `$paramod\smoke_lane\INDEX=s32'00000000000000000000000000000010.\out_p' using process `$paramod\smoke_lane\INDEX=s32'00000000000000000000000000000010.$proc$/Users/Dilan/Projects/fabric-under-pressure/smoke/sv_features.sv:22$23'.
  created $dff cell `$procdff$101' with positive edge clock.
Creating register for signal `$paramod\smoke_lane\INDEX=s32'00000000000000000000000000000010.\sv_features_pkg::mix8$func$/Users/Dilan/Projects/fabric-under-pressure/smoke/sv_features.sv:27$22.$result' using process `$paramod\smoke_lane\INDEX=s32'00000000000000000000000000000010.$proc$/Users/Dilan/Projects/fabric-under-pressure/smoke/sv_features.sv:22$23'.
  created $dff cell `$procdff$102' with positive edge clock.
Creating register for signal `$paramod\smoke_lane\INDEX=s32'00000000000000000000000000000010.\sv_features_pkg::mix8$func$/Users/Dilan/Projects/fabric-under-pressure/smoke/sv_features.sv:27$22.a' using process `$paramod\smoke_lane\INDEX=s32'00000000000000000000000000000010.$proc$/Users/Dilan/Projects/fabric-under-pressure/smoke/sv_features.sv:22$23'.
  created $dff cell `$procdff$103' with positive edge clock.
Creating register for signal `$paramod\smoke_lane\INDEX=s32'00000000000000000000000000000011.\out_p' using process `$paramod\smoke_lane\INDEX=s32'00000000000000000000000000000011.$proc$/Users/Dilan/Projects/fabric-under-pressure/smoke/sv_features.sv:22$15'.
  created $dff cell `$procdff$104' with positive edge clock.
Creating register for signal `$paramod\smoke_lane\INDEX=s32'00000000000000000000000000000011.\sv_features_pkg::mix8$func$/Users/Dilan/Projects/fabric-under-pressure/smoke/sv_features.sv:27$14.$result' using process `$paramod\smoke_lane\INDEX=s32'00000000000000000000000000000011.$proc$/Users/Dilan/Projects/fabric-under-pressure/smoke/sv_features.sv:22$15'.
  created $dff cell `$procdff$105' with positive edge clock.
Creating register for signal `$paramod\smoke_lane\INDEX=s32'00000000000000000000000000000011.\sv_features_pkg::mix8$func$/Users/Dilan/Projects/fabric-under-pressure/smoke/sv_features.sv:27$14.a' using process `$paramod\smoke_lane\INDEX=s32'00000000000000000000000000000011.$proc$/Users/Dilan/Projects/fabric-under-pressure/smoke/sv_features.sv:22$15'.
  created $dff cell `$procdff$106' with positive edge clock.
Creating register for signal `$paramod\smoke_lane\INDEX=s32'00000000000000000000000000000000.\out_p' using process `$paramod\smoke_lane\INDEX=s32'00000000000000000000000000000000.$proc$/Users/Dilan/Projects/fabric-under-pressure/smoke/sv_features.sv:22$39'.
  created $dff cell `$procdff$107' with positive edge clock.
Creating register for signal `$paramod\smoke_lane\INDEX=s32'00000000000000000000000000000000.\sv_features_pkg::mix8$func$/Users/Dilan/Projects/fabric-under-pressure/smoke/sv_features.sv:27$38.$result' using process `$paramod\smoke_lane\INDEX=s32'00000000000000000000000000000000.$proc$/Users/Dilan/Projects/fabric-under-pressure/smoke/sv_features.sv:22$39'.
  created $dff cell `$procdff$108' with positive edge clock.
Creating register for signal `$paramod\smoke_lane\INDEX=s32'00000000000000000000000000000000.\sv_features_pkg::mix8$func$/Users/Dilan/Projects/fabric-under-pressure/smoke/sv_features.sv:27$38.a' using process `$paramod\smoke_lane\INDEX=s32'00000000000000000000000000000000.$proc$/Users/Dilan/Projects/fabric-under-pressure/smoke/sv_features.sv:22$39'.
  created $dff cell `$procdff$109' with positive edge clock.

3.10. Executing PROC_MEMWR pass (convert process memory writes to cells).

3.11. Executing PROC_CLEAN pass (remove empty switches from decision trees).
Found and cleaned up 1 empty switch in `$paramod\smoke_lane\INDEX=s32'00000000000000000000000000000001.$proc$/Users/Dilan/Projects/fabric-under-pressure/smoke/sv_features.sv:22$31'.
Removing empty process `$paramod\smoke_lane\INDEX=s32'00000000000000000000000000000001.$proc$/Users/Dilan/Projects/fabric-under-pressure/smoke/sv_features.sv:22$31'.
Found and cleaned up 1 empty switch in `$paramod\smoke_lane\INDEX=s32'00000000000000000000000000000010.$proc$/Users/Dilan/Projects/fabric-under-pressure/smoke/sv_features.sv:22$23'.
Removing empty process `$paramod\smoke_lane\INDEX=s32'00000000000000000000000000000010.$proc$/Users/Dilan/Projects/fabric-under-pressure/smoke/sv_features.sv:22$23'.
Found and cleaned up 1 empty switch in `$paramod\smoke_lane\INDEX=s32'00000000000000000000000000000011.$proc$/Users/Dilan/Projects/fabric-under-pressure/smoke/sv_features.sv:22$15'.
Removing empty process `$paramod\smoke_lane\INDEX=s32'00000000000000000000000000000011.$proc$/Users/Dilan/Projects/fabric-under-pressure/smoke/sv_features.sv:22$15'.
Removing empty process `sv_features.$proc$/Users/Dilan/Projects/fabric-under-pressure/smoke/sv_features.sv:44$13'.
Removing empty process `sv_features.$proc$/Users/Dilan/Projects/fabric-under-pressure/smoke/sv_features.sv:44$12'.
Removing empty process `sv_features.$proc$/Users/Dilan/Projects/fabric-under-pressure/smoke/sv_features.sv:44$11'.
Removing empty process `sv_features.$proc$/Users/Dilan/Projects/fabric-under-pressure/smoke/sv_features.sv:44$10'.
Found and cleaned up 1 empty switch in `$paramod\smoke_lane\INDEX=s32'00000000000000000000000000000000.$proc$/Users/Dilan/Projects/fabric-under-pressure/smoke/sv_features.sv:22$39'.
Removing empty process `$paramod\smoke_lane\INDEX=s32'00000000000000000000000000000000.$proc$/Users/Dilan/Projects/fabric-under-pressure/smoke/sv_features.sv:22$39'.
Cleaned up 4 empty switches.

3.12. Executing OPT_EXPR pass (perform const folding).
Optimizing module $paramod\smoke_lane\INDEX=s32'00000000000000000000000000000001.
<suppressed ~5 debug messages>
Optimizing module $paramod\smoke_lane\INDEX=s32'00000000000000000000000000000010.
<suppressed ~5 debug messages>
Optimizing module $paramod\smoke_lane\INDEX=s32'00000000000000000000000000000011.
<suppressed ~5 debug messages>
Optimizing module sv_features.
Optimizing module $paramod\smoke_lane\INDEX=s32'00000000000000000000000000000000.
<suppressed ~5 debug messages>

4. Executing CHECK pass (checking for obvious problems).
Checking module $paramod\smoke_lane\INDEX=s32'00000000000000000000000000000001...
Checking module $paramod\smoke_lane\INDEX=s32'00000000000000000000000000000010...
Checking module $paramod\smoke_lane\INDEX=s32'00000000000000000000000000000011...
Checking module sv_features...
Warning: Wire sv_features.\out_p[3].data is used but has no driver.
Warning: Wire sv_features.\out_p[2].data is used but has no driver.
Warning: Wire sv_features.\out_p[1].data is used but has no driver.
Warning: Wire sv_features.\out_p[0].data is used but has no driver.
Warning: Wire sv_features.\out_p[3].valid is used but has no driver.
Warning: Wire sv_features.\out_p[2].valid is used but has no driver.
Warning: Wire sv_features.\out_p[1].valid is used but has no driver.
Warning: Wire sv_features.\out_p[0].valid is used but has no driver.
Warning: Wire sv_features.\in_p [0] is used but has no driver.
Warning: Wire sv_features.\in_p [1] is used but has no driver.
Warning: Wire sv_features.\in_p [2] is used but has no driver.
Warning: Wire sv_features.\in_p [3] is used but has no driver.
Checking module $paramod\smoke_lane\INDEX=s32'00000000000000000000000000000000...
Found and reported 12 problems.

Warnings: 44 unique messages, 44 total
End of script. Logfile hash: e7f6256c17, time: 0.00s, user: 0.01s, system: 0.01s, MEM: 13.38 MB peak
Yosys 0.69+75 (git sha1 f0b945f63-dirty, Release, Clang /usr/local/osxcross/target/bin/aarch64-apple-darwin25.5-clang++ 21.1.8)
Time spent: 40% 2x read_verilog (0 sec), 25% 1x hierarchy (0 sec), ...
===== run_smoke_sim.sh =====
2.1.0
- V e r i l a t i o n   R e p o r t: Verilator 5.053 devel rev v5.052-119-g014c9820d (mod)
- Verilator: Built from 0.000 MB sources in 0 modules, into 0.000 MB in 0 C++ files needing 0.000 MB
- Verilator: Walltime 0.001 s (elab=0.000, cvt=0.000, bld=0.000); cpu 0.001 s on 1 threads; allocated 3.172 MB
make: Nothing to be done for `default'.
     -.--ns INFO     gpi                                ../gpi/GpiCommon.cpp:242  in gpi_load_users                  Loaded entry library: '/Users/Dilan/eda/fabric-under-pressure/oss-cad-suite/lib/libpython3.11.dylib'
     -.--ns INFO     gpi                                ../gpi/GpiCommon.cpp:234  in gpi_load_users                  Running entry func 'initialize' from loaded library '/Users/Dilan/Projects/fabric-under-pressure/.venv/lib/python3.11/site-packages/cocotb/simulator.cpython-311-darwin.so'
     -.--ns INFO     pygpi                              ..ib/pygpi/embed.cpp:115  in initialize                      Using Python 3.11.9 interpreter at /Users/Dilan/Projects/fabric-under-pressure/.venv/bin/python3
     -.--ns INFO     gpi                                ../gpi/GpiCommon.cpp:74   in gpi_print_registered_impl       GPI: VPI support registered
     0.00ns INFO     cocotb.initialize                  Seeding Python random module with 1790122117
     0.00ns INFO     cocotb.initialize                  Initialized cocotb v2.1.0 from /Users/Dilan/Projects/fabric-under-pressure/.venv/lib/python3.11/site-packages/cocotb
     0.00ns INFO     cocotb.initialize                  Running on Verilator version 5.053 devel
     0.00ns INFO     cocotb.regression                  Running tests
     0.00ns INFO     cocotb.regression                  running test_smoke_counter.counter_smoke (1/1)
     0.00ns INFO     cocotb.handshake_counter           FABRIC_SEED=0xfabc0001
     0.00ns WARNING  py.warnings                        /Users/Dilan/Projects/fabric-under-pressure/tb/cocotb/test_smoke_counter.py:13: DeprecationWarning: The 'units' argument has been renamed to 'unit'.
                                                          cocotb.start_soon(Clock(dut.clk, 10, units="ns").start())
   120.00ns INFO     cocotb.regression                  test_smoke_counter.counter_smoke passed
   120.00ns INFO     cocotb.regression                  ******************************************************************************************
                                                        ** TEST                              STATUS  SIM TIME (ns)  REAL TIME (s)  RATIO (ns/s) **
                                                        ******************************************************************************************
                                                        ** test_smoke_counter.counter_smoke   PASS         120.00           0.00     145439.91  **
                                                        ******************************************************************************************
                                                        ** TESTS=1 PASS=1 FAIL=0 SKIP=0                    120.00           0.00      98454.84  **
                                                        ******************************************************************************************
- :0: Verilog $finish
===== run_smoke_bfm.sh =====
cocotb 2.1.0
cocotbext.axi import PASS
- V e r i l a t i o n   R e p o r t: Verilator 5.053 devel rev v5.052-119-g014c9820d (mod)
- Verilator: Built from 0.000 MB sources in 0 modules, into 0.000 MB in 0 C++ files needing 0.000 MB
- Verilator: Walltime 0.001 s (elab=0.000, cvt=0.000, bld=0.000); cpu 0.001 s on 1 threads; allocated 3.188 MB
make: Nothing to be done for `default'.
     -.--ns INFO     gpi                                ../gpi/GpiCommon.cpp:242  in gpi_load_users                  Loaded entry library: '/Users/Dilan/eda/fabric-under-pressure/oss-cad-suite/lib/libpython3.11.dylib'
     -.--ns INFO     gpi                                ../gpi/GpiCommon.cpp:234  in gpi_load_users                  Running entry func 'initialize' from loaded library '/Users/Dilan/Projects/fabric-under-pressure/.venv/lib/python3.11/site-packages/cocotb/simulator.cpython-311-darwin.so'
     -.--ns INFO     pygpi                              ..ib/pygpi/embed.cpp:115  in initialize                      Using Python 3.11.9 interpreter at /Users/Dilan/Projects/fabric-under-pressure/.venv/bin/python3
     -.--ns INFO     gpi                                ../gpi/GpiCommon.cpp:74   in gpi_print_registered_impl       GPI: VPI support registered
     0.00ns INFO     cocotb.initialize                  Seeding Python random module with 1790122118
     0.00ns INFO     cocotb.initialize                  Initialized cocotb v2.1.0 from /Users/Dilan/Projects/fabric-under-pressure/.venv/lib/python3.11/site-packages/cocotb
     0.00ns INFO     cocotb.initialize                  Running on Verilator version 5.053 devel
     0.00ns INFO     cocotb.regression                  Running tests
     0.00ns INFO     cocotb.regression                  running test_axi_bfm_smoke.axi_bfm_qualification (1/1)
     0.00ns INFO     cocotb.axi_bfm_bus                 FABRIC_SEED=0xfabc0001
     0.00ns WARNING  py.warnings                        /Users/Dilan/Projects/fabric-under-pressure/tb/cocotb/test_axi_bfm_smoke.py:27: DeprecationWarning: The 'units' argument has been renamed to 'unit'.
                                                          cocotb.start_soon(Clock(dut.clk, 10, units="ns").start())
     0.00ns INFO     cocotb.axi_bfm_bus.axi             AXI master (write)
     0.00ns INFO     cocotb.axi_bfm_bus.axi             cocotbext-axi version 0.1.28
     0.00ns INFO     cocotb.axi_bfm_bus.axi             Copyright (c) 2020-2025 Alex Forencich
     0.00ns INFO     cocotb.axi_bfm_bus.axi             https://github.com/alexforencich/cocotbext-axi
     0.00ns WARNING  py.warnings                        /Users/Dilan/Projects/fabric-under-pressure/.venv/lib/python3.11/site-packages/cocotbext/axi/stream.py:120: DeprecationWarning: Use `handle.set(Immediate(...))` or `handle.value = Immediate(...)` instead.
                                                          self.valid.setimmediatevalue(self._valid_init)
     0.00ns WARNING  py.warnings                        /Users/Dilan/Projects/fabric-under-pressure/.venv/lib/python3.11/site-packages/cocotbext/axi/stream.py:133: DeprecationWarning: Use `handle.set(Immediate(...))` or `handle.value = Immediate(...)` instead.
                                                          s.setimmediatevalue(v)
     0.00ns INFO     cocotb.axi_bfm_bus.axi             Reset de-asserted
     0.00ns INFO     cocotb.axi_bfm_bus.axi             Reset de-asserted
     0.00ns WARNING  py.warnings                        /Users/Dilan/Projects/fabric-under-pressure/.venv/lib/python3.11/site-packages/cocotbext/axi/stream.py:115: DeprecationWarning: Use `handle.set(Immediate(...))` or `handle.value = Immediate(...)` instead.
                                                          self.ready.setimmediatevalue(self._ready_init)
     0.00ns INFO     cocotb.axi_bfm_bus.axi             Reset de-asserted
     0.00ns INFO     cocotb.axi_bfm_bus.axi             AXI master configuration:
     0.00ns INFO     cocotb.axi_bfm_bus.axi               Address width: 32 bits
     0.00ns INFO     cocotb.axi_bfm_bus.axi               ID width: 4 bits
     0.00ns INFO     cocotb.axi_bfm_bus.axi               Byte size: 8 bits
     0.00ns INFO     cocotb.axi_bfm_bus.axi               Data width: 64 bits (8 bytes)
     0.00ns INFO     cocotb.axi_bfm_bus.axi               Max burst size: 3 (8 bytes)
     0.00ns INFO     cocotb.axi_bfm_bus.axi               Max burst length: 16 cycles (128 bytes)
     0.00ns INFO     cocotb.axi_bfm_bus.axi             AXI master signals:
     0.00ns INFO     cocotb.axi_bfm_bus.axi               awaddr width: 32 bits
     0.00ns INFO     cocotb.axi_bfm_bus.axi               awburst width: 2 bits
     0.00ns INFO     cocotb.axi_bfm_bus.axi               awcache width: 4 bits
     0.00ns INFO     cocotb.axi_bfm_bus.axi               awid width: 4 bits
     0.00ns INFO     cocotb.axi_bfm_bus.axi               awlen width: 8 bits
     0.00ns INFO     cocotb.axi_bfm_bus.axi               awlock width: 1 bits
     0.00ns INFO     cocotb.axi_bfm_bus.axi               awprot width: 3 bits
     0.00ns INFO     cocotb.axi_bfm_bus.axi               awqos width: 4 bits
     0.00ns INFO     cocotb.axi_bfm_bus.axi               awready width: 1 bits
     0.00ns INFO     cocotb.axi_bfm_bus.axi               awregion width: 4 bits
     0.00ns INFO     cocotb.axi_bfm_bus.axi               awsize width: 3 bits
     0.00ns INFO     cocotb.axi_bfm_bus.axi               awuser: not present
     0.00ns INFO     cocotb.axi_bfm_bus.axi               awvalid width: 1 bits
     0.00ns INFO     cocotb.axi_bfm_bus.axi               wdata width: 64 bits
     0.00ns INFO     cocotb.axi_bfm_bus.axi               wlast width: 1 bits
     0.00ns INFO     cocotb.axi_bfm_bus.axi               wready width: 1 bits
     0.00ns INFO     cocotb.axi_bfm_bus.axi               wstrb width: 8 bits
     0.00ns INFO     cocotb.axi_bfm_bus.axi               wuser: not present
     0.00ns INFO     cocotb.axi_bfm_bus.axi               wvalid width: 1 bits
     0.00ns INFO     cocotb.axi_bfm_bus.axi               bid width: 4 bits
     0.00ns INFO     cocotb.axi_bfm_bus.axi               bready width: 1 bits
     0.00ns INFO     cocotb.axi_bfm_bus.axi               bresp width: 2 bits
     0.00ns INFO     cocotb.axi_bfm_bus.axi               buser: not present
     0.00ns INFO     cocotb.axi_bfm_bus.axi               bvalid width: 1 bits
     0.00ns INFO     cocotb.axi_bfm_bus.axi             Reset de-asserted
     0.00ns INFO     cocotb.axi_bfm_bus.axi             AXI master (read)
     0.00ns INFO     cocotb.axi_bfm_bus.axi             cocotbext-axi version 0.1.28
     0.00ns INFO     cocotb.axi_bfm_bus.axi             Copyright (c) 2020-2025 Alex Forencich
     0.00ns INFO     cocotb.axi_bfm_bus.axi             https://github.com/alexforencich/cocotbext-axi
     0.00ns INFO     cocotb.axi_bfm_bus.axi             Reset de-asserted
     0.00ns INFO     cocotb.axi_bfm_bus.axi             Reset de-asserted
     0.00ns INFO     cocotb.axi_bfm_bus.axi             AXI master configuration:
     0.00ns INFO     cocotb.axi_bfm_bus.axi               Address width: 32 bits
     0.00ns INFO     cocotb.axi_bfm_bus.axi               ID width: 4 bits
     0.00ns INFO     cocotb.axi_bfm_bus.axi               Byte size: 8 bits
     0.00ns INFO     cocotb.axi_bfm_bus.axi               Data width: 64 bits (8 bytes)
     0.00ns INFO     cocotb.axi_bfm_bus.axi               Max burst size: 3 (8 bytes)
     0.00ns INFO     cocotb.axi_bfm_bus.axi               Max burst length: 16 cycles (128 bytes)
     0.00ns INFO     cocotb.axi_bfm_bus.axi             AXI master signals:
     0.00ns INFO     cocotb.axi_bfm_bus.axi               araddr width: 32 bits
     0.00ns INFO     cocotb.axi_bfm_bus.axi               arburst width: 2 bits
     0.00ns INFO     cocotb.axi_bfm_bus.axi               arcache width: 4 bits
     0.00ns INFO     cocotb.axi_bfm_bus.axi               arid width: 4 bits
     0.00ns INFO     cocotb.axi_bfm_bus.axi               arlen width: 8 bits
     0.00ns INFO     cocotb.axi_bfm_bus.axi               arlock width: 1 bits
     0.00ns INFO     cocotb.axi_bfm_bus.axi               arprot width: 3 bits
     0.00ns INFO     cocotb.axi_bfm_bus.axi               arqos width: 4 bits
     0.00ns INFO     cocotb.axi_bfm_bus.axi               arready width: 1 bits
     0.00ns INFO     cocotb.axi_bfm_bus.axi               arregion width: 4 bits
     0.00ns INFO     cocotb.axi_bfm_bus.axi               arsize width: 3 bits
     0.00ns INFO     cocotb.axi_bfm_bus.axi               aruser: not present
     0.00ns INFO     cocotb.axi_bfm_bus.axi               arvalid width: 1 bits
     0.00ns INFO     cocotb.axi_bfm_bus.axi               rdata width: 64 bits
     0.00ns INFO     cocotb.axi_bfm_bus.axi               rid width: 4 bits
     0.00ns INFO     cocotb.axi_bfm_bus.axi               rlast width: 1 bits
     0.00ns INFO     cocotb.axi_bfm_bus.axi               rready width: 1 bits
     0.00ns INFO     cocotb.axi_bfm_bus.axi               rresp width: 2 bits
     0.00ns INFO     cocotb.axi_bfm_bus.axi               ruser: not present
     0.00ns INFO     cocotb.axi_bfm_bus.axi               rvalid width: 1 bits
     0.00ns INFO     cocotb.axi_bfm_bus.axi             Reset de-asserted
     0.00ns INFO     cocotb.axi_bfm_bus.axi             AXI slave model (write)
     0.00ns INFO     cocotb.axi_bfm_bus.axi             cocotbext-axi version 0.1.28
     0.00ns INFO     cocotb.axi_bfm_bus.axi             Copyright (c) 2021-2025 Alex Forencich
     0.00ns INFO     cocotb.axi_bfm_bus.axi             https://github.com/alexforencich/cocotbext-axi
     0.00ns INFO     cocotb.axi_bfm_bus.axi             Reset de-asserted
     0.00ns INFO     cocotb.axi_bfm_bus.axi             Reset de-asserted
     0.00ns INFO     cocotb.axi_bfm_bus.axi             Reset de-asserted
     0.00ns INFO     cocotb.axi_bfm_bus.axi             AXI slave model configuration:
     0.00ns INFO     cocotb.axi_bfm_bus.axi               Address width: 32 bits
     0.00ns INFO     cocotb.axi_bfm_bus.axi               ID width: 4 bits
     0.00ns INFO     cocotb.axi_bfm_bus.axi               Byte size: 8 bits
     0.00ns INFO     cocotb.axi_bfm_bus.axi               Data width: 64 bits (8 bytes)
     0.00ns INFO     cocotb.axi_bfm_bus.axi             AXI slave model signals:
     0.00ns INFO     cocotb.axi_bfm_bus.axi               awaddr width: 32 bits
     0.00ns INFO     cocotb.axi_bfm_bus.axi               awburst width: 2 bits
     0.00ns INFO     cocotb.axi_bfm_bus.axi               awcache width: 4 bits
     0.00ns INFO     cocotb.axi_bfm_bus.axi               awid width: 4 bits
     0.00ns INFO     cocotb.axi_bfm_bus.axi               awlen width: 8 bits
     0.00ns INFO     cocotb.axi_bfm_bus.axi               awlock width: 1 bits
     0.00ns INFO     cocotb.axi_bfm_bus.axi               awprot width: 3 bits
     0.00ns INFO     cocotb.axi_bfm_bus.axi               awqos width: 4 bits
     0.00ns INFO     cocotb.axi_bfm_bus.axi               awready width: 1 bits
     0.00ns INFO     cocotb.axi_bfm_bus.axi               awregion width: 4 bits
     0.00ns INFO     cocotb.axi_bfm_bus.axi               awsize width: 3 bits
     0.00ns INFO     cocotb.axi_bfm_bus.axi               awuser: not present
     0.00ns INFO     cocotb.axi_bfm_bus.axi               awvalid width: 1 bits
     0.00ns INFO     cocotb.axi_bfm_bus.axi               wdata width: 64 bits
     0.00ns INFO     cocotb.axi_bfm_bus.axi               wlast width: 1 bits
     0.00ns INFO     cocotb.axi_bfm_bus.axi               wready width: 1 bits
     0.00ns INFO     cocotb.axi_bfm_bus.axi               wstrb width: 8 bits
     0.00ns INFO     cocotb.axi_bfm_bus.axi               wuser: not present
     0.00ns INFO     cocotb.axi_bfm_bus.axi               wvalid width: 1 bits
     0.00ns INFO     cocotb.axi_bfm_bus.axi               bid width: 4 bits
     0.00ns INFO     cocotb.axi_bfm_bus.axi               bready width: 1 bits
     0.00ns INFO     cocotb.axi_bfm_bus.axi               bresp width: 2 bits
     0.00ns INFO     cocotb.axi_bfm_bus.axi               buser: not present
     0.00ns INFO     cocotb.axi_bfm_bus.axi               bvalid width: 1 bits
     0.00ns INFO     cocotb.axi_bfm_bus.axi             Reset de-asserted
     0.00ns INFO     cocotb.axi_bfm_bus.axi             AXI slave model (read)
     0.00ns INFO     cocotb.axi_bfm_bus.axi             cocotbext-axi version 0.1.28
     0.00ns INFO     cocotb.axi_bfm_bus.axi             Copyright (c) 2021-2025 Alex Forencich
     0.00ns INFO     cocotb.axi_bfm_bus.axi             https://github.com/alexforencich/cocotbext-axi
     0.00ns INFO     cocotb.axi_bfm_bus.axi             Reset de-asserted
     0.00ns INFO     cocotb.axi_bfm_bus.axi             Reset de-asserted
     0.00ns INFO     cocotb.axi_bfm_bus.axi             AXI slave model configuration:
     0.00ns INFO     cocotb.axi_bfm_bus.axi               Address width: 32 bits
     0.00ns INFO     cocotb.axi_bfm_bus.axi               ID width: 4 bits
     0.00ns INFO     cocotb.axi_bfm_bus.axi               Byte size: 8 bits
     0.00ns INFO     cocotb.axi_bfm_bus.axi               Data width: 64 bits (8 bytes)
     0.00ns INFO     cocotb.axi_bfm_bus.axi             AXI slave model signals:
     0.00ns INFO     cocotb.axi_bfm_bus.axi               araddr width: 32 bits
     0.00ns INFO     cocotb.axi_bfm_bus.axi               arburst width: 2 bits
     0.00ns INFO     cocotb.axi_bfm_bus.axi               arcache width: 4 bits
     0.00ns INFO     cocotb.axi_bfm_bus.axi               arid width: 4 bits
     0.00ns INFO     cocotb.axi_bfm_bus.axi               arlen width: 8 bits
     0.00ns INFO     cocotb.axi_bfm_bus.axi               arlock width: 1 bits
     0.00ns INFO     cocotb.axi_bfm_bus.axi               arprot width: 3 bits
     0.00ns INFO     cocotb.axi_bfm_bus.axi               arqos width: 4 bits
     0.00ns INFO     cocotb.axi_bfm_bus.axi               arready width: 1 bits
     0.00ns INFO     cocotb.axi_bfm_bus.axi               arregion width: 4 bits
     0.00ns INFO     cocotb.axi_bfm_bus.axi               arsize width: 3 bits
     0.00ns INFO     cocotb.axi_bfm_bus.axi               aruser: not present
     0.00ns INFO     cocotb.axi_bfm_bus.axi               arvalid width: 1 bits
     0.00ns INFO     cocotb.axi_bfm_bus.axi               rdata width: 64 bits
     0.00ns INFO     cocotb.axi_bfm_bus.axi               rid width: 4 bits
     0.00ns INFO     cocotb.axi_bfm_bus.axi               rlast width: 1 bits
     0.00ns INFO     cocotb.axi_bfm_bus.axi               rready width: 1 bits
     0.00ns INFO     cocotb.axi_bfm_bus.axi               rresp width: 2 bits
     0.00ns INFO     cocotb.axi_bfm_bus.axi               ruser: not present
     0.00ns INFO     cocotb.axi_bfm_bus.axi               rvalid width: 1 bits
     0.00ns INFO     cocotb.axi_bfm_bus.axi             Reset de-asserted
     0.00ns WARNING  py.warnings                        /Users/Dilan/Projects/fabric-under-pressure/.venv/lib/python3.11/site-packages/cocotbext/axi/reset.py:59: DeprecationWarning: Use `signal.value_change` instead.
                                                          await Edge(reset_signal)
     0.00ns INFO     cocotb.axi_bfm_bus.axi             Reset asserted
     0.00ns WARNING  py.warnings                        /Users/Dilan/Projects/fabric-under-pressure/.venv/lib/python3.11/site-packages/cocotbext/axi/stream.py:156: DeprecationWarning: `task.kill()` is deprecated in favor of `task.cancel()`
                                                          self._run_cr.kill()
     0.00ns INFO     cocotb.axi_bfm_bus.axi             Reset asserted
     0.00ns INFO     cocotb.axi_bfm_bus.axi             Reset asserted
     0.00ns INFO     cocotb.axi_bfm_bus.axi             Reset asserted
     0.00ns WARNING  py.warnings                        /Users/Dilan/Projects/fabric-under-pressure/.venv/lib/python3.11/site-packages/cocotbext/axi/axi_master.py:434: DeprecationWarning: `task.kill()` is deprecated in favor of `task.cancel()`
                                                          self._process_write_cr.kill()
     0.00ns WARNING  py.warnings                        /Users/Dilan/Projects/fabric-under-pressure/.venv/lib/python3.11/site-packages/cocotbext/axi/axi_master.py:437: DeprecationWarning: `task.kill()` is deprecated in favor of `task.cancel()`
                                                          self._process_write_resp_cr.kill()
     0.00ns INFO     cocotb.axi_bfm_bus.axi             Reset asserted
     0.00ns INFO     cocotb.axi_bfm_bus.axi             Reset asserted
     0.00ns INFO     cocotb.axi_bfm_bus.axi             Reset asserted
     0.00ns WARNING  py.warnings                        /Users/Dilan/Projects/fabric-under-pressure/.venv/lib/python3.11/site-packages/cocotbext/axi/axi_master.py:845: DeprecationWarning: `task.kill()` is deprecated in favor of `task.cancel()`
                                                          self._process_read_cr.kill()
     0.00ns WARNING  py.warnings                        /Users/Dilan/Projects/fabric-under-pressure/.venv/lib/python3.11/site-packages/cocotbext/axi/axi_master.py:848: DeprecationWarning: `task.kill()` is deprecated in favor of `task.cancel()`
                                                          self._process_read_resp_cr.kill()
     0.00ns INFO     cocotb.axi_bfm_bus.axi             Reset asserted
     0.00ns INFO     cocotb.axi_bfm_bus.axi             Reset asserted
     0.00ns INFO     cocotb.axi_bfm_bus.axi             Reset asserted
     0.00ns INFO     cocotb.axi_bfm_bus.axi             Reset asserted
     0.00ns WARNING  py.warnings                        /Users/Dilan/Projects/fabric-under-pressure/.venv/lib/python3.11/site-packages/cocotbext/axi/axi_slave.py:102: DeprecationWarning: `task.kill()` is deprecated in favor of `task.cancel()`
                                                          self._process_write_cr.kill()
     0.00ns INFO     cocotb.axi_bfm_bus.axi             Reset asserted
     0.00ns INFO     cocotb.axi_bfm_bus.axi             Reset asserted
     0.00ns INFO     cocotb.axi_bfm_bus.axi             Reset asserted
     0.00ns WARNING  py.warnings                        /Users/Dilan/Projects/fabric-under-pressure/.venv/lib/python3.11/site-packages/cocotbext/axi/axi_slave.py:266: DeprecationWarning: `task.kill()` is deprecated in favor of `task.cancel()`
                                                          self._process_read_cr.kill()
    20.00ns INFO     cocotb.axi_bfm_bus.axi             Reset de-asserted
    20.00ns INFO     cocotb.axi_bfm_bus.axi             Reset de-asserted
    20.00ns INFO     cocotb.axi_bfm_bus.axi             Reset de-asserted
    20.00ns INFO     cocotb.axi_bfm_bus.axi             Reset de-asserted
    20.00ns INFO     cocotb.axi_bfm_bus.axi             Reset de-asserted
    20.00ns INFO     cocotb.axi_bfm_bus.axi             Reset de-asserted
    20.00ns INFO     cocotb.axi_bfm_bus.axi             Reset de-asserted
    20.00ns INFO     cocotb.axi_bfm_bus.axi             Reset de-asserted
    20.00ns INFO     cocotb.axi_bfm_bus.axi             Reset de-asserted
    20.00ns INFO     cocotb.axi_bfm_bus.axi             Reset de-asserted
    20.00ns INFO     cocotb.axi_bfm_bus.axi             Reset de-asserted
    20.00ns INFO     cocotb.axi_bfm_bus.axi             Reset de-asserted
    20.00ns INFO     cocotb.axi_bfm_bus.axi             Reset de-asserted
    20.00ns INFO     cocotb.axi_bfm_bus.axi             Reset de-asserted
    40.00ns INFO     cocotb.axi_bfm_bus.axi             Write start addr: 0x00001000 awid: 0x3 prot: 2 data: 88 77 66 55 44 33 22 11
    40.00ns INFO     cocotb.axi_bfm_bus.axi             Write burst start awid: 0x3 awaddr: 0x00001000 awlen: 0 awsize: 3 awprot: 2
    80.00ns INFO     cocotb.axi_bfm_bus.axi             Write burst awid: 0x3 awaddr: 0x00001000 awlen: 0 awsize: 3 awprot: 2
   120.00ns INFO     cocotb.axi_bfm_bus.axi             Write burst complete bid: 0x3 bresp: 0
   120.00ns INFO     cocotb.axi_bfm_bus.axi             Write complete addr: 0x00001000 prot: 2 resp: 0 length: 8
   120.00ns WARNING  py.warnings                        /Users/Dilan/Projects/fabric-under-pressure/.venv/lib/python3.11/site-packages/cocotbext/axi/axi_master.py:630: DeprecationWarning: The data field will be removed in a future release.
                                                          cmd.event.set(write_resp)
   120.00ns WARNING  py.warnings                        /Users/Dilan/Projects/fabric-under-pressure/.venv/lib/python3.11/site-packages/cocotbext/axi/axi_master.py:423: DeprecationWarning: The data field will be removed in a future release.
                                                          return event.data
   120.00ns INFO     cocotb.axi_bfm_bus.axi             Read start addr: 0x00001000 arid: 0x5 prot: 2
   120.00ns INFO     cocotb.axi_bfm_bus.axi             Read burst start arid: 0x5 araddr: 0x00001000 arlen: 0 arsize: 3 arprot: 2
   150.00ns INFO     cocotb.axi_bfm_bus.axi             Read burst arid: 0x5 araddr: 0x00001000 arlen: 0 arsize: 3 arprot: 2
   170.00ns INFO     cocotb.axi_bfm_bus.axi             Read burst complete rid: 0x5 rresp: 0
   170.00ns INFO     cocotb.axi_bfm_bus.axi             Read complete addr: 0x00001000 prot: 2 resp: 0 data: 88 77 66 55 44 33 22 11
   170.00ns WARNING  py.warnings                        /Users/Dilan/Projects/fabric-under-pressure/.venv/lib/python3.11/site-packages/cocotbext/axi/axi_master.py:1030: DeprecationWarning: The data field will be removed in a future release.
                                                          cmd.event.set(read_resp)
   170.00ns WARNING  py.warnings                        /Users/Dilan/Projects/fabric-under-pressure/.venv/lib/python3.11/site-packages/cocotbext/axi/axi_master.py:834: DeprecationWarning: The data field will be removed in a future release.
                                                          return event.data
   170.00ns INFO     cocotb.axi_bfm_bus.axi             Write start addr: 0x00001080 awid: 0x6 prot: 2 data: 00 01 02 03 04 05 06 07 08 09 0a 0b 0c 0d 0e 0f 10 11 12 13 14 15 16 17 18 19 1a 1b 1c 1d 1e 1f
   170.00ns INFO     cocotb.axi_bfm_bus.axi             Write burst start awid: 0x6 awaddr: 0x00001080 awlen: 3 awsize: 3 awprot: 2
   200.00ns INFO     cocotb.axi_bfm_bus.axi             Write burst awid: 0x6 awaddr: 0x00001080 awlen: 3 awsize: 3 awprot: 2
   320.00ns INFO     cocotb.axi_bfm_bus.axi             Write burst complete bid: 0x6 bresp: 0
   320.00ns INFO     cocotb.axi_bfm_bus.axi             Write complete addr: 0x00001080 prot: 2 resp: 0 length: 32
   320.00ns INFO     cocotb.axi_bfm_bus.axi             Read start addr: 0x00001080 arid: 0x9 prot: 2
   320.00ns INFO     cocotb.axi_bfm_bus.axi             Read burst start arid: 0x9 araddr: 0x00001080 arlen: 3 arsize: 3 arprot: 2
   350.00ns INFO     cocotb.axi_bfm_bus.axi             Read burst arid: 0x9 araddr: 0x00001080 arlen: 3 arsize: 3 arprot: 2
   440.00ns INFO     cocotb.axi_bfm_bus.axi             Read burst complete rid: 0x9 rresp: 0
   440.00ns INFO     cocotb.axi_bfm_bus.axi             Read complete addr: 0x00001080 prot: 2 resp: 0 data: 00 01 02 03 04 05 06 07 08 09 0a 0b 0c 0d 0e 0f 10 11 12 13 14 15 16 17 18 19 1a 1b 1c 1d 1e 1f
   440.00ns INFO     cocotb.regression                  test_axi_bfm_smoke.axi_bfm_qualification passed
   440.00ns INFO     cocotb.regression                  **************************************************************************************************
                                                        ** TEST                                      STATUS  SIM TIME (ns)  REAL TIME (s)  RATIO (ns/s) **
                                                        **************************************************************************************************
                                                        ** test_axi_bfm_smoke.axi_bfm_qualification   PASS         440.00           0.01      36444.71  **
                                                        **************************************************************************************************
                                                        ** TESTS=1 PASS=1 FAIL=0 SKIP=0                            440.00           0.01      35057.67  **
                                                        **************************************************************************************************
- :0: Verilog $finish
===== run_smoke_formal.sh =====
SBY  1:08:38 [smoke_prove] Removing directory '/Users/Dilan/Projects/fabric-under-pressure/formal/smoke_prove'.
SBY  1:08:38 [smoke_prove] Copy '/Users/Dilan/Projects/fabric-under-pressure/formal/../smoke/formal_counter.sv' to '/Users/Dilan/Projects/fabric-under-pressure/formal/smoke_prove/src/formal_counter.sv'.
SBY  1:08:38 [smoke_prove] engine_0: smtbmc
SBY  1:08:38 [smoke_prove] base: starting process "cd smoke_prove/src; yosys -ql ../model/design.log ../model/design.ys"
SBY  1:08:38 [smoke_prove] base: finished (returncode=0)
SBY  1:08:38 [smoke_prove] prep: starting process "cd smoke_prove/model; yosys -ql design_prep.log design_prep.ys"
SBY  1:08:38 [smoke_prove] prep: finished (returncode=0)
SBY  1:08:38 [smoke_prove] smt2: starting process "cd smoke_prove/model; yosys -ql design_smt2.log design_smt2.ys"
SBY  1:08:38 [smoke_prove] smt2: finished (returncode=0)
SBY  1:08:38 [smoke_prove] engine_0.basecase: starting process "cd smoke_prove; yosys-smtbmc --presat --unroll --noprogress -t 8  --append 0 --dump-vcd engine_0/trace.vcd --dump-yw engine_0/trace.yw --dump-vlogtb engine_0/trace_tb.v --dump-smtc engine_0/trace.smtc model/design_smt2.smt2"
SBY  1:08:38 [smoke_prove] engine_0.induction: starting process "cd smoke_prove; yosys-smtbmc --presat --unroll -i --noprogress -t 8  --append 0 --dump-vcd engine_0/trace_induct.vcd --dump-yw engine_0/trace_induct.yw --dump-vlogtb engine_0/trace_induct_tb.v --dump-smtc engine_0/trace_induct.smtc model/design_smt2.smt2"
SBY  1:08:38 [smoke_prove] engine_0.basecase: ##   0:00:00  Solver: yices
SBY  1:08:38 [smoke_prove] engine_0.induction: ##   0:00:00  Solver: yices
SBY  1:08:38 [smoke_prove] engine_0.basecase: ##   0:00:00  Checking assumptions in step 0..
SBY  1:08:38 [smoke_prove] engine_0.induction: ##   0:00:00  Trying induction in step 8..
SBY  1:08:38 [smoke_prove] engine_0.basecase: ##   0:00:00  Checking assertions in step 0..
SBY  1:08:38 [smoke_prove] engine_0.induction: ##   0:00:00  Trying induction in step 7..
SBY  1:08:38 [smoke_prove] engine_0.basecase: ##   0:00:00  Checking assumptions in step 1..
SBY  1:08:38 [smoke_prove] engine_0.basecase: ##   0:00:00  Checking assertions in step 1..
SBY  1:08:38 [smoke_prove] engine_0.induction: ##   0:00:00  Temporal induction successful.
SBY  1:08:38 [smoke_prove] engine_0.basecase: ##   0:00:00  Checking assumptions in step 2..
SBY  1:08:38 [smoke_prove] engine_0.basecase: ##   0:00:00  Checking assertions in step 2..
SBY  1:08:38 [smoke_prove] engine_0.induction: ##   0:00:00  Status: passed
SBY  1:08:38 [smoke_prove] engine_0.basecase: ##   0:00:00  Checking assumptions in step 3..
SBY  1:08:38 [smoke_prove] engine_0.basecase: ##   0:00:00  Checking assertions in step 3..
SBY  1:08:38 [smoke_prove] engine_0.basecase: ##   0:00:00  Checking assumptions in step 4..
SBY  1:08:38 [smoke_prove] engine_0.basecase: ##   0:00:00  Checking assertions in step 4..
SBY  1:08:38 [smoke_prove] engine_0.basecase: ##   0:00:00  Checking assumptions in step 5..
SBY  1:08:38 [smoke_prove] engine_0.basecase: ##   0:00:00  Checking assertions in step 5..
SBY  1:08:38 [smoke_prove] engine_0.basecase: ##   0:00:00  Checking assumptions in step 6..
SBY  1:08:38 [smoke_prove] engine_0.basecase: ##   0:00:00  Checking assertions in step 6..
SBY  1:08:38 [smoke_prove] engine_0.basecase: ##   0:00:00  Checking assumptions in step 7..
SBY  1:08:38 [smoke_prove] engine_0.basecase: ##   0:00:00  Checking assertions in step 7..
SBY  1:08:38 [smoke_prove] engine_0.basecase: ##   0:00:00  Status: passed
SBY  1:08:38 [smoke_prove] engine_0.induction: finished (returncode=0)
SBY  1:08:38 [smoke_prove] engine_0.induction: Status returned by engine for induction: pass
SBY  1:08:38 [smoke_prove] engine_0.basecase: finished (returncode=0)
SBY  1:08:38 [smoke_prove] engine_0.basecase: Status returned by engine for basecase: pass
SBY  1:08:38 [smoke_prove] summary: Elapsed clock time [H:MM:SS (secs)]: 0:00:00 (0)
SBY  1:08:38 [smoke_prove] summary: Elapsed process time [H:MM:SS (secs)]: 0:00:00 (0)
SBY  1:08:38 [smoke_prove] summary: engine_0 (smtbmc) returned pass for basecase
SBY  1:08:38 [smoke_prove] summary: engine_0 (smtbmc) returned pass for induction
SBY  1:08:38 [smoke_prove] summary: engine_0 did not produce any traces
SBY  1:08:38 [smoke_prove] summary: successful proof by k-induction.
SBY  1:08:38 [smoke_prove] DONE (PASS, rc=0)
SBY  1:08:38 [smoke_cover] Removing directory '/Users/Dilan/Projects/fabric-under-pressure/formal/smoke_cover'.
SBY  1:08:38 [smoke_cover] Copy '/Users/Dilan/Projects/fabric-under-pressure/formal/../smoke/formal_counter.sv' to '/Users/Dilan/Projects/fabric-under-pressure/formal/smoke_cover/src/formal_counter.sv'.
SBY  1:08:38 [smoke_cover] engine_0: smtbmc
SBY  1:08:38 [smoke_cover] base: starting process "cd smoke_cover/src; yosys -ql ../model/design.log ../model/design.ys"
SBY  1:08:38 [smoke_cover] base: finished (returncode=0)
SBY  1:08:38 [smoke_cover] prep: starting process "cd smoke_cover/model; yosys -ql design_prep.log design_prep.ys"
SBY  1:08:39 [smoke_cover] prep: finished (returncode=0)
SBY  1:08:39 [smoke_cover] smt2: starting process "cd smoke_cover/model; yosys -ql design_smt2.log design_smt2.ys"
SBY  1:08:39 [smoke_cover] smt2: finished (returncode=0)
SBY  1:08:39 [smoke_cover] engine_0: starting process "cd smoke_cover; yosys-smtbmc --presat --unroll -c --noprogress -t 8  --append 0 --dump-vcd engine_0/trace%.vcd --dump-yw engine_0/trace%.yw --dump-vlogtb engine_0/trace%_tb.v --dump-smtc engine_0/trace%.smtc model/design_smt2.smt2"
SBY  1:08:39 [smoke_cover] engine_0: ##   0:00:00  Solver: yices
SBY  1:08:39 [smoke_cover] engine_0: ##   0:00:00  Checking cover reachability in step 0..
SBY  1:08:39 [smoke_cover] engine_0: ##   0:00:00  Checking cover reachability in step 1..
SBY  1:08:39 [smoke_cover] engine_0: ##   0:00:00  Checking cover reachability in step 2..
SBY  1:08:39 [smoke_cover] engine_0: ##   0:00:00  Checking cover reachability in step 3..
SBY  1:08:39 [smoke_cover] engine_0: ##   0:00:00  Checking cover reachability in step 4..
SBY  1:08:39 [smoke_cover] engine_0: ##   0:00:00  Reached cover statement in step 4 at formal_counter: formal_counter.sv:9.5-9.25 (_witness_.check_cover_formal_counter_sv_9_5)
SBY  1:08:39 [smoke_cover] engine_0: ##   0:00:00  Writing trace to VCD file: engine_0/trace0.vcd
SBY  1:08:39 [smoke_cover] engine_0: ##   0:00:00  Writing trace to Verilog testbench: engine_0/trace0_tb.v
SBY  1:08:39 [smoke_cover] engine_0: ##   0:00:00  Writing trace to constraints file: engine_0/trace0.smtc
SBY  1:08:39 [smoke_cover] engine_0: ##   0:00:00  Writing trace to Yosys witness file: engine_0/trace0.yw
SBY  1:08:39 [smoke_cover] engine_0: ##   0:00:00  Status: passed
SBY  1:08:39 [smoke_cover] engine_0: finished (returncode=0)
SBY  1:08:39 [smoke_cover] engine_0: Status returned by engine: pass
SBY  1:08:39 [smoke_cover] summary: Elapsed clock time [H:MM:SS (secs)]: 0:00:00 (0)
SBY  1:08:39 [smoke_cover] summary: Elapsed process time [H:MM:SS (secs)]: 0:00:00 (0)
SBY  1:08:39 [smoke_cover] summary: engine_0 (smtbmc) returned pass
SBY  1:08:39 [smoke_cover] summary: cover trace: smoke_cover/engine_0/trace0.vcd
SBY  1:08:39 [smoke_cover] summary:   reached cover statement formal_counter._witness_.check_cover_formal_counter_sv_9_5 at formal_counter.sv:9.5-9.25 step 4
SBY  1:08:39 [smoke_cover] DONE (PASS, rc=0)
SBY  1:08:39 [smoke_fail] Removing directory '/Users/Dilan/Projects/fabric-under-pressure/formal/smoke_fail'.
SBY  1:08:39 [smoke_fail] Copy '/Users/Dilan/Projects/fabric-under-pressure/formal/../smoke/formal_counter.sv' to '/Users/Dilan/Projects/fabric-under-pressure/formal/smoke_fail/src/formal_counter.sv'.
SBY  1:08:39 [smoke_fail] engine_0: smtbmc
SBY  1:08:39 [smoke_fail] base: starting process "cd smoke_fail/src; yosys -ql ../model/design.log ../model/design.ys"
SBY  1:08:39 [smoke_fail] base: finished (returncode=0)
SBY  1:08:39 [smoke_fail] prep: starting process "cd smoke_fail/model; yosys -ql design_prep.log design_prep.ys"
SBY  1:08:39 [smoke_fail] prep: finished (returncode=0)
SBY  1:08:39 [smoke_fail] smt2: starting process "cd smoke_fail/model; yosys -ql design_smt2.log design_smt2.ys"
SBY  1:08:39 [smoke_fail] smt2: finished (returncode=0)
SBY  1:08:39 [smoke_fail] engine_0.basecase: starting process "cd smoke_fail; yosys-smtbmc --presat --unroll --noprogress -t 8  --append 0 --dump-vcd engine_0/trace.vcd --dump-yw engine_0/trace.yw --dump-vlogtb engine_0/trace_tb.v --dump-smtc engine_0/trace.smtc model/design_smt2.smt2"
SBY  1:08:39 [smoke_fail] engine_0.induction: starting process "cd smoke_fail; yosys-smtbmc --presat --unroll -i --noprogress -t 8  --append 0 --dump-vcd engine_0/trace_induct.vcd --dump-yw engine_0/trace_induct.yw --dump-vlogtb engine_0/trace_induct_tb.v --dump-smtc engine_0/trace_induct.smtc model/design_smt2.smt2"
SBY  1:08:39 [smoke_fail] engine_0.basecase: ##   0:00:00  Solver: yices
SBY  1:08:39 [smoke_fail] engine_0.induction: ##   0:00:00  Solver: yices
SBY  1:08:39 [smoke_fail] engine_0.basecase: ##   0:00:00  Checking assumptions in step 0..
SBY  1:08:39 [smoke_fail] engine_0.induction: ##   0:00:00  Trying induction in step 8..
SBY  1:08:39 [smoke_fail] engine_0.basecase: ##   0:00:00  Checking assertions in step 0..
SBY  1:08:39 [smoke_fail] engine_0.induction: ##   0:00:00  Trying induction in step 7..
SBY  1:08:39 [smoke_fail] engine_0.basecase: ##   0:00:00  Checking assumptions in step 1..
SBY  1:08:39 [smoke_fail] engine_0.basecase: ##   0:00:00  Checking assertions in step 1..
SBY  1:08:39 [smoke_fail] engine_0.induction: ##   0:00:00  Trying induction in step 6..
SBY  1:08:39 [smoke_fail] engine_0.basecase: ##   0:00:00  Checking assumptions in step 2..
SBY  1:08:39 [smoke_fail] engine_0.basecase: ##   0:00:00  Checking assertions in step 2..
SBY  1:08:39 [smoke_fail] engine_0.induction: ##   0:00:00  Trying induction in step 5..
SBY  1:08:39 [smoke_fail] engine_0.induction: ##   0:00:00  Trying induction in step 4..
SBY  1:08:39 [smoke_fail] engine_0.basecase: ##   0:00:00  Checking assumptions in step 3..
SBY  1:08:39 [smoke_fail] engine_0.basecase: ##   0:00:00  Checking assertions in step 3..
SBY  1:08:39 [smoke_fail] engine_0.induction: ##   0:00:00  Trying induction in step 3..
SBY  1:08:39 [smoke_fail] engine_0.induction: ##   0:00:00  Temporal induction successful.
SBY  1:08:39 [smoke_fail] engine_0.basecase: ##   0:00:00  BMC failed!
SBY  1:08:39 [smoke_fail] engine_0.basecase: ##   0:00:00  Assert failed in formal_counter: formal_counter.sv:7.5-7.26 (_witness_.check_assert_formal_counter_sv_7_5)
SBY  1:08:39 [smoke_fail] engine_0.basecase: ##   0:00:00  Writing trace to VCD file: engine_0/trace.vcd
SBY  1:08:39 [smoke_fail] engine_0.induction: ##   0:00:00  Status: passed
SBY  1:08:39 [smoke_fail] engine_0.basecase: ##   0:00:00  Writing trace to Verilog testbench: engine_0/trace_tb.v
SBY  1:08:39 [smoke_fail] engine_0.basecase: ##   0:00:00  Writing trace to constraints file: engine_0/trace.smtc
SBY  1:08:39 [smoke_fail] engine_0.basecase: ##   0:00:00  Writing trace to Yosys witness file: engine_0/trace.yw
SBY  1:08:39 [smoke_fail] engine_0.basecase: ##   0:00:00  Status: failed
SBY  1:08:39 [smoke_fail] engine_0.induction: finished (returncode=0)
SBY  1:08:39 [smoke_fail] engine_0.induction: Status returned by engine for induction: pass
SBY  1:08:39 [smoke_fail] engine_0.basecase: finished (returncode=1)
SBY  1:08:39 [smoke_fail] engine_0.basecase: Status returned by engine for basecase: FAIL
SBY  1:08:39 [smoke_fail] summary: Elapsed clock time [H:MM:SS (secs)]: 0:00:00 (0)
SBY  1:08:39 [smoke_fail] summary: Elapsed process time [H:MM:SS (secs)]: 0:00:00 (0)
SBY  1:08:39 [smoke_fail] summary: engine_0 (smtbmc) returned FAIL for basecase
SBY  1:08:39 [smoke_fail] summary: engine_0 (smtbmc) returned pass for induction
SBY  1:08:39 [smoke_fail] summary: counterexample trace [basecase]: smoke_fail/engine_0/trace.vcd
SBY  1:08:39 [smoke_fail] summary:   failed assertion formal_counter._witness_.check_assert_formal_counter_sv_7_5 at formal_counter.sv:7.5-7.26 step 3
SBY  1:08:39 [smoke_fail] DONE (FAIL, rc=2)
SBY  1:08:39 The following tasks failed: ['fail']
Expected-failure harness detected failure (rc=2)
===== run_smoke_synth.sh =====

-- Running command `read_verilog -sv /Users/Dilan/Projects/fabric-under-pressure/smoke/ecp5_smoke.sv; synth_ecp5 -top ecp5_smoke -json /Users/Dilan/Projects/fabric-under-pressure/results/raw/gate0/synth/ecp5_smoke.json; stat' --

1. Executing Verilog-2005 frontend: /Users/Dilan/Projects/fabric-under-pressure/smoke/ecp5_smoke.sv
Parsing SystemVerilog input from `/Users/Dilan/Projects/fabric-under-pressure/smoke/ecp5_smoke.sv' to AST representation.
Generating RTLIL representation for module `\ecp5_smoke'.
Successfully finished Verilog frontend.

2. Executing SYNTH_LATTICE pass.

2.1. Executing Verilog-2005 frontend: /Users/Dilan/eda/fabric-under-pressure/oss-cad-suite/libexec/../share/yosys/lattice/cells_sim_ecp5.v
Parsing Verilog input from `/Users/Dilan/eda/fabric-under-pressure/oss-cad-suite/libexec/../share/yosys/lattice/cells_sim_ecp5.v' to AST representation.
Generating RTLIL representation for module `\LUT4'.
Generating RTLIL representation for module `\$__ABC9_LUT5'.
Generating RTLIL representation for module `\$__ABC9_LUT6'.
Generating RTLIL representation for module `\$__ABC9_LUT7'.
Generating RTLIL representation for module `\L6MUX21'.
Generating RTLIL representation for module `\TRELLIS_RAM16X2'.
Generating RTLIL representation for module `\PFUMX'.
Generating RTLIL representation for module `\TRELLIS_DPR16X4'.
Generating RTLIL representation for module `\DPR16X4C'.
Generating RTLIL representation for module `\LUT2'.
Generating RTLIL representation for module `\TRELLIS_FF'.
Generating RTLIL representation for module `\TRELLIS_IO'.
Generating RTLIL representation for module `\INV'.
Generating RTLIL representation for module `\TRELLIS_COMB'.
Generating RTLIL representation for module `\VLO'.
Generating RTLIL representation for module `\VHI'.
Generating RTLIL representation for module `\FD1P3AX'.
Generating RTLIL representation for module `\FD1P3AY'.
Generating RTLIL representation for module `\FD1P3BX'.
Generating RTLIL representation for module `\FD1P3DX'.
Generating RTLIL representation for module `\FD1P3IX'.
Generating RTLIL representation for module `\FD1P3JX'.
Generating RTLIL representation for module `\FD1S3AX'.
Generating RTLIL representation for module `\FD1S3AY'.
Generating RTLIL representation for module `\FD1S3BX'.
Generating RTLIL representation for module `\FD1S3DX'.
Generating RTLIL representation for module `\FD1S3IX'.
Generating RTLIL representation for module `\FD1S3JX'.
Generating RTLIL representation for module `\IFS1P3BX'.
Generating RTLIL representation for module `\IFS1P3DX'.
Generating RTLIL representation for module `\IFS1P3IX'.
Generating RTLIL representation for module `\IFS1P3JX'.
Generating RTLIL representation for module `\OFS1P3BX'.
Generating RTLIL representation for module `\OFS1P3DX'.
Generating RTLIL representation for module `\OFS1P3IX'.
Generating RTLIL representation for module `\OFS1P3JX'.
Generating RTLIL representation for module `\IB'.
Generating RTLIL representation for module `\IBPU'.
Generating RTLIL representation for module `\IBPD'.
Generating RTLIL representation for module `\OB'.
Generating RTLIL representation for module `\OBZ'.
Generating RTLIL representation for module `\OBZPU'.
Generating RTLIL representation for module `\OBZPD'.
Generating RTLIL representation for module `\OBCO'.
Generating RTLIL representation for module `\BB'.
Generating RTLIL representation for module `\BBPU'.
Generating RTLIL representation for module `\BBPD'.
Generating RTLIL representation for module `\ILVDS'.
Generating RTLIL representation for module `\OLVDS'.
Generating RTLIL representation for module `\CCU2C'.
Generating RTLIL representation for module `\DP16KD'.
Replacing existing blackbox module `\FD1P3AX' at /Users/Dilan/eda/fabric-under-pressure/oss-cad-suite/libexec/../share/yosys/lattice/cells_ff.vh:2.1-2.261.
Generating RTLIL representation for module `\FD1P3AX'.
Replacing existing blackbox module `\FD1P3AY' at /Users/Dilan/eda/fabric-under-pressure/oss-cad-suite/libexec/../share/yosys/lattice/cells_ff.vh:3.1-3.261.
Generating RTLIL representation for module `\FD1P3AY'.
Replacing existing blackbox module `\FD1P3BX' at /Users/Dilan/eda/fabric-under-pressure/oss-cad-suite/libexec/../share/yosys/lattice/cells_ff.vh:4.1-4.261.
Generating RTLIL representation for module `\FD1P3BX'.
Replacing existing blackbox module `\FD1P3DX' at /Users/Dilan/eda/fabric-under-pressure/oss-cad-suite/libexec/../share/yosys/lattice/cells_ff.vh:5.1-5.261.
Generating RTLIL representation for module `\FD1P3DX'.
Replacing existing blackbox module `\FD1P3IX' at /Users/Dilan/eda/fabric-under-pressure/oss-cad-suite/libexec/../share/yosys/lattice/cells_ff.vh:6.1-6.261.
Generating RTLIL representation for module `\FD1P3IX'.
Replacing existing blackbox module `\FD1P3JX' at /Users/Dilan/eda/fabric-under-pressure/oss-cad-suite/libexec/../share/yosys/lattice/cells_ff.vh:7.1-7.261.
Generating RTLIL representation for module `\FD1P3JX'.
Replacing existing blackbox module `\FD1S3AX' at /Users/Dilan/eda/fabric-under-pressure/oss-cad-suite/libexec/../share/yosys/lattice/cells_ff.vh:8.1-8.261.
Generating RTLIL representation for module `\FD1S3AX'.
Replacing existing blackbox module `\FD1S3AY' at /Users/Dilan/eda/fabric-under-pressure/oss-cad-suite/libexec/../share/yosys/lattice/cells_ff.vh:9.1-9.261.
Generating RTLIL representation for module `\FD1S3AY'.
Replacing existing blackbox module `\FD1S3BX' at /Users/Dilan/eda/fabric-under-pressure/oss-cad-suite/libexec/../share/yosys/lattice/cells_ff.vh:10.1-10.261.
Generating RTLIL representation for module `\FD1S3BX'.
Replacing existing blackbox module `\FD1S3DX' at /Users/Dilan/eda/fabric-under-pressure/oss-cad-suite/libexec/../share/yosys/lattice/cells_ff.vh:11.1-11.261.
Generating RTLIL representation for module `\FD1S3DX'.
Replacing existing blackbox module `\FD1S3IX' at /Users/Dilan/eda/fabric-under-pressure/oss-cad-suite/libexec/../share/yosys/lattice/cells_ff.vh:12.1-12.261.
Generating RTLIL representation for module `\FD1S3IX'.
Replacing existing blackbox module `\FD1S3JX' at /Users/Dilan/eda/fabric-under-pressure/oss-cad-suite/libexec/../share/yosys/lattice/cells_ff.vh:13.1-13.261.
Generating RTLIL representation for module `\FD1S3JX'.
Replacing existing blackbox module `\IFS1P3BX' at /Users/Dilan/eda/fabric-under-pressure/oss-cad-suite/libexec/../share/yosys/lattice/cells_ff.vh:26.1-26.301.
Generating RTLIL representation for module `\IFS1P3BX'.
Replacing existing blackbox module `\IFS1P3DX' at /Users/Dilan/eda/fabric-under-pressure/oss-cad-suite/libexec/../share/yosys/lattice/cells_ff.vh:27.1-27.301.
Generating RTLIL representation for module `\IFS1P3DX'.
Replacing existing blackbox module `\IFS1P3IX' at /Users/Dilan/eda/fabric-under-pressure/oss-cad-suite/libexec/../share/yosys/lattice/cells_ff.vh:28.1-28.301.
Generating RTLIL representation for module `\IFS1P3IX'.
Replacing existing blackbox module `\IFS1P3JX' at /Users/Dilan/eda/fabric-under-pressure/oss-cad-suite/libexec/../share/yosys/lattice/cells_ff.vh:29.1-29.301.
Generating RTLIL representation for module `\IFS1P3JX'.
Replacing existing blackbox module `\OFS1P3BX' at /Users/Dilan/eda/fabric-under-pressure/oss-cad-suite/libexec/../share/yosys/lattice/cells_ff.vh:31.1-31.302.
Generating RTLIL representation for module `\OFS1P3BX'.
Replacing existing blackbox module `\OFS1P3DX' at /Users/Dilan/eda/fabric-under-pressure/oss-cad-suite/libexec/../share/yosys/lattice/cells_ff.vh:32.1-32.302.
Generating RTLIL representation for module `\OFS1P3DX'.
Replacing existing blackbox module `\OFS1P3IX' at /Users/Dilan/eda/fabric-under-pressure/oss-cad-suite/libexec/../share/yosys/lattice/cells_ff.vh:33.1-33.302.
Generating RTLIL representation for module `\OFS1P3IX'.
Replacing existing blackbox module `\OFS1P3JX' at /Users/Dilan/eda/fabric-under-pressure/oss-cad-suite/libexec/../share/yosys/lattice/cells_ff.vh:34.1-34.302.
Generating RTLIL representation for module `\OFS1P3JX'.
Replacing existing blackbox module `\IB' at /Users/Dilan/eda/fabric-under-pressure/oss-cad-suite/libexec/../share/yosys/lattice/cells_io.vh:2.1-2.157.
Generating RTLIL representation for module `\IB'.
Replacing existing blackbox module `\IBPU' at /Users/Dilan/eda/fabric-under-pressure/oss-cad-suite/libexec/../share/yosys/lattice/cells_io.vh:3.1-3.157.
Generating RTLIL representation for module `\IBPU'.
Replacing existing blackbox module `\IBPD' at /Users/Dilan/eda/fabric-under-pressure/oss-cad-suite/libexec/../share/yosys/lattice/cells_io.vh:4.1-4.157.
Generating RTLIL representation for module `\IBPD'.
Replacing existing blackbox module `\OB' at /Users/Dilan/eda/fabric-under-pressure/oss-cad-suite/libexec/../share/yosys/lattice/cells_io.vh:5.1-5.157.
Generating RTLIL representation for module `\OB'.
Replacing existing blackbox module `\OBZ' at /Users/Dilan/eda/fabric-under-pressure/oss-cad-suite/libexec/../share/yosys/lattice/cells_io.vh:6.1-6.164.
Generating RTLIL representation for module `\OBZ'.
Replacing existing blackbox module `\OBZPU' at /Users/Dilan/eda/fabric-under-pressure/oss-cad-suite/libexec/../share/yosys/lattice/cells_io.vh:7.1-7.164.
Generating RTLIL representation for module `\OBZPU'.
Replacing existing blackbox module `\OBZPD' at /Users/Dilan/eda/fabric-under-pressure/oss-cad-suite/libexec/../share/yosys/lattice/cells_io.vh:8.1-8.164.
Generating RTLIL representation for module `\OBZPD'.
Replacing existing blackbox module `\OBCO' at /Users/Dilan/eda/fabric-under-pressure/oss-cad-suite/libexec/../share/yosys/lattice/cells_io.vh:9.1-9.90.
Generating RTLIL representation for module `\OBCO'.
Replacing existing blackbox module `\BB' at /Users/Dilan/eda/fabric-under-pressure/oss-cad-suite/libexec/../share/yosys/lattice/cells_io.vh:10.1-10.179.
Generating RTLIL representation for module `\BB'.
Replacing existing blackbox module `\BBPU' at /Users/Dilan/eda/fabric-under-pressure/oss-cad-suite/libexec/../share/yosys/lattice/cells_io.vh:11.1-11.179.
Generating RTLIL representation for module `\BBPU'.
Replacing existing blackbox module `\BBPD' at /Users/Dilan/eda/fabric-under-pressure/oss-cad-suite/libexec/../share/yosys/lattice/cells_io.vh:12.1-12.179.
Generating RTLIL representation for module `\BBPD'.
Replacing existing blackbox module `\ILVDS' at /Users/Dilan/eda/fabric-under-pressure/oss-cad-suite/libexec/../share/yosys/lattice/cells_io.vh:13.1-13.139.
Generating RTLIL representation for module `\ILVDS'.
Replacing existing blackbox module `\OLVDS' at /Users/Dilan/eda/fabric-under-pressure/oss-cad-suite/libexec/../share/yosys/lattice/cells_io.vh:14.1-14.146.
Generating RTLIL representation for module `\OLVDS'.
Successfully finished Verilog frontend.

2.2. Executing Verilog-2005 frontend: /Users/Dilan/eda/fabric-under-pressure/oss-cad-suite/libexec/../share/yosys/lattice/cells_bb_ecp5.v
Parsing Verilog input from `/Users/Dilan/eda/fabric-under-pressure/oss-cad-suite/libexec/../share/yosys/lattice/cells_bb_ecp5.v' to AST representation.
Generating RTLIL representation for module `\GSR'.
Generating RTLIL representation for module `\PUR'.
Generating RTLIL representation for module `\SGSR'.
Generating RTLIL representation for module `\PDPW16KD'.
Generating RTLIL representation for module `\MULT18X18D'.
Generating RTLIL representation for module `\ALU54B'.
Generating RTLIL representation for module `\CLKDIVF'.
Generating RTLIL representation for module `\PCSCLKDIV'.
Generating RTLIL representation for module `\DCSC'.
Generating RTLIL representation for module `\DCCA'.
Generating RTLIL representation for module `\ECLKSYNCB'.
Generating RTLIL representation for module `\ECLKBRIDGECS'.
Generating RTLIL representation for module `\DELAYF'.
Generating RTLIL representation for module `\DELAYG'.
Generating RTLIL representation for module `\USRMCLK'.
Generating RTLIL representation for module `\DQSBUFM'.
Generating RTLIL representation for module `\DDRDLLA'.
Generating RTLIL representation for module `\DLLDELD'.
Generating RTLIL representation for module `\IDDRX1F'.
Generating RTLIL representation for module `\IDDRX2F'.
Generating RTLIL representation for module `\IDDR71B'.
Generating RTLIL representation for module `\IDDRX2DQA'.
Generating RTLIL representation for module `\ODDRX1F'.
Generating RTLIL representation for module `\ODDRX2F'.
Generating RTLIL representation for module `\ODDR71B'.
Generating RTLIL representation for module `\OSHX2A'.
Generating RTLIL representation for module `\TSHX2DQA'.
Generating RTLIL representation for module `\TSHX2DQSA'.
Generating RTLIL representation for module `\ODDRX2DQA'.
Generating RTLIL representation for module `\ODDRX2DQSB'.
Generating RTLIL representation for module `\EHXPLLL'.
Generating RTLIL representation for module `\DTR'.
Generating RTLIL representation for module `\OSCG'.
Generating RTLIL representation for module `\EXTREFB'.
Generating RTLIL representation for module `\JTAGG'.
Generating RTLIL representation for module `\DCUA'.
Successfully finished Verilog frontend.

2.3. Executing HIERARCHY pass (managing design hierarchy).

2.3.1. Analyzing design hierarchy..
Top module:  \ecp5_smoke

2.3.2. Analyzing design hierarchy..
Top module:  \ecp5_smoke
Removed 0 unused modules.

2.4. Executing PROC pass (convert processes to netlists).

2.4.1. Executing PROC_CLEAN pass (remove empty switches from decision trees).
Cleaned up 0 empty switches.

2.4.2. Executing PROC_RMDEAD pass (remove dead branches from decision trees).
Removed a total of 0 dead cases.

2.4.3. Executing PROC_PRUNE pass (remove redundant assignments in processes).
Removed 0 redundant assignments.
Promoted 3 assignments to connections.

2.4.4. Executing PROC_INIT pass (extract init attributes).
Found init rule in `\ecp5_smoke.$proc$/Users/Dilan/Projects/fabric-under-pressure/smoke/ecp5_smoke.sv:6$5'.
  Set init value: \state = 1

2.4.5. Executing PROC_ARST pass (detect async resets in processes).

2.4.6. Executing PROC_ROM pass (convert switches to ROMs).
Converted 0 switches.

2.4.7. Executing PROC_MUX pass (convert decision trees to multiplexers).
Creating decoders for process `\ecp5_smoke.$proc$/Users/Dilan/Projects/fabric-under-pressure/smoke/ecp5_smoke.sv:6$5'.
Creating decoders for process `\ecp5_smoke.$proc$/Users/Dilan/Projects/fabric-under-pressure/smoke/ecp5_smoke.sv:7$1'.

2.4.8. Executing PROC_DLATCH pass (convert process syncs to latches).

2.4.9. Executing PROC_DFF pass (convert process syncs to FFs).
Creating register for signal `\ecp5_smoke.\signature' using process `\ecp5_smoke.$proc$/Users/Dilan/Projects/fabric-under-pressure/smoke/ecp5_smoke.sv:7$1'.
  created $dff cell `$procdff$231' with positive edge clock.
Creating register for signal `\ecp5_smoke.\state' using process `\ecp5_smoke.$proc$/Users/Dilan/Projects/fabric-under-pressure/smoke/ecp5_smoke.sv:7$1'.
  created $dff cell `$procdff$232' with positive edge clock.

2.4.10. Executing PROC_MEMWR pass (convert process memory writes to cells).

2.4.11. Executing PROC_CLEAN pass (remove empty switches from decision trees).
Removing empty process `ecp5_smoke.$proc$/Users/Dilan/Projects/fabric-under-pressure/smoke/ecp5_smoke.sv:6$5'.
Removing empty process `ecp5_smoke.$proc$/Users/Dilan/Projects/fabric-under-pressure/smoke/ecp5_smoke.sv:7$1'.
Cleaned up 0 empty switches.

2.4.12. Executing OPT_EXPR pass (perform const folding).
Optimizing module ecp5_smoke.

2.5. Executing CHECK pass (checking for obvious problems).
Checking module ecp5_smoke...
Found and reported 0 problems.

2.6. Executing FLATTEN pass (flatten design).

2.7. Executing TRIBUF pass.

2.8. Executing DEMINOUT pass (demote inout ports to input or output).

2.9. Executing OPT_EXPR pass (perform const folding).
Optimizing module ecp5_smoke.

2.10. Executing CHECK pass (checking for obvious problems).
Checking module ecp5_smoke...
Found and reported 0 problems.

2.11. Executing OPT_CLEAN pass (remove unused cells and wires).
Finding unused cells or wires in module \ecp5_smoke..
Removed 0 unused cells and 3 unused wires.
<suppressed ~1 debug messages>

2.12. Executing OPT pass (performing simple optimizations).

2.12.1. Executing OPT_EXPR pass (perform const folding).
Optimizing module ecp5_smoke.

2.12.2. Executing OPT_MERGE pass (detect identical cells).
Finding identical cells in module `\ecp5_smoke'.
Computing hashes of 5 cells of `\ecp5_smoke'.
Finding duplicate cells in `\ecp5_smoke'.
Removed a total of 0 cells.

2.12.3. Executing OPT_MUXTREE pass (detect dead branches in mux trees).
Running muxtree optimizer on module \ecp5_smoke..
  Creating internal representation of mux trees.
  No muxes found in this module.
Removed 0 multiplexer ports.

2.12.4. Executing OPT_REDUCE pass (consolidate $*mux and $reduce_* inputs).
  Optimizing cells in module \ecp5_smoke.
Performed a total of 0 changes.

2.12.5. Executing OPT_MERGE pass (detect identical cells).
Finding identical cells in module `\ecp5_smoke'.
Computing hashes of 5 cells of `\ecp5_smoke'.
Finding duplicate cells in `\ecp5_smoke'.
Removed a total of 0 cells.

2.12.6. Executing OPT_DFF pass (perform DFF optimizations).

2.12.7. Executing OPT_CLEAN pass (remove unused cells and wires).
Finding unused cells or wires in module \ecp5_smoke..

2.12.8. Executing OPT_EXPR pass (perform const folding).
Optimizing module ecp5_smoke.

2.12.9. Finished fast OPT passes. (There is nothing left to do.)

2.13. Executing FSM pass (extract and optimize FSM).

2.13.1. Executing FSM_DETECT pass (finding FSMs in design).

2.13.2. Executing FSM_EXTRACT pass (extracting FSM from design).

2.13.3. Executing FSM_OPT pass (simple optimizations of FSMs).

2.13.4. Executing OPT_CLEAN pass (remove unused cells and wires).
Finding unused cells or wires in module \ecp5_smoke..

2.13.5. Executing FSM_OPT pass (simple optimizations of FSMs).

2.13.6. Executing FSM_RECODE pass (re-assigning FSM state encoding).

2.13.7. Executing FSM_INFO pass (dumping all available information on FSM cells).

2.13.8. Executing FSM_MAP pass (mapping FSMs to basic logic).

2.14. Executing OPT pass (performing simple optimizations).

2.14.1. Executing OPT_EXPR pass (perform const folding).
Optimizing module ecp5_smoke.

2.14.2. Executing OPT_MERGE pass (detect identical cells).
Finding identical cells in module `\ecp5_smoke'.
Computing hashes of 5 cells of `\ecp5_smoke'.
Finding duplicate cells in `\ecp5_smoke'.
Removed a total of 0 cells.

2.14.3. Executing OPT_MUXTREE pass (detect dead branches in mux trees).
Running muxtree optimizer on module \ecp5_smoke..
  Creating internal representation of mux trees.
  No muxes found in this module.
Removed 0 multiplexer ports.

2.14.4. Executing OPT_REDUCE pass (consolidate $*mux and $reduce_* inputs).
  Optimizing cells in module \ecp5_smoke.
Performed a total of 0 changes.

2.14.5. Executing OPT_MERGE pass (detect identical cells).
Finding identical cells in module `\ecp5_smoke'.
Computing hashes of 5 cells of `\ecp5_smoke'.
Finding duplicate cells in `\ecp5_smoke'.
Removed a total of 0 cells.

2.14.6. Executing OPT_DFF pass (perform DFF optimizations).

2.14.7. Executing OPT_CLEAN pass (remove unused cells and wires).
Finding unused cells or wires in module \ecp5_smoke..

2.14.8. Executing OPT_EXPR pass (perform const folding).
Optimizing module ecp5_smoke.

2.14.9. Finished fast OPT passes. (There is nothing left to do.)

2.15. Executing WREDUCE pass (reducing word size of cells).

2.16. Executing PEEPOPT pass (run peephole optimizers).

2.17. Executing OPT_CLEAN pass (remove unused cells and wires).
Finding unused cells or wires in module \ecp5_smoke..

2.18. Executing SHARE pass (SAT-based resource sharing).

2.19. Executing TECHMAP pass (map to technology primitives).

2.19.1. Executing Verilog-2005 frontend: /Users/Dilan/eda/fabric-under-pressure/oss-cad-suite/libexec/../share/yosys/cmp2lut.v
Parsing Verilog input from `/Users/Dilan/eda/fabric-under-pressure/oss-cad-suite/libexec/../share/yosys/cmp2lut.v' to AST representation.
Generating RTLIL representation for module `\_90_lut_cmp_'.
Successfully finished Verilog frontend.

2.19.2. Continuing TECHMAP pass.
No more expansions possible.
<suppressed ~6 debug messages>

2.20. Executing OPT_EXPR pass (perform const folding).
Optimizing module ecp5_smoke.

2.21. Executing OPT_CLEAN pass (remove unused cells and wires).
Finding unused cells or wires in module \ecp5_smoke..

2.22. Executing TECHMAP pass (map to technology primitives).

2.22.1. Executing Verilog-2005 frontend: /Users/Dilan/eda/fabric-under-pressure/oss-cad-suite/libexec/../share/yosys/mul2dsp.v
Parsing Verilog input from `/Users/Dilan/eda/fabric-under-pressure/oss-cad-suite/libexec/../share/yosys/mul2dsp.v' to AST representation.
Generating RTLIL representation for module `\_80_mul'.
Generating RTLIL representation for module `\_90_soft_mul'.
Successfully finished Verilog frontend.

2.22.2. Continuing TECHMAP pass.
No more expansions possible.
<suppressed ~4 debug messages>

2.23. Executing TECHMAP pass (map to technology primitives).

2.23.1. Executing Verilog-2005 frontend: /Users/Dilan/eda/fabric-under-pressure/oss-cad-suite/libexec/../share/yosys/lattice/dsp_map_18x18.v
Parsing Verilog input from `/Users/Dilan/eda/fabric-under-pressure/oss-cad-suite/libexec/../share/yosys/lattice/dsp_map_18x18.v' to AST representation.
Generating RTLIL representation for module `$__MUL18X18'.
Successfully finished Verilog frontend.

2.23.2. Continuing TECHMAP pass.
No more expansions possible.
<suppressed ~3 debug messages>

2.24. Executing ALUMACC pass (create $alu and $macc cells).
Extracting $alu and $macc cells in module ecp5_smoke:
  created 0 $alu and 0 $macc cells.

2.25. Executing OPT pass (performing simple optimizations).

2.25.1. Executing OPT_EXPR pass (perform const folding).
Optimizing module ecp5_smoke.

2.25.2. Executing OPT_MERGE pass (detect identical cells).
Finding identical cells in module `\ecp5_smoke'.
Computing hashes of 5 cells of `\ecp5_smoke'.
Finding duplicate cells in `\ecp5_smoke'.
Removed a total of 0 cells.

2.25.3. Executing OPT_MUXTREE pass (detect dead branches in mux trees).
Running muxtree optimizer on module \ecp5_smoke..
  Creating internal representation of mux trees.
  No muxes found in this module.
Removed 0 multiplexer ports.

2.25.4. Executing OPT_REDUCE pass (consolidate $*mux and $reduce_* inputs).
  Optimizing cells in module \ecp5_smoke.
Performed a total of 0 changes.

2.25.5. Executing OPT_MERGE pass (detect identical cells).
Finding identical cells in module `\ecp5_smoke'.
Computing hashes of 5 cells of `\ecp5_smoke'.
Finding duplicate cells in `\ecp5_smoke'.
Removed a total of 0 cells.

2.25.6. Executing OPT_DFF pass (perform DFF optimizations).

2.25.7. Executing OPT_CLEAN pass (remove unused cells and wires).
Finding unused cells or wires in module \ecp5_smoke..

2.25.8. Executing OPT_EXPR pass (perform const folding).
Optimizing module ecp5_smoke.

2.25.9. Finished fast OPT passes. (There is nothing left to do.)

2.26. Executing MEMORY pass.

2.26.1. Executing OPT_MEM pass (optimize memories).
Performed a total of 0 transformations.

2.26.2. Executing OPT_MEM_PRIORITY pass (removing unnecessary memory write priority relations).
Performed a total of 0 transformations.

2.26.3. Executing OPT_MEM_FEEDBACK pass (finding memory read-to-write feedback paths).

2.26.4. Executing MEMORY_BMUX2ROM pass (converting muxes to ROMs).

2.26.5. Executing MEMORY_DFF pass (merging $dff cells to $memrd).

2.26.6. Executing OPT_CLEAN pass (remove unused cells and wires).
Finding unused cells or wires in module \ecp5_smoke..

2.26.7. Executing MEMORY_SHARE pass (consolidating $memrd/$memwr cells).

2.26.8. Executing OPT_MEM_WIDEN pass (optimize memories where all ports are wide).
Performed a total of 0 transformations.

2.26.9. Executing OPT_CLEAN pass (remove unused cells and wires).
Finding unused cells or wires in module \ecp5_smoke..

2.26.10. Executing MEMORY_COLLECT pass (generating $mem cells).

2.27. Executing OPT_CLEAN pass (remove unused cells and wires).
Finding unused cells or wires in module \ecp5_smoke..

2.28. Executing MEMORY_LIBMAP pass (mapping memories to cells).

2.29. Executing TECHMAP pass (map to technology primitives).

2.29.1. Executing Verilog-2005 frontend: /Users/Dilan/eda/fabric-under-pressure/oss-cad-suite/libexec/../share/yosys/lattice/lutrams_map_trellis.v
Parsing Verilog input from `/Users/Dilan/eda/fabric-under-pressure/oss-cad-suite/libexec/../share/yosys/lattice/lutrams_map_trellis.v' to AST representation.
Generating RTLIL representation for module `$__TRELLIS_DPR16X4_'.
Successfully finished Verilog frontend.

2.29.2. Executing Verilog-2005 frontend: /Users/Dilan/eda/fabric-under-pressure/oss-cad-suite/libexec/../share/yosys/lattice/brams_map_16kd.v
Parsing Verilog input from `/Users/Dilan/eda/fabric-under-pressure/oss-cad-suite/libexec/../share/yosys/lattice/brams_map_16kd.v' to AST representation.
Generating RTLIL representation for module `$__DP16KD_'.
Generating RTLIL representation for module `$__PDPW16KD_'.
Successfully finished Verilog frontend.

2.29.3. Continuing TECHMAP pass.
No more expansions possible.
<suppressed ~5 debug messages>

2.30. Executing OPT pass (performing simple optimizations).

2.30.1. Executing OPT_EXPR pass (perform const folding).
Optimizing module ecp5_smoke.

2.30.2. Executing OPT_MERGE pass (detect identical cells).
Finding identical cells in module `\ecp5_smoke'.
Computing hashes of 5 cells of `\ecp5_smoke'.
Finding duplicate cells in `\ecp5_smoke'.
Removed a total of 0 cells.

2.30.3. Executing OPT_DFF pass (perform DFF optimizations).

2.30.4. Executing OPT_CLEAN pass (remove unused cells and wires).
Finding unused cells or wires in module \ecp5_smoke..

2.30.5. Finished fast OPT passes.

2.31. Executing MEMORY_MAP pass (converting memories to logic and flip-flops).

2.32. Executing OPT pass (performing simple optimizations).

2.32.1. Executing OPT_EXPR pass (perform const folding).
Optimizing module ecp5_smoke.

2.32.2. Executing OPT_MERGE pass (detect identical cells).
Finding identical cells in module `\ecp5_smoke'.
Computing hashes of 5 cells of `\ecp5_smoke'.
Finding duplicate cells in `\ecp5_smoke'.
Removed a total of 0 cells.

2.32.3. Executing OPT_MUXTREE pass (detect dead branches in mux trees).
Running muxtree optimizer on module \ecp5_smoke..
  Creating internal representation of mux trees.
  No muxes found in this module.
Removed 0 multiplexer ports.

2.32.4. Executing OPT_REDUCE pass (consolidate $*mux and $reduce_* inputs).
  Optimizing cells in module \ecp5_smoke.
Performed a total of 0 changes.

2.32.5. Executing OPT_MERGE pass (detect identical cells).
Finding identical cells in module `\ecp5_smoke'.
Computing hashes of 5 cells of `\ecp5_smoke'.
Finding duplicate cells in `\ecp5_smoke'.
Removed a total of 0 cells.

2.32.6. Executing OPT_DFF pass (perform DFF optimizations).

2.32.7. Executing OPT_CLEAN pass (remove unused cells and wires).
Finding unused cells or wires in module \ecp5_smoke..

2.32.8. Executing OPT_EXPR pass (perform const folding).
Optimizing module ecp5_smoke.

2.32.9. Finished fast OPT passes. (There is nothing left to do.)

2.33. Executing TECHMAP pass (map to technology primitives).

2.33.1. Executing Verilog-2005 frontend: /Users/Dilan/eda/fabric-under-pressure/oss-cad-suite/libexec/../share/yosys/techmap.v
Parsing Verilog input from `/Users/Dilan/eda/fabric-under-pressure/oss-cad-suite/libexec/../share/yosys/techmap.v' to AST representation.
Generating RTLIL representation for module `\_90_simplemap_bool_ops'.
Generating RTLIL representation for module `\_90_simplemap_reduce_ops'.
Generating RTLIL representation for module `\_90_simplemap_logic_ops'.
Generating RTLIL representation for module `\_90_simplemap_compare_ops'.
Generating RTLIL representation for module `\_90_simplemap_various'.
Generating RTLIL representation for module `\_90_simplemap_registers'.
Generating RTLIL representation for module `\_90_shift_ops_shr_shl_sshl_sshr'.
Generating RTLIL representation for module `\_90_shift_shiftx'.
Generating RTLIL representation for module `\_90_fa'.
Generating RTLIL representation for module `\_90_lcu_brent_kung'.
Generating RTLIL representation for module `\_90_alu'.
Generating RTLIL representation for module `\_90_macc'.
Generating RTLIL representation for module `\_90_alumacc'.
Generating RTLIL representation for module `$__div_mod_u'.
Generating RTLIL representation for module `$__div_mod_trunc'.
Generating RTLIL representation for module `\_90_div'.
Generating RTLIL representation for module `\_90_mod'.
Generating RTLIL representation for module `$__div_mod_floor'.
Generating RTLIL representation for module `\_90_divfloor'.
Generating RTLIL representation for module `\_90_modfloor'.
Generating RTLIL representation for module `\_90_pow'.
Generating RTLIL representation for module `\_90_demux'.
Generating RTLIL representation for module `\_90_lut'.
Generating RTLIL representation for module `$connect'.
Generating RTLIL representation for module `$input_port'.
Successfully finished Verilog frontend.

2.33.2. Executing Verilog-2005 frontend: /Users/Dilan/eda/fabric-under-pressure/oss-cad-suite/libexec/../share/yosys/lattice/arith_map_ccu2c.v
Parsing Verilog input from `/Users/Dilan/eda/fabric-under-pressure/oss-cad-suite/libexec/../share/yosys/lattice/arith_map_ccu2c.v' to AST representation.
Generating RTLIL representation for module `\_80_ccu2c_alu'.
Successfully finished Verilog frontend.

2.33.3. Continuing TECHMAP pass.
Using extmapper simplemap for cells of type $xor.
Using extmapper simplemap for cells of type $reduce_xor.
Using extmapper simplemap for cells of type $dff.
No more expansions possible.
<suppressed ~82 debug messages>

2.34. Executing OPT pass (performing simple optimizations).

2.34.1. Executing OPT_EXPR pass (perform const folding).
Optimizing module ecp5_smoke.

2.34.2. Executing OPT_MERGE pass (detect identical cells).
Finding identical cells in module `\ecp5_smoke'.
Computing hashes of 66 cells of `\ecp5_smoke'.
Finding duplicate cells in `\ecp5_smoke'.
Removed a total of 0 cells.

2.34.3. Executing OPT_DFF pass (perform DFF optimizations).

2.34.4. Executing OPT_CLEAN pass (remove unused cells and wires).
Finding unused cells or wires in module \ecp5_smoke..
Removed 0 unused cells and 1 unused wires.
<suppressed ~1 debug messages>

2.34.5. Finished fast OPT passes.

2.35. Executing OPT_CLEAN pass (remove unused cells and wires).
Finding unused cells or wires in module \ecp5_smoke..

2.36. Executing DFFLEGALIZE pass (convert FFs and LATCHes to types supported by the target).

2.37. Executing OPT_MERGE pass (detect identical cells).
Finding identical cells in module `\ecp5_smoke'.
Computing hashes of 66 cells of `\ecp5_smoke'.
Finding duplicate cells in `\ecp5_smoke'.
Removed a total of 0 cells.

2.38. Executing TECHMAP pass (map to technology primitives).

2.38.1. Executing Verilog-2005 frontend: /Users/Dilan/eda/fabric-under-pressure/oss-cad-suite/libexec/../share/yosys/lattice/cells_map_trellis.v
Parsing Verilog input from `/Users/Dilan/eda/fabric-under-pressure/oss-cad-suite/libexec/../share/yosys/lattice/cells_map_trellis.v' to AST representation.
Generating RTLIL representation for module `$_DFF_N_'.
Generating RTLIL representation for module `$_DFF_P_'.
Generating RTLIL representation for module `$_DFFE_NN_'.
Generating RTLIL representation for module `$_DFFE_PN_'.
Generating RTLIL representation for module `$_DFFE_NP_'.
Generating RTLIL representation for module `$_DFFE_PP_'.
Generating RTLIL representation for module `$_DFF_NP0_'.
Generating RTLIL representation for module `$_DFF_NP1_'.
Generating RTLIL representation for module `$_DFF_PP0_'.
Generating RTLIL representation for module `$_DFF_PP1_'.
Generating RTLIL representation for module `$_SDFF_NP0_'.
Generating RTLIL representation for module `$_SDFF_NP1_'.
Generating RTLIL representation for module `$_SDFF_PP0_'.
Generating RTLIL representation for module `$_SDFF_PP1_'.
Generating RTLIL representation for module `$_DFFE_NP0P_'.
Generating RTLIL representation for module `$_DFFE_NP1P_'.
Generating RTLIL representation for module `$_DFFE_PP0P_'.
Generating RTLIL representation for module `$_DFFE_PP1P_'.
Generating RTLIL representation for module `$_DFFE_NP0N_'.
Generating RTLIL representation for module `$_DFFE_NP1N_'.
Generating RTLIL representation for module `$_DFFE_PP0N_'.
Generating RTLIL representation for module `$_DFFE_PP1N_'.
Generating RTLIL representation for module `$_SDFFE_NP0P_'.
Generating RTLIL representation for module `$_SDFFE_NP1P_'.
Generating RTLIL representation for module `$_SDFFE_PP0P_'.
Generating RTLIL representation for module `$_SDFFE_PP1P_'.
Generating RTLIL representation for module `$_SDFFE_NP0N_'.
Generating RTLIL representation for module `$_SDFFE_NP1N_'.
Generating RTLIL representation for module `$_SDFFE_PP0N_'.
Generating RTLIL representation for module `$_SDFFE_PP1N_'.
Generating RTLIL representation for module `$_ALDFF_NP_'.
Generating RTLIL representation for module `$_ALDFF_PP_'.
Generating RTLIL representation for module `$_ALDFFE_NPN_'.
Generating RTLIL representation for module `$_ALDFFE_NPP_'.
Generating RTLIL representation for module `$_ALDFFE_PPN_'.
Generating RTLIL representation for module `$_ALDFFE_PPP_'.
Generating RTLIL representation for module `\FD1P3AX'.
Generating RTLIL representation for module `\FD1P3AY'.
Generating RTLIL representation for module `\FD1P3BX'.
Generating RTLIL representation for module `\FD1P3DX'.
Generating RTLIL representation for module `\FD1P3IX'.
Generating RTLIL representation for module `\FD1P3JX'.
Generating RTLIL representation for module `\FD1S3AX'.
Generating RTLIL representation for module `\FD1S3AY'.
Generating RTLIL representation for module `\FD1S3BX'.
Generating RTLIL representation for module `\FD1S3DX'.
Generating RTLIL representation for module `\FD1S3IX'.
Generating RTLIL representation for module `\FD1S3JX'.
Generating RTLIL representation for module `\IFS1P3BX'.
Generating RTLIL representation for module `\IFS1P3DX'.
Generating RTLIL representation for module `\IFS1P3IX'.
Generating RTLIL representation for module `\IFS1P3JX'.
Generating RTLIL representation for module `\OFS1P3BX'.
Generating RTLIL representation for module `\OFS1P3DX'.
Generating RTLIL representation for module `\OFS1P3IX'.
Generating RTLIL representation for module `\OFS1P3JX'.
Generating RTLIL representation for module `\IB'.
Generating RTLIL representation for module `\IBPU'.
Generating RTLIL representation for module `\IBPD'.
Generating RTLIL representation for module `\OB'.
Generating RTLIL representation for module `\OBZ'.
Generating RTLIL representation for module `\OBZPU'.
Generating RTLIL representation for module `\OBZPD'.
Generating RTLIL representation for module `\OBCO'.
Generating RTLIL representation for module `\BB'.
Generating RTLIL representation for module `\BBPU'.
Generating RTLIL representation for module `\BBPD'.
Generating RTLIL representation for module `\ILVDS'.
Generating RTLIL representation for module `\OLVDS'.
Successfully finished Verilog frontend.

2.38.2. Continuing TECHMAP pass.
Using template $paramod$_DFF_P_\_TECHMAP_WIREINIT_Q_=1'1 for cells of type $_DFF_P_.
Using template $paramod$_DFF_P_\_TECHMAP_WIREINIT_Q_=1'0 for cells of type $_DFF_P_.
Using template $paramod$_DFF_P_\_TECHMAP_WIREINIT_Q_=1'x for cells of type $_DFF_P_.
No more expansions possible.
<suppressed ~131 debug messages>

2.39. Executing OPT_EXPR pass (perform const folding).
Optimizing module ecp5_smoke.

2.40. Executing SIMPLEMAP pass (map simple cells to gate primitives).

2.41. Executing LATTICE_GSR pass (implement FF init values).
Handling GSR in ecp5_smoke.

2.42. Executing ATTRMVCP pass (move or copy attributes).

2.43. Executing OPT_CLEAN pass (remove unused cells and wires).
Finding unused cells or wires in module \ecp5_smoke..
Removed 0 unused cells and 132 unused wires.
<suppressed ~1 debug messages>

2.44. Executing CHECK pass (checking for obvious problems).
Checking module ecp5_smoke...
Found and reported 0 problems.

2.45. Executing TECHMAP pass (map to technology primitives).

2.45.1. Executing Verilog-2005 frontend: /Users/Dilan/eda/fabric-under-pressure/oss-cad-suite/libexec/../share/yosys/lattice/latches_map.v
Parsing Verilog input from `/Users/Dilan/eda/fabric-under-pressure/oss-cad-suite/libexec/../share/yosys/lattice/latches_map.v' to AST representation.
Generating RTLIL representation for module `$_DLATCH_N_'.
Generating RTLIL representation for module `$_DLATCH_P_'.
Successfully finished Verilog frontend.

2.45.2. Continuing TECHMAP pass.
No more expansions possible.
<suppressed ~4 debug messages>

2.46. Executing ABC9 pass.

2.46.1. Executing ABC9_OPS pass (helper functions for ABC9).

2.46.2. Executing ABC9_OPS pass (helper functions for ABC9).

2.46.3. Executing SCC pass (detecting logic loops).
Found 0 SCCs in module ecp5_smoke.
Found 0 SCCs.

2.46.4. Executing ABC9_OPS pass (helper functions for ABC9).

2.46.5. Executing TECHMAP pass (map to technology primitives).

2.46.5.1. Executing Verilog-2005 frontend: /Users/Dilan/eda/fabric-under-pressure/oss-cad-suite/libexec/../share/yosys/techmap.v
Parsing Verilog input from `/Users/Dilan/eda/fabric-under-pressure/oss-cad-suite/libexec/../share/yosys/techmap.v' to AST representation.
Generating RTLIL representation for module `\_90_simplemap_bool_ops'.
Generating RTLIL representation for module `\_90_simplemap_reduce_ops'.
Generating RTLIL representation for module `\_90_simplemap_logic_ops'.
Generating RTLIL representation for module `\_90_simplemap_compare_ops'.
Generating RTLIL representation for module `\_90_simplemap_various'.
Generating RTLIL representation for module `\_90_simplemap_registers'.
Generating RTLIL representation for module `\_90_shift_ops_shr_shl_sshl_sshr'.
Generating RTLIL representation for module `\_90_shift_shiftx'.
Generating RTLIL representation for module `\_90_fa'.
Generating RTLIL representation for module `\_90_lcu_brent_kung'.
Generating RTLIL representation for module `\_90_alu'.
Generating RTLIL representation for module `\_90_macc'.
Generating RTLIL representation for module `\_90_alumacc'.
Generating RTLIL representation for module `$__div_mod_u'.
Generating RTLIL representation for module `$__div_mod_trunc'.
Generating RTLIL representation for module `\_90_div'.
Generating RTLIL representation for module `\_90_mod'.
Generating RTLIL representation for module `$__div_mod_floor'.
Generating RTLIL representation for module `\_90_divfloor'.
Generating RTLIL representation for module `\_90_modfloor'.
Generating RTLIL representation for module `\_90_pow'.
Generating RTLIL representation for module `\_90_demux'.
Generating RTLIL representation for module `\_90_lut'.
Generating RTLIL representation for module `$connect'.
Generating RTLIL representation for module `$input_port'.
Successfully finished Verilog frontend.

2.46.5.2. Continuing TECHMAP pass.
No more expansions possible.
<suppressed ~165 debug messages>

2.46.6. Executing OPT pass (performing simple optimizations).

2.46.6.1. Executing OPT_EXPR pass (perform const folding).

2.46.6.2. Executing OPT_MERGE pass (detect identical cells).
Removed a total of 0 cells.

2.46.6.3. Executing OPT_MUXTREE pass (detect dead branches in mux trees).
Removed 0 multiplexer ports.

2.46.6.4. Executing OPT_REDUCE pass (consolidate $*mux and $reduce_* inputs).
Performed a total of 0 changes.

2.46.6.5. Executing OPT_MERGE pass (detect identical cells).
Removed a total of 0 cells.

2.46.6.6. Executing OPT_DFF pass (perform DFF optimizations).

2.46.6.7. Executing OPT_CLEAN pass (remove unused cells and wires).

2.46.6.8. Executing OPT_EXPR pass (perform const folding).

2.46.6.9. Finished fast OPT passes. (There is nothing left to do.)

2.46.7. Executing TECHMAP pass (map to technology primitives).

2.46.7.1. Executing Verilog-2005 frontend: /Users/Dilan/eda/fabric-under-pressure/oss-cad-suite/libexec/../share/yosys/abc9_map.v
Parsing Verilog input from `/Users/Dilan/eda/fabric-under-pressure/oss-cad-suite/libexec/../share/yosys/abc9_map.v' to AST representation.
Successfully finished Verilog frontend.

2.46.7.2. Continuing TECHMAP pass.
No more expansions possible.
<suppressed ~2 debug messages>

2.46.8. Executing Verilog-2005 frontend: /Users/Dilan/eda/fabric-under-pressure/oss-cad-suite/libexec/../share/yosys/abc9_model.v
Parsing Verilog input from `/Users/Dilan/eda/fabric-under-pressure/oss-cad-suite/libexec/../share/yosys/abc9_model.v' to AST representation.
Generating RTLIL representation for module `$__ABC9_DELAY'.
Generating RTLIL representation for module `$__ABC9_SCC_BREAKER'.
Generating RTLIL representation for module `$__DFF_N__$abc9_flop'.
Generating RTLIL representation for module `$__DFF_P__$abc9_flop'.
Successfully finished Verilog frontend.

2.46.9. Executing ABC9_OPS pass (helper functions for ABC9).

2.46.10. Executing ABC9_OPS pass (helper functions for ABC9).

2.46.11. Executing ABC9_OPS pass (helper functions for ABC9).
<suppressed ~2 debug messages>

2.46.12. Executing AIGMAP pass (map logic to AIG).
Module ecp5_smoke: replaced 33 cells with 231 new cells, skipped 33 cells.
  replaced 1 cell types:
      33 $_XOR_
  not replaced 1 cell types:
      33 TRELLIS_FF

2.46.12.1. Executing ABC9_OPS pass (helper functions for ABC9).

2.46.12.2. Executing ABC9_OPS pass (helper functions for ABC9).
Warning: Feature 'write_xaiger2' is experimental.

2.46.12.3. Executing XAIGER2 backend.
<suppressed ~76 debug messages>
Extracted 135 AND gates and 0 wires from module `ecp5_smoke' to a netlist network with 35 inputs and 67 outputs.

2.46.12.4. Executing ABC9_EXE pass (technology mapping using ABC9).

2.46.12.5. Executing ABC9.
Running ABC command: "<yosys-exe-dir>/yosys-abc" -s -f <abc-temp-dir>/abc.script 2>&1
ABC: ======== ABC command line "source <abc-temp-dir>/abc.script"
ABC: + read_lut <abc-temp-dir>/input.lut
ABC: + read_box <abc-temp-dir>/input.box
ABC: + &read <abc-temp-dir>/input.xaig
ABC: + &ps
ABC: <abc-temp-dir>/input : i/o =     35/     67  and =      99  lev =   10 (0.21)  mem = 0.00 MB  box = 0  bb = 0
ABC: + &scorr
ABC: Warning: The network is combinational.
ABC: + &sweep
ABC: + &dc2
ABC: + &dch -f -r
ABC: + &ps
ABC: <abc-temp-dir>/input : i/o =     35/     67  and =     201  lev =   10 (0.21)  mem = 0.00 MB  ch =   31  box = 0  bb = 0
ABC: cst =       0  cls =     30  lit =      31  unused =     175  proof =     0
ABC: + &if -W 300 -v
ABC: K = 7. Memory (bytes): Truth =    0. Cut =   76. Obj =  156. Set =  780. CutMin = no
ABC: Node =     201.  Ch =    30.  Total mem =    0.05 MB. Peak cut mem =    0.01 MB.
ABC: P:  Del = 1955.00.  Ar =      30.0.  Edge =       43.  Cut =     3187.  T =     0.00 sec
ABC: P:  Del = 1955.00.  Ar =      30.0.  Edge =       43.  Cut =     3187.  T =     0.00 sec
ABC: P:  Del = 1955.00.  Ar =      24.0.  Edge =       44.  Cut =     4329.  T =     0.00 sec
ABC: F:  Del = 1799.00.  Ar =      12.0.  Edge =       44.  Cut =     3749.  T =     0.00 sec
ABC: A:  Del = 1799.00.  Ar =      12.0.  Edge =       44.  Cut =     3301.  T =     0.00 sec
ABC: A:  Del = 1799.00.  Ar =      12.0.  Edge =       44.  Cut =     3251.  T =     0.00 sec
ABC: Total time =     0.00 sec
ABC: + &write -n <abc-temp-dir>/output.aig
ABC: + &mfs
ABC: The network is not changed by "&mfs".
ABC: + &ps -l
ABC: <abc-temp-dir>/input : i/o =     35/     67  and =      99  lev =   10 (0.21)  mem = 0.00 MB  box = 0  bb = 0
ABC: Mapping (K=5)  :  lut =     11  edge =      44  lev =    3 (0.06)  mem = 0.00 MB
ABC: LUT = 11 : 2=0 0.0 %  3=1 9.1 %  4=9 81.8 %  5=1 9.1 %  Ave = 4.00
ABC: + &write -n <abc-temp-dir>/output.aig
ABC: + &verify
ABC: Networks are equivalent.  Time =     0.01 sec
ABC: + time
ABC: elapse: 0.05 seconds, total: 0.05 seconds

2.46.12.6. Executing AIGER frontend.
<suppressed ~10 debug messages>
Removed 218 unused cells and 255 unused wires.

2.46.12.7. Executing ABC_OPS_REINTEGRATE pass (reintegrate ABC mapped design into module).
ABC RESULTS:              $lut cells:       11
ABC RESULTS:           input signals:        3
ABC RESULTS:          output signals:        1
<suppressed ~204 debug messages>
Removing temp directory.

2.46.13. Executing TECHMAP pass (map to technology primitives).

2.46.13.1. Executing Verilog-2005 frontend: /Users/Dilan/eda/fabric-under-pressure/oss-cad-suite/libexec/../share/yosys/abc9_unmap.v
Parsing Verilog input from `/Users/Dilan/eda/fabric-under-pressure/oss-cad-suite/libexec/../share/yosys/abc9_unmap.v' to AST representation.
Generating RTLIL representation for module `$__DFF_x__$abc9_flop'.
Generating RTLIL representation for module `$__ABC9_SCC_BREAKER'.
Successfully finished Verilog frontend.

2.46.13.2. Continuing TECHMAP pass.
No more expansions possible.
<suppressed ~5 debug messages>
Removed 0 unused cells and 133 unused wires.

2.47. Executing TECHMAP pass (map to technology primitives).

2.47.1. Executing Verilog-2005 frontend: /Users/Dilan/eda/fabric-under-pressure/oss-cad-suite/libexec/../share/yosys/lattice/cells_map_trellis.v
Parsing Verilog input from `/Users/Dilan/eda/fabric-under-pressure/oss-cad-suite/libexec/../share/yosys/lattice/cells_map_trellis.v' to AST representation.
Generating RTLIL representation for module `$_DFF_N_'.
Generating RTLIL representation for module `$_DFF_P_'.
Generating RTLIL representation for module `$_DFFE_NN_'.
Generating RTLIL representation for module `$_DFFE_PN_'.
Generating RTLIL representation for module `$_DFFE_NP_'.
Generating RTLIL representation for module `$_DFFE_PP_'.
Generating RTLIL representation for module `$_DFF_NP0_'.
Generating RTLIL representation for module `$_DFF_NP1_'.
Generating RTLIL representation for module `$_DFF_PP0_'.
Generating RTLIL representation for module `$_DFF_PP1_'.
Generating RTLIL representation for module `$_SDFF_NP0_'.
Generating RTLIL representation for module `$_SDFF_NP1_'.
Generating RTLIL representation for module `$_SDFF_PP0_'.
Generating RTLIL representation for module `$_SDFF_PP1_'.
Generating RTLIL representation for module `$_DFFE_NP0P_'.
Generating RTLIL representation for module `$_DFFE_NP1P_'.
Generating RTLIL representation for module `$_DFFE_PP0P_'.
Generating RTLIL representation for module `$_DFFE_PP1P_'.
Generating RTLIL representation for module `$_DFFE_NP0N_'.
Generating RTLIL representation for module `$_DFFE_NP1N_'.
Generating RTLIL representation for module `$_DFFE_PP0N_'.
Generating RTLIL representation for module `$_DFFE_PP1N_'.
Generating RTLIL representation for module `$_SDFFE_NP0P_'.
Generating RTLIL representation for module `$_SDFFE_NP1P_'.
Generating RTLIL representation for module `$_SDFFE_PP0P_'.
Generating RTLIL representation for module `$_SDFFE_PP1P_'.
Generating RTLIL representation for module `$_SDFFE_NP0N_'.
Generating RTLIL representation for module `$_SDFFE_NP1N_'.
Generating RTLIL representation for module `$_SDFFE_PP0N_'.
Generating RTLIL representation for module `$_SDFFE_PP1N_'.
Generating RTLIL representation for module `$_ALDFF_NP_'.
Generating RTLIL representation for module `$_ALDFF_PP_'.
Generating RTLIL representation for module `$_ALDFFE_NPN_'.
Generating RTLIL representation for module `$_ALDFFE_NPP_'.
Generating RTLIL representation for module `$_ALDFFE_PPN_'.
Generating RTLIL representation for module `$_ALDFFE_PPP_'.
Generating RTLIL representation for module `\FD1P3AX'.
Generating RTLIL representation for module `\FD1P3AY'.
Generating RTLIL representation for module `\FD1P3BX'.
Generating RTLIL representation for module `\FD1P3DX'.
Generating RTLIL representation for module `\FD1P3IX'.
Generating RTLIL representation for module `\FD1P3JX'.
Generating RTLIL representation for module `\FD1S3AX'.
Generating RTLIL representation for module `\FD1S3AY'.
Generating RTLIL representation for module `\FD1S3BX'.
Generating RTLIL representation for module `\FD1S3DX'.
Generating RTLIL representation for module `\FD1S3IX'.
Generating RTLIL representation for module `\FD1S3JX'.
Generating RTLIL representation for module `\IFS1P3BX'.
Generating RTLIL representation for module `\IFS1P3DX'.
Generating RTLIL representation for module `\IFS1P3IX'.
Generating RTLIL representation for module `\IFS1P3JX'.
Generating RTLIL representation for module `\OFS1P3BX'.
Generating RTLIL representation for module `\OFS1P3DX'.
Generating RTLIL representation for module `\OFS1P3IX'.
Generating RTLIL representation for module `\OFS1P3JX'.
Generating RTLIL representation for module `\IB'.
Generating RTLIL representation for module `\IBPU'.
Generating RTLIL representation for module `\IBPD'.
Generating RTLIL representation for module `\OB'.
Generating RTLIL representation for module `\OBZ'.
Generating RTLIL representation for module `\OBZPU'.
Generating RTLIL representation for module `\OBZPD'.
Generating RTLIL representation for module `\OBCO'.
Generating RTLIL representation for module `\BB'.
Generating RTLIL representation for module `\BBPU'.
Generating RTLIL representation for module `\BBPD'.
Generating RTLIL representation for module `\ILVDS'.
Generating RTLIL representation for module `\OLVDS'.
Generating RTLIL representation for module `$lut'.
Successfully finished Verilog frontend.

2.47.2. Continuing TECHMAP pass.
Using template $paramod$fd904e9e35cfd343a9df248824bd3f1408724879$lut for cells of type $lut.
Using template $paramod$4282def8dbd6df3d1248ad282c629bee684502c2$lut for cells of type $lut.
Using template $paramod$f5c97e291c8b48d9f1b4239d871ab7639e5a24ac$lut for cells of type $lut.
Using template $paramod$lut\WIDTH=32'00000000000000000000000000000011\LUT=8'10010110 for cells of type $lut.
No more expansions possible.
<suppressed ~127 debug messages>

2.48. Executing OPT_LUT_INS pass (discard unused LUT inputs).
Optimizing LUTs in ecp5_smoke.
Removed 0 unused cells and 28 unused wires.

2.49. Executing AUTONAME pass.
Renamed 53 objects in module ecp5_smoke.
<suppressed ~53 debug messages>

2.50. Executing HIERARCHY pass (managing design hierarchy).
Attribute `top' found on module `ecp5_smoke'. Setting top module to ecp5_smoke.

2.50.1. Analyzing design hierarchy..
Top module:  \ecp5_smoke

2.50.2. Analyzing design hierarchy..
Top module:  \ecp5_smoke
Removed 0 unused modules.

2.51. Printing statistics.

=== ecp5_smoke ===

        +----------Local Count, excluding submodules.
        |
       11 wires
       52 wire bits
       11 public wires
       52 public wire bits
        3 ports
        3 port bits
       46 submodules
       12   LUT4
        1   PFUMX
       33   TRELLIS_FF

=== design hierarchy ===

        +----------Count including submodules.
        |
        - ecp5_smoke

        +----------Count including submodules.
        |
       11 wires
       52 wire bits
       11 public wires
       52 public wire bits
        3 ports
        3 port bits
        - memories
        - memory bits
        - processes
        - cells
       46 submodules
       12   LUT4
        1   PFUMX
       33   TRELLIS_FF

2.52. Executing CHECK pass (checking for obvious problems).
Checking module ecp5_smoke...
Found and reported 0 problems.

2.53. Executing JSON backend.

3. Printing statistics.

=== ecp5_smoke ===

        +----------Local Count, excluding submodules.
        |
       11 wires
       52 wire bits
       11 public wires
       52 public wire bits
        3 ports
        3 port bits
       46 cells
       12   LUT4
        1   PFUMX
       33   TRELLIS_FF

Warnings: 1 unique messages, 1 total
Warnings: 1 experimental features used (not excluded with -x).
End of script. Logfile hash: 7f7dbef84f, time: 0.42s, user: 0.33s, system: 0.02s, MEM: 27.41 MB peak
Yosys 0.69+75 (git sha1 f0b945f63-dirty, Release, Clang /usr/local/osxcross/target/bin/aarch64-apple-darwin25.5-clang++ 21.1.8)
Time spent: 68% 20x read_verilog (0 sec), 16% 1x abc9_exe (0 sec), ...
===== run_smoke_pnr.sh =====


Info: Logic utilisation before packing:
Info:     Total LUT4s:        12/43848     0%
Info:         logic LUTs:     12/43848     0%
Info:         carry LUTs:      0/43848     0%
Info:           RAM LUTs:      0/ 5481     0%
Info:          RAMW LUTs:      0/10962     0%

Info:      Total DFFs:        33/43848     0%

Info: Packing IOs..
Info: Packing constants..
Info: Packing carries...
Info: Packing LUTs...
Info: Packing LUT5-7s...
Info: Packing FFs...
Info:     2 FFs paired with LUTs.
Info: Generating derived timing constraints...
Info: Promoting globals...
Info:     promoting clock net clk$TRELLIS_IO_IN to global network
Info: Checksum: 0xe29040e5

Info: Device utilisation:
Info: 	          TRELLIS_IO:       3/    245     1%
Info: 	                DCCA:       1/     56     1%
Info: 	              DP16KD:       0/    108     0%
Info: 	          MULT18X18D:       0/     72     0%
Info: 	              ALU54B:       0/     36     0%
Info: 	             EHXPLLL:       0/      4     0%
Info: 	             EXTREFB:       0/      2     0%
Info: 	                DCUA:       0/      2     0%
Info: 	           PCSCLKDIV:       0/      2     0%
Info: 	             IOLOGIC:       0/    160     0%
Info: 	            SIOLOGIC:       0/     85     0%
Info: 	                 GSR:       0/      1     0%
Info: 	               JTAGG:       0/      1     0%
Info: 	                OSCG:       0/      1     0%
Info: 	               SEDGA:       0/      1     0%
Info: 	                 DTR:       0/      1     0%
Info: 	             USRMCLK:       0/      1     0%
Info: 	             CLKDIVF:       0/      4     0%
Info: 	           ECLKSYNCB:       0/     10     0%
Info: 	             DLLDELD:       0/      8     0%
Info: 	              DDRDLL:       0/      4     0%
Info: 	             DQSBUFM:       0/     10     0%
Info: 	     TRELLIS_ECLKBUF:       0/      8     0%
Info: 	        ECLKBRIDGECS:       0/      2     0%
Info: 	                DCSC:       0/      2     0%
Info: 	          TRELLIS_FF:      33/  43848     0%
Info: 	        TRELLIS_COMB:      13/  43848     0%
Info: 	        TRELLIS_RAMW:       0/   5481     0%

Info: Placed 0 cells based on constraints.
Info: Creating initial analytic placement for 42 cells, random placement wirelen = 2891.
Info:     at initial placer iter 0, wirelen = 89
Info:     at initial placer iter 1, wirelen = 89
Info:     at initial placer iter 2, wirelen = 89
Info:     at initial placer iter 3, wirelen = 89
Info: Running main analytical placer, max placement attempts per cell = 10000.
Info:     at iteration #1, type ALL: wirelen solved = 89, spread = 189, legal = 189; time = 0.01s
Info:     at iteration #2, type ALL: wirelen solved = 93, spread = 164, legal = 164; time = 0.00s
Info:     at iteration #3, type ALL: wirelen solved = 93, spread = 164, legal = 164; time = 0.00s
Info:     at iteration #4, type ALL: wirelen solved = 102, spread = 144, legal = 144; time = 0.00s
Info:     at iteration #5, type ALL: wirelen solved = 104, spread = 157, legal = 157; time = 0.00s
Info:     at iteration #6, type ALL: wirelen solved = 97, spread = 149, legal = 149; time = 0.00s
Info:     at iteration #7, type ALL: wirelen solved = 100, spread = 133, legal = 133; time = 0.00s
Info:     at iteration #8, type ALL: wirelen solved = 99, spread = 129, legal = 129; time = 0.00s
Info:     at iteration #9, type ALL: wirelen solved = 100, spread = 137, legal = 137; time = 0.00s
Info:     at iteration #10, type ALL: wirelen solved = 103, spread = 126, legal = 126; time = 0.00s
Info: HeAP Placer Time: 0.04s
Info:   of which solving equations: 0.00s
Info:   of which spreading cells: 0.01s
Info:   of which strict legalisation: 0.00s

Info: Running simulated annealing placer for refinement.
Info:   at iteration #1: temp = 0.000000, timing cost = 11, wirelen = 126
Info:   at iteration #5: temp = 0.000000, timing cost = 8, wirelen = 93
Info:   at iteration #9: temp = 0.000000, timing cost = 6, wirelen = 95
Info: SA placement time 0.00s

Info: Max frequency for clock '$glbnet$clk$TRELLIS_IO_IN': 315.16 MHz (PASS at 100.00 MHz)

Info: Max delay <async>                           -> posedge $glbnet$clk$TRELLIS_IO_IN: 1.20 ns
Info: Max delay posedge $glbnet$clk$TRELLIS_IO_IN -> <async>                          : 1.33 ns

Info: Slack histogram:
Info:  legend: * represents 1 endpoint(s)
Info:          + represents [1,1) endpoint(s)
Info: [  6827,   6936) |*
Info: [  6936,   7045) |
Info: [  7045,   7154) |
Info: [  7154,   7263) |
Info: [  7263,   7372) |
Info: [  7372,   7481) |
Info: [  7481,   7590) |
Info: [  7590,   7699) |
Info: [  7699,   7808) |
Info: [  7808,   7917) |
Info: [  7917,   8026) |
Info: [  8026,   8135) |
Info: [  8135,   8244) |
Info: [  8244,   8353) |
Info: [  8353,   8462) |*
Info: [  8462,   8571) |
Info: [  8571,   8680) |***
Info: [  8680,   8789) |
Info: [  8789,   8898) |*******
Info: [  8898,   9007) |*********************
Info: Checksum: 0x98992fb2
Info: Routing globals...
Info:     routing clock net $glbnet$clk$TRELLIS_IO_IN using global 0

Info: Routing..
Info: Setting up routing queue.
Info: Routing 84 arcs.
Info:            |   (re-)routed arcs  |   delta    | remaining|       time spent     |
Info:    IterCnt |  w/ripup   wo/ripup |  w/r  wo/r |      arcs| batch(sec) total(sec)|
Info:        153 |       68         84 |   68    84 |         0|       0.07       0.07|
Info: Routing complete.
Info: Router1 time 0.07s
Info: Checksum: 0xfa9af1d0

Info: Critical path report for clock '$glbnet$clk$TRELLIS_IO_IN' (posedge -> posedge):
Info:       type curr  total name
Info:   clk-to-q  0.52  0.52 Source state_TRELLIS_FF_Q_13.Q
Info:    routing  0.86  1.38 Net state[11] (58,3) -> (58,3)
Info:                          Sink signature_TRELLIS_FF_Q_DI_LUT4_Z_D_LUT4_Z_1_D_LUT4_Z.C
Info:                          Defined in:
Info:                               /Users/Dilan/Projects/fabric-under-pressure/smoke/ecp5_smoke.sv:6.16-6.21
Info:      logic  0.24  1.62 Source signature_TRELLIS_FF_Q_DI_LUT4_Z_D_LUT4_Z_1_D_LUT4_Z.F
Info:    routing  0.88  2.49 Net signature_TRELLIS_FF_Q_DI_LUT4_Z_D_LUT4_Z_1_D[1] (58,3) -> (58,2)
Info:                          Sink signature_TRELLIS_FF_Q_DI_LUT4_Z_D_LUT4_Z_1.B
Info:                          Defined in:
Info:                               /Users/Dilan/eda/fabric-under-pressure/oss-cad-suite/libexec/../share/yosys/lattice/cells_map_trellis.v:108.23-108.24
Info:      logic  0.24  2.73 Source signature_TRELLIS_FF_Q_DI_LUT4_Z_D_LUT4_Z_1.F
Info:    routing  0.61  3.35 Net signature_TRELLIS_FF_Q_DI_LUT4_Z_D[3] (58,2) -> (58,2)
Info:                          Sink signature_TRELLIS_FF_Q_DI_LUT4_Z.D
Info:                          Defined in:
Info:                               /Users/Dilan/eda/fabric-under-pressure/oss-cad-suite/libexec/../share/yosys/lattice/cells_map_trellis.v:108.23-108.24
Info:      logic  0.24  3.58 Source signature_TRELLIS_FF_Q_DI_LUT4_Z.F
Info:    routing  0.13  3.71 Net signature_TRELLIS_FF_Q_DI (58,2) -> (58,2)
Info:                          Sink signature_TRELLIS_FF_Q.DI
Info:      setup  0.00  3.71 Source signature_TRELLIS_FF_Q.DI
Info: 1.23 ns logic, 2.48 ns routing

Info: Critical path report for cross-domain path '<async>' -> 'posedge $glbnet$clk$TRELLIS_IO_IN':
Info:       type curr  total name
Info:     source  0.00  0.00 Source seed$tr_io.O
Info:    routing  1.40  1.40 Net seed$TRELLIS_IO_IN (56,0) -> (57,2)
Info:                          Sink seed_LUT4_D.D
Info:                          Defined in:
Info:                               /Users/Dilan/Projects/fabric-under-pressure/smoke/ecp5_smoke.sv:3.16-3.20
Info:      logic  0.24  1.64 Source seed_LUT4_D.F
Info:    routing  0.13  1.77 Net seed_LUT4_D_Z (57,2) -> (57,2)
Info:                          Sink state_TRELLIS_FF_Q.DI
Info:      setup  0.00  1.77 Source state_TRELLIS_FF_Q.DI
Info: 0.24 ns logic, 1.53 ns routing

Info: Critical path report for cross-domain path 'posedge $glbnet$clk$TRELLIS_IO_IN' -> '<async>':
Info:       type curr  total name
Info:   clk-to-q  0.52  0.52 Source signature_TRELLIS_FF_Q.Q
Info:    routing  1.00  1.52 Net signature$TRELLIS_IO_OUT (58,2) -> (58,0)
Info:                          Sink signature$tr_io.I
Info:                          Defined in:
Info:                               /Users/Dilan/Projects/fabric-under-pressure/smoke/ecp5_smoke.sv:4.16-4.25
Info: 0.52 ns logic, 1.00 ns routing

Info: Max frequency for clock '$glbnet$clk$TRELLIS_IO_IN': 269.47 MHz (PASS at 100.00 MHz)

Info: Max delay <async>                           -> posedge $glbnet$clk$TRELLIS_IO_IN: 1.77 ns
Info: Max delay posedge $glbnet$clk$TRELLIS_IO_IN -> <async>                          : 1.52 ns

Info: Slack histogram:
Info:  legend: * represents 1 endpoint(s)
Info:          + represents [1,1) endpoint(s)
Info: [  6289,   6428) |*
Info: [  6428,   6567) |
Info: [  6567,   6706) |
Info: [  6706,   6845) |
Info: [  6845,   6984) |
Info: [  6984,   7123) |
Info: [  7123,   7262) |
Info: [  7262,   7401) |
Info: [  7401,   7540) |
Info: [  7540,   7679) |
Info: [  7679,   7818) |
Info: [  7818,   7957) |
Info: [  7957,   8096) |
Info: [  8096,   8235) |
Info: [  8235,   8374) |
Info: [  8374,   8513) |*
Info: [  8513,   8652) |*
Info: [  8652,   8791) |*********
Info: [  8791,   8930) |**
Info: [  8930,   9069) |*******************

Info: Program finished normally.
===== run_smoke_wrapper.sh =====

-- Running command `read_verilog -sv /Users/Dilan/Projects/fabric-under-pressure/smoke/preserve_harness.sv; hierarchy -top preserve_harness; synth_ecp5 -top preserve_harness -json /Users/Dilan/Projects/fabric-under-pressure/results/raw/gate0/wrapper/preserve_harness.json; stat' --

1. Executing Verilog-2005 frontend: /Users/Dilan/Projects/fabric-under-pressure/smoke/preserve_harness.sv
Parsing SystemVerilog input from `/Users/Dilan/Projects/fabric-under-pressure/smoke/preserve_harness.sv' to AST representation.
Generating RTLIL representation for module `\preserve_payload'.
Generating RTLIL representation for module `\preserve_harness'.
Successfully finished Verilog frontend.

2. Executing HIERARCHY pass (managing design hierarchy).

2.1. Analyzing design hierarchy..
Top module:  \preserve_harness
Used module:     \preserve_payload
Parameter \WIDTH = 256

2.2. Executing AST frontend in derive mode using pre-parsed AST for module `\preserve_payload'.
Parameter \WIDTH = 256
Generating RTLIL representation for module `$paramod\preserve_payload\WIDTH=32'00000000000000000000000100000000'.

2.3. Analyzing design hierarchy..
Top module:  \preserve_harness
Used module:     $paramod\preserve_payload\WIDTH=32'00000000000000000000000100000000

2.4. Analyzing design hierarchy..
Top module:  \preserve_harness
Used module:     $paramod\preserve_payload\WIDTH=32'00000000000000000000000100000000
Removing unused module `\preserve_payload'.
Removed 1 unused modules.

3. Executing SYNTH_LATTICE pass.

3.1. Executing Verilog-2005 frontend: /Users/Dilan/eda/fabric-under-pressure/oss-cad-suite/libexec/../share/yosys/lattice/cells_sim_ecp5.v
Parsing Verilog input from `/Users/Dilan/eda/fabric-under-pressure/oss-cad-suite/libexec/../share/yosys/lattice/cells_sim_ecp5.v' to AST representation.
Generating RTLIL representation for module `\LUT4'.
Generating RTLIL representation for module `\$__ABC9_LUT5'.
Generating RTLIL representation for module `\$__ABC9_LUT6'.
Generating RTLIL representation for module `\$__ABC9_LUT7'.
Generating RTLIL representation for module `\L6MUX21'.
Generating RTLIL representation for module `\TRELLIS_RAM16X2'.
Generating RTLIL representation for module `\PFUMX'.
Generating RTLIL representation for module `\TRELLIS_DPR16X4'.
Generating RTLIL representation for module `\DPR16X4C'.
Generating RTLIL representation for module `\LUT2'.
Generating RTLIL representation for module `\TRELLIS_FF'.
Generating RTLIL representation for module `\TRELLIS_IO'.
Generating RTLIL representation for module `\INV'.
Generating RTLIL representation for module `\TRELLIS_COMB'.
Generating RTLIL representation for module `\VLO'.
Generating RTLIL representation for module `\VHI'.
Generating RTLIL representation for module `\FD1P3AX'.
Generating RTLIL representation for module `\FD1P3AY'.
Generating RTLIL representation for module `\FD1P3BX'.
Generating RTLIL representation for module `\FD1P3DX'.
Generating RTLIL representation for module `\FD1P3IX'.
Generating RTLIL representation for module `\FD1P3JX'.
Generating RTLIL representation for module `\FD1S3AX'.
Generating RTLIL representation for module `\FD1S3AY'.
Generating RTLIL representation for module `\FD1S3BX'.
Generating RTLIL representation for module `\FD1S3DX'.
Generating RTLIL representation for module `\FD1S3IX'.
Generating RTLIL representation for module `\FD1S3JX'.
Generating RTLIL representation for module `\IFS1P3BX'.
Generating RTLIL representation for module `\IFS1P3DX'.
Generating RTLIL representation for module `\IFS1P3IX'.
Generating RTLIL representation for module `\IFS1P3JX'.
Generating RTLIL representation for module `\OFS1P3BX'.
Generating RTLIL representation for module `\OFS1P3DX'.
Generating RTLIL representation for module `\OFS1P3IX'.
Generating RTLIL representation for module `\OFS1P3JX'.
Generating RTLIL representation for module `\IB'.
Generating RTLIL representation for module `\IBPU'.
Generating RTLIL representation for module `\IBPD'.
Generating RTLIL representation for module `\OB'.
Generating RTLIL representation for module `\OBZ'.
Generating RTLIL representation for module `\OBZPU'.
Generating RTLIL representation for module `\OBZPD'.
Generating RTLIL representation for module `\OBCO'.
Generating RTLIL representation for module `\BB'.
Generating RTLIL representation for module `\BBPU'.
Generating RTLIL representation for module `\BBPD'.
Generating RTLIL representation for module `\ILVDS'.
Generating RTLIL representation for module `\OLVDS'.
Generating RTLIL representation for module `\CCU2C'.
Generating RTLIL representation for module `\DP16KD'.
Replacing existing blackbox module `\FD1P3AX' at /Users/Dilan/eda/fabric-under-pressure/oss-cad-suite/libexec/../share/yosys/lattice/cells_ff.vh:2.1-2.261.
Generating RTLIL representation for module `\FD1P3AX'.
Replacing existing blackbox module `\FD1P3AY' at /Users/Dilan/eda/fabric-under-pressure/oss-cad-suite/libexec/../share/yosys/lattice/cells_ff.vh:3.1-3.261.
Generating RTLIL representation for module `\FD1P3AY'.
Replacing existing blackbox module `\FD1P3BX' at /Users/Dilan/eda/fabric-under-pressure/oss-cad-suite/libexec/../share/yosys/lattice/cells_ff.vh:4.1-4.261.
Generating RTLIL representation for module `\FD1P3BX'.
Replacing existing blackbox module `\FD1P3DX' at /Users/Dilan/eda/fabric-under-pressure/oss-cad-suite/libexec/../share/yosys/lattice/cells_ff.vh:5.1-5.261.
Generating RTLIL representation for module `\FD1P3DX'.
Replacing existing blackbox module `\FD1P3IX' at /Users/Dilan/eda/fabric-under-pressure/oss-cad-suite/libexec/../share/yosys/lattice/cells_ff.vh:6.1-6.261.
Generating RTLIL representation for module `\FD1P3IX'.
Replacing existing blackbox module `\FD1P3JX' at /Users/Dilan/eda/fabric-under-pressure/oss-cad-suite/libexec/../share/yosys/lattice/cells_ff.vh:7.1-7.261.
Generating RTLIL representation for module `\FD1P3JX'.
Replacing existing blackbox module `\FD1S3AX' at /Users/Dilan/eda/fabric-under-pressure/oss-cad-suite/libexec/../share/yosys/lattice/cells_ff.vh:8.1-8.261.
Generating RTLIL representation for module `\FD1S3AX'.
Replacing existing blackbox module `\FD1S3AY' at /Users/Dilan/eda/fabric-under-pressure/oss-cad-suite/libexec/../share/yosys/lattice/cells_ff.vh:9.1-9.261.
Generating RTLIL representation for module `\FD1S3AY'.
Replacing existing blackbox module `\FD1S3BX' at /Users/Dilan/eda/fabric-under-pressure/oss-cad-suite/libexec/../share/yosys/lattice/cells_ff.vh:10.1-10.261.
Generating RTLIL representation for module `\FD1S3BX'.
Replacing existing blackbox module `\FD1S3DX' at /Users/Dilan/eda/fabric-under-pressure/oss-cad-suite/libexec/../share/yosys/lattice/cells_ff.vh:11.1-11.261.
Generating RTLIL representation for module `\FD1S3DX'.
Replacing existing blackbox module `\FD1S3IX' at /Users/Dilan/eda/fabric-under-pressure/oss-cad-suite/libexec/../share/yosys/lattice/cells_ff.vh:12.1-12.261.
Generating RTLIL representation for module `\FD1S3IX'.
Replacing existing blackbox module `\FD1S3JX' at /Users/Dilan/eda/fabric-under-pressure/oss-cad-suite/libexec/../share/yosys/lattice/cells_ff.vh:13.1-13.261.
Generating RTLIL representation for module `\FD1S3JX'.
Replacing existing blackbox module `\IFS1P3BX' at /Users/Dilan/eda/fabric-under-pressure/oss-cad-suite/libexec/../share/yosys/lattice/cells_ff.vh:26.1-26.301.
Generating RTLIL representation for module `\IFS1P3BX'.
Replacing existing blackbox module `\IFS1P3DX' at /Users/Dilan/eda/fabric-under-pressure/oss-cad-suite/libexec/../share/yosys/lattice/cells_ff.vh:27.1-27.301.
Generating RTLIL representation for module `\IFS1P3DX'.
Replacing existing blackbox module `\IFS1P3IX' at /Users/Dilan/eda/fabric-under-pressure/oss-cad-suite/libexec/../share/yosys/lattice/cells_ff.vh:28.1-28.301.
Generating RTLIL representation for module `\IFS1P3IX'.
Replacing existing blackbox module `\IFS1P3JX' at /Users/Dilan/eda/fabric-under-pressure/oss-cad-suite/libexec/../share/yosys/lattice/cells_ff.vh:29.1-29.301.
Generating RTLIL representation for module `\IFS1P3JX'.
Replacing existing blackbox module `\OFS1P3BX' at /Users/Dilan/eda/fabric-under-pressure/oss-cad-suite/libexec/../share/yosys/lattice/cells_ff.vh:31.1-31.302.
Generating RTLIL representation for module `\OFS1P3BX'.
Replacing existing blackbox module `\OFS1P3DX' at /Users/Dilan/eda/fabric-under-pressure/oss-cad-suite/libexec/../share/yosys/lattice/cells_ff.vh:32.1-32.302.
Generating RTLIL representation for module `\OFS1P3DX'.
Replacing existing blackbox module `\OFS1P3IX' at /Users/Dilan/eda/fabric-under-pressure/oss-cad-suite/libexec/../share/yosys/lattice/cells_ff.vh:33.1-33.302.
Generating RTLIL representation for module `\OFS1P3IX'.
Replacing existing blackbox module `\OFS1P3JX' at /Users/Dilan/eda/fabric-under-pressure/oss-cad-suite/libexec/../share/yosys/lattice/cells_ff.vh:34.1-34.302.
Generating RTLIL representation for module `\OFS1P3JX'.
Replacing existing blackbox module `\IB' at /Users/Dilan/eda/fabric-under-pressure/oss-cad-suite/libexec/../share/yosys/lattice/cells_io.vh:2.1-2.157.
Generating RTLIL representation for module `\IB'.
Replacing existing blackbox module `\IBPU' at /Users/Dilan/eda/fabric-under-pressure/oss-cad-suite/libexec/../share/yosys/lattice/cells_io.vh:3.1-3.157.
Generating RTLIL representation for module `\IBPU'.
Replacing existing blackbox module `\IBPD' at /Users/Dilan/eda/fabric-under-pressure/oss-cad-suite/libexec/../share/yosys/lattice/cells_io.vh:4.1-4.157.
Generating RTLIL representation for module `\IBPD'.
Replacing existing blackbox module `\OB' at /Users/Dilan/eda/fabric-under-pressure/oss-cad-suite/libexec/../share/yosys/lattice/cells_io.vh:5.1-5.157.
Generating RTLIL representation for module `\OB'.
Replacing existing blackbox module `\OBZ' at /Users/Dilan/eda/fabric-under-pressure/oss-cad-suite/libexec/../share/yosys/lattice/cells_io.vh:6.1-6.164.
Generating RTLIL representation for module `\OBZ'.
Replacing existing blackbox module `\OBZPU' at /Users/Dilan/eda/fabric-under-pressure/oss-cad-suite/libexec/../share/yosys/lattice/cells_io.vh:7.1-7.164.
Generating RTLIL representation for module `\OBZPU'.
Replacing existing blackbox module `\OBZPD' at /Users/Dilan/eda/fabric-under-pressure/oss-cad-suite/libexec/../share/yosys/lattice/cells_io.vh:8.1-8.164.
Generating RTLIL representation for module `\OBZPD'.
Replacing existing blackbox module `\OBCO' at /Users/Dilan/eda/fabric-under-pressure/oss-cad-suite/libexec/../share/yosys/lattice/cells_io.vh:9.1-9.90.
Generating RTLIL representation for module `\OBCO'.
Replacing existing blackbox module `\BB' at /Users/Dilan/eda/fabric-under-pressure/oss-cad-suite/libexec/../share/yosys/lattice/cells_io.vh:10.1-10.179.
Generating RTLIL representation for module `\BB'.
Replacing existing blackbox module `\BBPU' at /Users/Dilan/eda/fabric-under-pressure/oss-cad-suite/libexec/../share/yosys/lattice/cells_io.vh:11.1-11.179.
Generating RTLIL representation for module `\BBPU'.
Replacing existing blackbox module `\BBPD' at /Users/Dilan/eda/fabric-under-pressure/oss-cad-suite/libexec/../share/yosys/lattice/cells_io.vh:12.1-12.179.
Generating RTLIL representation for module `\BBPD'.
Replacing existing blackbox module `\ILVDS' at /Users/Dilan/eda/fabric-under-pressure/oss-cad-suite/libexec/../share/yosys/lattice/cells_io.vh:13.1-13.139.
Generating RTLIL representation for module `\ILVDS'.
Replacing existing blackbox module `\OLVDS' at /Users/Dilan/eda/fabric-under-pressure/oss-cad-suite/libexec/../share/yosys/lattice/cells_io.vh:14.1-14.146.
Generating RTLIL representation for module `\OLVDS'.
Successfully finished Verilog frontend.

3.2. Executing Verilog-2005 frontend: /Users/Dilan/eda/fabric-under-pressure/oss-cad-suite/libexec/../share/yosys/lattice/cells_bb_ecp5.v
Parsing Verilog input from `/Users/Dilan/eda/fabric-under-pressure/oss-cad-suite/libexec/../share/yosys/lattice/cells_bb_ecp5.v' to AST representation.
Generating RTLIL representation for module `\GSR'.
Generating RTLIL representation for module `\PUR'.
Generating RTLIL representation for module `\SGSR'.
Generating RTLIL representation for module `\PDPW16KD'.
Generating RTLIL representation for module `\MULT18X18D'.
Generating RTLIL representation for module `\ALU54B'.
Generating RTLIL representation for module `\CLKDIVF'.
Generating RTLIL representation for module `\PCSCLKDIV'.
Generating RTLIL representation for module `\DCSC'.
Generating RTLIL representation for module `\DCCA'.
Generating RTLIL representation for module `\ECLKSYNCB'.
Generating RTLIL representation for module `\ECLKBRIDGECS'.
Generating RTLIL representation for module `\DELAYF'.
Generating RTLIL representation for module `\DELAYG'.
Generating RTLIL representation for module `\USRMCLK'.
Generating RTLIL representation for module `\DQSBUFM'.
Generating RTLIL representation for module `\DDRDLLA'.
Generating RTLIL representation for module `\DLLDELD'.
Generating RTLIL representation for module `\IDDRX1F'.
Generating RTLIL representation for module `\IDDRX2F'.
Generating RTLIL representation for module `\IDDR71B'.
Generating RTLIL representation for module `\IDDRX2DQA'.
Generating RTLIL representation for module `\ODDRX1F'.
Generating RTLIL representation for module `\ODDRX2F'.
Generating RTLIL representation for module `\ODDR71B'.
Generating RTLIL representation for module `\OSHX2A'.
Generating RTLIL representation for module `\TSHX2DQA'.
Generating RTLIL representation for module `\TSHX2DQSA'.
Generating RTLIL representation for module `\ODDRX2DQA'.
Generating RTLIL representation for module `\ODDRX2DQSB'.
Generating RTLIL representation for module `\EHXPLLL'.
Generating RTLIL representation for module `\DTR'.
Generating RTLIL representation for module `\OSCG'.
Generating RTLIL representation for module `\EXTREFB'.
Generating RTLIL representation for module `\JTAGG'.
Generating RTLIL representation for module `\DCUA'.
Successfully finished Verilog frontend.

3.3. Executing HIERARCHY pass (managing design hierarchy).

3.3.1. Analyzing design hierarchy..
Top module:  \preserve_harness
Used module:     $paramod\preserve_payload\WIDTH=32'00000000000000000000000100000000

3.3.2. Analyzing design hierarchy..
Top module:  \preserve_harness
Used module:     $paramod\preserve_payload\WIDTH=32'00000000000000000000000100000000
Removed 0 unused modules.

3.4. Executing PROC pass (convert processes to netlists).

3.4.1. Executing PROC_CLEAN pass (remove empty switches from decision trees).
Cleaned up 0 empty switches.

3.4.2. Executing PROC_RMDEAD pass (remove dead branches from decision trees).
Removed a total of 0 dead cases.

3.4.3. Executing PROC_PRUNE pass (remove redundant assignments in processes).
Removed 0 redundant assignments.
Promoted 528 assignments to connections.

3.4.4. Executing PROC_INIT pass (extract init attributes).
Found init rule in `\preserve_harness.$proc$/Users/Dilan/Projects/fabric-under-pressure/smoke/preserve_harness.sv:23$1049'.
  Set init value: \prng = 1
Found init rule in `$paramod\preserve_payload\WIDTH=32'00000000000000000000000100000000.$proc$/Users/Dilan/Projects/fabric-under-pressure/smoke/preserve_harness.sv:8$1565'.
  Set init value: \s = 256'0000000000000000000000000000000000000000000000000000000000000000000000000000000000000000000000000000000000000000000000000000000000000000000000000000000000000000000000000000000000000000000000000000000000000000000000000000000000000000000000000000000000000001

3.4.5. Executing PROC_ARST pass (detect async resets in processes).

3.4.6. Executing PROC_ROM pass (convert switches to ROMs).
Converted 0 switches.

3.4.7. Executing PROC_MUX pass (convert decision trees to multiplexers).
Creating decoders for process `\preserve_harness.$proc$/Users/Dilan/Projects/fabric-under-pressure/smoke/preserve_harness.sv:23$1049'.
Creating decoders for process `\preserve_harness.$proc$/Users/Dilan/Projects/fabric-under-pressure/smoke/preserve_harness.sv:28$523'.
Creating decoders for process `$paramod\preserve_payload\WIDTH=32'00000000000000000000000100000000.$proc$/Users/Dilan/Projects/fabric-under-pressure/smoke/preserve_harness.sv:8$1565'.
Creating decoders for process `$paramod\preserve_payload\WIDTH=32'00000000000000000000000100000000.$proc$/Users/Dilan/Projects/fabric-under-pressure/smoke/preserve_harness.sv:9$1050'.

3.4.8. Executing PROC_DLATCH pass (convert process syncs to latches).

3.4.9. Executing PROC_DFF pass (convert process syncs to FFs).
Creating register for signal `\preserve_harness.\stim' using process `\preserve_harness.$proc$/Users/Dilan/Projects/fabric-under-pressure/smoke/preserve_harness.sv:28$523'.
  created $dff cell `$procdff$1791' with positive edge clock.
Creating register for signal `\preserve_harness.\signature_o' using process `\preserve_harness.$proc$/Users/Dilan/Projects/fabric-under-pressure/smoke/preserve_harness.sv:28$523'.
  created $dff cell `$procdff$1792' with positive edge clock.
Creating register for signal `\preserve_harness.\prng' using process `\preserve_harness.$proc$/Users/Dilan/Projects/fabric-under-pressure/smoke/preserve_harness.sv:28$523'.
  created $dff cell `$procdff$1793' with positive edge clock.
Creating register for signal `\preserve_harness.\signature' using process `\preserve_harness.$proc$/Users/Dilan/Projects/fabric-under-pressure/smoke/preserve_harness.sv:28$523'.
  created $dff cell `$procdff$1794' with positive edge clock.
Creating register for signal `\preserve_harness.$fordecl_block$3.i' using process `\preserve_harness.$proc$/Users/Dilan/Projects/fabric-under-pressure/smoke/preserve_harness.sv:28$523'.
  created $dff cell `$procdff$1795' with positive edge clock.
Creating register for signal `\preserve_harness.$fordecl_block$5.b' using process `\preserve_harness.$proc$/Users/Dilan/Projects/fabric-under-pressure/smoke/preserve_harness.sv:28$523'.
  created $dff cell `$procdff$1796' with positive edge clock.
Creating register for signal `$paramod\preserve_payload\WIDTH=32'00000000000000000000000100000000.\resp' using process `$paramod\preserve_payload\WIDTH=32'00000000000000000000000100000000.$proc$/Users/Dilan/Projects/fabric-under-pressure/smoke/preserve_harness.sv:9$1050'.
  created $dff cell `$procdff$1797' with positive edge clock.
Creating register for signal `$paramod\preserve_payload\WIDTH=32'00000000000000000000000100000000.\s' using process `$paramod\preserve_payload\WIDTH=32'00000000000000000000000100000000.$proc$/Users/Dilan/Projects/fabric-under-pressure/smoke/preserve_harness.sv:9$1050'.
  created $dff cell `$procdff$1798' with positive edge clock.
Creating register for signal `$paramod\preserve_payload\WIDTH=32'00000000000000000000000100000000.$fordecl_block$1.i' using process `$paramod\preserve_payload\WIDTH=32'00000000000000000000000100000000.$proc$/Users/Dilan/Projects/fabric-under-pressure/smoke/preserve_harness.sv:9$1050'.
  created $dff cell `$procdff$1799' with positive edge clock.

3.4.10. Executing PROC_MEMWR pass (convert process memory writes to cells).

3.4.11. Executing PROC_CLEAN pass (remove empty switches from decision trees).
Removing empty process `preserve_harness.$proc$/Users/Dilan/Projects/fabric-under-pressure/smoke/preserve_harness.sv:23$1049'.
Removing empty process `preserve_harness.$proc$/Users/Dilan/Projects/fabric-under-pressure/smoke/preserve_harness.sv:28$523'.
Removing empty process `$paramod\preserve_payload\WIDTH=32'00000000000000000000000100000000.$proc$/Users/Dilan/Projects/fabric-under-pressure/smoke/preserve_harness.sv:8$1565'.
Removing empty process `$paramod\preserve_payload\WIDTH=32'00000000000000000000000100000000.$proc$/Users/Dilan/Projects/fabric-under-pressure/smoke/preserve_harness.sv:9$1050'.
Cleaned up 0 empty switches.

3.4.12. Executing OPT_EXPR pass (perform const folding).
Optimizing module preserve_harness.
Optimizing module $paramod\preserve_payload\WIDTH=32'00000000000000000000000100000000.

3.5. Executing CHECK pass (checking for obvious problems).
Checking module preserve_harness...
Checking module $paramod\preserve_payload\WIDTH=32'00000000000000000000000100000000...
Found and reported 0 problems.

3.6. Executing FLATTEN pass (flatten design).
Deleting now unused module $paramod\preserve_payload\WIDTH=32'00000000000000000000000100000000.
<suppressed ~1 debug messages>

3.7. Executing TRIBUF pass.

3.8. Executing DEMINOUT pass (demote inout ports to input or output).

3.9. Executing OPT_EXPR pass (perform const folding).
Optimizing module preserve_harness.

3.10. Executing CHECK pass (checking for obvious problems).
Checking module preserve_harness...
Found and reported 0 problems.

3.11. Executing OPT_CLEAN pass (remove unused cells and wires).
Finding unused cells or wires in module \preserve_harness..
Removed 3 unused cells and 531 unused wires.
<suppressed ~4 debug messages>

3.12. Executing OPT pass (performing simple optimizations).

3.12.1. Executing OPT_EXPR pass (perform const folding).
Optimizing module preserve_harness.

3.12.2. Executing OPT_MERGE pass (detect identical cells).
Finding identical cells in module `\preserve_harness'.
Computing hashes of 1043 cells of `\preserve_harness'.
Finding duplicate cells in `\preserve_harness'.
Computing hashes of 819 cells of `\preserve_harness'.
Finding duplicate cells in `\preserve_harness'.
Computing hashes of 595 cells of `\preserve_harness'.
Finding duplicate cells in `\preserve_harness'.
<suppressed ~1344 debug messages>
Removed a total of 448 cells.

3.12.3. Executing OPT_MUXTREE pass (detect dead branches in mux trees).
Running muxtree optimizer on module \preserve_harness..
  Creating internal representation of mux trees.
  No muxes found in this module.
Removed 0 multiplexer ports.

3.12.4. Executing OPT_REDUCE pass (consolidate $*mux and $reduce_* inputs).
  Optimizing cells in module \preserve_harness.
Performed a total of 0 changes.

3.12.5. Executing OPT_MERGE pass (detect identical cells).
Finding identical cells in module `\preserve_harness'.
Computing hashes of 595 cells of `\preserve_harness'.
Finding duplicate cells in `\preserve_harness'.
Removed a total of 0 cells.

3.12.6. Executing OPT_DFF pass (perform DFF optimizations).

3.12.7. Executing OPT_CLEAN pass (remove unused cells and wires).
Finding unused cells or wires in module \preserve_harness..
Removed 0 unused cells and 224 unused wires.
<suppressed ~1 debug messages>

3.12.8. Executing OPT_EXPR pass (perform const folding).
Optimizing module preserve_harness.

3.12.9. Rerunning OPT passes. (Maybe there is more to do..)

3.12.10. Executing OPT_MUXTREE pass (detect dead branches in mux trees).
Running muxtree optimizer on module \preserve_harness..
  Creating internal representation of mux trees.
  No muxes found in this module.
Removed 0 multiplexer ports.

3.12.11. Executing OPT_REDUCE pass (consolidate $*mux and $reduce_* inputs).
  Optimizing cells in module \preserve_harness.
Performed a total of 0 changes.

3.12.12. Executing OPT_MERGE pass (detect identical cells).
Finding identical cells in module `\preserve_harness'.
Computing hashes of 595 cells of `\preserve_harness'.
Finding duplicate cells in `\preserve_harness'.
Removed a total of 0 cells.

3.12.13. Executing OPT_DFF pass (perform DFF optimizations).

3.12.14. Executing OPT_CLEAN pass (remove unused cells and wires).
Finding unused cells or wires in module \preserve_harness..

3.12.15. Executing OPT_EXPR pass (perform const folding).
Optimizing module preserve_harness.

3.12.16. Finished fast OPT passes. (There is nothing left to do.)

3.13. Executing FSM pass (extract and optimize FSM).

3.13.1. Executing FSM_DETECT pass (finding FSMs in design).

3.13.2. Executing FSM_EXTRACT pass (extracting FSM from design).

3.13.3. Executing FSM_OPT pass (simple optimizations of FSMs).

3.13.4. Executing OPT_CLEAN pass (remove unused cells and wires).
Finding unused cells or wires in module \preserve_harness..

3.13.5. Executing FSM_OPT pass (simple optimizations of FSMs).

3.13.6. Executing FSM_RECODE pass (re-assigning FSM state encoding).

3.13.7. Executing FSM_INFO pass (dumping all available information on FSM cells).

3.13.8. Executing FSM_MAP pass (mapping FSMs to basic logic).

3.14. Executing OPT pass (performing simple optimizations).

3.14.1. Executing OPT_EXPR pass (perform const folding).
Optimizing module preserve_harness.

3.14.2. Executing OPT_MERGE pass (detect identical cells).
Finding identical cells in module `\preserve_harness'.
Computing hashes of 595 cells of `\preserve_harness'.
Finding duplicate cells in `\preserve_harness'.
Removed a total of 0 cells.

3.14.3. Executing OPT_MUXTREE pass (detect dead branches in mux trees).
Running muxtree optimizer on module \preserve_harness..
  Creating internal representation of mux trees.
  No muxes found in this module.
Removed 0 multiplexer ports.

3.14.4. Executing OPT_REDUCE pass (consolidate $*mux and $reduce_* inputs).
  Optimizing cells in module \preserve_harness.
Performed a total of 0 changes.

3.14.5. Executing OPT_MERGE pass (detect identical cells).
Finding identical cells in module `\preserve_harness'.
Computing hashes of 595 cells of `\preserve_harness'.
Finding duplicate cells in `\preserve_harness'.
Removed a total of 0 cells.

3.14.6. Executing OPT_DFF pass (perform DFF optimizations).

3.14.7. Executing OPT_CLEAN pass (remove unused cells and wires).
Finding unused cells or wires in module \preserve_harness..

3.14.8. Executing OPT_EXPR pass (perform const folding).
Optimizing module preserve_harness.

3.14.9. Finished fast OPT passes. (There is nothing left to do.)

3.15. Executing WREDUCE pass (reducing word size of cells).
Removed top 217 bits (of 256) from FF cell preserve_harness.$flatten\u_payload.$procdff$1797 ($dff).
Removed top 217 bits (of 256) from port Y of cell preserve_harness.$flatten\u_payload.$xor$/Users/Dilan/Projects/fabric-under-pressure/smoke/preserve_harness.sv:13$1564 ($xor).
Removed top 217 bits (of 256) from port A of cell preserve_harness.$flatten\u_payload.$xor$/Users/Dilan/Projects/fabric-under-pressure/smoke/preserve_harness.sv:13$1564 ($xor).
Removed top 217 bits (of 256) from port B of cell preserve_harness.$flatten\u_payload.$xor$/Users/Dilan/Projects/fabric-under-pressure/smoke/preserve_harness.sv:13$1564 ($xor).
Removed top 217 bits (of 256) from wire preserve_harness.$flatten\u_payload.$0\resp[255:0].
Removed top 217 bits (of 256) from wire preserve_harness.resp.

3.16. Executing PEEPOPT pass (run peephole optimizers).

3.17. Executing OPT_CLEAN pass (remove unused cells and wires).
Finding unused cells or wires in module \preserve_harness..
Removed 0 unused cells and 2 unused wires.
<suppressed ~1 debug messages>

3.18. Executing SHARE pass (SAT-based resource sharing).

3.19. Executing TECHMAP pass (map to technology primitives).

3.19.1. Executing Verilog-2005 frontend: /Users/Dilan/eda/fabric-under-pressure/oss-cad-suite/libexec/../share/yosys/cmp2lut.v
Parsing Verilog input from `/Users/Dilan/eda/fabric-under-pressure/oss-cad-suite/libexec/../share/yosys/cmp2lut.v' to AST representation.
Generating RTLIL representation for module `\_90_lut_cmp_'.
Successfully finished Verilog frontend.

3.19.2. Continuing TECHMAP pass.
No more expansions possible.
<suppressed ~6 debug messages>

3.20. Executing OPT_EXPR pass (perform const folding).
Optimizing module preserve_harness.

3.21. Executing OPT_CLEAN pass (remove unused cells and wires).
Finding unused cells or wires in module \preserve_harness..

3.22. Executing TECHMAP pass (map to technology primitives).

3.22.1. Executing Verilog-2005 frontend: /Users/Dilan/eda/fabric-under-pressure/oss-cad-suite/libexec/../share/yosys/mul2dsp.v
Parsing Verilog input from `/Users/Dilan/eda/fabric-under-pressure/oss-cad-suite/libexec/../share/yosys/mul2dsp.v' to AST representation.
Generating RTLIL representation for module `\_80_mul'.
Generating RTLIL representation for module `\_90_soft_mul'.
Successfully finished Verilog frontend.

3.22.2. Continuing TECHMAP pass.
No more expansions possible.
<suppressed ~4 debug messages>

3.23. Executing TECHMAP pass (map to technology primitives).

3.23.1. Executing Verilog-2005 frontend: /Users/Dilan/eda/fabric-under-pressure/oss-cad-suite/libexec/../share/yosys/lattice/dsp_map_18x18.v
Parsing Verilog input from `/Users/Dilan/eda/fabric-under-pressure/oss-cad-suite/libexec/../share/yosys/lattice/dsp_map_18x18.v' to AST representation.
Generating RTLIL representation for module `$__MUL18X18'.
Successfully finished Verilog frontend.

3.23.2. Continuing TECHMAP pass.
No more expansions possible.
<suppressed ~3 debug messages>

3.24. Executing ALUMACC pass (create $alu and $macc cells).
Extracting $alu and $macc cells in module preserve_harness:
  created 0 $alu and 0 $macc cells.

3.25. Executing OPT pass (performing simple optimizations).

3.25.1. Executing OPT_EXPR pass (perform const folding).
Optimizing module preserve_harness.

3.25.2. Executing OPT_MERGE pass (detect identical cells).
Finding identical cells in module `\preserve_harness'.
Computing hashes of 595 cells of `\preserve_harness'.
Finding duplicate cells in `\preserve_harness'.
Removed a total of 0 cells.

3.25.3. Executing OPT_MUXTREE pass (detect dead branches in mux trees).
Running muxtree optimizer on module \preserve_harness..
  Creating internal representation of mux trees.
  No muxes found in this module.
Removed 0 multiplexer ports.

3.25.4. Executing OPT_REDUCE pass (consolidate $*mux and $reduce_* inputs).
  Optimizing cells in module \preserve_harness.
Performed a total of 0 changes.

3.25.5. Executing OPT_MERGE pass (detect identical cells).
Finding identical cells in module `\preserve_harness'.
Computing hashes of 595 cells of `\preserve_harness'.
Finding duplicate cells in `\preserve_harness'.
Removed a total of 0 cells.

3.25.6. Executing OPT_DFF pass (perform DFF optimizations).

3.25.7. Executing OPT_CLEAN pass (remove unused cells and wires).
Finding unused cells or wires in module \preserve_harness..

3.25.8. Executing OPT_EXPR pass (perform const folding).
Optimizing module preserve_harness.

3.25.9. Finished fast OPT passes. (There is nothing left to do.)

3.26. Executing MEMORY pass.

3.26.1. Executing OPT_MEM pass (optimize memories).
Performed a total of 0 transformations.

3.26.2. Executing OPT_MEM_PRIORITY pass (removing unnecessary memory write priority relations).
Performed a total of 0 transformations.

3.26.3. Executing OPT_MEM_FEEDBACK pass (finding memory read-to-write feedback paths).

3.26.4. Executing MEMORY_BMUX2ROM pass (converting muxes to ROMs).

3.26.5. Executing MEMORY_DFF pass (merging $dff cells to $memrd).

3.26.6. Executing OPT_CLEAN pass (remove unused cells and wires).
Finding unused cells or wires in module \preserve_harness..

3.26.7. Executing MEMORY_SHARE pass (consolidating $memrd/$memwr cells).

3.26.8. Executing OPT_MEM_WIDEN pass (optimize memories where all ports are wide).
Performed a total of 0 transformations.

3.26.9. Executing OPT_CLEAN pass (remove unused cells and wires).
Finding unused cells or wires in module \preserve_harness..

3.26.10. Executing MEMORY_COLLECT pass (generating $mem cells).

3.27. Executing OPT_CLEAN pass (remove unused cells and wires).
Finding unused cells or wires in module \preserve_harness..

3.28. Executing MEMORY_LIBMAP pass (mapping memories to cells).

3.29. Executing TECHMAP pass (map to technology primitives).

3.29.1. Executing Verilog-2005 frontend: /Users/Dilan/eda/fabric-under-pressure/oss-cad-suite/libexec/../share/yosys/lattice/lutrams_map_trellis.v
Parsing Verilog input from `/Users/Dilan/eda/fabric-under-pressure/oss-cad-suite/libexec/../share/yosys/lattice/lutrams_map_trellis.v' to AST representation.
Generating RTLIL representation for module `$__TRELLIS_DPR16X4_'.
Successfully finished Verilog frontend.

3.29.2. Executing Verilog-2005 frontend: /Users/Dilan/eda/fabric-under-pressure/oss-cad-suite/libexec/../share/yosys/lattice/brams_map_16kd.v
Parsing Verilog input from `/Users/Dilan/eda/fabric-under-pressure/oss-cad-suite/libexec/../share/yosys/lattice/brams_map_16kd.v' to AST representation.
Generating RTLIL representation for module `$__DP16KD_'.
Generating RTLIL representation for module `$__PDPW16KD_'.
Successfully finished Verilog frontend.

3.29.3. Continuing TECHMAP pass.
No more expansions possible.
<suppressed ~5 debug messages>

3.30. Executing OPT pass (performing simple optimizations).

3.30.1. Executing OPT_EXPR pass (perform const folding).
Optimizing module preserve_harness.
<suppressed ~216 debug messages>

3.30.2. Executing OPT_MERGE pass (detect identical cells).
Finding identical cells in module `\preserve_harness'.
Computing hashes of 595 cells of `\preserve_harness'.
Finding duplicate cells in `\preserve_harness'.
Removed a total of 0 cells.

3.30.3. Executing OPT_DFF pass (perform DFF optimizations).

3.30.4. Executing OPT_CLEAN pass (remove unused cells and wires).
Finding unused cells or wires in module \preserve_harness..

3.30.5. Finished fast OPT passes.

3.31. Executing MEMORY_MAP pass (converting memories to logic and flip-flops).

3.32. Executing OPT pass (performing simple optimizations).

3.32.1. Executing OPT_EXPR pass (perform const folding).
Optimizing module preserve_harness.

3.32.2. Executing OPT_MERGE pass (detect identical cells).
Finding identical cells in module `\preserve_harness'.
Computing hashes of 595 cells of `\preserve_harness'.
Finding duplicate cells in `\preserve_harness'.
Removed a total of 0 cells.

3.32.3. Executing OPT_MUXTREE pass (detect dead branches in mux trees).
Running muxtree optimizer on module \preserve_harness..
  Creating internal representation of mux trees.
  No muxes found in this module.
Removed 0 multiplexer ports.

3.32.4. Executing OPT_REDUCE pass (consolidate $*mux and $reduce_* inputs).
  Optimizing cells in module \preserve_harness.
Performed a total of 0 changes.

3.32.5. Executing OPT_MERGE pass (detect identical cells).
Finding identical cells in module `\preserve_harness'.
Computing hashes of 595 cells of `\preserve_harness'.
Finding duplicate cells in `\preserve_harness'.
Removed a total of 0 cells.

3.32.6. Executing OPT_DFF pass (perform DFF optimizations).

3.32.7. Executing OPT_CLEAN pass (remove unused cells and wires).
Finding unused cells or wires in module \preserve_harness..

3.32.8. Executing OPT_EXPR pass (perform const folding).
Optimizing module preserve_harness.

3.32.9. Finished fast OPT passes. (There is nothing left to do.)

3.33. Executing TECHMAP pass (map to technology primitives).

3.33.1. Executing Verilog-2005 frontend: /Users/Dilan/eda/fabric-under-pressure/oss-cad-suite/libexec/../share/yosys/techmap.v
Parsing Verilog input from `/Users/Dilan/eda/fabric-under-pressure/oss-cad-suite/libexec/../share/yosys/techmap.v' to AST representation.
Generating RTLIL representation for module `\_90_simplemap_bool_ops'.
Generating RTLIL representation for module `\_90_simplemap_reduce_ops'.
Generating RTLIL representation for module `\_90_simplemap_logic_ops'.
Generating RTLIL representation for module `\_90_simplemap_compare_ops'.
Generating RTLIL representation for module `\_90_simplemap_various'.
Generating RTLIL representation for module `\_90_simplemap_registers'.
Generating RTLIL representation for module `\_90_shift_ops_shr_shl_sshl_sshr'.
Generating RTLIL representation for module `\_90_shift_shiftx'.
Generating RTLIL representation for module `\_90_fa'.
Generating RTLIL representation for module `\_90_lcu_brent_kung'.
Generating RTLIL representation for module `\_90_alu'.
Generating RTLIL representation for module `\_90_macc'.
Generating RTLIL representation for module `\_90_alumacc'.
Generating RTLIL representation for module `$__div_mod_u'.
Generating RTLIL representation for module `$__div_mod_trunc'.
Generating RTLIL representation for module `\_90_div'.
Generating RTLIL representation for module `\_90_mod'.
Generating RTLIL representation for module `$__div_mod_floor'.
Generating RTLIL representation for module `\_90_divfloor'.
Generating RTLIL representation for module `\_90_modfloor'.
Generating RTLIL representation for module `\_90_pow'.
Generating RTLIL representation for module `\_90_demux'.
Generating RTLIL representation for module `\_90_lut'.
Generating RTLIL representation for module `$connect'.
Generating RTLIL representation for module `$input_port'.
Successfully finished Verilog frontend.

3.33.2. Executing Verilog-2005 frontend: /Users/Dilan/eda/fabric-under-pressure/oss-cad-suite/libexec/../share/yosys/lattice/arith_map_ccu2c.v
Parsing Verilog input from `/Users/Dilan/eda/fabric-under-pressure/oss-cad-suite/libexec/../share/yosys/lattice/arith_map_ccu2c.v' to AST representation.
Generating RTLIL representation for module `\_80_ccu2c_alu'.
Successfully finished Verilog frontend.

3.33.3. Continuing TECHMAP pass.
Using extmapper simplemap for cells of type $xor.
Using extmapper simplemap for cells of type $reduce_xor.
Using extmapper simplemap for cells of type $dff.
No more expansions possible.
<suppressed ~671 debug messages>

3.34. Executing OPT pass (performing simple optimizations).

3.34.1. Executing OPT_EXPR pass (perform const folding).
Optimizing module preserve_harness.

3.34.2. Executing OPT_MERGE pass (detect identical cells).
Finding identical cells in module `\preserve_harness'.
Computing hashes of 1466 cells of `\preserve_harness'.
Finding duplicate cells in `\preserve_harness'.
Computing hashes of 1152 cells of `\preserve_harness'.
Finding duplicate cells in `\preserve_harness'.
Computing hashes of 1124 cells of `\preserve_harness'.
Finding duplicate cells in `\preserve_harness'.
<suppressed ~1026 debug messages>
Removed a total of 342 cells.

3.34.3. Executing OPT_DFF pass (perform DFF optimizations).

3.34.4. Executing OPT_CLEAN pass (remove unused cells and wires).
Finding unused cells or wires in module \preserve_harness..
Removed 0 unused cells and 8 unused wires.
<suppressed ~1 debug messages>

3.34.5. Finished fast OPT passes.

3.35. Executing OPT_CLEAN pass (remove unused cells and wires).
Finding unused cells or wires in module \preserve_harness..

3.36. Executing DFFLEGALIZE pass (convert FFs and LATCHes to types supported by the target).

3.37. Executing OPT_MERGE pass (detect identical cells).
Finding identical cells in module `\preserve_harness'.
Computing hashes of 1124 cells of `\preserve_harness'.
Finding duplicate cells in `\preserve_harness'.
Removed a total of 0 cells.

3.38. Executing TECHMAP pass (map to technology primitives).

3.38.1. Executing Verilog-2005 frontend: /Users/Dilan/eda/fabric-under-pressure/oss-cad-suite/libexec/../share/yosys/lattice/cells_map_trellis.v
Parsing Verilog input from `/Users/Dilan/eda/fabric-under-pressure/oss-cad-suite/libexec/../share/yosys/lattice/cells_map_trellis.v' to AST representation.
Generating RTLIL representation for module `$_DFF_N_'.
Generating RTLIL representation for module `$_DFF_P_'.
Generating RTLIL representation for module `$_DFFE_NN_'.
Generating RTLIL representation for module `$_DFFE_PN_'.
Generating RTLIL representation for module `$_DFFE_NP_'.
Generating RTLIL representation for module `$_DFFE_PP_'.
Generating RTLIL representation for module `$_DFF_NP0_'.
Generating RTLIL representation for module `$_DFF_NP1_'.
Generating RTLIL representation for module `$_DFF_PP0_'.
Generating RTLIL representation for module `$_DFF_PP1_'.
Generating RTLIL representation for module `$_SDFF_NP0_'.
Generating RTLIL representation for module `$_SDFF_NP1_'.
Generating RTLIL representation for module `$_SDFF_PP0_'.
Generating RTLIL representation for module `$_SDFF_PP1_'.
Generating RTLIL representation for module `$_DFFE_NP0P_'.
Generating RTLIL representation for module `$_DFFE_NP1P_'.
Generating RTLIL representation for module `$_DFFE_PP0P_'.
Generating RTLIL representation for module `$_DFFE_PP1P_'.
Generating RTLIL representation for module `$_DFFE_NP0N_'.
Generating RTLIL representation for module `$_DFFE_NP1N_'.
Generating RTLIL representation for module `$_DFFE_PP0N_'.
Generating RTLIL representation for module `$_DFFE_PP1N_'.
Generating RTLIL representation for module `$_SDFFE_NP0P_'.
Generating RTLIL representation for module `$_SDFFE_NP1P_'.
Generating RTLIL representation for module `$_SDFFE_PP0P_'.
Generating RTLIL representation for module `$_SDFFE_PP1P_'.
Generating RTLIL representation for module `$_SDFFE_NP0N_'.
Generating RTLIL representation for module `$_SDFFE_NP1N_'.
Generating RTLIL representation for module `$_SDFFE_PP0N_'.
Generating RTLIL representation for module `$_SDFFE_PP1N_'.
Generating RTLIL representation for module `$_ALDFF_NP_'.
Generating RTLIL representation for module `$_ALDFF_PP_'.
Generating RTLIL representation for module `$_ALDFFE_NPN_'.
Generating RTLIL representation for module `$_ALDFFE_NPP_'.
Generating RTLIL representation for module `$_ALDFFE_PPN_'.
Generating RTLIL representation for module `$_ALDFFE_PPP_'.
Generating RTLIL representation for module `\FD1P3AX'.
Generating RTLIL representation for module `\FD1P3AY'.
Generating RTLIL representation for module `\FD1P3BX'.
Generating RTLIL representation for module `\FD1P3DX'.
Generating RTLIL representation for module `\FD1P3IX'.
Generating RTLIL representation for module `\FD1P3JX'.
Generating RTLIL representation for module `\FD1S3AX'.
Generating RTLIL representation for module `\FD1S3AY'.
Generating RTLIL representation for module `\FD1S3BX'.
Generating RTLIL representation for module `\FD1S3DX'.
Generating RTLIL representation for module `\FD1S3IX'.
Generating RTLIL representation for module `\FD1S3JX'.
Generating RTLIL representation for module `\IFS1P3BX'.
Generating RTLIL representation for module `\IFS1P3DX'.
Generating RTLIL representation for module `\IFS1P3IX'.
Generating RTLIL representation for module `\IFS1P3JX'.
Generating RTLIL representation for module `\OFS1P3BX'.
Generating RTLIL representation for module `\OFS1P3DX'.
Generating RTLIL representation for module `\OFS1P3IX'.
Generating RTLIL representation for module `\OFS1P3JX'.
Generating RTLIL representation for module `\IB'.
Generating RTLIL representation for module `\IBPU'.
Generating RTLIL representation for module `\IBPD'.
Generating RTLIL representation for module `\OB'.
Generating RTLIL representation for module `\OBZ'.
Generating RTLIL representation for module `\OBZPU'.
Generating RTLIL representation for module `\OBZPD'.
Generating RTLIL representation for module `\OBCO'.
Generating RTLIL representation for module `\BB'.
Generating RTLIL representation for module `\BBPU'.
Generating RTLIL representation for module `\BBPD'.
Generating RTLIL representation for module `\ILVDS'.
Generating RTLIL representation for module `\OLVDS'.
Successfully finished Verilog frontend.

3.38.2. Continuing TECHMAP pass.
Using template $paramod$_DFF_P_\_TECHMAP_WIREINIT_Q_=1'x for cells of type $_DFF_P_.
Using template $paramod$_DFF_P_\_TECHMAP_WIREINIT_Q_=1'0 for cells of type $_DFF_P_.
Using template $paramod$_DFF_P_\_TECHMAP_WIREINIT_Q_=1'1 for cells of type $_DFF_P_.
No more expansions possible.
<suppressed ~473 debug messages>

3.39. Executing OPT_EXPR pass (perform const folding).
Optimizing module preserve_harness.

3.40. Executing SIMPLEMAP pass (map simple cells to gate primitives).

3.41. Executing LATTICE_GSR pass (implement FF init values).
Handling GSR in preserve_harness.

3.42. Executing ATTRMVCP pass (move or copy attributes).

3.43. Executing OPT_CLEAN pass (remove unused cells and wires).
Finding unused cells or wires in module \preserve_harness..
Removed 0 unused cells and 1500 unused wires.
<suppressed ~1 debug messages>

3.44. Executing CHECK pass (checking for obvious problems).
Checking module preserve_harness...
Found and reported 0 problems.

3.45. Executing TECHMAP pass (map to technology primitives).

3.45.1. Executing Verilog-2005 frontend: /Users/Dilan/eda/fabric-under-pressure/oss-cad-suite/libexec/../share/yosys/lattice/latches_map.v
Parsing Verilog input from `/Users/Dilan/eda/fabric-under-pressure/oss-cad-suite/libexec/../share/yosys/lattice/latches_map.v' to AST representation.
Generating RTLIL representation for module `$_DLATCH_N_'.
Generating RTLIL representation for module `$_DLATCH_P_'.
Successfully finished Verilog frontend.

3.45.2. Continuing TECHMAP pass.
No more expansions possible.
<suppressed ~4 debug messages>

3.46. Executing ABC9 pass.

3.46.1. Executing ABC9_OPS pass (helper functions for ABC9).

3.46.2. Executing ABC9_OPS pass (helper functions for ABC9).

3.46.3. Executing SCC pass (detecting logic loops).
Found 0 SCCs in module preserve_harness.
Found 0 SCCs.

3.46.4. Executing ABC9_OPS pass (helper functions for ABC9).

3.46.5. Executing TECHMAP pass (map to technology primitives).

3.46.5.1. Executing Verilog-2005 frontend: /Users/Dilan/eda/fabric-under-pressure/oss-cad-suite/libexec/../share/yosys/techmap.v
Parsing Verilog input from `/Users/Dilan/eda/fabric-under-pressure/oss-cad-suite/libexec/../share/yosys/techmap.v' to AST representation.
Generating RTLIL representation for module `\_90_simplemap_bool_ops'.
Generating RTLIL representation for module `\_90_simplemap_reduce_ops'.
Generating RTLIL representation for module `\_90_simplemap_logic_ops'.
Generating RTLIL representation for module `\_90_simplemap_compare_ops'.
Generating RTLIL representation for module `\_90_simplemap_various'.
Generating RTLIL representation for module `\_90_simplemap_registers'.
Generating RTLIL representation for module `\_90_shift_ops_shr_shl_sshl_sshr'.
Generating RTLIL representation for module `\_90_shift_shiftx'.
Generating RTLIL representation for module `\_90_fa'.
Generating RTLIL representation for module `\_90_lcu_brent_kung'.
Generating RTLIL representation for module `\_90_alu'.
Generating RTLIL representation for module `\_90_macc'.
Generating RTLIL representation for module `\_90_alumacc'.
Generating RTLIL representation for module `$__div_mod_u'.
Generating RTLIL representation for module `$__div_mod_trunc'.
Generating RTLIL representation for module `\_90_div'.
Generating RTLIL representation for module `\_90_mod'.
Generating RTLIL representation for module `$__div_mod_floor'.
Generating RTLIL representation for module `\_90_divfloor'.
Generating RTLIL representation for module `\_90_modfloor'.
Generating RTLIL representation for module `\_90_pow'.
Generating RTLIL representation for module `\_90_demux'.
Generating RTLIL representation for module `\_90_lut'.
Generating RTLIL representation for module `$connect'.
Generating RTLIL representation for module `$input_port'.
Successfully finished Verilog frontend.

3.46.5.2. Continuing TECHMAP pass.
No more expansions possible.
<suppressed ~165 debug messages>

3.46.6. Executing OPT pass (performing simple optimizations).

3.46.6.1. Executing OPT_EXPR pass (perform const folding).

3.46.6.2. Executing OPT_MERGE pass (detect identical cells).
Removed a total of 0 cells.

3.46.6.3. Executing OPT_MUXTREE pass (detect dead branches in mux trees).
Removed 0 multiplexer ports.

3.46.6.4. Executing OPT_REDUCE pass (consolidate $*mux and $reduce_* inputs).
Performed a total of 0 changes.

3.46.6.5. Executing OPT_MERGE pass (detect identical cells).
Removed a total of 0 cells.

3.46.6.6. Executing OPT_DFF pass (perform DFF optimizations).

3.46.6.7. Executing OPT_CLEAN pass (remove unused cells and wires).

3.46.6.8. Executing OPT_EXPR pass (perform const folding).

3.46.6.9. Finished fast OPT passes. (There is nothing left to do.)

3.46.7. Executing TECHMAP pass (map to technology primitives).

3.46.7.1. Executing Verilog-2005 frontend: /Users/Dilan/eda/fabric-under-pressure/oss-cad-suite/libexec/../share/yosys/abc9_map.v
Parsing Verilog input from `/Users/Dilan/eda/fabric-under-pressure/oss-cad-suite/libexec/../share/yosys/abc9_map.v' to AST representation.
Successfully finished Verilog frontend.

3.46.7.2. Continuing TECHMAP pass.
No more expansions possible.
<suppressed ~2 debug messages>

3.46.8. Executing Verilog-2005 frontend: /Users/Dilan/eda/fabric-under-pressure/oss-cad-suite/libexec/../share/yosys/abc9_model.v
Parsing Verilog input from `/Users/Dilan/eda/fabric-under-pressure/oss-cad-suite/libexec/../share/yosys/abc9_model.v' to AST representation.
Generating RTLIL representation for module `$__ABC9_DELAY'.
Generating RTLIL representation for module `$__ABC9_SCC_BREAKER'.
Generating RTLIL representation for module `$__DFF_N__$abc9_flop'.
Generating RTLIL representation for module `$__DFF_P__$abc9_flop'.
Successfully finished Verilog frontend.

3.46.9. Executing ABC9_OPS pass (helper functions for ABC9).

3.46.10. Executing ABC9_OPS pass (helper functions for ABC9).

3.46.11. Executing ABC9_OPS pass (helper functions for ABC9).
<suppressed ~2 debug messages>

3.46.12. Executing AIGMAP pass (map logic to AIG).
Module preserve_harness: replaced 748 cells with 5236 new cells, skipped 376 cells.
  replaced 1 cell types:
     748 $_XOR_
  not replaced 2 cell types:
       1 $scopeinfo
     375 TRELLIS_FF

3.46.12.1. Executing ABC9_OPS pass (helper functions for ABC9).

3.46.12.2. Executing ABC9_OPS pass (helper functions for ABC9).
Warning: Feature 'write_xaiger2' is experimental.

3.46.12.3. Executing XAIGER2 backend.
<suppressed ~760 debug messages>
Extracted 2629 AND gates and 0 wires from module `preserve_harness' to a netlist network with 384 inputs and 758 outputs.

3.46.12.4. Executing ABC9_EXE pass (technology mapping using ABC9).

3.46.12.5. Executing ABC9.
Running ABC command: "<yosys-exe-dir>/yosys-abc" -s -f <abc-temp-dir>/abc.script 2>&1
ABC: ======== ABC command line "source <abc-temp-dir>/abc.script"
ABC: + read_lut <abc-temp-dir>/input.lut
ABC: + read_box <abc-temp-dir>/input.box
ABC: + &read <abc-temp-dir>/input.xaig
ABC: + &ps
ABC: <abc-temp-dir>/input : i/o =    384/    758  and =    2244  lev =   10 (1.74)  mem = 0.04 MB  box = 0  bb = 0
ABC: + &scorr
ABC: Warning: The network is combinational.
ABC: + &sweep
ABC: + &dc2
ABC: + &dch -f -r
ABC: + &ps
ABC: <abc-temp-dir>/input : i/o =    384/    758  and =    5331  lev =   10 (1.73)  mem = 0.08 MB  ch =  732  box = 0  bb = 0
ABC: cst =       0  cls =    706  lit =     732  unused =    4277  proof =     0
ABC: + &if -W 300 -v
ABC: K = 7. Memory (bytes): Truth =    0. Cut =   76. Obj =  156. Set =  780. CutMin = no
ABC: Node =    5331.  Ch =   706.  Total mem =    1.06 MB. Peak cut mem =    0.04 MB.
ABC: P:  Del = 1955.00.  Ar =     504.0.  Edge =     1185.  Cut =    39675.  T =     0.00 sec
ABC: P:  Del = 1955.00.  Ar =     504.0.  Edge =     1185.  Cut =    39675.  T =     0.00 sec
ABC: P:  Del = 1955.00.  Ar =     424.0.  Edge =     1188.  Cut =    48093.  T =     0.00 sec
ABC: F:  Del = 1941.00.  Ar =     399.0.  Edge =     1166.  Cut =    39579.  T =     0.00 sec
ABC: A:  Del = 1941.00.  Ar =     399.0.  Edge =     1165.  Cut =    38476.  T =     0.00 sec
ABC: A:  Del = 1941.00.  Ar =     399.0.  Edge =     1165.  Cut =    38416.  T =     0.00 sec
ABC: Total time =     0.02 sec
ABC: + &write -n <abc-temp-dir>/output.aig
ABC: + &mfs
ABC: + &ps -l
ABC: <abc-temp-dir>/input : i/o =    384/    758  and =    3576  lev =   14 (1.76)  mem = 0.06 MB  box = 0  bb = 0
ABC: Mapping (K=7)  :  lut =    382  edge =    1161  lev =    4 (0.47)  mem = 0.03 MB
ABC: LUT = 382 : 2=41 10.7 %  3=291 76.2 %  4=46 12.0 %  5=3 0.8 %  6=0 0.0 %  7=1 0.3 %  Ave = 3.04
ABC: + &write -n <abc-temp-dir>/output.aig
ABC: + &verify
ABC: Networks are equivalent.  Time =     0.03 sec
ABC: + time
ABC: elapse: 0.11 seconds, total: 0.11 seconds

3.46.12.6. Executing AIGER frontend.
<suppressed ~10 debug messages>
Removed 6809 unused cells and 7529 unused wires.

3.46.12.7. Executing ABC_OPS_REINTEGRATE pass (reintegrate ABC mapped design into module).
ABC RESULTS:              $lut cells:      382
ABC RESULTS:           input signals:       15
ABC RESULTS:          output signals:        1
<suppressed ~2284 debug messages>
Removing temp directory.

3.46.13. Executing TECHMAP pass (map to technology primitives).

3.46.13.1. Executing Verilog-2005 frontend: /Users/Dilan/eda/fabric-under-pressure/oss-cad-suite/libexec/../share/yosys/abc9_unmap.v
Parsing Verilog input from `/Users/Dilan/eda/fabric-under-pressure/oss-cad-suite/libexec/../share/yosys/abc9_unmap.v' to AST representation.
Generating RTLIL representation for module `$__DFF_x__$abc9_flop'.
Generating RTLIL representation for module `$__ABC9_SCC_BREAKER'.
Successfully finished Verilog frontend.

3.46.13.2. Continuing TECHMAP pass.
No more expansions possible.
<suppressed ~5 debug messages>
Removed 307 unused cells and 1495 unused wires.

3.47. Executing TECHMAP pass (map to technology primitives).

3.47.1. Executing Verilog-2005 frontend: /Users/Dilan/eda/fabric-under-pressure/oss-cad-suite/libexec/../share/yosys/lattice/cells_map_trellis.v
Parsing Verilog input from `/Users/Dilan/eda/fabric-under-pressure/oss-cad-suite/libexec/../share/yosys/lattice/cells_map_trellis.v' to AST representation.
Generating RTLIL representation for module `$_DFF_N_'.
Generating RTLIL representation for module `$_DFF_P_'.
Generating RTLIL representation for module `$_DFFE_NN_'.
Generating RTLIL representation for module `$_DFFE_PN_'.
Generating RTLIL representation for module `$_DFFE_NP_'.
Generating RTLIL representation for module `$_DFFE_PP_'.
Generating RTLIL representation for module `$_DFF_NP0_'.
Generating RTLIL representation for module `$_DFF_NP1_'.
Generating RTLIL representation for module `$_DFF_PP0_'.
Generating RTLIL representation for module `$_DFF_PP1_'.
Generating RTLIL representation for module `$_SDFF_NP0_'.
Generating RTLIL representation for module `$_SDFF_NP1_'.
Generating RTLIL representation for module `$_SDFF_PP0_'.
Generating RTLIL representation for module `$_SDFF_PP1_'.
Generating RTLIL representation for module `$_DFFE_NP0P_'.
Generating RTLIL representation for module `$_DFFE_NP1P_'.
Generating RTLIL representation for module `$_DFFE_PP0P_'.
Generating RTLIL representation for module `$_DFFE_PP1P_'.
Generating RTLIL representation for module `$_DFFE_NP0N_'.
Generating RTLIL representation for module `$_DFFE_NP1N_'.
Generating RTLIL representation for module `$_DFFE_PP0N_'.
Generating RTLIL representation for module `$_DFFE_PP1N_'.
Generating RTLIL representation for module `$_SDFFE_NP0P_'.
Generating RTLIL representation for module `$_SDFFE_NP1P_'.
Generating RTLIL representation for module `$_SDFFE_PP0P_'.
Generating RTLIL representation for module `$_SDFFE_PP1P_'.
Generating RTLIL representation for module `$_SDFFE_NP0N_'.
Generating RTLIL representation for module `$_SDFFE_NP1N_'.
Generating RTLIL representation for module `$_SDFFE_PP0N_'.
Generating RTLIL representation for module `$_SDFFE_PP1N_'.
Generating RTLIL representation for module `$_ALDFF_NP_'.
Generating RTLIL representation for module `$_ALDFF_PP_'.
Generating RTLIL representation for module `$_ALDFFE_NPN_'.
Generating RTLIL representation for module `$_ALDFFE_NPP_'.
Generating RTLIL representation for module `$_ALDFFE_PPN_'.
Generating RTLIL representation for module `$_ALDFFE_PPP_'.
Generating RTLIL representation for module `\FD1P3AX'.
Generating RTLIL representation for module `\FD1P3AY'.
Generating RTLIL representation for module `\FD1P3BX'.
Generating RTLIL representation for module `\FD1P3DX'.
Generating RTLIL representation for module `\FD1P3IX'.
Generating RTLIL representation for module `\FD1P3JX'.
Generating RTLIL representation for module `\FD1S3AX'.
Generating RTLIL representation for module `\FD1S3AY'.
Generating RTLIL representation for module `\FD1S3BX'.
Generating RTLIL representation for module `\FD1S3DX'.
Generating RTLIL representation for module `\FD1S3IX'.
Generating RTLIL representation for module `\FD1S3JX'.
Generating RTLIL representation for module `\IFS1P3BX'.
Generating RTLIL representation for module `\IFS1P3DX'.
Generating RTLIL representation for module `\IFS1P3IX'.
Generating RTLIL representation for module `\IFS1P3JX'.
Generating RTLIL representation for module `\OFS1P3BX'.
Generating RTLIL representation for module `\OFS1P3DX'.
Generating RTLIL representation for module `\OFS1P3IX'.
Generating RTLIL representation for module `\OFS1P3JX'.
Generating RTLIL representation for module `\IB'.
Generating RTLIL representation for module `\IBPU'.
Generating RTLIL representation for module `\IBPD'.
Generating RTLIL representation for module `\OB'.
Generating RTLIL representation for module `\OBZ'.
Generating RTLIL representation for module `\OBZPU'.
Generating RTLIL representation for module `\OBZPD'.
Generating RTLIL representation for module `\OBCO'.
Generating RTLIL representation for module `\BB'.
Generating RTLIL representation for module `\BBPU'.
Generating RTLIL representation for module `\BBPD'.
Generating RTLIL representation for module `\ILVDS'.
Generating RTLIL representation for module `\OLVDS'.
Generating RTLIL representation for module `$lut'.
Successfully finished Verilog frontend.

3.47.2. Continuing TECHMAP pass.
Using template $paramod$4282def8dbd6df3d1248ad282c629bee684502c2$lut for cells of type $lut.
Using template $paramod$21a9cf1c7cffed4ea7970972274e8bcced7c7005$lut for cells of type $lut.
Using template $paramod$f5c97e291c8b48d9f1b4239d871ab7639e5a24ac$lut for cells of type $lut.
Using template $paramod$lut\WIDTH=32'00000000000000000000000000000011\LUT=8'10010110 for cells of type $lut.
Using template $paramod$lut\WIDTH=32'00000000000000000000000000000010\LUT=4'1001 for cells of type $lut.
Using template $paramod$fd904e9e35cfd343a9df248824bd3f1408724879$lut for cells of type $lut.
Using template $paramod$lut\WIDTH=32'00000000000000000000000000000010\LUT=4'0110 for cells of type $lut.
Using template $paramod$23953811f9a1e831a4c3afa54c7c0c00652edb7e$lut for cells of type $lut.
No more expansions possible.
<suppressed ~542 debug messages>

3.48. Executing OPT_LUT_INS pass (discard unused LUT inputs).
Optimizing LUTs in preserve_harness.
Removed 0 unused cells and 789 unused wires.

3.49. Executing AUTONAME pass.
Renamed 1154 objects in module preserve_harness.
<suppressed ~1154 debug messages>

3.50. Executing HIERARCHY pass (managing design hierarchy).
Attribute `top' found on module `preserve_harness'. Setting top module to preserve_harness.

3.50.1. Analyzing design hierarchy..
Top module:  \preserve_harness

3.50.2. Analyzing design hierarchy..
Top module:  \preserve_harness
Removed 0 unused modules.

3.51. Printing statistics.

=== preserve_harness ===

        +----------Local Count, excluding submodules.
        |
      386 wires
     1268 wire bits
      386 public wires
     1268 public wire bits
        3 ports
       17 port bits
      777 submodules
        3   L6MUX21
      392   LUT4
        7   PFUMX
      375   TRELLIS_FF

=== design hierarchy ===

        +----------Count including submodules.
        |
        - preserve_harness

        +----------Count including submodules.
        |
      386 wires
     1268 wire bits
      386 public wires
     1268 public wire bits
        3 ports
       17 port bits
        - memories
        - memory bits
        - processes
        - cells
      777 submodules
        3   L6MUX21
      392   LUT4
        7   PFUMX
      375   TRELLIS_FF

3.52. Executing CHECK pass (checking for obvious problems).
Checking module preserve_harness...
Found and reported 0 problems.

3.53. Executing JSON backend.

4. Printing statistics.

=== preserve_harness ===

        +----------Local Count, excluding submodules.
        |
      386 wires
     1268 wire bits
      386 public wires
     1268 public wire bits
        3 ports
       17 port bits
      777 cells
        3   L6MUX21
      392   LUT4
        7   PFUMX
      375   TRELLIS_FF

Warnings: 1 unique messages, 1 total
Warnings: 1 experimental features used (not excluded with -x).
End of script. Logfile hash: d8deb1adc8, time: 0.72s, user: 0.57s, system: 0.02s, MEM: 44.06 MB peak
Yosys 0.69+75 (git sha1 f0b945f63-dirty, Release, Clang /usr/local/osxcross/target/bin/aarch64-apple-darwin25.5-clang++ 21.1.8)
Time spent: 44% 20x read_verilog (0 sec), 19% 1x abc9_exe (0 sec), ...
top_cells 777
